source_file,trace_id,architecture,system_type,step_name,step_category,timestamp,timestamp_epoch_s,amount_usd,verification_required,manual_review_flag,exception_flag,manual_touch_count,automated_check_count,tamper_evidence,completeness,independent_verifiability,non_repudiation,auditability_rollup,auditability_score,final_outcome
prototype_step_log.csv,txn_0000001,prototype,conditional_settlement_prototype,CASE_CREATED,init,1783821030704,1783821030.704,1447.39,False,False,False,0,6,3,3,3,3,12,12,released
prototype_step_log.csv,txn_0000001,prototype,conditional_settlement_prototype,EVENT_VERIFIED,verification,1783821030705,1783821030.705,1447.39,True,False,False,0,6,3,3,3,3,12,12,released
prototype_step_log.csv,txn_0000001,prototype,conditional_settlement_prototype,EVENT_VERIFIED,verification,1783821030705,1783821030.705,1447.39,True,False,False,0,6,3,3,3,3,12,12,released
prototype_step_log.csv,txn_0000001,prototype,conditional_settlement_prototype,LEDGER_SETTLED,settlement,1783821030706,1783821030.706,1447.39,False,False,False,0,6,3,3,3,3,12,12,released
prototype_step_log.csv,txn_0000002,prototype,conditional_settlement_prototype,CASE_CREATED,init,1783821030707,1783821030.707,1897.53,False,False,False,0,6,3,3,3,3,12,12,released
prototype_step_log.csv,txn_0000002,prototype,conditional_settlement_prototype,EVENT_VERIFIED,verification,1783821030708,1783821030.708,1897.53,True,False,False,0,6,3,3,3,3,12,12,released
prototype_step_log.csv,txn_0000002,prototype,conditional_settlement_prototype,EVENT_VERIFIED,verification,1783821030708,1783821030.708,1897.53,True,False,False,0,6,3,3,3,3,12,12,released
prototype_step_log.csv,txn_0000002,prototype,conditional_settlement_prototype,LEDGER_SETTLED,settlement,1783821030708,1783821030.708,1897.53,False,False,False,0,6,3,3,3,3,12,12,released
prototype_step_log.csv,txn_0000003,prototype,conditional_settlement_prototype,CASE_CREATED,init,1783821030710,1783821030.71,13079.94,False,False,False,0,6,3,3,3,3,12,12,released
prototype_step_log.csv,txn_0000003,prototype,conditional_settlement_prototype,EVENT_VERIFIED,verification,1783821030710,1783821030.71,13079.94,True,False,False,0,6,3,3,3,3,12,12,released
prototype_step_log.csv,txn_0000003,prototype,conditional_settlement_prototype,EVENT_VERIFIED,verification,1783821030710,1783821030.71,13079.94,True,False,False,0,6,3,3,3,3,12,12,released
prototype_step_log.csv,txn_0000003,prototype,conditional_settlement_prototype,LEDGER_SETTLED,settlement,1783821030711,1783821030.711,13079.94,False,False,False,0,6,3,3,3,3,12,12,released
prototype_step_log.csv,txn_0000004,prototype,conditional_settlement_prototype,CASE_CREATED,init,1783821030712,1783821030.712,823.86,False,False,False,0,6,3,3,3,3,12,12,released
prototype_step_log.csv,txn_0000004,prototype,conditional_settlement_prototype,EVENT_VERIFIED,verification,1783821030712,1783821030.712,823.86,True,False,False,0,6,3,3,3,3,12,12,released
prototype_step_log.csv,txn_0000004,prototype,conditional_settlement_prototype,EVENT_VERIFIED,verification,1783821030713,1783821030.713,823.86,True,False,False,0,6,3,3,3,3,12,12,released
prototype_step_log.csv,txn_0000004,prototype,conditional_settlement_prototype,LEDGER_SETTLED,settlement,1783821030713,1783821030.713,823.86,False,False,False,0,6,3,3,3,3,12,12,released
prototype_step_log.csv,txn_0000005,prototype,conditional_settlement_prototype,CASE_CREATED,init,1783821030715,1783821030.715,2722.63,False,False,False,0,6,3,3,3,3,12,12,released
prototype_step_log.csv,txn_0000005,prototype,conditional_settlement_prototype,EVENT_VERIFIED,verification,1783821030715,1783821030.715,2722.63,True,False,False,0,6,3,3,3,3,12,12,released
prototype_step_log.csv,txn_0000005,prototype,conditional_settlement_prototype,EVENT_VERIFIED,verification,1783821030716,1783821030.716,2722.63,True,False,False,0,6,3,3,3,3,12,12,released
prototype_step_log.csv,txn_0000005,prototype,conditional_settlement_prototype,LEDGER_SETTLED,settlement,1783821030716,1783821030.716,2722.63,False,False,False,0,6,3,3,3,3,12,12,released
prototype_step_log.csv,txn_0000006,prototype,conditional_settlement_prototype,CASE_CREATED,init,1783821030717,1783821030.717,7047.3,False,False,False,0,6,3,3,3,3,12,12,released
prototype_step_log.csv,txn_0000006,prototype,conditional_settlement_prototype,EVENT_VERIFIED,verification,1783821030718,1783821030.718,7047.3,True,False,False,0,6,3,3,3,3,12,12,released
prototype_step_log.csv,txn_0000006,prototype,conditional_settlement_prototype,EVENT_VERIFIED,verification,1783821030718,1783821030.718,7047.3,True,False,False,0,6,3,3,3,3,12,12,released
prototype_step_log.csv,txn_0000006,prototype,conditional_settlement_prototype,LEDGER_SETTLED,settlement,1783821030718,1783821030.718,7047.3,False,False,False,0,6,3,3,3,3,12,12,released
prototype_step_log.csv,txn_0000007,prototype,conditional_settlement_prototype,CASE_CREATED,init,1783821030720,1783821030.72,2377.83,False,False,False,0,6,3,3,3,3,12,12,released
prototype_step_log.csv,txn_0000007,prototype,conditional_settlement_prototype,EVENT_VERIFIED,verification,1783821030720,1783821030.72,2377.83,True,False,False,0,6,3,3,3,3,12,12,released
prototype_step_log.csv,txn_0000007,prototype,conditional_settlement_prototype,EVENT_VERIFIED,verification,1783821030720,1783821030.72,2377.83,True,False,False,0,6,3,3,3,3,12,12,released
prototype_step_log.csv,txn_0000007,prototype,conditional_settlement_prototype,LEDGER_SETTLED,settlement,1783821030721,1783821030.721,2377.83,False,False,False,0,6,3,3,3,3,12,12,released
prototype_step_log.csv,txn_0000008,prototype,conditional_settlement_prototype,CASE_CREATED,init,1783821030722,1783821030.722,9252.65,False,False,False,0,6,3,3,3,3,12,12,released
prototype_step_log.csv,txn_0000008,prototype,conditional_settlement_prototype,EVENT_VERIFIED,verification,1783821030722,1783821030.722,9252.65,True,False,False,0,6,3,3,3,3,12,12,released
prototype_step_log.csv,txn_0000008,prototype,conditional_settlement_prototype,EVENT_VERIFIED,verification,1783821030723,1783821030.723,9252.65,True,False,False,0,6,3,3,3,3,12,12,released
prototype_step_log.csv,txn_0000008,prototype,conditional_settlement_prototype,LEDGER_SETTLED,settlement,1783821030723,1783821030.723,9252.65,False,False,False,0,6,3,3,3,3,12,12,released
prototype_step_log.csv,txn_0000009,prototype,conditional_settlement_prototype,CASE_CREATED,init,1783821030724,1783821030.724,871.83,False,False,False,0,6,3,3,3,3,12,12,released
prototype_step_log.csv,txn_0000009,prototype,conditional_settlement_prototype,EVENT_VERIFIED,verification,1783821030725,1783821030.725,871.83,True,False,False,0,6,3,3,3,3,12,12,released
prototype_step_log.csv,txn_0000009,prototype,conditional_settlement_prototype,EVENT_VERIFIED,verification,1783821030725,1783821030.725,871.83,True,False,False,0,6,3,3,3,3,12,12,released
prototype_step_log.csv,txn_0000009,prototype,conditional_settlement_prototype,LEDGER_SETTLED,settlement,1783821030725,1783821030.725,871.83,False,False,False,0,6,3,3,3,3,12,12,released
prototype_step_log.csv,txn_0000010,prototype,conditional_settlement_prototype,CASE_CREATED,init,1783821030727,1783821030.727,6172.52,False,False,False,0,6,3,3,3,3,12,12,released
prototype_step_log.csv,txn_0000010,prototype,conditional_settlement_prototype,EVENT_VERIFIED,verification,1783821030727,1783821030.727,6172.52,True,False,False,0,6,3,3,3,3,12,12,released
prototype_step_log.csv,txn_0000010,prototype,conditional_settlement_prototype,EVENT_VERIFIED,verification,1783821030728,1783821030.728,6172.52,True,False,False,0,6,3,3,3,3,12,12,released
prototype_step_log.csv,txn_0000010,prototype,conditional_settlement_prototype,LEDGER_SETTLED,settlement,1783821030809,1783821030.809,6172.52,False,False,False,0,6,3,3,3,3,12,12,released
prototype_step_log.csv,txn_0000011,prototype,conditional_settlement_prototype,CASE_CREATED,init,1783821030811,1783821030.811,2079.8,False,False,False,0,6,3,3,3,3,12,12,released
prototype_step_log.csv,txn_0000011,prototype,conditional_settlement_prototype,EVENT_VERIFIED,verification,1783821030811,1783821030.811,2079.8,True,False,False,0,6,3,3,3,3,12,12,released
prototype_step_log.csv,txn_0000011,prototype,conditional_settlement_prototype,EVENT_VERIFIED,verification,1783821030812,1783821030.812,2079.8,True,False,False,0,6,3,3,3,3,12,12,released
prototype_step_log.csv,txn_0000011,prototype,conditional_settlement_prototype,LEDGER_SETTLED,settlement,1783821030812,1783821030.812,2079.8,False,False,False,0,6,3,3,3,3,12,12,released
prototype_step_log.csv,txn_0000012,prototype,conditional_settlement_prototype,CASE_CREATED,init,1783821030814,1783821030.814,2957.64,False,False,False,0,6,3,3,3,3,12,12,released
prototype_step_log.csv,txn_0000012,prototype,conditional_settlement_prototype,EVENT_VERIFIED,verification,1783821030814,1783821030.814,2957.64,True,False,False,0,6,3,3,3,3,12,12,released
prototype_step_log.csv,txn_0000012,prototype,conditional_settlement_prototype,EVENT_VERIFIED,verification,1783821030815,1783821030.815,2957.64,True,False,False,0,6,3,3,3,3,12,12,released
prototype_step_log.csv,txn_0000012,prototype,conditional_settlement_prototype,LEDGER_SETTLED,settlement,1783821030815,1783821030.815,2957.64,False,False,False,0,6,3,3,3,3,12,12,released
prototype_step_log.csv,txn_0000013,prototype,conditional_settlement_prototype,CASE_CREATED,init,1783821030817,1783821030.817,40706.02,False,False,False,0,6,3,3,3,3,12,12,released
prototype_step_log.csv,txn_0000013,prototype,conditional_settlement_prototype,EVENT_VERIFIED,verification,1783821030817,1783821030.817,40706.02,True,False,False,0,6,3,3,3,3,12,12,released
prototype_step_log.csv,txn_0000013,prototype,conditional_settlement_prototype,EVENT_VERIFIED,verification,1783821030818,1783821030.818,40706.02,True,False,False,0,6,3,3,3,3,12,12,released
prototype_step_log.csv,txn_0000013,prototype,conditional_settlement_prototype,LEDGER_SETTLED,settlement,1783821030818,1783821030.818,40706.02,False,False,False,0,6,3,3,3,3,12,12,released
prototype_step_log.csv,txn_0000014,prototype,conditional_settlement_prototype,CASE_CREATED,init,1783821030820,1783821030.82,4726.19,False,False,False,0,6,3,3,3,3,12,12,released
prototype_step_log.csv,txn_0000014,prototype,conditional_settlement_prototype,EVENT_VERIFIED,verification,1783821030820,1783821030.82,4726.19,True,False,False,0,6,3,3,3,3,12,12,released
prototype_step_log.csv,txn_0000014,prototype,conditional_settlement_prototype,EVENT_VERIFIED,verification,1783821030821,1783821030.821,4726.19,True,False,False,0,6,3,3,3,3,12,12,released
prototype_step_log.csv,txn_0000014,prototype,conditional_settlement_prototype,LEDGER_SETTLED,settlement,1783821030901,1783821030.901,4726.19,False,False,False,0,6,3,3,3,3,12,12,released
prototype_step_log.csv,txn_0000015,prototype,conditional_settlement_prototype,CASE_CREATED,init,1783821030903,1783821030.903,5504.55,False,False,False,0,6,3,3,3,3,12,12,released
prototype_step_log.csv,txn_0000015,prototype,conditional_settlement_prototype,EVENT_VERIFIED,verification,1783821030904,1783821030.904,5504.55,True,False,False,0,6,3,3,3,3,12,12,released
prototype_step_log.csv,txn_0000015,prototype,conditional_settlement_prototype,EVENT_VERIFIED,verification,1783821030905,1783821030.905,5504.55,True,False,False,0,6,3,3,3,3,12,12,released
prototype_step_log.csv,txn_0000015,prototype,conditional_settlement_prototype,LEDGER_SETTLED,settlement,1783821030905,1783821030.905,5504.55,False,False,False,0,6,3,3,3,3,12,12,released
prototype_step_log.csv,txn_0000016,prototype,conditional_settlement_prototype,CASE_CREATED,init,1783821030907,1783821030.907,12154.73,False,False,False,0,6,3,3,3,3,12,12,released
prototype_step_log.csv,txn_0000016,prototype,conditional_settlement_prototype,EVENT_VERIFIED,verification,1783821030907,1783821030.907,12154.73,True,False,False,0,6,3,3,3,3,12,12,released
prototype_step_log.csv,txn_0000016,prototype,conditional_settlement_prototype,EVENT_VERIFIED,verification,1783821030908,1783821030.908,12154.73,True,False,False,0,6,3,3,3,3,12,12,released
prototype_step_log.csv,txn_0000016,prototype,conditional_settlement_prototype,LEDGER_SETTLED,settlement,1783821030989,1783821030.989,12154.73,False,False,False,0,6,3,3,3,3,12,12,released
prototype_step_log.csv,txn_0000017,prototype,conditional_settlement_prototype,CASE_CREATED,init,1783821030991,1783821030.991,944.67,False,False,False,0,6,3,3,3,3,12,12,released
prototype_step_log.csv,txn_0000017,prototype,conditional_settlement_prototype,EVENT_VERIFIED,verification,1783821030992,1783821030.992,944.67,True,False,False,0,6,3,3,3,3,12,12,released
prototype_step_log.csv,txn_0000017,prototype,conditional_settlement_prototype,EVENT_VERIFIED,verification,1783821030993,1783821030.993,944.67,True,False,False,0,6,3,3,3,3,12,12,released
prototype_step_log.csv,txn_0000017,prototype,conditional_settlement_prototype,LEDGER_SETTLED,settlement,1783821031075,1783821031.075,944.67,False,False,False,0,6,3,3,3,3,12,12,released
prototype_step_log.csv,txn_0000018,prototype,conditional_settlement_prototype,CASE_CREATED,init,1783821031080,1783821031.08,7008.94,False,False,False,0,6,3,3,3,3,12,12,released
prototype_step_log.csv,txn_0000018,prototype,conditional_settlement_prototype,EVENT_VERIFIED,verification,1783821031081,1783821031.081,7008.94,True,False,False,0,6,3,3,3,3,12,12,released
prototype_step_log.csv,txn_0000018,prototype,conditional_settlement_prototype,EVENT_VERIFIED,verification,1783821031082,1783821031.082,7008.94,True,False,False,0,6,3,3,3,3,12,12,released
prototype_step_log.csv,txn_0000018,prototype,conditional_settlement_prototype,LEDGER_SETTLED,settlement,1783821031082,1783821031.082,7008.94,False,False,False,0,6,3,3,3,3,12,12,released
prototype_step_log.csv,txn_0000019,prototype,conditional_settlement_prototype,CASE_CREATED,init,1783821031085,1783821031.085,898.39,False,False,False,0,3,3,3,3,3,12,12,held
prototype_step_log.csv,txn_0000019,prototype,conditional_settlement_prototype,EVENT_VERIFIED,verification,1783821031085,1783821031.085,898.39,True,False,False,0,3,3,3,3,3,12,12,held
prototype_step_log.csv,txn_0000020,prototype,conditional_settlement_prototype,CASE_CREATED,init,1783821031088,1783821031.088,811.87,False,False,False,0,6,3,3,3,3,12,12,released
prototype_step_log.csv,txn_0000020,prototype,conditional_settlement_prototype,EVENT_VERIFIED,verification,1783821031088,1783821031.088,811.87,True,False,False,0,6,3,3,3,3,12,12,released
prototype_step_log.csv,txn_0000020,prototype,conditional_settlement_prototype,EVENT_VERIFIED,verification,1783821031089,1783821031.089,811.87,True,False,False,0,6,3,3,3,3,12,12,released
prototype_step_log.csv,txn_0000020,prototype,conditional_settlement_prototype,LEDGER_SETTLED,settlement,1783821031089,1783821031.089,811.87,False,False,False,0,6,3,3,3,3,12,12,released
prototype_step_log.csv,txn_0000021,prototype,conditional_settlement_prototype,CASE_CREATED,init,1783821031091,1783821031.091,658.08,False,False,False,0,6,3,3,3,3,12,12,released
prototype_step_log.csv,txn_0000021,prototype,conditional_settlement_prototype,EVENT_VERIFIED,verification,1783821031092,1783821031.092,658.08,True,False,False,0,6,3,3,3,3,12,12,released
prototype_step_log.csv,txn_0000021,prototype,conditional_settlement_prototype,EVENT_VERIFIED,verification,1783821031092,1783821031.092,658.08,True,False,False,0,6,3,3,3,3,12,12,released
prototype_step_log.csv,txn_0000021,prototype,conditional_settlement_prototype,LEDGER_SETTLED,settlement,1783821031093,1783821031.093,658.08,False,False,False,0,6,3,3,3,3,12,12,released
prototype_step_log.csv,txn_0000022,prototype,conditional_settlement_prototype,CASE_CREATED,init,1783821031095,1783821031.095,13379.62,False,False,False,1,1,3,3,3,2,11,11,disputed
prototype_step_log.csv,txn_0000022,prototype,conditional_settlement_prototype,DISPUTE_RAISED,exception,1783821031095,1783821031.095,13379.62,True,True,True,1,1,3,3,3,2,11,11,disputed
prototype_step_log.csv,txn_0000023,prototype,conditional_settlement_prototype,CASE_CREATED,init,1783821031097,1783821031.097,8477.58,False,False,False,0,6,3,3,3,3,12,12,released
prototype_step_log.csv,txn_0000023,prototype,conditional_settlement_prototype,EVENT_VERIFIED,verification,1783821031098,1783821031.098,8477.58,True,False,False,0,6,3,3,3,3,12,12,released
prototype_step_log.csv,txn_0000023,prototype,conditional_settlement_prototype,EVENT_VERIFIED,verification,1783821031098,1783821031.098,8477.58,True,False,False,0,6,3,3,3,3,12,12,released
prototype_step_log.csv,txn_0000023,prototype,conditional_settlement_prototype,LEDGER_SETTLED,settlement,1783821031099,1783821031.099,8477.58,False,False,False,0,6,3,3,3,3,12,12,released
prototype_step_log.csv,txn_0000024,prototype,conditional_settlement_prototype,CASE_CREATED,init,1783821031101,1783821031.101,315.58,False,False,False,0,6,3,3,3,3,12,12,released
prototype_step_log.csv,txn_0000024,prototype,conditional_settlement_prototype,EVENT_VERIFIED,verification,1783821031101,1783821031.101,315.58,True,False,False,0,6,3,3,3,3,12,12,released
prototype_step_log.csv,txn_0000024,prototype,conditional_settlement_prototype,EVENT_VERIFIED,verification,1783821031102,1783821031.102,315.58,True,False,False,0,6,3,3,3,3,12,12,released
prototype_step_log.csv,txn_0000024,prototype,conditional_settlement_prototype,LEDGER_SETTLED,settlement,1783821031173,1783821031.173,315.58,False,False,False,0,6,3,3,3,3,12,12,released
prototype_step_log.csv,txn_0000025,prototype,conditional_settlement_prototype,CASE_CREATED,init,1783821031176,1783821031.176,229.27,False,False,False,0,6,3,3,3,3,12,12,released
prototype_step_log.csv,txn_0000025,prototype,conditional_settlement_prototype,EVENT_VERIFIED,verification,1783821031177,1783821031.177,229.27,True,False,False,0,6,3,3,3,3,12,12,released
prototype_step_log.csv,txn_0000025,prototype,conditional_settlement_prototype,EVENT_VERIFIED,verification,1783821031177,1783821031.177,229.27,True,False,False,0,6,3,3,3,3,12,12,released
prototype_step_log.csv,txn_0000025,prototype,conditional_settlement_prototype,LEDGER_SETTLED,settlement,1783821031177,1783821031.177,229.27,False,False,False,0,6,3,3,3,3,12,12,released
prototype_step_log.csv,txn_0000026,prototype,conditional_settlement_prototype,CASE_CREATED,init,1783821031180,1783821031.18,639.42,False,False,False,0,3,3,3,3,3,12,12,held
prototype_step_log.csv,txn_0000026,prototype,conditional_settlement_prototype,EVENT_VERIFIED,verification,1783821031180,1783821031.18,639.42,True,False,False,0,3,3,3,3,3,12,12,held
prototype_step_log.csv,txn_0000027,prototype,conditional_settlement_prototype,CASE_CREATED,init,1783821031182,1783821031.182,9999.19,False,False,False,0,6,3,3,3,3,12,12,released
prototype_step_log.csv,txn_0000027,prototype,conditional_settlement_prototype,EVENT_VERIFIED,verification,1783821031183,1783821031.183,9999.19,True,False,False,0,6,3,3,3,3,12,12,released
prototype_step_log.csv,txn_0000027,prototype,conditional_settlement_prototype,EVENT_VERIFIED,verification,1783821031184,1783821031.184,9999.19,True,False,False,0,6,3,3,3,3,12,12,released
prototype_step_log.csv,txn_0000027,prototype,conditional_settlement_prototype,LEDGER_SETTLED,settlement,1783821031184,1783821031.184,9999.19,False,False,False,0,6,3,3,3,3,12,12,released
prototype_step_log.csv,txn_0000028,prototype,conditional_settlement_prototype,CASE_CREATED,init,1783821031186,1783821031.186,2838.7,False,False,False,0,6,3,3,3,3,12,12,released
prototype_step_log.csv,txn_0000028,prototype,conditional_settlement_prototype,EVENT_VERIFIED,verification,1783821031186,1783821031.186,2838.7,True,False,False,0,6,3,3,3,3,12,12,released
prototype_step_log.csv,txn_0000028,prototype,conditional_settlement_prototype,EVENT_VERIFIED,verification,1783821031187,1783821031.187,2838.7,True,False,False,0,6,3,3,3,3,12,12,released
prototype_step_log.csv,txn_0000028,prototype,conditional_settlement_prototype,LEDGER_SETTLED,settlement,1783821031187,1783821031.187,2838.7,False,False,False,0,6,3,3,3,3,12,12,released
prototype_step_log.csv,txn_0000029,prototype,conditional_settlement_prototype,CASE_CREATED,init,1783821031189,1783821031.189,1781.8,False,False,False,0,6,3,3,3,3,12,12,released
prototype_step_log.csv,txn_0000029,prototype,conditional_settlement_prototype,EVENT_VERIFIED,verification,1783821031190,1783821031.19,1781.8,True,False,False,0,6,3,3,3,3,12,12,released
prototype_step_log.csv,txn_0000029,prototype,conditional_settlement_prototype,EVENT_VERIFIED,verification,1783821031190,1783821031.19,1781.8,True,False,False,0,6,3,3,3,3,12,12,released
prototype_step_log.csv,txn_0000029,prototype,conditional_settlement_prototype,LEDGER_SETTLED,settlement,1783821031190,1783821031.19,1781.8,False,False,False,0,6,3,3,3,3,12,12,released
prototype_step_log.csv,txn_0000030,prototype,conditional_settlement_prototype,CASE_CREATED,init,1783821031193,1783821031.193,4927.23,False,False,False,0,6,3,3,3,3,12,12,released
prototype_step_log.csv,txn_0000030,prototype,conditional_settlement_prototype,EVENT_VERIFIED,verification,1783821031193,1783821031.193,4927.23,True,False,False,0,6,3,3,3,3,12,12,released
prototype_step_log.csv,txn_0000030,prototype,conditional_settlement_prototype,EVENT_VERIFIED,verification,1783821031194,1783821031.194,4927.23,True,False,False,0,6,3,3,3,3,12,12,released
prototype_step_log.csv,txn_0000030,prototype,conditional_settlement_prototype,LEDGER_SETTLED,settlement,1783821031194,1783821031.194,4927.23,False,False,False,0,6,3,3,3,3,12,12,released
prototype_step_log.csv,txn_0000031,prototype,conditional_settlement_prototype,CASE_CREATED,init,1783821031196,1783821031.196,19605.15,False,False,False,0,6,3,3,3,3,12,12,released
prototype_step_log.csv,txn_0000031,prototype,conditional_settlement_prototype,EVENT_VERIFIED,verification,1783821031197,1783821031.197,19605.15,True,False,False,0,6,3,3,3,3,12,12,released
prototype_step_log.csv,txn_0000031,prototype,conditional_settlement_prototype,EVENT_VERIFIED,verification,1783821031198,1783821031.198,19605.15,True,False,False,0,6,3,3,3,3,12,12,released
prototype_step_log.csv,txn_0000031,prototype,conditional_settlement_prototype,LEDGER_SETTLED,settlement,1783821031198,1783821031.198,19605.15,False,False,False,0,6,3,3,3,3,12,12,released
prototype_step_log.csv,txn_0000032,prototype,conditional_settlement_prototype,CASE_CREATED,init,1783821031200,1783821031.2,2856.18,False,False,False,0,6,3,3,3,3,12,12,released
prototype_step_log.csv,txn_0000032,prototype,conditional_settlement_prototype,EVENT_VERIFIED,verification,1783821031200,1783821031.2,2856.18,True,False,False,0,6,3,3,3,3,12,12,released
prototype_step_log.csv,txn_0000032,prototype,conditional_settlement_prototype,EVENT_VERIFIED,verification,1783821031201,1783821031.201,2856.18,True,False,False,0,6,3,3,3,3,12,12,released
prototype_step_log.csv,txn_0000032,prototype,conditional_settlement_prototype,LEDGER_SETTLED,settlement,1783821031201,1783821031.201,2856.18,False,False,False,0,6,3,3,3,3,12,12,released
prototype_step_log.csv,txn_0000033,prototype,conditional_settlement_prototype,CASE_CREATED,init,1783821031203,1783821031.203,48582.7,False,False,False,0,6,3,3,3,3,12,12,released
prototype_step_log.csv,txn_0000033,prototype,conditional_settlement_prototype,EVENT_VERIFIED,verification,1783821031204,1783821031.204,48582.7,True,False,False,0,6,3,3,3,3,12,12,released
prototype_step_log.csv,txn_0000033,prototype,conditional_settlement_prototype,EVENT_VERIFIED,verification,1783821031204,1783821031.204,48582.7,True,False,False,0,6,3,3,3,3,12,12,released
prototype_step_log.csv,txn_0000033,prototype,conditional_settlement_prototype,LEDGER_SETTLED,settlement,1783821031204,1783821031.204,48582.7,False,False,False,0,6,3,3,3,3,12,12,released
prototype_step_log.csv,txn_0000034,prototype,conditional_settlement_prototype,CASE_CREATED,init,1783821031206,1783821031.206,476.77,False,False,False,0,6,3,3,3,3,12,12,released
prototype_step_log.csv,txn_0000034,prototype,conditional_settlement_prototype,EVENT_VERIFIED,verification,1783821031207,1783821031.207,476.77,True,False,False,0,6,3,3,3,3,12,12,released
prototype_step_log.csv,txn_0000034,prototype,conditional_settlement_prototype,EVENT_VERIFIED,verification,1783821031208,1783821031.208,476.77,True,False,False,0,6,3,3,3,3,12,12,released
prototype_step_log.csv,txn_0000034,prototype,conditional_settlement_prototype,LEDGER_SETTLED,settlement,1783821031208,1783821031.208,476.77,False,False,False,0,6,3,3,3,3,12,12,released
prototype_step_log.csv,txn_0000035,prototype,conditional_settlement_prototype,CASE_CREATED,init,1783821031210,1783821031.21,5613.49,False,False,False,0,6,3,3,3,3,12,12,released
prototype_step_log.csv,txn_0000035,prototype,conditional_settlement_prototype,EVENT_VERIFIED,verification,1783821031211,1783821031.211,5613.49,True,False,False,0,6,3,3,3,3,12,12,released
prototype_step_log.csv,txn_0000035,prototype,conditional_settlement_prototype,EVENT_VERIFIED,verification,1783821031211,1783821031.211,5613.49,True,False,False,0,6,3,3,3,3,12,12,released
prototype_step_log.csv,txn_0000035,prototype,conditional_settlement_prototype,LEDGER_SETTLED,settlement,1783821031292,1783821031.292,5613.49,False,False,False,0,6,3,3,3,3,12,12,released
prototype_step_log.csv,txn_0000036,prototype,conditional_settlement_prototype,CASE_CREATED,init,1783821031294,1783821031.294,1086.8,False,False,False,0,6,3,3,3,3,12,12,released
prototype_step_log.csv,txn_0000036,prototype,conditional_settlement_prototype,EVENT_VERIFIED,verification,1783821031295,1783821031.295,1086.8,True,False,False,0,6,3,3,3,3,12,12,released
prototype_step_log.csv,txn_0000036,prototype,conditional_settlement_prototype,EVENT_VERIFIED,verification,1783821031296,1783821031.296,1086.8,True,False,False,0,6,3,3,3,3,12,12,released
prototype_step_log.csv,txn_0000036,prototype,conditional_settlement_prototype,LEDGER_SETTLED,settlement,1783821031296,1783821031.296,1086.8,False,False,False,0,6,3,3,3,3,12,12,released
prototype_step_log.csv,txn_0000037,prototype,conditional_settlement_prototype,CASE_CREATED,init,1783821031298,1783821031.298,632.69,False,False,False,0,6,3,3,3,3,12,12,released
prototype_step_log.csv,txn_0000037,prototype,conditional_settlement_prototype,EVENT_VERIFIED,verification,1783821031299,1783821031.299,632.69,True,False,False,0,6,3,3,3,3,12,12,released
prototype_step_log.csv,txn_0000037,prototype,conditional_settlement_prototype,EVENT_VERIFIED,verification,1783821031299,1783821031.299,632.69,True,False,False,0,6,3,3,3,3,12,12,released
prototype_step_log.csv,txn_0000037,prototype,conditional_settlement_prototype,LEDGER_SETTLED,settlement,1783821031300,1783821031.3,632.69,False,False,False,0,6,3,3,3,3,12,12,released
prototype_step_log.csv,txn_0000038,prototype,conditional_settlement_prototype,CASE_CREATED,init,1783821031302,1783821031.302,1999.76,False,False,False,0,6,3,3,3,3,12,12,released
prototype_step_log.csv,txn_0000038,prototype,conditional_settlement_prototype,EVENT_VERIFIED,verification,1783821031302,1783821031.302,1999.76,True,False,False,0,6,3,3,3,3,12,12,released
prototype_step_log.csv,txn_0000038,prototype,conditional_settlement_prototype,EVENT_VERIFIED,verification,1783821031303,1783821031.303,1999.76,True,False,False,0,6,3,3,3,3,12,12,released
prototype_step_log.csv,txn_0000038,prototype,conditional_settlement_prototype,LEDGER_SETTLED,settlement,1783821031385,1783821031.385,1999.76,False,False,False,0,6,3,3,3,3,12,12,released
prototype_step_log.csv,txn_0000039,prototype,conditional_settlement_prototype,CASE_CREATED,init,1783821031390,1783821031.39,295.93,False,False,False,0,6,3,3,3,3,12,12,released
prototype_step_log.csv,txn_0000039,prototype,conditional_settlement_prototype,EVENT_VERIFIED,verification,1783821031391,1783821031.391,295.93,True,False,False,0,6,3,3,3,3,12,12,released
prototype_step_log.csv,txn_0000039,prototype,conditional_settlement_prototype,EVENT_VERIFIED,verification,1783821031392,1783821031.392,295.93,True,False,False,0,6,3,3,3,3,12,12,released
prototype_step_log.csv,txn_0000039,prototype,conditional_settlement_prototype,LEDGER_SETTLED,settlement,1783821031392,1783821031.392,295.93,False,False,False,0,6,3,3,3,3,12,12,released
prototype_step_log.csv,txn_0000040,prototype,conditional_settlement_prototype,CASE_CREATED,init,1783821031395,1783821031.395,20172.14,False,False,False,0,6,3,3,3,3,12,12,released
prototype_step_log.csv,txn_0000040,prototype,conditional_settlement_prototype,EVENT_VERIFIED,verification,1783821031396,1783821031.396,20172.14,True,False,False,0,6,3,3,3,3,12,12,released
prototype_step_log.csv,txn_0000040,prototype,conditional_settlement_prototype,EVENT_VERIFIED,verification,1783821031396,1783821031.396,20172.14,True,False,False,0,6,3,3,3,3,12,12,released
prototype_step_log.csv,txn_0000040,prototype,conditional_settlement_prototype,LEDGER_SETTLED,settlement,1783821031396,1783821031.396,20172.14,False,False,False,0,6,3,3,3,3,12,12,released
prototype_step_log.csv,txn_0000041,prototype,conditional_settlement_prototype,CASE_CREATED,init,1783821031398,1783821031.398,2846.36,False,False,False,0,6,3,3,3,3,12,12,released
prototype_step_log.csv,txn_0000041,prototype,conditional_settlement_prototype,EVENT_VERIFIED,verification,1783821031399,1783821031.399,2846.36,True,False,False,0,6,3,3,3,3,12,12,released
prototype_step_log.csv,txn_0000041,prototype,conditional_settlement_prototype,EVENT_VERIFIED,verification,1783821031400,1783821031.4,2846.36,True,False,False,0,6,3,3,3,3,12,12,released
prototype_step_log.csv,txn_0000041,prototype,conditional_settlement_prototype,LEDGER_SETTLED,settlement,1783821031400,1783821031.4,2846.36,False,False,False,0,6,3,3,3,3,12,12,released
prototype_step_log.csv,txn_0000042,prototype,conditional_settlement_prototype,CASE_CREATED,init,1783821031402,1783821031.402,4999.27,False,False,False,0,6,3,3,3,3,12,12,released
prototype_step_log.csv,txn_0000042,prototype,conditional_settlement_prototype,EVENT_VERIFIED,verification,1783821031402,1783821031.402,4999.27,True,False,False,0,6,3,3,3,3,12,12,released
prototype_step_log.csv,txn_0000042,prototype,conditional_settlement_prototype,EVENT_VERIFIED,verification,1783821031403,1783821031.403,4999.27,True,False,False,0,6,3,3,3,3,12,12,released
prototype_step_log.csv,txn_0000042,prototype,conditional_settlement_prototype,LEDGER_SETTLED,settlement,1783821031486,1783821031.486,4999.27,False,False,False,0,6,3,3,3,3,12,12,released
prototype_step_log.csv,txn_0000043,prototype,conditional_settlement_prototype,CASE_CREATED,init,1783821031490,1783821031.49,7796.83,False,False,False,0,6,3,3,3,3,12,12,released
prototype_step_log.csv,txn_0000043,prototype,conditional_settlement_prototype,EVENT_VERIFIED,verification,1783821031491,1783821031.491,7796.83,True,False,False,0,6,3,3,3,3,12,12,released
prototype_step_log.csv,txn_0000043,prototype,conditional_settlement_prototype,EVENT_VERIFIED,verification,1783821031492,1783821031.492,7796.83,True,False,False,0,6,3,3,3,3,12,12,released
prototype_step_log.csv,txn_0000043,prototype,conditional_settlement_prototype,LEDGER_SETTLED,settlement,1783821031493,1783821031.493,7796.83,False,False,False,0,6,3,3,3,3,12,12,released
prototype_step_log.csv,txn_0000044,prototype,conditional_settlement_prototype,CASE_CREATED,init,1783821031495,1783821031.495,27607.37,False,False,False,0,6,3,3,3,3,12,12,released
prototype_step_log.csv,txn_0000044,prototype,conditional_settlement_prototype,EVENT_VERIFIED,verification,1783821031496,1783821031.496,27607.37,True,False,False,0,6,3,3,3,3,12,12,released
prototype_step_log.csv,txn_0000044,prototype,conditional_settlement_prototype,EVENT_VERIFIED,verification,1783821031497,1783821031.497,27607.37,True,False,False,0,6,3,3,3,3,12,12,released
prototype_step_log.csv,txn_0000044,prototype,conditional_settlement_prototype,LEDGER_SETTLED,settlement,1783821031497,1783821031.497,27607.37,False,False,False,0,6,3,3,3,3,12,12,released
prototype_step_log.csv,txn_0000045,prototype,conditional_settlement_prototype,CASE_CREATED,init,1783821031499,1783821031.499,932.14,False,False,False,0,6,3,3,3,3,12,12,released
prototype_step_log.csv,txn_0000045,prototype,conditional_settlement_prototype,EVENT_VERIFIED,verification,1783821031500,1783821031.5,932.14,True,False,False,0,6,3,3,3,3,12,12,released
prototype_step_log.csv,txn_0000045,prototype,conditional_settlement_prototype,EVENT_VERIFIED,verification,1783821031500,1783821031.5,932.14,True,False,False,0,6,3,3,3,3,12,12,released
prototype_step_log.csv,txn_0000045,prototype,conditional_settlement_prototype,LEDGER_SETTLED,settlement,1783821031583,1783821031.583,932.14,False,False,False,0,6,3,3,3,3,12,12,released
prototype_step_log.csv,txn_0000046,prototype,conditional_settlement_prototype,CASE_CREATED,init,1783821031587,1783821031.587,403.28,False,False,False,0,6,3,3,3,3,12,12,released
prototype_step_log.csv,txn_0000046,prototype,conditional_settlement_prototype,EVENT_VERIFIED,verification,1783821031588,1783821031.588,403.28,True,False,False,0,6,3,3,3,3,12,12,released
prototype_step_log.csv,txn_0000046,prototype,conditional_settlement_prototype,EVENT_VERIFIED,verification,1783821031589,1783821031.589,403.28,True,False,False,0,6,3,3,3,3,12,12,released
prototype_step_log.csv,txn_0000046,prototype,conditional_settlement_prototype,LEDGER_SETTLED,settlement,1783821031589,1783821031.589,403.28,False,False,False,0,6,3,3,3,3,12,12,released
prototype_step_log.csv,txn_0000047,prototype,conditional_settlement_prototype,CASE_CREATED,init,1783821031592,1783821031.592,6099.56,False,False,False,0,3,3,3,3,3,12,12,held
prototype_step_log.csv,txn_0000047,prototype,conditional_settlement_prototype,EVENT_VERIFIED,verification,1783821031592,1783821031.592,6099.56,True,False,False,0,3,3,3,3,3,12,12,held
prototype_step_log.csv,txn_0000048,prototype,conditional_settlement_prototype,CASE_CREATED,init,1783821031595,1783821031.595,13034.52,False,False,False,0,6,3,3,3,3,12,12,released
prototype_step_log.csv,txn_0000048,prototype,conditional_settlement_prototype,EVENT_VERIFIED,verification,1783821031596,1783821031.596,13034.52,True,False,False,0,6,3,3,3,3,12,12,released
prototype_step_log.csv,txn_0000048,prototype,conditional_settlement_prototype,EVENT_VERIFIED,verification,1783821031597,1783821031.597,13034.52,True,False,False,0,6,3,3,3,3,12,12,released
prototype_step_log.csv,txn_0000048,prototype,conditional_settlement_prototype,LEDGER_SETTLED,settlement,1783821031597,1783821031.597,13034.52,False,False,False,0,6,3,3,3,3,12,12,released
prototype_step_log.csv,txn_0000049,prototype,conditional_settlement_prototype,CASE_CREATED,init,1783821031599,1783821031.599,853.03,False,False,False,0,6,3,3,3,3,12,12,released
prototype_step_log.csv,txn_0000049,prototype,conditional_settlement_prototype,EVENT_VERIFIED,verification,1783821031600,1783821031.6,853.03,True,False,False,0,6,3,3,3,3,12,12,released
prototype_step_log.csv,txn_0000049,prototype,conditional_settlement_prototype,EVENT_VERIFIED,verification,1783821031600,1783821031.6,853.03,True,False,False,0,6,3,3,3,3,12,12,released
prototype_step_log.csv,txn_0000049,prototype,conditional_settlement_prototype,LEDGER_SETTLED,settlement,1783821031600,1783821031.6,853.03,False,False,False,0,6,3,3,3,3,12,12,released
prototype_step_log.csv,txn_0000050,prototype,conditional_settlement_prototype,CASE_CREATED,init,1783821031603,1783821031.603,9395.76,False,False,False,0,6,3,3,3,3,12,12,released
prototype_step_log.csv,txn_0000050,prototype,conditional_settlement_prototype,EVENT_VERIFIED,verification,1783821031603,1783821031.603,9395.76,True,False,False,0,6,3,3,3,3,12,12,released
prototype_step_log.csv,txn_0000050,prototype,conditional_settlement_prototype,EVENT_VERIFIED,verification,1783821031604,1783821031.604,9395.76,True,False,False,0,6,3,3,3,3,12,12,released
prototype_step_log.csv,txn_0000050,prototype,conditional_settlement_prototype,LEDGER_SETTLED,settlement,1783821031604,1783821031.604,9395.76,False,False,False,0,6,3,3,3,3,12,12,released
prototype_step_log.csv,txn_0000051,prototype,conditional_settlement_prototype,CASE_CREATED,init,1783821031606,1783821031.606,5042.46,False,False,False,0,6,3,3,3,3,12,12,released
prototype_step_log.csv,txn_0000051,prototype,conditional_settlement_prototype,EVENT_VERIFIED,verification,1783821031607,1783821031.607,5042.46,True,False,False,0,6,3,3,3,3,12,12,released
prototype_step_log.csv,txn_0000051,prototype,conditional_settlement_prototype,EVENT_VERIFIED,verification,1783821031608,1783821031.608,5042.46,True,False,False,0,6,3,3,3,3,12,12,released
prototype_step_log.csv,txn_0000051,prototype,conditional_settlement_prototype,LEDGER_SETTLED,settlement,1783821031608,1783821031.608,5042.46,False,False,False,0,6,3,3,3,3,12,12,released
prototype_step_log.csv,txn_0000052,prototype,conditional_settlement_prototype,CASE_CREATED,init,1783821031610,1783821031.61,1005.79,False,False,False,0,6,3,3,3,3,12,12,released
prototype_step_log.csv,txn_0000052,prototype,conditional_settlement_prototype,EVENT_VERIFIED,verification,1783821031611,1783821031.611,1005.79,True,False,False,0,6,3,3,3,3,12,12,released
prototype_step_log.csv,txn_0000052,prototype,conditional_settlement_prototype,EVENT_VERIFIED,verification,1783821031612,1783821031.612,1005.79,True,False,False,0,6,3,3,3,3,12,12,released
prototype_step_log.csv,txn_0000052,prototype,conditional_settlement_prototype,LEDGER_SETTLED,settlement,1783821031612,1783821031.612,1005.79,False,False,False,0,6,3,3,3,3,12,12,released
prototype_step_log.csv,txn_0000053,prototype,conditional_settlement_prototype,CASE_CREATED,init,1783821031614,1783821031.614,7637.88,False,False,False,1,1,3,3,3,2,11,11,disputed
prototype_step_log.csv,txn_0000053,prototype,conditional_settlement_prototype,DISPUTE_RAISED,exception,1783821031614,1783821031.614,7637.88,True,True,True,1,1,3,3,3,2,11,11,disputed
prototype_step_log.csv,txn_0000054,prototype,conditional_settlement_prototype,CASE_CREATED,init,1783821031616,1783821031.616,2149.56,False,False,False,0,6,3,3,3,3,12,12,released
prototype_step_log.csv,txn_0000054,prototype,conditional_settlement_prototype,EVENT_VERIFIED,verification,1783821031617,1783821031.617,2149.56,True,False,False,0,6,3,3,3,3,12,12,released
prototype_step_log.csv,txn_0000054,prototype,conditional_settlement_prototype,EVENT_VERIFIED,verification,1783821031617,1783821031.617,2149.56,True,False,False,0,6,3,3,3,3,12,12,released
prototype_step_log.csv,txn_0000054,prototype,conditional_settlement_prototype,LEDGER_SETTLED,settlement,1783821031618,1783821031.618,2149.56,False,False,False,0,6,3,3,3,3,12,12,released
prototype_step_log.csv,txn_0000055,prototype,conditional_settlement_prototype,CASE_CREATED,init,1783821031620,1783821031.62,1141.03,False,False,False,0,6,3,3,3,3,12,12,released
prototype_step_log.csv,txn_0000055,prototype,conditional_settlement_prototype,EVENT_VERIFIED,verification,1783821031620,1783821031.62,1141.03,True,False,False,0,6,3,3,3,3,12,12,released
prototype_step_log.csv,txn_0000055,prototype,conditional_settlement_prototype,EVENT_VERIFIED,verification,1783821031621,1783821031.621,1141.03,True,False,False,0,6,3,3,3,3,12,12,released
prototype_step_log.csv,txn_0000055,prototype,conditional_settlement_prototype,LEDGER_SETTLED,settlement,1783821031621,1783821031.621,1141.03,False,False,False,0,6,3,3,3,3,12,12,released
prototype_step_log.csv,txn_0000056,prototype,conditional_settlement_prototype,CASE_CREATED,init,1783821031623,1783821031.623,992.57,False,False,False,0,6,3,3,3,3,12,12,released
prototype_step_log.csv,txn_0000056,prototype,conditional_settlement_prototype,EVENT_VERIFIED,verification,1783821031624,1783821031.624,992.57,True,False,False,0,6,3,3,3,3,12,12,released
prototype_step_log.csv,txn_0000056,prototype,conditional_settlement_prototype,EVENT_VERIFIED,verification,1783821031624,1783821031.624,992.57,True,False,False,0,6,3,3,3,3,12,12,released
prototype_step_log.csv,txn_0000056,prototype,conditional_settlement_prototype,LEDGER_SETTLED,settlement,1783821031625,1783821031.625,992.57,False,False,False,0,6,3,3,3,3,12,12,released
prototype_step_log.csv,txn_0000057,prototype,conditional_settlement_prototype,CASE_CREATED,init,1783821031626,1783821031.626,1393.4,False,False,False,0,6,3,3,3,3,12,12,released
prototype_step_log.csv,txn_0000057,prototype,conditional_settlement_prototype,EVENT_VERIFIED,verification,1783821031627,1783821031.627,1393.4,True,False,False,0,6,3,3,3,3,12,12,released
prototype_step_log.csv,txn_0000057,prototype,conditional_settlement_prototype,EVENT_VERIFIED,verification,1783821031628,1783821031.628,1393.4,True,False,False,0,6,3,3,3,3,12,12,released
prototype_step_log.csv,txn_0000057,prototype,conditional_settlement_prototype,LEDGER_SETTLED,settlement,1783821031628,1783821031.628,1393.4,False,False,False,0,6,3,3,3,3,12,12,released
prototype_step_log.csv,txn_0000058,prototype,conditional_settlement_prototype,CASE_CREATED,init,1783821031630,1783821031.63,4852.33,False,False,False,0,6,3,3,3,3,12,12,released
prototype_step_log.csv,txn_0000058,prototype,conditional_settlement_prototype,EVENT_VERIFIED,verification,1783821031631,1783821031.631,4852.33,True,False,False,0,6,3,3,3,3,12,12,released
prototype_step_log.csv,txn_0000058,prototype,conditional_settlement_prototype,EVENT_VERIFIED,verification,1783821031631,1783821031.631,4852.33,True,False,False,0,6,3,3,3,3,12,12,released
prototype_step_log.csv,txn_0000058,prototype,conditional_settlement_prototype,LEDGER_SETTLED,settlement,1783821031632,1783821031.632,4852.33,False,False,False,0,6,3,3,3,3,12,12,released
prototype_step_log.csv,txn_0000059,prototype,conditional_settlement_prototype,CASE_CREATED,init,1783821031634,1783821031.634,217.65,False,False,False,0,6,3,3,3,3,12,12,released
prototype_step_log.csv,txn_0000059,prototype,conditional_settlement_prototype,EVENT_VERIFIED,verification,1783821031634,1783821031.634,217.65,True,False,False,0,6,3,3,3,3,12,12,released
prototype_step_log.csv,txn_0000059,prototype,conditional_settlement_prototype,EVENT_VERIFIED,verification,1783821031635,1783821031.635,217.65,True,False,False,0,6,3,3,3,3,12,12,released
prototype_step_log.csv,txn_0000059,prototype,conditional_settlement_prototype,LEDGER_SETTLED,settlement,1783821031716,1783821031.716,217.65,False,False,False,0,6,3,3,3,3,12,12,released
prototype_step_log.csv,txn_0000060,prototype,conditional_settlement_prototype,CASE_CREATED,init,1783821031719,1783821031.719,5544.5,False,False,False,0,6,3,3,3,3,12,12,released
prototype_step_log.csv,txn_0000060,prototype,conditional_settlement_prototype,EVENT_VERIFIED,verification,1783821031719,1783821031.719,5544.5,True,False,False,0,6,3,3,3,3,12,12,released
prototype_step_log.csv,txn_0000060,prototype,conditional_settlement_prototype,EVENT_VERIFIED,verification,1783821031720,1783821031.72,5544.5,True,False,False,0,6,3,3,3,3,12,12,released
prototype_step_log.csv,txn_0000060,prototype,conditional_settlement_prototype,LEDGER_SETTLED,settlement,1783821031720,1783821031.72,5544.5,False,False,False,0,6,3,3,3,3,12,12,released
prototype_step_log.csv,txn_0000061,prototype,conditional_settlement_prototype,CASE_CREATED,init,1783821031722,1783821031.722,14006.55,False,False,False,0,6,3,3,3,3,12,12,released
prototype_step_log.csv,txn_0000061,prototype,conditional_settlement_prototype,EVENT_VERIFIED,verification,1783821031723,1783821031.723,14006.55,True,False,False,0,6,3,3,3,3,12,12,released
prototype_step_log.csv,txn_0000061,prototype,conditional_settlement_prototype,EVENT_VERIFIED,verification,1783821031724,1783821031.724,14006.55,True,False,False,0,6,3,3,3,3,12,12,released
prototype_step_log.csv,txn_0000061,prototype,conditional_settlement_prototype,LEDGER_SETTLED,settlement,1783821031724,1783821031.724,14006.55,False,False,False,0,6,3,3,3,3,12,12,released
prototype_step_log.csv,txn_0000062,prototype,conditional_settlement_prototype,CASE_CREATED,init,1783821031726,1783821031.726,1528.37,False,False,False,0,6,3,3,3,3,12,12,released
prototype_step_log.csv,txn_0000062,prototype,conditional_settlement_prototype,EVENT_VERIFIED,verification,1783821031727,1783821031.727,1528.37,True,False,False,0,6,3,3,3,3,12,12,released
prototype_step_log.csv,txn_0000062,prototype,conditional_settlement_prototype,EVENT_VERIFIED,verification,1783821031727,1783821031.727,1528.37,True,False,False,0,6,3,3,3,3,12,12,released
prototype_step_log.csv,txn_0000062,prototype,conditional_settlement_prototype,LEDGER_SETTLED,settlement,1783821031808,1783821031.808,1528.37,False,False,False,0,6,3,3,3,3,12,12,released
prototype_step_log.csv,txn_0000063,prototype,conditional_settlement_prototype,CASE_CREATED,init,1783821031811,1783821031.811,10424.19,False,False,False,0,6,3,3,3,3,12,12,released
prototype_step_log.csv,txn_0000063,prototype,conditional_settlement_prototype,EVENT_VERIFIED,verification,1783821031812,1783821031.812,10424.19,True,False,False,0,6,3,3,3,3,12,12,released
prototype_step_log.csv,txn_0000063,prototype,conditional_settlement_prototype,EVENT_VERIFIED,verification,1783821031813,1783821031.813,10424.19,True,False,False,0,6,3,3,3,3,12,12,released
prototype_step_log.csv,txn_0000063,prototype,conditional_settlement_prototype,LEDGER_SETTLED,settlement,1783821031813,1783821031.813,10424.19,False,False,False,0,6,3,3,3,3,12,12,released
prototype_step_log.csv,txn_0000064,prototype,conditional_settlement_prototype,CASE_CREATED,init,1783821031815,1783821031.815,1766.43,False,False,False,0,6,3,3,3,3,12,12,released
prototype_step_log.csv,txn_0000064,prototype,conditional_settlement_prototype,EVENT_VERIFIED,verification,1783821031816,1783821031.816,1766.43,True,False,False,0,6,3,3,3,3,12,12,released
prototype_step_log.csv,txn_0000064,prototype,conditional_settlement_prototype,EVENT_VERIFIED,verification,1783821031816,1783821031.816,1766.43,True,False,False,0,6,3,3,3,3,12,12,released
prototype_step_log.csv,txn_0000064,prototype,conditional_settlement_prototype,LEDGER_SETTLED,settlement,1783821031893,1783821031.893,1766.43,False,False,False,0,6,3,3,3,3,12,12,released
prototype_step_log.csv,txn_0000065,prototype,conditional_settlement_prototype,CASE_CREATED,init,1783821031896,1783821031.896,15744.3,False,False,False,0,6,3,3,3,3,12,12,released
prototype_step_log.csv,txn_0000065,prototype,conditional_settlement_prototype,EVENT_VERIFIED,verification,1783821031896,1783821031.896,15744.3,True,False,False,0,6,3,3,3,3,12,12,released
prototype_step_log.csv,txn_0000065,prototype,conditional_settlement_prototype,EVENT_VERIFIED,verification,1783821031897,1783821031.897,15744.3,True,False,False,0,6,3,3,3,3,12,12,released
prototype_step_log.csv,txn_0000065,prototype,conditional_settlement_prototype,LEDGER_SETTLED,settlement,1783821031897,1783821031.897,15744.3,False,False,False,0,6,3,3,3,3,12,12,released
prototype_step_log.csv,txn_0000066,prototype,conditional_settlement_prototype,CASE_CREATED,init,1783821031900,1783821031.9,2224.59,False,False,False,0,6,3,3,3,3,12,12,released
prototype_step_log.csv,txn_0000066,prototype,conditional_settlement_prototype,EVENT_VERIFIED,verification,1783821031900,1783821031.9,2224.59,True,False,False,0,6,3,3,3,3,12,12,released
prototype_step_log.csv,txn_0000066,prototype,conditional_settlement_prototype,EVENT_VERIFIED,verification,1783821031901,1783821031.901,2224.59,True,False,False,0,6,3,3,3,3,12,12,released
prototype_step_log.csv,txn_0000066,prototype,conditional_settlement_prototype,LEDGER_SETTLED,settlement,1783821031901,1783821031.901,2224.59,False,False,False,0,6,3,3,3,3,12,12,released
prototype_step_log.csv,txn_0000067,prototype,conditional_settlement_prototype,CASE_CREATED,init,1783821031903,1783821031.903,39806.79,False,False,False,0,6,3,3,3,3,12,12,released
prototype_step_log.csv,txn_0000067,prototype,conditional_settlement_prototype,EVENT_VERIFIED,verification,1783821031904,1783821031.904,39806.79,True,False,False,0,6,3,3,3,3,12,12,released
prototype_step_log.csv,txn_0000067,prototype,conditional_settlement_prototype,EVENT_VERIFIED,verification,1783821031905,1783821031.905,39806.79,True,False,False,0,6,3,3,3,3,12,12,released
prototype_step_log.csv,txn_0000067,prototype,conditional_settlement_prototype,LEDGER_SETTLED,settlement,1783821031905,1783821031.905,39806.79,False,False,False,0,6,3,3,3,3,12,12,released
prototype_step_log.csv,txn_0000068,prototype,conditional_settlement_prototype,CASE_CREATED,init,1783821031907,1783821031.907,324.9,False,False,False,0,6,3,3,3,3,12,12,released
prototype_step_log.csv,txn_0000068,prototype,conditional_settlement_prototype,EVENT_VERIFIED,verification,1783821031908,1783821031.908,324.9,True,False,False,0,6,3,3,3,3,12,12,released
prototype_step_log.csv,txn_0000068,prototype,conditional_settlement_prototype,EVENT_VERIFIED,verification,1783821031909,1783821031.909,324.9,True,False,False,0,6,3,3,3,3,12,12,released
prototype_step_log.csv,txn_0000068,prototype,conditional_settlement_prototype,LEDGER_SETTLED,settlement,1783821031909,1783821031.909,324.9,False,False,False,0,6,3,3,3,3,12,12,released
prototype_step_log.csv,txn_0000069,prototype,conditional_settlement_prototype,CASE_CREATED,init,1783821031911,1783821031.911,16656.35,False,False,False,0,6,3,3,3,3,12,12,released
prototype_step_log.csv,txn_0000069,prototype,conditional_settlement_prototype,EVENT_VERIFIED,verification,1783821031912,1783821031.912,16656.35,True,False,False,0,6,3,3,3,3,12,12,released
prototype_step_log.csv,txn_0000069,prototype,conditional_settlement_prototype,EVENT_VERIFIED,verification,1783821031912,1783821031.912,16656.35,True,False,False,0,6,3,3,3,3,12,12,released
prototype_step_log.csv,txn_0000069,prototype,conditional_settlement_prototype,LEDGER_SETTLED,settlement,1783821031912,1783821031.912,16656.35,False,False,False,0,6,3,3,3,3,12,12,released
prototype_step_log.csv,txn_0000070,prototype,conditional_settlement_prototype,CASE_CREATED,init,1783821031914,1783821031.914,6946.45,False,False,False,0,6,3,3,3,3,12,12,released
prototype_step_log.csv,txn_0000070,prototype,conditional_settlement_prototype,EVENT_VERIFIED,verification,1783821031915,1783821031.915,6946.45,True,False,False,0,6,3,3,3,3,12,12,released
prototype_step_log.csv,txn_0000070,prototype,conditional_settlement_prototype,EVENT_VERIFIED,verification,1783821031916,1783821031.916,6946.45,True,False,False,0,6,3,3,3,3,12,12,released
prototype_step_log.csv,txn_0000070,prototype,conditional_settlement_prototype,LEDGER_SETTLED,settlement,1783821031916,1783821031.916,6946.45,False,False,False,0,6,3,3,3,3,12,12,released
prototype_step_log.csv,txn_0000071,prototype,conditional_settlement_prototype,CASE_CREATED,init,1783821031918,1783821031.918,3789.63,False,False,False,0,6,3,3,3,3,12,12,released
prototype_step_log.csv,txn_0000071,prototype,conditional_settlement_prototype,EVENT_VERIFIED,verification,1783821031918,1783821031.918,3789.63,True,False,False,0,6,3,3,3,3,12,12,released
prototype_step_log.csv,txn_0000071,prototype,conditional_settlement_prototype,EVENT_VERIFIED,verification,1783821031919,1783821031.919,3789.63,True,False,False,0,6,3,3,3,3,12,12,released
prototype_step_log.csv,txn_0000071,prototype,conditional_settlement_prototype,LEDGER_SETTLED,settlement,1783821031919,1783821031.919,3789.63,False,False,False,0,6,3,3,3,3,12,12,released
prototype_step_log.csv,txn_0000072,prototype,conditional_settlement_prototype,CASE_CREATED,init,1783821031921,1783821031.921,847.15,False,False,False,0,6,3,3,3,3,12,12,released
prototype_step_log.csv,txn_0000072,prototype,conditional_settlement_prototype,EVENT_VERIFIED,verification,1783821031922,1783821031.922,847.15,True,False,False,0,6,3,3,3,3,12,12,released
prototype_step_log.csv,txn_0000072,prototype,conditional_settlement_prototype,EVENT_VERIFIED,verification,1783821031922,1783821031.922,847.15,True,False,False,0,6,3,3,3,3,12,12,released
prototype_step_log.csv,txn_0000072,prototype,conditional_settlement_prototype,LEDGER_SETTLED,settlement,1783821031923,1783821031.923,847.15,False,False,False,0,6,3,3,3,3,12,12,released
prototype_step_log.csv,txn_0000073,prototype,conditional_settlement_prototype,CASE_CREATED,init,1783821031924,1783821031.924,7898.0,False,False,False,0,6,3,3,3,3,12,12,released
prototype_step_log.csv,txn_0000073,prototype,conditional_settlement_prototype,EVENT_VERIFIED,verification,1783821031925,1783821031.925,7898.0,True,False,False,0,6,3,3,3,3,12,12,released
prototype_step_log.csv,txn_0000073,prototype,conditional_settlement_prototype,EVENT_VERIFIED,verification,1783821031926,1783821031.926,7898.0,True,False,False,0,6,3,3,3,3,12,12,released
prototype_step_log.csv,txn_0000073,prototype,conditional_settlement_prototype,LEDGER_SETTLED,settlement,1783821031926,1783821031.926,7898.0,False,False,False,0,6,3,3,3,3,12,12,released
prototype_step_log.csv,txn_0000074,prototype,conditional_settlement_prototype,CASE_CREATED,init,1783821031928,1783821031.928,1940.41,False,False,False,0,6,3,3,3,3,12,12,released
prototype_step_log.csv,txn_0000074,prototype,conditional_settlement_prototype,EVENT_VERIFIED,verification,1783821031928,1783821031.928,1940.41,True,False,False,0,6,3,3,3,3,12,12,released
prototype_step_log.csv,txn_0000074,prototype,conditional_settlement_prototype,EVENT_VERIFIED,verification,1783821031929,1783821031.929,1940.41,True,False,False,0,6,3,3,3,3,12,12,released
prototype_step_log.csv,txn_0000074,prototype,conditional_settlement_prototype,LEDGER_SETTLED,settlement,1783821031929,1783821031.929,1940.41,False,False,False,0,6,3,3,3,3,12,12,released
prototype_step_log.csv,txn_0000075,prototype,conditional_settlement_prototype,CASE_CREATED,init,1783821031931,1783821031.931,28961.66,False,False,False,0,6,3,3,3,3,12,12,released
prototype_step_log.csv,txn_0000075,prototype,conditional_settlement_prototype,EVENT_VERIFIED,verification,1783821031932,1783821031.932,28961.66,True,False,False,0,6,3,3,3,3,12,12,released
prototype_step_log.csv,txn_0000075,prototype,conditional_settlement_prototype,EVENT_VERIFIED,verification,1783821031932,1783821031.932,28961.66,True,False,False,0,6,3,3,3,3,12,12,released
prototype_step_log.csv,txn_0000075,prototype,conditional_settlement_prototype,LEDGER_SETTLED,settlement,1783821031932,1783821031.932,28961.66,False,False,False,0,6,3,3,3,3,12,12,released
bank_manual_step_log.csv,txn_0000001,bank,bank_manual,CASE_CREATED,init,2026-01-05T09:01:41,1767603701.0,1447.39,False,False,False,0,0,1,1,1,1,4,,pending
bank_manual_step_log.csv,txn_0000002,bank,bank_manual,CASE_CREATED,init,2026-01-05T09:04:10,1767603850.0,1897.53,False,False,False,0,0,1,1,1,1,4,,pending
bank_manual_step_log.csv,txn_0000003,bank,bank_manual,CASE_CREATED,init,2026-01-05T09:06:07,1767603967.0,13079.94,False,False,False,0,0,1,1,1,1,4,,pending
bank_manual_step_log.csv,txn_0000004,bank,bank_manual,CASE_CREATED,init,2026-01-05T09:12:26,1767604346.0,823.86,False,False,False,0,0,1,1,1,1,4,,pending
bank_manual_step_log.csv,txn_0000005,bank,bank_manual,CASE_CREATED,init,2026-01-05T09:13:08,1767604388.0,2722.63,False,False,False,0,0,1,1,1,1,4,,pending
bank_manual_step_log.csv,txn_0000006,bank,bank_manual,CASE_CREATED,init,2026-01-05T09:13:53,1767604433.0,7047.3,False,False,False,0,0,1,1,1,1,4,,pending
bank_manual_step_log.csv,txn_0000007,bank,bank_manual,CASE_CREATED,init,2026-01-05T09:14:07,1767604447.0,2377.83,False,False,False,0,0,1,1,1,1,4,,pending
bank_manual_step_log.csv,txn_0000008,bank,bank_manual,CASE_CREATED,init,2026-01-05T09:16:12,1767604572.0,9252.65,False,False,False,0,0,1,1,1,1,4,,pending
bank_manual_step_log.csv,txn_0000009,bank,bank_manual,CASE_CREATED,init,2026-01-05T09:16:26,1767604586.0,871.83,False,False,False,0,0,1,1,1,1,4,,pending
bank_manual_step_log.csv,txn_0000010,bank,bank_manual,CASE_CREATED,init,2026-01-05T09:16:50,1767604610.0,6172.52,False,False,False,0,0,1,1,1,1,4,,pending
bank_manual_step_log.csv,txn_0000011,bank,bank_manual,CASE_CREATED,init,2026-01-05T09:18:56,1767604736.0,2079.8,False,False,False,0,0,1,1,1,1,4,,pending
bank_manual_step_log.csv,txn_0000012,bank,bank_manual,CASE_CREATED,init,2026-01-05T09:19:19,1767604759.0,2957.64,False,False,False,0,0,1,1,1,1,4,,pending
bank_manual_step_log.csv,txn_0000013,bank,bank_manual,CASE_CREATED,init,2026-01-05T09:19:27,1767604767.0,40706.02,False,False,False,0,0,1,1,1,1,4,,pending
bank_manual_step_log.csv,txn_0000014,bank,bank_manual,CASE_CREATED,init,2026-01-05T09:19:45,1767604785.0,4726.19,False,False,False,0,0,1,1,1,1,4,,pending
bank_manual_step_log.csv,txn_0000002,bank,bank_manual,DOC_REVIEW,verification,2026-01-05T09:19:55,1767604795.0,1897.53,True,False,False,1,0,1,2,1,2,6,,pending
bank_manual_step_log.csv,txn_0000015,bank,bank_manual,CASE_CREATED,init,2026-01-05T09:20:44,1767604844.0,5504.55,False,False,False,0,0,1,1,1,1,4,,pending
bank_manual_step_log.csv,txn_0000002,bank,bank_manual,COMPLIANCE_SCREENING,verification,2026-01-05T09:20:55,1767604855.0,1897.53,True,False,False,0,1,1,2,1,2,6,,pending
bank_manual_step_log.csv,txn_0000016,bank,bank_manual,CASE_CREATED,init,2026-01-05T09:20:59,1767604859.0,12154.73,False,False,False,0,0,1,1,1,1,4,,pending
bank_manual_step_log.csv,txn_0000017,bank,bank_manual,CASE_CREATED,init,2026-01-05T09:21:05,1767604865.0,944.67,False,False,False,0,0,1,1,1,1,4,,pending
bank_manual_step_log.csv,txn_0000018,bank,bank_manual,CASE_CREATED,init,2026-01-05T09:21:29,1767604889.0,7008.94,False,False,False,0,0,1,1,1,1,4,,pending
bank_manual_step_log.csv,txn_0000019,bank,bank_manual,CASE_CREATED,init,2026-01-05T09:21:41,1767604901.0,898.39,False,False,False,0,0,1,1,1,1,4,,pending
bank_manual_step_log.csv,txn_0000020,bank,bank_manual,CASE_CREATED,init,2026-01-05T09:22:08,1767604928.0,811.87,False,False,False,0,0,1,1,1,1,4,,pending
bank_manual_step_log.csv,txn_0000021,bank,bank_manual,CASE_CREATED,init,2026-01-05T09:22:12,1767604932.0,658.08,False,False,False,0,0,1,1,1,1,4,,pending
bank_manual_step_log.csv,txn_0000022,bank,bank_manual,CASE_CREATED,init,2026-01-05T09:23:30,1767605010.0,13379.62,False,False,False,0,0,1,1,1,1,4,,pending
bank_manual_step_log.csv,txn_0000023,bank,bank_manual,CASE_CREATED,init,2026-01-05T09:27:24,1767605244.0,8477.58,False,False,False,0,0,1,1,1,1,4,,pending
bank_manual_step_log.csv,txn_0000024,bank,bank_manual,CASE_CREATED,init,2026-01-05T09:28:07,1767605287.0,315.58,False,False,False,0,0,1,1,1,1,4,,pending
bank_manual_step_log.csv,txn_0000025,bank,bank_manual,CASE_CREATED,init,2026-01-05T09:28:45,1767605325.0,229.27,False,False,False,0,0,1,1,1,1,4,,pending
bank_manual_step_log.csv,txn_0000003,bank,bank_manual,DOC_REVIEW,verification,2026-01-05T09:29:22,1767605362.0,13079.94,True,False,False,1,0,1,2,1,2,6,,pending
bank_manual_step_log.csv,txn_0000003,bank,bank_manual,COMPLIANCE_SCREENING,verification,2026-01-05T09:29:43,1767605383.0,13079.94,True,False,False,0,1,1,2,1,2,6,,pending
bank_manual_step_log.csv,txn_0000026,bank,bank_manual,CASE_CREATED,init,2026-01-05T09:30:08,1767605408.0,639.42,False,False,False,0,0,1,1,1,1,4,,pending
bank_manual_step_log.csv,txn_0000027,bank,bank_manual,CASE_CREATED,init,2026-01-05T09:30:58,1767605458.0,9999.19,False,False,False,0,0,1,1,1,1,4,,pending
bank_manual_step_log.csv,txn_0000028,bank,bank_manual,CASE_CREATED,init,2026-01-05T09:32:39,1767605559.0,2838.7,False,False,False,0,0,1,1,1,1,4,,pending
bank_manual_step_log.csv,txn_0000029,bank,bank_manual,CASE_CREATED,init,2026-01-05T09:33:36,1767605616.0,1781.8,False,False,False,0,0,1,1,1,1,4,,pending
bank_manual_step_log.csv,txn_0000030,bank,bank_manual,CASE_CREATED,init,2026-01-05T09:34:01,1767605641.0,4927.23,False,False,False,0,0,1,1,1,1,4,,pending
bank_manual_step_log.csv,txn_0000001,bank,bank_manual,DOC_REVIEW,verification,2026-01-05T09:35:51,1767605751.0,1447.39,True,False,False,1,0,1,2,1,2,6,,pending
bank_manual_step_log.csv,txn_0000031,bank,bank_manual,CASE_CREATED,init,2026-01-05T09:36:16,1767605776.0,19605.15,False,False,False,0,0,1,1,1,1,4,,pending
bank_manual_step_log.csv,txn_0000001,bank,bank_manual,COMPLIANCE_SCREENING,verification,2026-01-05T09:38:40,1767605920.0,1447.39,True,False,False,0,1,1,2,1,2,6,,pending
bank_manual_step_log.csv,txn_0000032,bank,bank_manual,CASE_CREATED,init,2026-01-05T09:40:45,1767606045.0,2856.18,False,False,False,0,0,1,1,1,1,4,,pending
bank_manual_step_log.csv,txn_0000033,bank,bank_manual,CASE_CREATED,init,2026-01-05T09:42:55,1767606175.0,48582.7,False,False,False,0,0,1,1,1,1,4,,pending
bank_manual_step_log.csv,txn_0000034,bank,bank_manual,CASE_CREATED,init,2026-01-05T09:43:00,1767606180.0,476.77,False,False,False,0,0,1,1,1,1,4,,pending
bank_manual_step_log.csv,txn_0000035,bank,bank_manual,CASE_CREATED,init,2026-01-05T09:47:17,1767606437.0,5613.49,False,False,False,0,0,1,1,1,1,4,,pending
bank_manual_step_log.csv,txn_0000036,bank,bank_manual,CASE_CREATED,init,2026-01-05T09:47:53,1767606473.0,1086.8,False,False,False,0,0,1,1,1,1,4,,pending
bank_manual_step_log.csv,txn_0000037,bank,bank_manual,CASE_CREATED,init,2026-01-05T09:48:11,1767606491.0,632.69,False,False,False,0,0,1,1,1,1,4,,pending
bank_manual_step_log.csv,txn_0000006,bank,bank_manual,DOC_REVIEW,verification,2026-01-05T09:51:39,1767606699.0,7047.3,True,False,False,1,0,1,2,1,2,6,,pending
bank_manual_step_log.csv,txn_0000006,bank,bank_manual,COMPLIANCE_SCREENING,verification,2026-01-05T09:54:48,1767606888.0,7047.3,True,False,False,0,1,1,2,1,2,6,,pending
bank_manual_step_log.csv,txn_0000004,bank,bank_manual,DOC_REVIEW,verification,2026-01-05T09:57:00,1767607020.0,823.86,True,False,False,1,0,1,2,1,2,6,,pending
bank_manual_step_log.csv,txn_0000005,bank,bank_manual,DOC_REVIEW,verification,2026-01-05T09:57:01,1767607021.0,2722.63,True,False,False,1,0,1,2,1,2,6,,pending
bank_manual_step_log.csv,txn_0000004,bank,bank_manual,COMPLIANCE_SCREENING,verification,2026-01-05T09:57:02,1767607022.0,823.86,True,False,False,0,1,1,2,1,2,6,,pending
bank_manual_step_log.csv,txn_0000005,bank,bank_manual,COMPLIANCE_SCREENING,verification,2026-01-05T10:01:48,1767607308.0,2722.63,True,False,False,0,1,1,2,1,2,6,,pending
bank_manual_step_log.csv,txn_0000038,bank,bank_manual,CASE_CREATED,init,2026-01-05T10:02:07,1767607327.0,1999.76,False,False,False,0,0,1,1,1,1,4,,pending
bank_manual_step_log.csv,txn_0000039,bank,bank_manual,CASE_CREATED,init,2026-01-05T10:06:32,1767607592.0,295.93,False,False,False,0,0,1,1,1,1,4,,pending
bank_manual_step_log.csv,txn_0000040,bank,bank_manual,CASE_CREATED,init,2026-01-05T10:08:13,1767607693.0,20172.14,False,False,False,0,0,1,1,1,1,4,,pending
bank_manual_step_log.csv,txn_0000041,bank,bank_manual,CASE_CREATED,init,2026-01-05T10:09:03,1767607743.0,2846.36,False,False,False,0,0,1,1,1,1,4,,pending
bank_manual_step_log.csv,txn_0000042,bank,bank_manual,CASE_CREATED,init,2026-01-05T10:10:09,1767607809.0,4999.27,False,False,False,0,0,1,1,1,1,4,,pending
bank_manual_step_log.csv,txn_0000043,bank,bank_manual,CASE_CREATED,init,2026-01-05T10:10:34,1767607834.0,7796.83,False,False,False,0,0,1,1,1,1,4,,pending
bank_manual_step_log.csv,txn_0000044,bank,bank_manual,CASE_CREATED,init,2026-01-05T10:11:47,1767607907.0,27607.37,False,False,False,0,0,1,1,1,1,4,,pending
bank_manual_step_log.csv,txn_0000045,bank,bank_manual,CASE_CREATED,init,2026-01-05T10:12:12,1767607932.0,932.14,False,False,False,0,0,1,1,1,1,4,,pending
bank_manual_step_log.csv,txn_0000046,bank,bank_manual,CASE_CREATED,init,2026-01-05T10:12:23,1767607943.0,403.28,False,False,False,0,0,1,1,1,1,4,,pending
bank_manual_step_log.csv,txn_0000047,bank,bank_manual,CASE_CREATED,init,2026-01-05T10:12:40,1767607960.0,6099.56,False,False,False,0,0,1,1,1,1,4,,pending
bank_manual_step_log.csv,txn_0000007,bank,bank_manual,DOC_REVIEW,verification,2026-01-05T10:13:16,1767607996.0,2377.83,True,False,False,1,0,1,2,1,2,6,,pending
bank_manual_step_log.csv,txn_0000048,bank,bank_manual,CASE_CREATED,init,2026-01-05T10:13:38,1767608018.0,13034.52,False,False,False,0,0,1,1,1,1,4,,pending
bank_manual_step_log.csv,txn_0000007,bank,bank_manual,COMPLIANCE_SCREENING,verification,2026-01-05T10:13:40,1767608020.0,2377.83,True,False,False,0,1,1,2,1,2,6,,pending
bank_manual_step_log.csv,txn_0000049,bank,bank_manual,CASE_CREATED,init,2026-01-05T10:15:01,1767608101.0,853.03,False,False,False,0,0,1,1,1,1,4,,pending
bank_manual_step_log.csv,txn_0000050,bank,bank_manual,CASE_CREATED,init,2026-01-05T10:16:38,1767608198.0,9395.76,False,False,False,0,0,1,1,1,1,4,,pending
bank_manual_step_log.csv,txn_0000051,bank,bank_manual,CASE_CREATED,init,2026-01-05T10:20:29,1767608429.0,5042.46,False,False,False,0,0,1,1,1,1,4,,pending
bank_manual_step_log.csv,txn_0000009,bank,bank_manual,DOC_REVIEW,verification,2026-01-05T10:22:13,1767608533.0,871.83,True,False,False,1,0,1,2,1,2,6,,pending
bank_manual_step_log.csv,txn_0000052,bank,bank_manual,CASE_CREATED,init,2026-01-05T10:24:17,1767608657.0,1005.79,False,False,False,0,0,1,1,1,1,4,,pending
bank_manual_step_log.csv,txn_0000053,bank,bank_manual,CASE_CREATED,init,2026-01-05T10:24:25,1767608665.0,7637.88,False,False,False,0,0,1,1,1,1,4,,pending
bank_manual_step_log.csv,txn_0000054,bank,bank_manual,CASE_CREATED,init,2026-01-05T10:25:55,1767608755.0,2149.56,False,False,False,0,0,1,1,1,1,4,,pending
bank_manual_step_log.csv,txn_0000055,bank,bank_manual,CASE_CREATED,init,2026-01-05T10:26:49,1767608809.0,1141.03,False,False,False,0,0,1,1,1,1,4,,pending
bank_manual_step_log.csv,txn_0000009,bank,bank_manual,COMPLIANCE_SCREENING,verification,2026-01-05T10:27:27,1767608847.0,871.83,True,False,False,0,1,1,2,1,2,6,,pending
bank_manual_step_log.csv,txn_0000056,bank,bank_manual,CASE_CREATED,init,2026-01-05T10:28:17,1767608897.0,992.57,False,False,False,0,0,1,1,1,1,4,,pending
bank_manual_step_log.csv,txn_0000057,bank,bank_manual,CASE_CREATED,init,2026-01-05T10:28:18,1767608898.0,1393.4,False,False,False,0,0,1,1,1,1,4,,pending
bank_manual_step_log.csv,txn_0000058,bank,bank_manual,CASE_CREATED,init,2026-01-05T10:34:11,1767609251.0,4852.33,False,False,False,0,0,1,1,1,1,4,,pending
bank_manual_step_log.csv,txn_0000059,bank,bank_manual,CASE_CREATED,init,2026-01-05T10:34:38,1767609278.0,217.65,False,False,False,0,0,1,1,1,1,4,,pending
bank_manual_step_log.csv,txn_0000008,bank,bank_manual,DOC_REVIEW,verification,2026-01-05T10:36:11,1767609371.0,9252.65,True,False,False,1,0,1,2,1,2,6,,pending
bank_manual_step_log.csv,txn_0000060,bank,bank_manual,CASE_CREATED,init,2026-01-05T10:37:41,1767609461.0,5544.5,False,False,False,0,0,1,1,1,1,4,,pending
bank_manual_step_log.csv,txn_0000061,bank,bank_manual,CASE_CREATED,init,2026-01-05T10:38:42,1767609522.0,14006.55,False,False,False,0,0,1,1,1,1,4,,pending
bank_manual_step_log.csv,txn_0000062,bank,bank_manual,CASE_CREATED,init,2026-01-05T10:38:48,1767609528.0,1528.37,False,False,False,0,0,1,1,1,1,4,,pending
bank_manual_step_log.csv,txn_0000063,bank,bank_manual,CASE_CREATED,init,2026-01-05T10:38:51,1767609531.0,10424.19,False,False,False,0,0,1,1,1,1,4,,pending
bank_manual_step_log.csv,txn_0000064,bank,bank_manual,CASE_CREATED,init,2026-01-05T10:38:53,1767609533.0,1766.43,False,False,False,0,0,1,1,1,1,4,,pending
bank_manual_step_log.csv,txn_0000008,bank,bank_manual,COMPLIANCE_SCREENING,verification,2026-01-05T10:39:23,1767609563.0,9252.65,True,False,False,0,1,1,2,1,2,6,,pending
bank_manual_step_log.csv,txn_0000065,bank,bank_manual,CASE_CREATED,init,2026-01-05T10:39:54,1767609594.0,15744.3,False,False,False,0,0,1,1,1,1,4,,pending
bank_manual_step_log.csv,txn_0000066,bank,bank_manual,CASE_CREATED,init,2026-01-05T10:42:46,1767609766.0,2224.59,False,False,False,0,0,1,1,1,1,4,,pending
bank_manual_step_log.csv,txn_0000067,bank,bank_manual,CASE_CREATED,init,2026-01-05T10:45:00,1767609900.0,39806.79,False,False,False,0,0,1,1,1,1,4,,pending
bank_manual_step_log.csv,txn_0000068,bank,bank_manual,CASE_CREATED,init,2026-01-05T10:45:33,1767609933.0,324.9,False,False,False,0,0,1,1,1,1,4,,pending
bank_manual_step_log.csv,txn_0000069,bank,bank_manual,CASE_CREATED,init,2026-01-05T10:48:12,1767610092.0,16656.35,False,False,False,0,0,1,1,1,1,4,,pending
bank_manual_step_log.csv,txn_0000070,bank,bank_manual,CASE_CREATED,init,2026-01-05T10:53:19,1767610399.0,6946.45,False,False,False,0,0,1,1,1,1,4,,pending
bank_manual_step_log.csv,txn_0000011,bank,bank_manual,DOC_REVIEW,verification,2026-01-05T10:53:19,1767610399.0,2079.8,True,False,False,1,0,1,2,1,2,6,,pending
bank_manual_step_log.csv,txn_0000010,bank,bank_manual,DOC_REVIEW,verification,2026-01-05T10:53:42,1767610422.0,6172.52,True,False,False,1,0,1,2,1,2,6,,pending
bank_manual_step_log.csv,txn_0000010,bank,bank_manual,COMPLIANCE_SCREENING,verification,2026-01-05T10:53:53,1767610433.0,6172.52,True,False,False,0,1,1,2,1,2,6,,pending
bank_manual_step_log.csv,txn_0000071,bank,bank_manual,CASE_CREATED,init,2026-01-05T10:54:16,1767610456.0,3789.63,False,False,False,0,0,1,1,1,1,4,,pending
bank_manual_step_log.csv,txn_0000072,bank,bank_manual,CASE_CREATED,init,2026-01-05T10:55:10,1767610510.0,847.15,False,False,False,0,0,1,1,1,1,4,,pending
bank_manual_step_log.csv,txn_0000073,bank,bank_manual,CASE_CREATED,init,2026-01-05T10:55:32,1767610532.0,7898.0,False,False,False,0,0,1,1,1,1,4,,pending
bank_manual_step_log.csv,txn_0000074,bank,bank_manual,CASE_CREATED,init,2026-01-05T10:55:36,1767610536.0,1940.41,False,False,False,0,0,1,1,1,1,4,,pending
bank_manual_step_log.csv,txn_0000075,bank,bank_manual,CASE_CREATED,init,2026-01-05T10:56:05,1767610565.0,28961.66,False,False,False,0,0,1,1,1,1,4,,pending
bank_manual_step_log.csv,txn_0000011,bank,bank_manual,COMPLIANCE_SCREENING,verification,2026-01-05T10:56:45,1767610605.0,2079.8,True,False,False,0,1,1,2,1,2,6,,pending
bank_manual_step_log.csv,txn_0000003,bank,bank_manual,MANUAL_REVIEW,verification,2026-01-05T11:09:05,1767611345.0,13079.94,True,True,False,1,0,1,2,2,2,7,,pending
bank_manual_step_log.csv,txn_0000014,bank,bank_manual,DOC_REVIEW,verification,2026-01-05T11:15:32,1767611732.0,4726.19,True,False,False,1,0,1,2,1,2,6,,pending
bank_manual_step_log.csv,txn_0000012,bank,bank_manual,DOC_REVIEW,verification,2026-01-05T11:16:04,1767611764.0,2957.64,True,False,False,1,0,1,2,1,2,6,,pending
bank_manual_step_log.csv,txn_0000012,bank,bank_manual,COMPLIANCE_SCREENING,verification,2026-01-05T11:17:55,1767611875.0,2957.64,True,False,False,0,1,1,2,1,2,6,,pending
bank_manual_step_log.csv,txn_0000014,bank,bank_manual,COMPLIANCE_SCREENING,verification,2026-01-05T11:19:34,1767611974.0,4726.19,True,False,False,0,1,1,2,1,2,6,,pending
bank_manual_step_log.csv,txn_0000003,bank,bank_manual,DUAL_APPROVAL,approval,2026-01-05T11:27:25,1767612445.0,13079.94,True,False,False,1,0,1,2,1,2,6,,pending
bank_manual_step_log.csv,txn_0000013,bank,bank_manual,DOC_REVIEW,verification,2026-01-05T11:29:27,1767612567.0,40706.02,True,False,False,1,0,1,2,1,2,6,,pending
bank_manual_step_log.csv,txn_0000013,bank,bank_manual,COMPLIANCE_SCREENING,verification,2026-01-05T11:34:40,1767612880.0,40706.02,True,False,False,0,1,1,2,1,2,6,,pending
bank_manual_step_log.csv,txn_0000016,bank,bank_manual,DOC_REVIEW,verification,2026-01-05T11:37:21,1767613041.0,12154.73,True,False,False,1,0,1,2,1,2,6,,pending
bank_manual_step_log.csv,txn_0000016,bank,bank_manual,COMPLIANCE_SCREENING,verification,2026-01-05T11:41:26,1767613286.0,12154.73,True,False,False,0,1,1,2,1,2,6,,pending
bank_manual_step_log.csv,txn_0000015,bank,bank_manual,DOC_REVIEW,verification,2026-01-05T11:41:28,1767613288.0,5504.55,True,False,False,1,0,1,2,1,2,6,,pending
bank_manual_step_log.csv,txn_0000015,bank,bank_manual,COMPLIANCE_SCREENING,verification,2026-01-05T11:47:27,1767613647.0,5504.55,True,False,False,0,1,1,2,1,2,6,,pending
bank_manual_step_log.csv,txn_0000017,bank,bank_manual,DOC_REVIEW,verification,2026-01-05T11:49:21,1767613761.0,944.67,True,False,False,1,0,1,2,1,2,6,,pending
bank_manual_step_log.csv,txn_0000017,bank,bank_manual,COMPLIANCE_SCREENING,verification,2026-01-05T11:50:36,1767613836.0,944.67,True,False,False,0,1,1,2,1,2,6,,pending
bank_manual_step_log.csv,txn_0000019,bank,bank_manual,DOC_REVIEW,verification,2026-01-05T12:03:21,1767614601.0,898.39,True,False,False,1,0,1,2,1,2,6,,pending
bank_manual_step_log.csv,txn_0000019,bank,bank_manual,COMPLIANCE_SCREENING,verification,2026-01-05T12:04:51,1767614691.0,898.39,True,False,False,0,1,1,2,1,2,6,,pending
bank_manual_step_log.csv,txn_0000019,bank,bank_manual,EXCEPTION_HOLD,exception,2026-01-05T12:04:51,1767614691.0,898.39,True,True,True,1,0,1,3,2,2,8,,unresolved
bank_manual_step_log.csv,txn_0000018,bank,bank_manual,DOC_REVIEW,verification,2026-01-05T12:09:03,1767614943.0,7008.94,True,False,False,1,0,1,2,1,2,6,,pending
bank_manual_step_log.csv,txn_0000020,bank,bank_manual,DOC_REVIEW,verification,2026-01-05T12:10:41,1767615041.0,811.87,True,False,False,1,0,1,2,1,2,6,,pending
bank_manual_step_log.csv,txn_0000020,bank,bank_manual,COMPLIANCE_SCREENING,verification,2026-01-05T12:11:55,1767615115.0,811.87,True,False,False,0,1,1,2,1,2,6,,pending
bank_manual_step_log.csv,txn_0000013,bank,bank_manual,DUAL_APPROVAL,approval,2026-01-05T12:14:22,1767615262.0,40706.02,True,False,False,1,0,1,2,1,2,6,,pending
bank_manual_step_log.csv,txn_0000016,bank,bank_manual,DUAL_APPROVAL,approval,2026-01-05T12:16:43,1767615403.0,12154.73,True,False,False,1,0,1,2,1,2,6,,pending
bank_manual_step_log.csv,txn_0000018,bank,bank_manual,COMPLIANCE_SCREENING,verification,2026-01-05T12:18:54,1767615534.0,7008.94,True,False,False,0,1,1,2,1,2,6,,pending
bank_manual_step_log.csv,txn_0000023,bank,bank_manual,DOC_REVIEW,verification,2026-01-05T12:33:05,1767616385.0,8477.58,True,False,False,1,0,1,2,1,2,6,,pending
bank_manual_step_log.csv,txn_0000022,bank,bank_manual,DOC_REVIEW,verification,2026-01-05T12:37:49,1767616669.0,13379.62,True,False,False,1,0,1,2,1,2,6,,pending
bank_manual_step_log.csv,txn_0000022,bank,bank_manual,DISPUTE_RAISED,exception,2026-01-05T12:37:49,1767616669.0,13379.62,True,True,True,1,0,1,3,2,2,8,,disputed
bank_manual_step_log.csv,txn_0000021,bank,bank_manual,DOC_REVIEW,verification,2026-01-05T12:38:01,1767616681.0,658.08,True,False,False,1,0,1,2,1,2,6,,pending
bank_manual_step_log.csv,txn_0000021,bank,bank_manual,COMPLIANCE_SCREENING,verification,2026-01-05T12:38:12,1767616692.0,658.08,True,False,False,0,1,1,2,1,2,6,,pending
bank_manual_step_log.csv,txn_0000025,bank,bank_manual,DOC_REVIEW,verification,2026-01-05T12:55:33,1767617733.0,229.27,True,False,False,1,0,1,2,1,2,6,,pending
bank_manual_step_log.csv,txn_0000026,bank,bank_manual,DOC_REVIEW,verification,2026-01-05T12:56:18,1767617778.0,639.42,True,False,False,1,0,1,2,1,2,6,,pending
bank_manual_step_log.csv,txn_0000023,bank,bank_manual,COMPLIANCE_SCREENING,verification,2026-01-05T12:57:06,1767617826.0,8477.58,True,False,False,0,1,1,2,1,2,6,,pending
bank_manual_step_log.csv,txn_0000025,bank,bank_manual,COMPLIANCE_SCREENING,verification,2026-01-05T12:57:44,1767617864.0,229.27,True,False,False,0,1,1,2,1,2,6,,pending
bank_manual_step_log.csv,txn_0000026,bank,bank_manual,COMPLIANCE_SCREENING,verification,2026-01-05T12:58:13,1767617893.0,639.42,True,False,False,0,1,1,2,1,2,6,,pending
bank_manual_step_log.csv,txn_0000026,bank,bank_manual,EXCEPTION_HOLD,exception,2026-01-05T12:58:13,1767617893.0,639.42,True,True,True,1,0,1,3,2,2,8,,unresolved
bank_manual_step_log.csv,txn_0000024,bank,bank_manual,DOC_REVIEW,verification,2026-01-05T13:03:22,1767618202.0,315.58,True,False,False,1,0,1,2,1,2,6,,pending
bank_manual_step_log.csv,txn_0000024,bank,bank_manual,COMPLIANCE_SCREENING,verification,2026-01-05T13:07:57,1767618477.0,315.58,True,False,False,0,1,1,2,1,2,6,,pending
bank_manual_step_log.csv,txn_0000027,bank,bank_manual,DOC_REVIEW,verification,2026-01-05T13:12:27,1767618747.0,9999.19,True,False,False,1,0,1,2,1,2,6,,pending
bank_manual_step_log.csv,txn_0000027,bank,bank_manual,COMPLIANCE_SCREENING,verification,2026-01-05T13:12:55,1767618775.0,9999.19,True,False,False,0,1,1,2,1,2,6,,pending
bank_manual_step_log.csv,txn_0000005,bank,bank_manual,CONDITION_VERIFIED:MILESTONE_REACHED,attestation,2026-01-05T13:29:43,1767619783.0,2722.63,True,False,False,1,0,1,2,1,2,6,,pending
bank_manual_step_log.csv,txn_0000029,bank,bank_manual,DOC_REVIEW,verification,2026-01-05T13:34:28,1767620068.0,1781.8,True,False,False,1,0,1,2,1,2,6,,pending
bank_manual_step_log.csv,txn_0000029,bank,bank_manual,COMPLIANCE_SCREENING,verification,2026-01-05T13:35:42,1767620142.0,1781.8,True,False,False,0,1,1,2,1,2,6,,pending
bank_manual_step_log.csv,txn_0000030,bank,bank_manual,DOC_REVIEW,verification,2026-01-05T13:40:30,1767620430.0,4927.23,True,False,False,1,0,1,2,1,2,6,,pending
bank_manual_step_log.csv,txn_0000028,bank,bank_manual,DOC_REVIEW,verification,2026-01-05T13:41:11,1767620471.0,2838.7,True,False,False,1,0,1,2,1,2,6,,pending
bank_manual_step_log.csv,txn_0000015,bank,bank_manual,MANUAL_REVIEW,verification,2026-01-05T13:44:14,1767620654.0,5504.55,True,True,False,1,0,1,2,2,2,7,,pending
bank_manual_step_log.csv,txn_0000028,bank,bank_manual,COMPLIANCE_SCREENING,verification,2026-01-05T13:45:15,1767620715.0,2838.7,True,False,False,0,1,1,2,1,2,6,,pending
bank_manual_step_log.csv,txn_0000030,bank,bank_manual,COMPLIANCE_SCREENING,verification,2026-01-05T13:48:40,1767620920.0,4927.23,True,False,False,0,1,1,2,1,2,6,,pending
bank_manual_step_log.csv,txn_0000032,bank,bank_manual,DOC_REVIEW,verification,2026-01-05T14:04:27,1767621867.0,2856.18,True,False,False,1,0,1,2,1,2,6,,pending
bank_manual_step_log.csv,txn_0000032,bank,bank_manual,COMPLIANCE_SCREENING,verification,2026-01-05T14:04:27,1767621867.0,2856.18,True,False,False,0,1,1,2,1,2,6,,pending
bank_manual_step_log.csv,txn_0000031,bank,bank_manual,DOC_REVIEW,verification,2026-01-05T14:04:29,1767621869.0,19605.15,True,False,False,1,0,1,2,1,2,6,,pending
bank_manual_step_log.csv,txn_0000031,bank,bank_manual,COMPLIANCE_SCREENING,verification,2026-01-05T14:12:56,1767622376.0,19605.15,True,False,False,0,1,1,2,1,2,6,,pending
bank_manual_step_log.csv,txn_0000033,bank,bank_manual,DOC_REVIEW,verification,2026-01-05T14:14:27,1767622467.0,48582.7,True,False,False,1,0,1,2,1,2,6,,pending
bank_manual_step_log.csv,txn_0000033,bank,bank_manual,COMPLIANCE_SCREENING,verification,2026-01-05T14:22:52,1767622972.0,48582.7,True,False,False,0,1,1,2,1,2,6,,pending
bank_manual_step_log.csv,txn_0000031,bank,bank_manual,DUAL_APPROVAL,approval,2026-01-05T14:24:40,1767623080.0,19605.15,True,False,False,1,0,1,2,1,2,6,,pending
bank_manual_step_log.csv,txn_0000034,bank,bank_manual,DOC_REVIEW,verification,2026-01-05T14:29:10,1767623350.0,476.77,True,False,False,1,0,1,2,1,2,6,,pending
bank_manual_step_log.csv,txn_0000011,bank,bank_manual,CONDITION_VERIFIED:DELIVERY_CONFIRMED,attestation,2026-01-05T14:31:36,1767623496.0,2079.8,True,False,False,1,0,1,2,1,2,6,,pending
bank_manual_step_log.csv,txn_0000034,bank,bank_manual,COMPLIANCE_SCREENING,verification,2026-01-05T14:34:53,1767623693.0,476.77,True,False,False,0,1,1,2,1,2,6,,pending
bank_manual_step_log.csv,txn_0000035,bank,bank_manual,DOC_REVIEW,verification,2026-01-05T14:44:26,1767624266.0,5613.49,True,False,False,1,0,1,2,1,2,6,,pending
bank_manual_step_log.csv,txn_0000035,bank,bank_manual,COMPLIANCE_SCREENING,verification,2026-01-05T14:45:40,1767624340.0,5613.49,True,False,False,0,1,1,2,1,2,6,,pending
bank_manual_step_log.csv,txn_0000036,bank,bank_manual,DOC_REVIEW,verification,2026-01-05T14:57:52,1767625072.0,1086.8,True,False,False,1,0,1,2,1,2,6,,pending
bank_manual_step_log.csv,txn_0000036,bank,bank_manual,COMPLIANCE_SCREENING,verification,2026-01-05T15:00:58,1767625258.0,1086.8,True,False,False,0,1,1,2,1,2,6,,pending
bank_manual_step_log.csv,txn_0000037,bank,bank_manual,DOC_REVIEW,verification,2026-01-05T15:07:09,1767625629.0,632.69,True,False,False,1,0,1,2,1,2,6,,pending
bank_manual_step_log.csv,txn_0000025,bank,bank_manual,CONDITION_VERIFIED:INVOICE_APPROVED,attestation,2026-01-05T15:17:23,1767626243.0,229.27,True,False,False,1,0,1,2,1,2,6,,pending
bank_manual_step_log.csv,txn_0000038,bank,bank_manual,DOC_REVIEW,verification,2026-01-05T15:25:37,1767626737.0,1999.76,True,False,False,1,0,1,2,1,2,6,,pending
bank_manual_step_log.csv,txn_0000037,bank,bank_manual,COMPLIANCE_SCREENING,verification,2026-01-05T15:28:28,1767626908.0,632.69,True,False,False,0,1,1,2,1,2,6,,pending
bank_manual_step_log.csv,txn_0000038,bank,bank_manual,COMPLIANCE_SCREENING,verification,2026-01-05T15:28:32,1767626912.0,1999.76,True,False,False,0,1,1,2,1,2,6,,pending
bank_manual_step_log.csv,txn_0000039,bank,bank_manual,DOC_REVIEW,verification,2026-01-05T15:34:45,1767627285.0,295.93,True,False,False,1,0,1,2,1,2,6,,pending
bank_manual_step_log.csv,txn_0000039,bank,bank_manual,COMPLIANCE_SCREENING,verification,2026-01-05T15:35:45,1767627345.0,295.93,True,False,False,0,1,1,2,1,2,6,,pending
bank_manual_step_log.csv,txn_0000040,bank,bank_manual,DOC_REVIEW,verification,2026-01-05T15:41:39,1767627699.0,20172.14,True,False,False,1,0,1,2,1,2,6,,pending
bank_manual_step_log.csv,txn_0000041,bank,bank_manual,DOC_REVIEW,verification,2026-01-05T15:44:15,1767627855.0,2846.36,True,False,False,1,0,1,2,1,2,6,,pending
bank_manual_step_log.csv,txn_0000041,bank,bank_manual,COMPLIANCE_SCREENING,verification,2026-01-05T15:44:32,1767627872.0,2846.36,True,False,False,0,1,1,2,1,2,6,,pending
bank_manual_step_log.csv,txn_0000040,bank,bank_manual,COMPLIANCE_SCREENING,verification,2026-01-05T15:51:05,1767628265.0,20172.14,True,False,False,0,1,1,2,1,2,6,,pending
bank_manual_step_log.csv,txn_0000042,bank,bank_manual,DOC_REVIEW,verification,2026-01-05T15:51:53,1767628313.0,4999.27,True,False,False,1,0,1,2,1,2,6,,pending
bank_manual_step_log.csv,txn_0000042,bank,bank_manual,COMPLIANCE_SCREENING,verification,2026-01-05T15:55:16,1767628516.0,4999.27,True,False,False,0,1,1,2,1,2,6,,pending
bank_manual_step_log.csv,txn_0000003,bank,bank_manual,CONDITION_VERIFIED:INVOICE_APPROVED,attestation,2026-01-05T16:01:10,1767628870.0,13079.94,True,False,False,1,0,1,2,1,2,6,,pending
bank_manual_step_log.csv,txn_0000044,bank,bank_manual,DOC_REVIEW,verification,2026-01-05T16:06:23,1767629183.0,27607.37,True,False,False,1,0,1,2,1,2,6,,pending
bank_manual_step_log.csv,txn_0000044,bank,bank_manual,COMPLIANCE_SCREENING,verification,2026-01-05T16:06:48,1767629208.0,27607.37,True,False,False,0,1,1,2,1,2,6,,pending
bank_manual_step_log.csv,txn_0000045,bank,bank_manual,DOC_REVIEW,verification,2026-01-05T16:21:04,1767630064.0,932.14,True,False,False,1,0,1,2,1,2,6,,pending
bank_manual_step_log.csv,txn_0000043,bank,bank_manual,DOC_REVIEW,verification,2026-01-05T16:22:26,1767630146.0,7796.83,True,False,False,1,0,1,2,1,2,6,,pending
bank_manual_step_log.csv,txn_0000045,bank,bank_manual,COMPLIANCE_SCREENING,verification,2026-01-05T16:26:17,1767630377.0,932.14,True,False,False,0,1,1,2,1,2,6,,pending
bank_manual_step_log.csv,txn_0000040,bank,bank_manual,DUAL_APPROVAL,approval,2026-01-05T16:29:09,1767630549.0,20172.14,True,False,False,1,0,1,2,1,2,6,,pending
bank_manual_step_log.csv,txn_0000044,bank,bank_manual,DUAL_APPROVAL,approval,2026-01-05T16:30:48,1767630648.0,27607.37,True,False,False,1,0,1,2,1,2,6,,pending
bank_manual_step_log.csv,txn_0000046,bank,bank_manual,DOC_REVIEW,verification,2026-01-05T16:34:19,1767630859.0,403.28,True,False,False,1,0,1,2,1,2,6,,pending
bank_manual_step_log.csv,txn_0000046,bank,bank_manual,COMPLIANCE_SCREENING,verification,2026-01-05T16:35:10,1767630910.0,403.28,True,False,False,0,1,1,2,1,2,6,,pending
bank_manual_step_log.csv,txn_0000043,bank,bank_manual,COMPLIANCE_SCREENING,verification,2026-01-05T16:39:01,1767631141.0,7796.83,True,False,False,0,1,1,2,1,2,6,,pending
bank_manual_step_log.csv,txn_0000048,bank,bank_manual,DOC_REVIEW,verification,2026-01-05T16:40:23,1767631223.0,13034.52,True,False,False,1,0,1,2,1,2,6,,pending
bank_manual_step_log.csv,txn_0000048,bank,bank_manual,COMPLIANCE_SCREENING,verification,2026-01-05T16:42:44,1767631364.0,13034.52,True,False,False,0,1,1,2,1,2,6,,pending
bank_manual_step_log.csv,txn_0000033,bank,bank_manual,MANUAL_REVIEW,verification,2026-01-05T16:50:21,1767631821.0,48582.7,True,True,False,1,0,1,2,2,2,7,,pending
bank_manual_step_log.csv,txn_0000048,bank,bank_manual,DUAL_APPROVAL,approval,2026-01-05T16:54:15,1767632055.0,13034.52,True,False,False,1,0,1,2,1,2,6,,pending
bank_manual_step_log.csv,txn_0000047,bank,bank_manual,DOC_REVIEW,verification,2026-01-05T16:56:16,1767632176.0,6099.56,True,False,False,1,0,1,2,1,2,6,,pending
bank_manual_step_log.csv,txn_0000049,bank,bank_manual,DOC_REVIEW,verification,2026-01-06T09:02:46,1767690166.0,853.03,True,False,False,1,0,1,2,1,2,6,,pending
bank_manual_step_log.csv,txn_0000047,bank,bank_manual,COMPLIANCE_SCREENING,verification,2026-01-06T09:10:10,1767690610.0,6099.56,True,False,False,0,1,1,2,1,2,6,,pending
bank_manual_step_log.csv,txn_0000047,bank,bank_manual,EXCEPTION_HOLD,exception,2026-01-06T09:10:10,1767690610.0,6099.56,True,True,True,1,0,1,3,2,2,8,,unresolved
bank_manual_step_log.csv,txn_0000049,bank,bank_manual,COMPLIANCE_SCREENING,verification,2026-01-06T09:10:20,1767690620.0,853.03,True,False,False,0,1,1,2,1,2,6,,pending
bank_manual_step_log.csv,txn_0000050,bank,bank_manual,DOC_REVIEW,verification,2026-01-06T09:21:14,1767691274.0,9395.76,True,False,False,1,0,1,2,1,2,6,,pending
bank_manual_step_log.csv,txn_0000050,bank,bank_manual,COMPLIANCE_SCREENING,verification,2026-01-06T09:21:28,1767691288.0,9395.76,True,False,False,0,1,1,2,1,2,6,,pending
bank_manual_step_log.csv,txn_0000052,bank,bank_manual,DOC_REVIEW,verification,2026-01-06T09:22:46,1767691366.0,1005.79,True,False,False,1,0,1,2,1,2,6,,pending
bank_manual_step_log.csv,txn_0000052,bank,bank_manual,COMPLIANCE_SCREENING,verification,2026-01-06T09:28:54,1767691734.0,1005.79,True,False,False,0,1,1,2,1,2,6,,pending
bank_manual_step_log.csv,txn_0000033,bank,bank_manual,DUAL_APPROVAL,approval,2026-01-06T09:30:19,1767691819.0,48582.7,True,False,False,1,0,1,2,1,2,6,,pending
bank_manual_step_log.csv,txn_0000031,bank,bank_manual,CONDITION_VERIFIED:DELIVERY_CONFIRMED,attestation,2026-01-06T09:32:48,1767691968.0,19605.15,True,False,False,1,0,1,2,1,2,6,,pending
bank_manual_step_log.csv,txn_0000018,bank,bank_manual,CONDITION_VERIFIED:DELIVERY_CONFIRMED,attestation,2026-01-06T09:33:07,1767691987.0,7008.94,True,False,False,1,0,1,2,1,2,6,,pending
bank_manual_step_log.csv,txn_0000051,bank,bank_manual,DOC_REVIEW,verification,2026-01-06T09:39:04,1767692344.0,5042.46,True,False,False,1,0,1,2,1,2,6,,pending
bank_manual_step_log.csv,txn_0000051,bank,bank_manual,COMPLIANCE_SCREENING,verification,2026-01-06T09:39:44,1767692384.0,5042.46,True,False,False,0,1,1,2,1,2,6,,pending
bank_manual_step_log.csv,txn_0000053,bank,bank_manual,DOC_REVIEW,verification,2026-01-06T09:47:36,1767692856.0,7637.88,True,False,False,1,0,1,2,1,2,6,,pending
bank_manual_step_log.csv,txn_0000053,bank,bank_manual,DISPUTE_RAISED,exception,2026-01-06T09:47:36,1767692856.0,7637.88,True,True,True,1,0,1,3,2,2,8,,disputed
bank_manual_step_log.csv,txn_0000054,bank,bank_manual,DOC_REVIEW,verification,2026-01-06T09:51:25,1767693085.0,2149.56,True,False,False,1,0,1,2,1,2,6,,pending
bank_manual_step_log.csv,txn_0000032,bank,bank_manual,MANUAL_REVIEW,verification,2026-01-06T09:51:41,1767693101.0,2856.18,True,True,False,1,0,1,2,2,2,7,,pending
bank_manual_step_log.csv,txn_0000009,bank,bank_manual,CONDITION_VERIFIED:DELIVERY_CONFIRMED,attestation,2026-01-06T09:55:26,1767693326.0,871.83,True,False,False,1,0,1,2,1,2,6,,pending
bank_manual_step_log.csv,txn_0000054,bank,bank_manual,COMPLIANCE_SCREENING,verification,2026-01-06T09:56:56,1767693416.0,2149.56,True,False,False,0,1,1,2,1,2,6,,pending
bank_manual_step_log.csv,txn_0000020,bank,bank_manual,CONDITION_VERIFIED:SERVICE_COMPLETED,attestation,2026-01-06T10:02:37,1767693757.0,811.87,True,False,False,1,0,1,2,1,2,6,,pending
bank_manual_step_log.csv,txn_0000015,bank,bank_manual,CONDITION_VERIFIED:DELIVERY_CONFIRMED,attestation,2026-01-06T10:02:37,1767693757.0,5504.55,True,False,False,1,0,1,2,1,2,6,,pending
bank_manual_step_log.csv,txn_0000055,bank,bank_manual,DOC_REVIEW,verification,2026-01-06T10:02:58,1767693778.0,1141.03,True,False,False,1,0,1,2,1,2,6,,pending
bank_manual_step_log.csv,txn_0000055,bank,bank_manual,COMPLIANCE_SCREENING,verification,2026-01-06T10:03:47,1767693827.0,1141.03,True,False,False,0,1,1,2,1,2,6,,pending
bank_manual_step_log.csv,txn_0000057,bank,bank_manual,DOC_REVIEW,verification,2026-01-06T10:08:08,1767694088.0,1393.4,True,False,False,1,0,1,2,1,2,6,,pending
bank_manual_step_log.csv,txn_0000057,bank,bank_manual,COMPLIANCE_SCREENING,verification,2026-01-06T10:08:38,1767694118.0,1393.4,True,False,False,0,1,1,2,1,2,6,,pending
bank_manual_step_log.csv,txn_0000056,bank,bank_manual,DOC_REVIEW,verification,2026-01-06T10:18:52,1767694732.0,992.57,True,False,False,1,0,1,2,1,2,6,,pending
bank_manual_step_log.csv,txn_0000056,bank,bank_manual,COMPLIANCE_SCREENING,verification,2026-01-06T10:22:44,1767694964.0,992.57,True,False,False,0,1,1,2,1,2,6,,pending
bank_manual_step_log.csv,txn_0000011,bank,bank_manual,CONDITION_VERIFIED:INSPECTION_PASSED,attestation,2026-01-06T10:29:27,1767695367.0,2079.8,True,False,False,1,0,1,2,1,2,6,,pending
bank_manual_step_log.csv,txn_0000058,bank,bank_manual,DOC_REVIEW,verification,2026-01-06T10:35:49,1767695749.0,4852.33,True,False,False,1,0,1,2,1,2,6,,pending
bank_manual_step_log.csv,txn_0000060,bank,bank_manual,DOC_REVIEW,verification,2026-01-06T10:46:26,1767696386.0,5544.5,True,False,False,1,0,1,2,1,2,6,,pending
bank_manual_step_log.csv,txn_0000058,bank,bank_manual,COMPLIANCE_SCREENING,verification,2026-01-06T10:46:44,1767696404.0,4852.33,True,False,False,0,1,1,2,1,2,6,,pending
bank_manual_step_log.csv,txn_0000059,bank,bank_manual,DOC_REVIEW,verification,2026-01-06T10:49:50,1767696590.0,217.65,True,False,False,1,0,1,2,1,2,6,,pending
bank_manual_step_log.csv,txn_0000059,bank,bank_manual,COMPLIANCE_SCREENING,verification,2026-01-06T10:51:16,1767696676.0,217.65,True,False,False,0,1,1,2,1,2,6,,pending
bank_manual_step_log.csv,txn_0000060,bank,bank_manual,COMPLIANCE_SCREENING,verification,2026-01-06T10:51:29,1767696689.0,5544.5,True,False,False,0,1,1,2,1,2,6,,pending
bank_manual_step_log.csv,txn_0000061,bank,bank_manual,DOC_REVIEW,verification,2026-01-06T10:56:56,1767697016.0,14006.55,True,False,False,1,0,1,2,1,2,6,,pending
bank_manual_step_log.csv,txn_0000062,bank,bank_manual,DOC_REVIEW,verification,2026-01-06T11:08:36,1767697716.0,1528.37,True,False,False,1,0,1,2,1,2,6,,pending
bank_manual_step_log.csv,txn_0000062,bank,bank_manual,COMPLIANCE_SCREENING,verification,2026-01-06T11:09:33,1767697773.0,1528.37,True,False,False,0,1,1,2,1,2,6,,pending
bank_manual_step_log.csv,txn_0000064,bank,bank_manual,DOC_REVIEW,verification,2026-01-06T11:14:08,1767698048.0,1766.43,True,False,False,1,0,1,2,1,2,6,,pending
bank_manual_step_log.csv,txn_0000063,bank,bank_manual,DOC_REVIEW,verification,2026-01-06T11:14:19,1767698059.0,10424.19,True,False,False,1,0,1,2,1,2,6,,pending
bank_manual_step_log.csv,txn_0000063,bank,bank_manual,COMPLIANCE_SCREENING,verification,2026-01-06T11:15:01,1767698101.0,10424.19,True,False,False,0,1,1,2,1,2,6,,pending
bank_manual_step_log.csv,txn_0000061,bank,bank_manual,COMPLIANCE_SCREENING,verification,2026-01-06T11:19:07,1767698347.0,14006.55,True,False,False,0,1,1,2,1,2,6,,pending
bank_manual_step_log.csv,txn_0000064,bank,bank_manual,COMPLIANCE_SCREENING,verification,2026-01-06T11:22:36,1767698556.0,1766.43,True,False,False,0,1,1,2,1,2,6,,pending
bank_manual_step_log.csv,txn_0000065,bank,bank_manual,DOC_REVIEW,verification,2026-01-06T11:31:33,1767699093.0,15744.3,True,False,False,1,0,1,2,1,2,6,,pending
bank_manual_step_log.csv,txn_0000065,bank,bank_manual,COMPLIANCE_SCREENING,verification,2026-01-06T11:32:59,1767699179.0,15744.3,True,False,False,0,1,1,2,1,2,6,,pending
bank_manual_step_log.csv,txn_0000066,bank,bank_manual,DOC_REVIEW,verification,2026-01-06T11:40:13,1767699613.0,2224.59,True,False,False,1,0,1,2,1,2,6,,pending
bank_manual_step_log.csv,txn_0000066,bank,bank_manual,COMPLIANCE_SCREENING,verification,2026-01-06T11:40:48,1767699648.0,2224.59,True,False,False,0,1,1,2,1,2,6,,pending
bank_manual_step_log.csv,txn_0000063,bank,bank_manual,DUAL_APPROVAL,approval,2026-01-06T11:43:22,1767699802.0,10424.19,True,False,False,1,0,1,2,1,2,6,,pending
bank_manual_step_log.csv,txn_0000061,bank,bank_manual,DUAL_APPROVAL,approval,2026-01-06T11:48:45,1767700125.0,14006.55,True,False,False,1,0,1,2,1,2,6,,pending
bank_manual_step_log.csv,txn_0000067,bank,bank_manual,DOC_REVIEW,verification,2026-01-06T11:54:20,1767700460.0,39806.79,True,False,False,1,0,1,2,1,2,6,,pending
bank_manual_step_log.csv,txn_0000067,bank,bank_manual,COMPLIANCE_SCREENING,verification,2026-01-06T11:55:15,1767700515.0,39806.79,True,False,False,0,1,1,2,1,2,6,,pending
bank_manual_step_log.csv,txn_0000069,bank,bank_manual,DOC_REVIEW,verification,2026-01-06T11:58:41,1767700721.0,16656.35,True,False,False,1,0,1,2,1,2,6,,pending
bank_manual_step_log.csv,txn_0000068,bank,bank_manual,DOC_REVIEW,verification,2026-01-06T12:06:27,1767701187.0,324.9,True,False,False,1,0,1,2,1,2,6,,pending
bank_manual_step_log.csv,txn_0000068,bank,bank_manual,COMPLIANCE_SCREENING,verification,2026-01-06T12:06:51,1767701211.0,324.9,True,False,False,0,1,1,2,1,2,6,,pending
bank_manual_step_log.csv,txn_0000069,bank,bank_manual,COMPLIANCE_SCREENING,verification,2026-01-06T12:08:07,1767701287.0,16656.35,True,False,False,0,1,1,2,1,2,6,,pending
bank_manual_step_log.csv,txn_0000065,bank,bank_manual,DUAL_APPROVAL,approval,2026-01-06T12:11:30,1767701490.0,15744.3,True,False,False,1,0,1,2,1,2,6,,pending
bank_manual_step_log.csv,txn_0000067,bank,bank_manual,DUAL_APPROVAL,approval,2026-01-06T12:19:54,1767701994.0,39806.79,True,False,False,1,0,1,2,1,2,6,,pending
bank_manual_step_log.csv,txn_0000010,bank,bank_manual,CONDITION_VERIFIED:SERVICE_COMPLETED,attestation,2026-01-06T12:24:57,1767702297.0,6172.52,True,False,False,1,0,1,2,1,2,6,,pending
bank_manual_step_log.csv,txn_0000070,bank,bank_manual,DOC_REVIEW,verification,2026-01-06T12:28:22,1767702502.0,6946.45,True,False,False,1,0,1,2,1,2,6,,pending
bank_manual_step_log.csv,txn_0000069,bank,bank_manual,DUAL_APPROVAL,approval,2026-01-06T12:29:22,1767702562.0,16656.35,True,False,False,1,0,1,2,1,2,6,,pending
bank_manual_step_log.csv,txn_0000070,bank,bank_manual,COMPLIANCE_SCREENING,verification,2026-01-06T12:30:36,1767702636.0,6946.45,True,False,False,0,1,1,2,1,2,6,,pending
bank_manual_step_log.csv,txn_0000072,bank,bank_manual,DOC_REVIEW,verification,2026-01-06T12:34:10,1767702850.0,847.15,True,False,False,1,0,1,2,1,2,6,,pending
bank_manual_step_log.csv,txn_0000072,bank,bank_manual,COMPLIANCE_SCREENING,verification,2026-01-06T12:37:19,1767703039.0,847.15,True,False,False,0,1,1,2,1,2,6,,pending
bank_manual_step_log.csv,txn_0000071,bank,bank_manual,DOC_REVIEW,verification,2026-01-06T12:39:04,1767703144.0,3789.63,True,False,False,1,0,1,2,1,2,6,,pending
bank_manual_step_log.csv,txn_0000071,bank,bank_manual,COMPLIANCE_SCREENING,verification,2026-01-06T12:39:37,1767703177.0,3789.63,True,False,False,0,1,1,2,1,2,6,,pending
bank_manual_step_log.csv,txn_0000073,bank,bank_manual,DOC_REVIEW,verification,2026-01-06T12:43:39,1767703419.0,7898.0,True,False,False,1,0,1,2,1,2,6,,pending
bank_manual_step_log.csv,txn_0000003,bank,bank_manual,CONDITION_VERIFIED:DELIVERY_CONFIRMED,attestation,2026-01-06T12:51:07,1767703867.0,13079.94,True,False,False,1,0,1,2,1,2,6,,pending
bank_manual_step_log.csv,txn_0000073,bank,bank_manual,COMPLIANCE_SCREENING,verification,2026-01-06T12:51:32,1767703892.0,7898.0,True,False,False,0,1,1,2,1,2,6,,pending
bank_manual_step_log.csv,txn_0000041,bank,bank_manual,CONDITION_VERIFIED:INVOICE_APPROVED,attestation,2026-01-06T12:54:30,1767704070.0,2846.36,True,False,False,1,0,1,2,1,2,6,,pending
bank_manual_step_log.csv,txn_0000001,bank,bank_manual,CONDITION_VERIFIED:DELIVERY_CONFIRMED,attestation,2026-01-06T12:54:35,1767704075.0,1447.39,True,False,False,1,0,1,2,1,2,6,,pending
bank_manual_step_log.csv,txn_0000039,bank,bank_manual,CONDITION_VERIFIED:INVOICE_APPROVED,attestation,2026-01-06T12:58:04,1767704284.0,295.93,True,False,False,1,0,1,2,1,2,6,,pending
bank_manual_step_log.csv,txn_0000075,bank,bank_manual,DOC_REVIEW,verification,2026-01-06T13:03:19,1767704599.0,28961.66,True,False,False,1,0,1,2,1,2,6,,pending
bank_manual_step_log.csv,txn_0000075,bank,bank_manual,COMPLIANCE_SCREENING,verification,2026-01-06T13:11:56,1767705116.0,28961.66,True,False,False,0,1,1,2,1,2,6,,pending
bank_manual_step_log.csv,txn_0000074,bank,bank_manual,DOC_REVIEW,verification,2026-01-06T13:14:12,1767705252.0,1940.41,True,False,False,1,0,1,2,1,2,6,,pending
bank_manual_step_log.csv,txn_0000074,bank,bank_manual,COMPLIANCE_SCREENING,verification,2026-01-06T13:14:52,1767705292.0,1940.41,True,False,False,0,1,1,2,1,2,6,,pending
bank_manual_step_log.csv,txn_0000015,bank,bank_manual,CONDITION_VERIFIED:INSPECTION_PASSED,attestation,2026-01-06T13:19:55,1767705595.0,5504.55,True,False,False,1,0,1,2,1,2,6,,pending
bank_manual_step_log.csv,txn_0000036,bank,bank_manual,CONDITION_VERIFIED:MILESTONE_REACHED,attestation,2026-01-06T13:32:48,1767706368.0,1086.8,True,False,False,1,0,1,2,1,2,6,,pending
bank_manual_step_log.csv,txn_0000075,bank,bank_manual,DUAL_APPROVAL,approval,2026-01-06T13:40:33,1767706833.0,28961.66,True,False,False,1,0,1,2,1,2,6,,pending
bank_manual_step_log.csv,txn_0000044,bank,bank_manual,CONDITION_VERIFIED:MILESTONE_REACHED,attestation,2026-01-06T14:09:40,1767708580.0,27607.37,True,False,False,1,0,1,2,1,2,6,,pending
bank_manual_step_log.csv,txn_0000054,bank,bank_manual,CONDITION_VERIFIED:INVOICE_APPROVED,attestation,2026-01-06T14:19:10,1767709150.0,2149.56,True,False,False,1,0,1,2,1,2,6,,pending
bank_manual_step_log.csv,txn_0000068,bank,bank_manual,CONDITION_VERIFIED:MILESTONE_REACHED,attestation,2026-01-06T14:19:49,1767709189.0,324.9,True,False,False,1,0,1,2,1,2,6,,pending
bank_manual_step_log.csv,txn_0000066,bank,bank_manual,MANUAL_REVIEW,verification,2026-01-06T14:20:23,1767709223.0,2224.59,True,True,False,1,0,1,2,2,2,7,,pending
bank_manual_step_log.csv,txn_0000037,bank,bank_manual,CONDITION_VERIFIED:DELIVERY_CONFIRMED,attestation,2026-01-06T14:22:27,1767709347.0,632.69,True,False,False,1,0,1,2,1,2,6,,pending
bank_manual_step_log.csv,txn_0000013,bank,bank_manual,CONDITION_VERIFIED:DELIVERY_CONFIRMED,attestation,2026-01-06T14:35:25,1767710125.0,40706.02,True,False,False,1,0,1,2,1,2,6,,pending
bank_manual_step_log.csv,txn_0000046,bank,bank_manual,CONDITION_VERIFIED:DELIVERY_CONFIRMED,attestation,2026-01-06T14:39:08,1767710348.0,403.28,True,False,False,1,0,1,2,1,2,6,,pending
bank_manual_step_log.csv,txn_0000064,bank,bank_manual,MANUAL_REVIEW,verification,2026-01-06T14:49:40,1767710980.0,1766.43,True,True,False,1,0,1,2,2,2,7,,pending
bank_manual_step_log.csv,txn_0000050,bank,bank_manual,CONDITION_VERIFIED:DELIVERY_CONFIRMED,attestation,2026-01-06T15:14:14,1767712454.0,9395.76,True,False,False,1,0,1,2,1,2,6,,pending
bank_manual_step_log.csv,txn_0000030,bank,bank_manual,CONDITION_VERIFIED:INVOICE_APPROVED,attestation,2026-01-06T15:24:10,1767713050.0,4927.23,True,False,False,1,0,1,2,1,2,6,,pending
bank_manual_step_log.csv,txn_0000006,bank,bank_manual,CONDITION_VERIFIED:INVOICE_APPROVED,attestation,2026-01-06T15:24:43,1767713083.0,7047.3,True,False,False,1,0,1,2,1,2,6,,pending
bank_manual_step_log.csv,txn_0000028,bank,bank_manual,CONDITION_VERIFIED:INVOICE_APPROVED,attestation,2026-01-06T15:28:20,1767713300.0,2838.7,True,False,False,1,0,1,2,1,2,6,,pending
bank_manual_step_log.csv,txn_0000055,bank,bank_manual,CONDITION_VERIFIED:DELIVERY_CONFIRMED,attestation,2026-01-06T15:31:21,1767713481.0,1141.03,True,False,False,1,0,1,2,1,2,6,,pending
bank_manual_step_log.csv,txn_0000025,bank,bank_manual,CONDITION_VERIFIED:DELIVERY_CONFIRMED,attestation,2026-01-06T15:35:23,1767713723.0,229.27,True,False,False,1,0,1,2,1,2,6,,pending
bank_manual_step_log.csv,txn_0000007,bank,bank_manual,CONDITION_VERIFIED:DELIVERY_CONFIRMED,attestation,2026-01-06T15:41:40,1767714100.0,2377.83,True,False,False,1,0,1,2,1,2,6,,pending
bank_manual_step_log.csv,txn_0000069,bank,bank_manual,CONDITION_VERIFIED:INVOICE_APPROVED,attestation,2026-01-06T15:42:34,1767714154.0,16656.35,True,False,False,1,0,1,2,1,2,6,,pending
bank_manual_step_log.csv,txn_0000002,bank,bank_manual,CONDITION_VERIFIED:MILESTONE_REACHED,attestation,2026-01-06T16:00:21,1767715221.0,1897.53,True,False,False,1,0,1,2,1,2,6,,pending
bank_manual_step_log.csv,txn_0000034,bank,bank_manual,CONDITION_VERIFIED:DELIVERY_CONFIRMED,attestation,2026-01-06T16:26:44,1767716804.0,476.77,True,False,False,1,0,1,2,1,2,6,,pending
bank_manual_step_log.csv,txn_0000001,bank,bank_manual,CONDITION_VERIFIED:INSPECTION_PASSED,attestation,2026-01-06T16:30:55,1767717055.0,1447.39,True,False,False,1,0,1,2,1,2,6,,pending
bank_manual_step_log.csv,txn_0000054,bank,bank_manual,CONDITION_VERIFIED:DELIVERY_CONFIRMED,attestation,2026-01-06T16:49:59,1767718199.0,2149.56,True,False,False,1,0,1,2,1,2,6,,pending
bank_manual_step_log.csv,txn_0000072,bank,bank_manual,CONDITION_VERIFIED:DELIVERY_CONFIRMED,attestation,2026-01-06T16:51:43,1767718303.0,847.15,True,False,False,1,0,1,2,1,2,6,,pending
bank_manual_step_log.csv,txn_0000008,bank,bank_manual,CONDITION_VERIFIED:MILESTONE_REACHED,attestation,2026-01-06T16:53:13,1767718393.0,9252.65,True,False,False,1,0,1,2,1,2,6,,pending
bank_manual_step_log.csv,txn_0000049,bank,bank_manual,CONDITION_VERIFIED:DELIVERY_CONFIRMED,attestation,2026-01-06T16:57:12,1767718632.0,853.03,True,False,False,1,0,1,2,1,2,6,,pending
bank_manual_step_log.csv,txn_0000004,bank,bank_manual,CONDITION_VERIFIED:DELIVERY_CONFIRMED,attestation,2026-01-07T09:31:05,1767778265.0,823.86,True,False,False,1,0,1,2,1,2,6,,pending
bank_manual_step_log.csv,txn_0000063,bank,bank_manual,CONDITION_VERIFIED:SERVICE_COMPLETED,attestation,2026-01-07T09:42:08,1767778928.0,10424.19,True,False,False,1,0,1,2,1,2,6,,pending
bank_manual_step_log.csv,txn_0000021,bank,bank_manual,CONDITION_VERIFIED:INVOICE_APPROVED,attestation,2026-01-07T09:53:33,1767779613.0,658.08,True,False,False,1,0,1,2,1,2,6,,pending
bank_manual_step_log.csv,txn_0000073,bank,bank_manual,CONDITION_VERIFIED:MILESTONE_REACHED,attestation,2026-01-07T09:58:00,1767779880.0,7898.0,True,False,False,1,0,1,2,1,2,6,,pending
bank_manual_step_log.csv,txn_0000011,bank,bank_manual,LEDGER_SETTLED:ACH,settlement,2026-01-07T10:29:27,1767781767.0,2079.8,False,False,False,0,0,1,3,1,1,6,,completed
bank_manual_step_log.csv,txn_0000041,bank,bank_manual,CONDITION_VERIFIED:DELIVERY_CONFIRMED,attestation,2026-01-07T10:34:06,1767782046.0,2846.36,True,False,False,1,0,1,2,1,2,6,,pending
bank_manual_step_log.csv,txn_0000012,bank,bank_manual,CONDITION_VERIFIED:INVOICE_APPROVED,attestation,2026-01-07T10:34:42,1767782082.0,2957.64,True,False,False,1,0,1,2,1,2,6,,pending
bank_manual_step_log.csv,txn_0000006,bank,bank_manual,CONDITION_VERIFIED:DELIVERY_CONFIRMED,attestation,2026-01-07T11:05:32,1767783932.0,7047.3,True,False,False,1,0,1,2,1,2,6,,pending
bank_manual_step_log.csv,txn_0000009,bank,bank_manual,CONDITION_VERIFIED:INSPECTION_PASSED,attestation,2026-01-07T11:07:49,1767784069.0,871.83,True,False,False,1,0,1,2,1,2,6,,pending
bank_manual_step_log.csv,txn_0000049,bank,bank_manual,CONDITION_VERIFIED:INSPECTION_PASSED,attestation,2026-01-07T11:27:05,1767785225.0,853.03,True,False,False,1,0,1,2,1,2,6,,pending
bank_manual_step_log.csv,txn_0000031,bank,bank_manual,CONDITION_VERIFIED:INSPECTION_PASSED,attestation,2026-01-07T11:29:39,1767785379.0,19605.15,True,False,False,1,0,1,2,1,2,6,,pending
bank_manual_step_log.csv,txn_0000056,bank,bank_manual,CONDITION_VERIFIED:DELIVERY_CONFIRMED,attestation,2026-01-07T11:51:52,1767786712.0,992.57,True,False,False,1,0,1,2,1,2,6,,pending
bank_manual_step_log.csv,txn_0000005,bank,bank_manual,CONDITION_VERIFIED:INSPECTION_PASSED,attestation,2026-01-07T11:55:26,1767786926.0,2722.63,True,False,False,1,0,1,2,1,2,6,,pending
bank_manual_step_log.csv,txn_0000051,bank,bank_manual,CONDITION_VERIFIED:INVOICE_APPROVED,attestation,2026-01-07T11:56:15,1767786975.0,5042.46,True,False,False,1,0,1,2,1,2,6,,pending
bank_manual_step_log.csv,txn_0000059,bank,bank_manual,CONDITION_VERIFIED:INVOICE_APPROVED,attestation,2026-01-07T12:04:04,1767787444.0,217.65,True,False,False,1,0,1,2,1,2,6,,pending
bank_manual_step_log.csv,txn_0000032,bank,bank_manual,CONDITION_VERIFIED:INVOICE_APPROVED,attestation,2026-01-07T12:12:24,1767787944.0,2856.18,True,False,False,1,0,1,2,1,2,6,,pending
bank_manual_step_log.csv,txn_0000029,bank,bank_manual,CONDITION_VERIFIED:DELIVERY_CONFIRMED,attestation,2026-01-07T12:32:18,1767789138.0,1781.8,True,False,False,1,0,1,2,1,2,6,,pending
bank_manual_step_log.csv,txn_0000057,bank,bank_manual,CONDITION_VERIFIED:SERVICE_COMPLETED,attestation,2026-01-07T12:38:02,1767789482.0,1393.4,True,False,False,1,0,1,2,1,2,6,,pending
bank_manual_step_log.csv,txn_0000023,bank,bank_manual,CONDITION_VERIFIED:INVOICE_APPROVED,attestation,2026-01-07T12:42:49,1767789769.0,8477.58,True,False,False,1,0,1,2,1,2,6,,pending
bank_manual_step_log.csv,txn_0000027,bank,bank_manual,CONDITION_VERIFIED:DELIVERY_CONFIRMED,attestation,2026-01-07T12:44:08,1767789848.0,9999.19,True,False,False,1,0,1,2,1,2,6,,pending
bank_manual_step_log.csv,txn_0000003,bank,bank_manual,LEDGER_SETTLED:ACH,settlement,2026-01-07T12:51:07,1767790267.0,13079.94,False,False,False,0,0,1,3,1,1,6,,completed
bank_manual_step_log.csv,txn_0000007,bank,bank_manual,CONDITION_VERIFIED:INSPECTION_PASSED,attestation,2026-01-07T12:58:30,1767790710.0,2377.83,True,False,False,1,0,1,2,1,2,6,,pending
bank_manual_step_log.csv,txn_0000050,bank,bank_manual,CONDITION_VERIFIED:INSPECTION_PASSED,attestation,2026-01-07T13:08:21,1767791301.0,9395.76,True,False,False,1,0,1,2,1,2,6,,pending
bank_manual_step_log.csv,txn_0000066,bank,bank_manual,CONDITION_VERIFIED:INVOICE_APPROVED,attestation,2026-01-07T13:09:25,1767791365.0,2224.59,True,False,False,1,0,1,2,1,2,6,,pending
bank_manual_step_log.csv,txn_0000015,bank,bank_manual,LEDGER_SETTLED:ACH,settlement,2026-01-07T13:19:55,1767791995.0,5504.55,False,False,False,0,0,1,3,1,1,6,,completed
bank_manual_step_log.csv,txn_0000018,bank,bank_manual,CONDITION_VERIFIED:INSPECTION_PASSED,attestation,2026-01-07T13:46:35,1767793595.0,7008.94,True,False,False,1,0,1,2,1,2,6,,pending
bank_manual_step_log.csv,txn_0000035,bank,bank_manual,CONDITION_VERIFIED:MILESTONE_REACHED,attestation,2026-01-07T13:49:24,1767793764.0,5613.49,True,False,False,1,0,1,2,1,2,6,,pending
bank_manual_step_log.csv,txn_0000008,bank,bank_manual,CONDITION_VERIFIED:INSPECTION_PASSED,attestation,2026-01-07T14:14:24,1767795264.0,9252.65,True,False,False,1,0,1,2,1,2,6,,pending
bank_manual_step_log.csv,txn_0000058,bank,bank_manual,CONDITION_VERIFIED:SERVICE_COMPLETED,attestation,2026-01-07T14:20:57,1767795657.0,4852.33,True,False,False,1,0,1,2,1,2,6,,pending
bank_manual_step_log.csv,txn_0000004,bank,bank_manual,CONDITION_VERIFIED:INSPECTION_PASSED,attestation,2026-01-07T14:23:19,1767795799.0,823.86,True,False,False,1,0,1,2,1,2,6,,pending
bank_manual_step_log.csv,txn_0000040,bank,bank_manual,CONDITION_VERIFIED:INVOICE_APPROVED,attestation,2026-01-07T14:42:57,1767796977.0,20172.14,True,False,False,1,0,1,2,1,2,6,,pending
bank_manual_step_log.csv,txn_0000048,bank,bank_manual,CONDITION_VERIFIED:MILESTONE_REACHED,attestation,2026-01-07T14:46:31,1767797191.0,13034.52,True,False,False,1,0,1,2,1,2,6,,pending
bank_manual_step_log.csv,txn_0000034,bank,bank_manual,CONDITION_VERIFIED:INSPECTION_PASSED,attestation,2026-01-07T14:53:05,1767797585.0,476.77,True,False,False,1,0,1,2,1,2,6,,pending
bank_manual_step_log.csv,txn_0000065,bank,bank_manual,CONDITION_VERIFIED:INVOICE_APPROVED,attestation,2026-01-07T15:16:41,1767799001.0,15744.3,True,False,False,1,0,1,2,1,2,6,,pending
bank_manual_step_log.csv,txn_0000038,bank,bank_manual,CONDITION_VERIFIED:DELIVERY_CONFIRMED,attestation,2026-01-07T15:18:25,1767799105.0,1999.76,True,False,False,1,0,1,2,1,2,6,,pending
bank_manual_step_log.csv,txn_0000025,bank,bank_manual,LEDGER_SETTLED:ACH,settlement,2026-01-07T15:35:23,1767800123.0,229.27,False,False,False,0,0,1,3,1,1,6,,completed
bank_manual_step_log.csv,txn_0000043,bank,bank_manual,CONDITION_VERIFIED:INVOICE_APPROVED,attestation,2026-01-07T15:44:34,1767800674.0,7796.83,True,False,False,1,0,1,2,1,2,6,,pending
bank_manual_step_log.csv,txn_0000061,bank,bank_manual,CONDITION_VERIFIED:MILESTONE_REACHED,attestation,2026-01-07T16:01:32,1767801692.0,14006.55,True,False,False,1,0,1,2,1,2,6,,pending
bank_manual_step_log.csv,txn_0000057,bank,bank_manual,CONDITION_VERIFIED:INVOICE_APPROVED,attestation,2026-01-07T16:24:55,1767803095.0,1393.4,True,False,False,1,0,1,2,1,2,6,,pending
bank_manual_step_log.csv,txn_0000063,bank,bank_manual,CONDITION_VERIFIED:INVOICE_APPROVED,attestation,2026-01-07T16:27:52,1767803272.0,10424.19,True,False,False,1,0,1,2,1,2,6,,pending
bank_manual_step_log.csv,txn_0000001,bank,bank_manual,LEDGER_SETTLED:ACH,settlement,2026-01-07T16:30:55,1767803455.0,1447.39,False,False,False,0,0,1,3,1,1,6,,completed
bank_manual_step_log.csv,txn_0000002,bank,bank_manual,CONDITION_VERIFIED:INSPECTION_PASSED,attestation,2026-01-07T16:37:00,1767803820.0,1897.53,True,False,False,1,0,1,2,1,2,6,,pending
bank_manual_step_log.csv,txn_0000012,bank,bank_manual,CONDITION_VERIFIED:DELIVERY_CONFIRMED,attestation,2026-01-07T16:39:10,1767803950.0,2957.64,True,False,False,1,0,1,2,1,2,6,,pending
bank_manual_step_log.csv,txn_0000054,bank,bank_manual,LEDGER_SETTLED:ACH,settlement,2026-01-07T16:49:59,1767804599.0,2149.56,False,False,False,0,0,1,3,1,1,6,,completed
bank_manual_step_log.csv,txn_0000067,bank,bank_manual,CONDITION_VERIFIED:INVOICE_APPROVED,attestation,2026-01-07T16:52:32,1767804752.0,39806.79,True,False,False,1,0,1,2,1,2,6,,pending
bank_manual_step_log.csv,txn_0000052,bank,bank_manual,CONDITION_VERIFIED:MILESTONE_REACHED,attestation,2026-01-08T09:03:03,1767862983.0,1005.79,True,False,False,1,0,1,2,1,2,6,,pending
bank_manual_step_log.csv,txn_0000027,bank,bank_manual,CONDITION_VERIFIED:INSPECTION_PASSED,attestation,2026-01-08T09:24:08,1767864248.0,9999.19,True,False,False,1,0,1,2,1,2,6,,pending
bank_manual_step_log.csv,txn_0000033,bank,bank_manual,CONDITION_VERIFIED:MILESTONE_REACHED,attestation,2026-01-08T09:36:29,1767864989.0,48582.7,True,False,False,1,0,1,2,1,2,6,,pending
bank_manual_step_log.csv,txn_0000020,bank,bank_manual,CONDITION_VERIFIED:INVOICE_APPROVED,attestation,2026-01-08T09:39:40,1767865180.0,811.87,True,False,False,1,0,1,2,1,2,6,,pending
bank_manual_step_log.csv,txn_0000071,bank,bank_manual,CONDITION_VERIFIED:INVOICE_APPROVED,attestation,2026-01-08T09:58:21,1767866301.0,3789.63,True,False,False,1,0,1,2,1,2,6,,pending
bank_manual_step_log.csv,txn_0000058,bank,bank_manual,CONDITION_VERIFIED:INVOICE_APPROVED,attestation,2026-01-08T10:02:00,1767866520.0,4852.33,True,False,False,1,0,1,2,1,2,6,,pending
bank_manual_step_log.csv,txn_0000039,bank,bank_manual,CONDITION_VERIFIED:DELIVERY_CONFIRMED,attestation,2026-01-08T10:03:22,1767866602.0,295.93,True,False,False,1,0,1,2,1,2,6,,pending
bank_manual_step_log.csv,txn_0000041,bank,bank_manual,LEDGER_SETTLED:ACH,settlement,2026-01-08T10:34:06,1767868446.0,2846.36,False,False,False,0,0,1,3,1,1,6,,completed
bank_manual_step_log.csv,txn_0000068,bank,bank_manual,CONDITION_VERIFIED:INSPECTION_PASSED,attestation,2026-01-08T10:48:32,1767869312.0,324.9,True,False,False,1,0,1,2,1,2,6,,pending
bank_manual_step_log.csv,txn_0000060,bank,bank_manual,CONDITION_VERIFIED:DELIVERY_CONFIRMED,attestation,2026-01-08T11:00:11,1767870011.0,5544.5,True,False,False,1,0,1,2,1,2,6,,pending
bank_manual_step_log.csv,txn_0000006,bank,bank_manual,LEDGER_SETTLED:ACH,settlement,2026-01-08T11:05:32,1767870332.0,7047.3,False,False,False,0,0,1,3,1,1,6,,completed
bank_manual_step_log.csv,txn_0000009,bank,bank_manual,LEDGER_SETTLED:ACH,settlement,2026-01-08T11:07:49,1767870469.0,871.83,False,False,False,0,0,1,3,1,1,6,,completed
bank_manual_step_log.csv,txn_0000075,bank,bank_manual,CONDITION_VERIFIED:MILESTONE_REACHED,attestation,2026-01-08T11:11:36,1767870696.0,28961.66,True,False,False,1,0,1,2,1,2,6,,pending
bank_manual_step_log.csv,txn_0000070,bank,bank_manual,CONDITION_VERIFIED:MILESTONE_REACHED,attestation,2026-01-08T11:19:54,1767871194.0,6946.45,True,False,False,1,0,1,2,1,2,6,,pending
bank_manual_step_log.csv,txn_0000049,bank,bank_manual,LEDGER_SETTLED:ACH,settlement,2026-01-08T11:27:05,1767871625.0,853.03,False,False,False,0,0,1,3,1,1,6,,completed
bank_manual_step_log.csv,txn_0000031,bank,bank_manual,LEDGER_SETTLED:ACH,settlement,2026-01-08T11:29:39,1767871779.0,19605.15,False,False,False,0,0,1,3,1,1,6,,completed
bank_manual_step_log.csv,txn_0000074,bank,bank_manual,CONDITION_VERIFIED:INVOICE_APPROVED,attestation,2026-01-08T11:31:09,1767871869.0,1940.41,True,False,False,1,0,1,2,1,2,6,,pending
bank_manual_step_log.csv,txn_0000051,bank,bank_manual,CONDITION_VERIFIED:DELIVERY_CONFIRMED,attestation,2026-01-08T11:41:58,1767872518.0,5042.46,True,False,False,1,0,1,2,1,2,6,,pending
bank_manual_step_log.csv,txn_0000005,bank,bank_manual,LEDGER_SETTLED:ACH,settlement,2026-01-08T11:55:26,1767873326.0,2722.63,False,False,False,0,0,1,3,1,1,6,,completed
bank_manual_step_log.csv,txn_0000013,bank,bank_manual,CONDITION_VERIFIED:INSPECTION_PASSED,attestation,2026-01-08T11:59:17,1767873557.0,40706.02,True,False,False,1,0,1,2,1,2,6,,pending
bank_manual_step_log.csv,txn_0000071,bank,bank_manual,CONDITION_VERIFIED:DELIVERY_CONFIRMED,attestation,2026-01-08T12:09:47,1767874187.0,3789.63,True,False,False,1,0,1,2,1,2,6,,pending
bank_manual_step_log.csv,txn_0000030,bank,bank_manual,CONDITION_VERIFIED:DELIVERY_CONFIRMED,attestation,2026-01-08T12:35:34,1767875734.0,4927.23,True,False,False,1,0,1,2,1,2,6,,pending
bank_manual_step_log.csv,txn_0000044,bank,bank_manual,CONDITION_VERIFIED:INSPECTION_PASSED,attestation,2026-01-08T12:40:04,1767876004.0,27607.37,True,False,False,1,0,1,2,1,2,6,,pending
bank_manual_step_log.csv,txn_0000045,bank,bank_manual,CONDITION_VERIFIED:DELIVERY_CONFIRMED,attestation,2026-01-08T12:51:20,1767876680.0,932.14,True,False,False,1,0,1,2,1,2,6,,pending
bank_manual_step_log.csv,txn_0000046,bank,bank_manual,CONDITION_VERIFIED:INSPECTION_PASSED,attestation,2026-01-08T12:54:57,1767876897.0,403.28,True,False,False,1,0,1,2,1,2,6,,pending
bank_manual_step_log.csv,txn_0000007,bank,bank_manual,LEDGER_SETTLED:ACH,settlement,2026-01-08T12:58:30,1767877110.0,2377.83,False,False,False,0,0,1,3,1,1,6,,completed
bank_manual_step_log.csv,txn_0000050,bank,bank_manual,LEDGER_SETTLED:ACH,settlement,2026-01-08T13:08:21,1767877701.0,9395.76,False,False,False,0,0,1,3,1,1,6,,completed
bank_manual_step_log.csv,txn_0000013,bank,bank_manual,LEDGER_SETTLED:WIRE,settlement,2026-01-08T13:09:32,1767877772.0,40706.02,False,False,False,0,0,1,3,1,1,6,,completed
bank_manual_step_log.csv,txn_0000069,bank,bank_manual,CONDITION_VERIFIED:DELIVERY_CONFIRMED,attestation,2026-01-08T13:18:30,1767878310.0,16656.35,True,False,False,1,0,1,2,1,2,6,,pending
bank_manual_step_log.csv,txn_0000036,bank,bank_manual,CONDITION_VERIFIED:INSPECTION_PASSED,attestation,2026-01-08T13:22:49,1767878569.0,1086.8,True,False,False,1,0,1,2,1,2,6,,pending
bank_manual_step_log.csv,txn_0000044,bank,bank_manual,LEDGER_SETTLED:WIRE,settlement,2026-01-08T13:31:55,1767879115.0,27607.37,False,False,False,0,0,1,3,1,1,6,,completed
bank_manual_step_log.csv,txn_0000037,bank,bank_manual,CONDITION_VERIFIED:INSPECTION_PASSED,attestation,2026-01-08T13:34:20,1767879260.0,632.69,True,False,False,1,0,1,2,1,2,6,,pending
bank_manual_step_log.csv,txn_0000055,bank,bank_manual,CONDITION_VERIFIED:INSPECTION_PASSED,attestation,2026-01-08T13:42:34,1767879754.0,1141.03,True,False,False,1,0,1,2,1,2,6,,pending
bank_manual_step_log.csv,txn_0000018,bank,bank_manual,LEDGER_SETTLED:ACH,settlement,2026-01-08T13:46:35,1767879995.0,7008.94,False,False,False,0,0,1,3,1,1,6,,completed
bank_manual_step_log.csv,txn_0000065,bank,bank_manual,CONDITION_VERIFIED:DELIVERY_CONFIRMED,attestation,2026-01-08T13:50:10,1767880210.0,15744.3,True,False,False,1,0,1,2,1,2,6,,pending
bank_manual_step_log.csv,txn_0000028,bank,bank_manual,CONDITION_VERIFIED:DELIVERY_CONFIRMED,attestation,2026-01-08T13:50:57,1767880257.0,2838.7,True,False,False,1,0,1,2,1,2,6,,pending
bank_manual_step_log.csv,txn_0000032,bank,bank_manual,CONDITION_VERIFIED:DELIVERY_CONFIRMED,attestation,2026-01-08T13:52:49,1767880369.0,2856.18,True,False,False,1,0,1,2,1,2,6,,pending
bank_manual_step_log.csv,txn_0000072,bank,bank_manual,CONDITION_VERIFIED:INSPECTION_PASSED,attestation,2026-01-08T14:09:48,1767881388.0,847.15,True,False,False,1,0,1,2,1,2,6,,pending
bank_manual_step_log.csv,txn_0000008,bank,bank_manual,LEDGER_SETTLED:ACH,settlement,2026-01-08T14:14:24,1767881664.0,9252.65,False,False,False,0,0,1,3,1,1,6,,completed
bank_manual_step_log.csv,txn_0000004,bank,bank_manual,LEDGER_SETTLED:ACH,settlement,2026-01-08T14:23:19,1767882199.0,823.86,False,False,False,0,0,1,3,1,1,6,,completed
bank_manual_step_log.csv,txn_0000052,bank,bank_manual,CONDITION_VERIFIED:INSPECTION_PASSED,attestation,2026-01-08T14:47:01,1767883621.0,1005.79,True,False,False,1,0,1,2,1,2,6,,pending
bank_manual_step_log.csv,txn_0000034,bank,bank_manual,LEDGER_SETTLED:ACH,settlement,2026-01-08T14:53:05,1767883985.0,476.77,False,False,False,0,0,1,3,1,1,6,,completed
bank_manual_step_log.csv,txn_0000040,bank,bank_manual,CONDITION_VERIFIED:DELIVERY_CONFIRMED,attestation,2026-01-08T14:57:59,1767884279.0,20172.14,True,False,False,1,0,1,2,1,2,6,,pending
bank_manual_step_log.csv,txn_0000056,bank,bank_manual,CONDITION_VERIFIED:INSPECTION_PASSED,attestation,2026-01-08T15:00:42,1767884442.0,992.57,True,False,False,1,0,1,2,1,2,6,,pending
bank_manual_step_log.csv,txn_0000061,bank,bank_manual,CONDITION_VERIFIED:INSPECTION_PASSED,attestation,2026-01-08T15:35:06,1767886506.0,14006.55,True,False,False,1,0,1,2,1,2,6,,pending
bank_manual_step_log.csv,txn_0000021,bank,bank_manual,CONDITION_VERIFIED:DELIVERY_CONFIRMED,attestation,2026-01-08T16:09:36,1767888576.0,658.08,True,False,False,1,0,1,2,1,2,6,,pending
bank_manual_step_log.csv,txn_0000057,bank,bank_manual,LEDGER_SETTLED:ACH,settlement,2026-01-08T16:24:55,1767889495.0,1393.4,False,False,False,0,0,1,3,1,1,6,,completed
bank_manual_step_log.csv,txn_0000063,bank,bank_manual,LEDGER_SETTLED:ACH,settlement,2026-01-08T16:27:52,1767889672.0,10424.19,False,False,False,0,0,1,3,1,1,6,,completed
bank_manual_step_log.csv,txn_0000002,bank,bank_manual,LEDGER_SETTLED:ACH,settlement,2026-01-08T16:37:00,1767890220.0,1897.53,False,False,False,0,0,1,3,1,1,6,,completed
bank_manual_step_log.csv,txn_0000012,bank,bank_manual,LEDGER_SETTLED:ACH,settlement,2026-01-08T16:39:10,1767890350.0,2957.64,False,False,False,0,0,1,3,1,1,6,,completed
bank_manual_step_log.csv,txn_0000043,bank,bank_manual,CONDITION_VERIFIED:DELIVERY_CONFIRMED,attestation,2026-01-09T09:04:09,1767949449.0,7796.83,True,False,False,1,0,1,2,1,2,6,,pending
bank_manual_step_log.csv,txn_0000027,bank,bank_manual,LEDGER_SETTLED:ACH,settlement,2026-01-09T09:24:08,1767950648.0,9999.19,False,False,False,0,0,1,3,1,1,6,,completed
bank_manual_step_log.csv,txn_0000020,bank,bank_manual,LEDGER_SETTLED:ACH,settlement,2026-01-09T09:39:40,1767951580.0,811.87,False,False,False,0,0,1,3,1,1,6,,completed
bank_manual_step_log.csv,txn_0000073,bank,bank_manual,CONDITION_VERIFIED:INSPECTION_PASSED,attestation,2026-01-09T09:40:11,1767951611.0,7898.0,True,False,False,1,0,1,2,1,2,6,,pending
bank_manual_step_log.csv,txn_0000058,bank,bank_manual,LEDGER_SETTLED:ACH,settlement,2026-01-09T10:02:00,1767952920.0,4852.33,False,False,False,0,0,1,3,1,1,6,,completed
bank_manual_step_log.csv,txn_0000039,bank,bank_manual,LEDGER_SETTLED:ACH,settlement,2026-01-09T10:03:22,1767953002.0,295.93,False,False,False,0,0,1,3,1,1,6,,completed
bank_manual_step_log.csv,txn_0000068,bank,bank_manual,LEDGER_SETTLED:ACH,settlement,2026-01-09T10:48:32,1767955712.0,324.9,False,False,False,0,0,1,3,1,1,6,,completed
bank_manual_step_log.csv,txn_0000014,bank,bank_manual,CONDITION_VERIFIED:INVOICE_APPROVED,attestation,2026-01-09T11:04:35,1767956675.0,4726.19,True,False,False,1,0,1,2,1,2,6,,pending
bank_manual_step_log.csv,txn_0000067,bank,bank_manual,CONDITION_VERIFIED:DELIVERY_CONFIRMED,attestation,2026-01-09T11:06:52,1767956812.0,39806.79,True,False,False,1,0,1,2,1,2,6,,pending
bank_manual_step_log.csv,txn_0000048,bank,bank_manual,CONDITION_VERIFIED:INSPECTION_PASSED,attestation,2026-01-09T11:08:29,1767956909.0,13034.52,True,False,False,1,0,1,2,1,2,6,,pending
bank_manual_step_log.csv,txn_0000051,bank,bank_manual,LEDGER_SETTLED:ACH,settlement,2026-01-09T11:41:58,1767958918.0,5042.46,False,False,False,0,0,1,3,1,1,6,,completed
bank_manual_step_log.csv,txn_0000029,bank,bank_manual,CONDITION_VERIFIED:INSPECTION_PASSED,attestation,2026-01-09T11:51:16,1767959476.0,1781.8,True,False,False,1,0,1,2,1,2,6,,pending
bank_manual_step_log.csv,txn_0000067,bank,bank_manual,LEDGER_SETTLED:WIRE,settlement,2026-01-09T11:56:41,1767959801.0,39806.79,False,False,False,0,0,1,3,1,1,6,,completed
bank_manual_step_log.csv,txn_0000071,bank,bank_manual,LEDGER_SETTLED:ACH,settlement,2026-01-09T12:09:47,1767960587.0,3789.63,False,False,False,0,0,1,3,1,1,6,,completed
bank_manual_step_log.csv,txn_0000023,bank,bank_manual,CONDITION_VERIFIED:DELIVERY_CONFIRMED,attestation,2026-01-09T12:27:57,1767961677.0,8477.58,True,False,False,1,0,1,2,1,2,6,,pending
bank_manual_step_log.csv,txn_0000030,bank,bank_manual,LEDGER_SETTLED:ACH,settlement,2026-01-09T12:35:34,1767962134.0,4927.23,False,False,False,0,0,1,3,1,1,6,,completed
bank_manual_step_log.csv,txn_0000066,bank,bank_manual,CONDITION_VERIFIED:DELIVERY_CONFIRMED,attestation,2026-01-09T12:47:57,1767962877.0,2224.59,True,False,False,1,0,1,2,1,2,6,,pending
bank_manual_step_log.csv,txn_0000075,bank,bank_manual,CONDITION_VERIFIED:INSPECTION_PASSED,attestation,2026-01-09T12:53:54,1767963234.0,28961.66,True,False,False,1,0,1,2,1,2,6,,pending
bank_manual_step_log.csv,txn_0000046,bank,bank_manual,LEDGER_SETTLED:ACH,settlement,2026-01-09T12:54:57,1767963297.0,403.28,False,False,False,0,0,1,3,1,1,6,,completed
bank_manual_step_log.csv,txn_0000069,bank,bank_manual,LEDGER_SETTLED:ACH,settlement,2026-01-09T13:18:30,1767964710.0,16656.35,False,False,False,0,0,1,3,1,1,6,,completed
bank_manual_step_log.csv,txn_0000036,bank,bank_manual,LEDGER_SETTLED:ACH,settlement,2026-01-09T13:22:49,1767964969.0,1086.8,False,False,False,0,0,1,3,1,1,6,,completed
bank_manual_step_log.csv,txn_0000037,bank,bank_manual,LEDGER_SETTLED:ACH,settlement,2026-01-09T13:34:20,1767965660.0,632.69,False,False,False,0,0,1,3,1,1,6,,completed
bank_manual_step_log.csv,txn_0000033,bank,bank_manual,CONDITION_VERIFIED:INSPECTION_PASSED,attestation,2026-01-09T13:41:51,1767966111.0,48582.7,True,False,False,1,0,1,2,1,2,6,,pending
bank_manual_step_log.csv,txn_0000055,bank,bank_manual,LEDGER_SETTLED:ACH,settlement,2026-01-09T13:42:34,1767966154.0,1141.03,False,False,False,0,0,1,3,1,1,6,,completed
bank_manual_step_log.csv,txn_0000075,bank,bank_manual,LEDGER_SETTLED:WIRE,settlement,2026-01-09T13:42:44,1767966164.0,28961.66,False,False,False,0,0,1,3,1,1,6,,completed
bank_manual_step_log.csv,txn_0000065,bank,bank_manual,LEDGER_SETTLED:ACH,settlement,2026-01-09T13:50:10,1767966610.0,15744.3,False,False,False,0,0,1,3,1,1,6,,completed
bank_manual_step_log.csv,txn_0000028,bank,bank_manual,LEDGER_SETTLED:ACH,settlement,2026-01-09T13:50:57,1767966657.0,2838.7,False,False,False,0,0,1,3,1,1,6,,completed
bank_manual_step_log.csv,txn_0000032,bank,bank_manual,LEDGER_SETTLED:ACH,settlement,2026-01-09T13:52:49,1767966769.0,2856.18,False,False,False,0,0,1,3,1,1,6,,completed
bank_manual_step_log.csv,txn_0000045,bank,bank_manual,CONDITION_VERIFIED:INSPECTION_PASSED,attestation,2026-01-09T13:57:40,1767967060.0,932.14,True,False,False,1,0,1,2,1,2,6,,pending
bank_manual_step_log.csv,txn_0000072,bank,bank_manual,LEDGER_SETTLED:ACH,settlement,2026-01-09T14:09:48,1767967788.0,847.15,False,False,False,0,0,1,3,1,1,6,,completed
bank_manual_step_log.csv,txn_0000024,bank,bank_manual,CONDITION_VERIFIED:SERVICE_COMPLETED,attestation,2026-01-09T14:13:10,1767967990.0,315.58,True,False,False,1,0,1,2,1,2,6,,pending
bank_manual_step_log.csv,txn_0000052,bank,bank_manual,LEDGER_SETTLED:ACH,settlement,2026-01-09T14:47:01,1767970021.0,1005.79,False,False,False,0,0,1,3,1,1,6,,completed
bank_manual_step_log.csv,txn_0000040,bank,bank_manual,LEDGER_SETTLED:ACH,settlement,2026-01-09T14:57:59,1767970679.0,20172.14,False,False,False,0,0,1,3,1,1,6,,completed
bank_manual_step_log.csv,txn_0000056,bank,bank_manual,LEDGER_SETTLED:ACH,settlement,2026-01-09T15:00:42,1767970842.0,992.57,False,False,False,0,0,1,3,1,1,6,,completed
bank_manual_step_log.csv,txn_0000033,bank,bank_manual,LEDGER_SETTLED:WIRE,settlement,2026-01-09T15:02:44,1767970964.0,48582.7,False,False,False,0,0,1,3,1,1,6,,completed
bank_manual_step_log.csv,txn_0000035,bank,bank_manual,CONDITION_VERIFIED:INSPECTION_PASSED,attestation,2026-01-09T15:08:23,1767971303.0,5613.49,True,False,False,1,0,1,2,1,2,6,,pending
bank_manual_step_log.csv,txn_0000070,bank,bank_manual,CONDITION_VERIFIED:INSPECTION_PASSED,attestation,2026-01-09T15:34:13,1767972853.0,6946.45,True,False,False,1,0,1,2,1,2,6,,pending
bank_manual_step_log.csv,txn_0000061,bank,bank_manual,LEDGER_SETTLED:ACH,settlement,2026-01-09T15:35:06,1767972906.0,14006.55,False,False,False,0,0,1,3,1,1,6,,completed
bank_manual_step_log.csv,txn_0000074,bank,bank_manual,CONDITION_VERIFIED:DELIVERY_CONFIRMED,attestation,2026-01-09T16:04:23,1767974663.0,1940.41,True,False,False,1,0,1,2,1,2,6,,pending
bank_manual_step_log.csv,txn_0000021,bank,bank_manual,LEDGER_SETTLED:ACH,settlement,2026-01-09T16:09:36,1767974976.0,658.08,False,False,False,0,0,1,3,1,1,6,,completed
bank_manual_step_log.csv,txn_0000043,bank,bank_manual,LEDGER_SETTLED:ACH,settlement,2026-01-12T09:04:09,1768208649.0,7796.83,False,False,False,0,0,1,3,1,1,6,,completed
bank_manual_step_log.csv,txn_0000073,bank,bank_manual,LEDGER_SETTLED:ACH,settlement,2026-01-12T09:40:11,1768210811.0,7898.0,False,False,False,0,0,1,3,1,1,6,,completed
bank_manual_step_log.csv,txn_0000010,bank,bank_manual,CONDITION_VERIFIED:INVOICE_APPROVED,attestation,2026-01-12T09:45:11,1768211111.0,6172.52,True,False,False,1,0,1,2,1,2,6,,pending
bank_manual_step_log.csv,txn_0000060,bank,bank_manual,CONDITION_VERIFIED:INSPECTION_PASSED,attestation,2026-01-12T10:07:40,1768212460.0,5544.5,True,False,False,1,0,1,2,1,2,6,,pending
bank_manual_step_log.csv,txn_0000048,bank,bank_manual,LEDGER_SETTLED:ACH,settlement,2026-01-12T11:08:29,1768216109.0,13034.52,False,False,False,0,0,1,3,1,1,6,,completed
bank_manual_step_log.csv,txn_0000029,bank,bank_manual,LEDGER_SETTLED:ACH,settlement,2026-01-12T11:51:16,1768218676.0,1781.8,False,False,False,0,0,1,3,1,1,6,,completed
bank_manual_step_log.csv,txn_0000023,bank,bank_manual,LEDGER_SETTLED:ACH,settlement,2026-01-12T12:27:57,1768220877.0,8477.58,False,False,False,0,0,1,3,1,1,6,,completed
bank_manual_step_log.csv,txn_0000066,bank,bank_manual,LEDGER_SETTLED:ACH,settlement,2026-01-12T12:47:57,1768222077.0,2224.59,False,False,False,0,0,1,3,1,1,6,,completed
bank_manual_step_log.csv,txn_0000045,bank,bank_manual,LEDGER_SETTLED:ACH,settlement,2026-01-12T13:57:40,1768226260.0,932.14,False,False,False,0,0,1,3,1,1,6,,completed
bank_manual_step_log.csv,txn_0000017,bank,bank_manual,CONDITION_VERIFIED:DELIVERY_CONFIRMED,attestation,2026-01-12T14:49:03,1768229343.0,944.67,True,False,False,1,0,1,2,1,2,6,,pending
bank_manual_step_log.csv,txn_0000035,bank,bank_manual,LEDGER_SETTLED:ACH,settlement,2026-01-12T15:08:23,1768230503.0,5613.49,False,False,False,0,0,1,3,1,1,6,,completed
bank_manual_step_log.csv,txn_0000070,bank,bank_manual,LEDGER_SETTLED:ACH,settlement,2026-01-12T15:34:13,1768232053.0,6946.45,False,False,False,0,0,1,3,1,1,6,,completed
bank_manual_step_log.csv,txn_0000042,bank,bank_manual,CONDITION_VERIFIED:DELIVERY_CONFIRMED,attestation,2026-01-12T16:00:10,1768233610.0,4999.27,True,False,False,1,0,1,2,1,2,6,,pending
bank_manual_step_log.csv,txn_0000074,bank,bank_manual,LEDGER_SETTLED:ACH,settlement,2026-01-12T16:04:23,1768233863.0,1940.41,False,False,False,0,0,1,3,1,1,6,,completed
bank_manual_step_log.csv,txn_0000016,bank,bank_manual,CONDITION_VERIFIED:MILESTONE_REACHED,attestation,2026-01-12T16:09:14,1768234154.0,12154.73,True,False,False,1,0,1,2,1,2,6,,pending
bank_manual_step_log.csv,txn_0000010,bank,bank_manual,LEDGER_SETTLED:ACH,settlement,2026-01-13T09:45:11,1768297511.0,6172.52,False,False,False,0,0,1,3,1,1,6,,completed
bank_manual_step_log.csv,txn_0000060,bank,bank_manual,LEDGER_SETTLED:ACH,settlement,2026-01-13T10:07:40,1768298860.0,5544.5,False,False,False,0,0,1,3,1,1,6,,completed
bank_manual_step_log.csv,txn_0000062,bank,bank_manual,CONDITION_VERIFIED:DELIVERY_CONFIRMED,attestation,2026-01-13T14:19:20,1768313960.0,1528.37,True,False,False,1,0,1,2,1,2,6,,pending
bank_manual_step_log.csv,txn_0000038,bank,bank_manual,CONDITION_VERIFIED:INSPECTION_PASSED,attestation,2026-01-13T14:56:04,1768316164.0,1999.76,True,False,False,1,0,1,2,1,2,6,,pending
bank_manual_step_log.csv,txn_0000064,bank,bank_manual,CONDITION_VERIFIED:DELIVERY_CONFIRMED,attestation,2026-01-13T15:02:46,1768316566.0,1766.43,True,False,False,1,0,1,2,1,2,6,,pending
bank_manual_step_log.csv,txn_0000038,bank,bank_manual,LEDGER_SETTLED:ACH,settlement,2026-01-14T14:56:04,1768402564.0,1999.76,False,False,False,0,0,1,3,1,1,6,,completed
bank_manual_step_log.csv,txn_0000017,bank,bank_manual,CONDITION_VERIFIED:INSPECTION_PASSED,attestation,2026-01-15T09:35:51,1768469751.0,944.67,True,False,False,1,0,1,2,1,2,6,,pending
bank_manual_step_log.csv,txn_0000042,bank,bank_manual,CONDITION_VERIFIED:INSPECTION_PASSED,attestation,2026-01-15T11:09:34,1768475374.0,4999.27,True,False,False,1,0,1,2,1,2,6,,pending
bank_manual_step_log.csv,txn_0000059,bank,bank_manual,CONDITION_VERIFIED:DELIVERY_CONFIRMED,attestation,2026-01-15T11:26:34,1768476394.0,217.65,True,False,False,1,0,1,2,1,2,6,,pending
bank_manual_step_log.csv,txn_0000014,bank,bank_manual,CONDITION_VERIFIED:DELIVERY_CONFIRMED,attestation,2026-01-15T13:08:27,1768482507.0,4726.19,True,False,False,1,0,1,2,1,2,6,,pending
bank_manual_step_log.csv,txn_0000016,bank,bank_manual,CONDITION_VERIFIED:INSPECTION_PASSED,attestation,2026-01-15T15:28:23,1768490903.0,12154.73,True,False,False,1,0,1,2,1,2,6,,pending
bank_manual_step_log.csv,txn_0000017,bank,bank_manual,LEDGER_SETTLED:ACH,settlement,2026-01-16T09:35:51,1768556151.0,944.67,False,False,False,0,0,1,3,1,1,6,,completed
bank_manual_step_log.csv,txn_0000064,bank,bank_manual,CONDITION_VERIFIED:INSPECTION_PASSED,attestation,2026-01-16T09:37:49,1768556269.0,1766.43,True,False,False,1,0,1,2,1,2,6,,pending
bank_manual_step_log.csv,txn_0000024,bank,bank_manual,CONDITION_VERIFIED:INVOICE_APPROVED,attestation,2026-01-16T10:36:57,1768559817.0,315.58,True,False,False,1,0,1,2,1,2,6,,pending
bank_manual_step_log.csv,txn_0000042,bank,bank_manual,LEDGER_SETTLED:ACH,settlement,2026-01-16T11:09:34,1768561774.0,4999.27,False,False,False,0,0,1,3,1,1,6,,completed
bank_manual_step_log.csv,txn_0000059,bank,bank_manual,LEDGER_SETTLED:ACH,settlement,2026-01-16T11:26:34,1768562794.0,217.65,False,False,False,0,0,1,3,1,1,6,,completed
bank_manual_step_log.csv,txn_0000014,bank,bank_manual,LEDGER_SETTLED:ACH,settlement,2026-01-16T13:08:27,1768568907.0,4726.19,False,False,False,0,0,1,3,1,1,6,,completed
bank_manual_step_log.csv,txn_0000062,bank,bank_manual,CONDITION_VERIFIED:INSPECTION_PASSED,attestation,2026-01-16T13:23:23,1768569803.0,1528.37,True,False,False,1,0,1,2,1,2,6,,pending
bank_manual_step_log.csv,txn_0000016,bank,bank_manual,LEDGER_SETTLED:ACH,settlement,2026-01-16T15:28:23,1768577303.0,12154.73,False,False,False,0,0,1,3,1,1,6,,completed
bank_manual_step_log.csv,txn_0000064,bank,bank_manual,LEDGER_SETTLED:ACH,settlement,2026-01-19T09:37:49,1768815469.0,1766.43,False,False,False,0,0,1,3,1,1,6,,completed
bank_manual_step_log.csv,txn_0000024,bank,bank_manual,LEDGER_SETTLED:ACH,settlement,2026-01-19T10:36:57,1768819017.0,315.58,False,False,False,0,0,1,3,1,1,6,,completed
bank_manual_step_log.csv,txn_0000062,bank,bank_manual,LEDGER_SETTLED:ACH,settlement,2026-01-19T13:23:23,1768829003.0,1528.37,False,False,False,0,0,1,3,1,1,6,,completed
bank_validation_event_log.csv,txn_0000001,bank,synthetic_bank_internal,CASE_OPENED,init,2026-01-05T09:01:41,1767603701.0,1447.39,False,False,False,,,,,,,,,pending
bank_validation_event_log.csv,txn_0000001,bank,synthetic_bank_internal,KYC_SCREENED,verification,2026-01-05T09:02:11,1767603731.0,1447.39,True,False,False,,,,,,,,,pending
bank_validation_event_log.csv,txn_0000001,bank,synthetic_bank_internal,PAYMENT_INSTRUCTION_ACCEPTED,instruction,2026-01-05T09:02:41,1767603761.0,1447.39,True,False,False,,,,,,,,,pending
bank_validation_event_log.csv,txn_0000001,bank,synthetic_bank_internal,CONDITION_VERIFIED:DELIVERY_CONFIRMED,attestation,2026-01-05T09:06:41,1767604001.0,1447.39,True,False,False,,,,,,,,,pending
bank_validation_event_log.csv,txn_0000001,bank,synthetic_bank_internal,CONDITION_VERIFIED:INSPECTION_PASSED,attestation,2026-01-05T09:08:41,1767604121.0,1447.39,True,False,False,,,,,,,,,pending
bank_validation_event_log.csv,txn_0000001,bank,synthetic_bank_internal,LEDGER_POSTED,settlement,2026-01-05T09:11:41,1767604301.0,1447.39,False,False,False,,,,,,,,,completed
bank_validation_event_log.csv,txn_0000002,bank,synthetic_bank_internal,CASE_OPENED,init,2026-01-05T09:04:10,1767603850.0,1897.53,False,False,False,,,,,,,,,pending
bank_validation_event_log.csv,txn_0000002,bank,synthetic_bank_internal,KYC_SCREENED,verification,2026-01-05T09:04:40,1767603880.0,1897.53,True,False,False,,,,,,,,,pending
bank_validation_event_log.csv,txn_0000002,bank,synthetic_bank_internal,PAYMENT_INSTRUCTION_ACCEPTED,instruction,2026-01-05T09:05:10,1767603910.0,1897.53,True,False,False,,,,,,,,,pending
bank_validation_event_log.csv,txn_0000002,bank,synthetic_bank_internal,CONDITION_VERIFIED:MILESTONE_REACHED,attestation,2026-01-05T09:09:10,1767604150.0,1897.53,True,False,False,,,,,,,,,pending
bank_validation_event_log.csv,txn_0000002,bank,synthetic_bank_internal,CONDITION_VERIFIED:INSPECTION_PASSED,attestation,2026-01-05T09:11:10,1767604270.0,1897.53,True,False,False,,,,,,,,,pending
bank_validation_event_log.csv,txn_0000002,bank,synthetic_bank_internal,LEDGER_POSTED,settlement,2026-01-05T09:14:10,1767604450.0,1897.53,False,False,False,,,,,,,,,completed
bank_validation_event_log.csv,txn_0000003,bank,synthetic_bank_internal,CASE_OPENED,init,2026-01-05T09:06:07,1767603967.0,13079.94,False,False,False,,,,,,,,,pending
bank_validation_event_log.csv,txn_0000003,bank,synthetic_bank_internal,KYC_SCREENED,verification,2026-01-05T09:06:37,1767603997.0,13079.94,True,False,False,,,,,,,,,pending
bank_validation_event_log.csv,txn_0000003,bank,synthetic_bank_internal,PAYMENT_INSTRUCTION_ACCEPTED,instruction,2026-01-05T09:07:07,1767604027.0,13079.94,True,False,False,,,,,,,,,pending
bank_validation_event_log.csv,txn_0000003,bank,synthetic_bank_internal,CONDITION_VERIFIED:INVOICE_APPROVED,attestation,2026-01-05T09:11:07,1767604267.0,13079.94,True,False,False,,,,,,,,,pending
bank_validation_event_log.csv,txn_0000003,bank,synthetic_bank_internal,CONDITION_VERIFIED:DELIVERY_CONFIRMED,attestation,2026-01-05T09:13:07,1767604387.0,13079.94,True,False,False,,,,,,,,,pending
bank_validation_event_log.csv,txn_0000003,bank,synthetic_bank_internal,LEDGER_POSTED,settlement,2026-01-05T09:16:07,1767604567.0,13079.94,False,False,False,,,,,,,,,completed
bank_validation_event_log.csv,txn_0000004,bank,synthetic_bank_internal,CASE_OPENED,init,2026-01-05T09:12:26,1767604346.0,823.86,False,False,False,,,,,,,,,pending
bank_validation_event_log.csv,txn_0000004,bank,synthetic_bank_internal,KYC_SCREENED,verification,2026-01-05T09:12:56,1767604376.0,823.86,True,False,False,,,,,,,,,pending
bank_validation_event_log.csv,txn_0000004,bank,synthetic_bank_internal,PAYMENT_INSTRUCTION_ACCEPTED,instruction,2026-01-05T09:13:26,1767604406.0,823.86,True,False,False,,,,,,,,,pending
bank_validation_event_log.csv,txn_0000004,bank,synthetic_bank_internal,CONDITION_VERIFIED:DELIVERY_CONFIRMED,attestation,2026-01-05T09:17:26,1767604646.0,823.86,True,False,False,,,,,,,,,pending
bank_validation_event_log.csv,txn_0000004,bank,synthetic_bank_internal,CONDITION_VERIFIED:INSPECTION_PASSED,attestation,2026-01-05T09:19:26,1767604766.0,823.86,True,False,False,,,,,,,,,pending
bank_validation_event_log.csv,txn_0000004,bank,synthetic_bank_internal,LEDGER_POSTED,settlement,2026-01-05T09:22:26,1767604946.0,823.86,False,False,False,,,,,,,,,completed
bank_validation_event_log.csv,txn_0000005,bank,synthetic_bank_internal,CASE_OPENED,init,2026-01-05T09:13:08,1767604388.0,2722.63,False,False,False,,,,,,,,,pending
bank_validation_event_log.csv,txn_0000005,bank,synthetic_bank_internal,KYC_SCREENED,verification,2026-01-05T09:13:38,1767604418.0,2722.63,True,False,False,,,,,,,,,pending
bank_validation_event_log.csv,txn_0000005,bank,synthetic_bank_internal,PAYMENT_INSTRUCTION_ACCEPTED,instruction,2026-01-05T09:14:08,1767604448.0,2722.63,True,False,False,,,,,,,,,pending
bank_validation_event_log.csv,txn_0000005,bank,synthetic_bank_internal,CONDITION_VERIFIED:MILESTONE_REACHED,attestation,2026-01-05T09:18:08,1767604688.0,2722.63,True,False,False,,,,,,,,,pending
bank_validation_event_log.csv,txn_0000005,bank,synthetic_bank_internal,CONDITION_VERIFIED:INSPECTION_PASSED,attestation,2026-01-05T09:20:08,1767604808.0,2722.63,True,False,False,,,,,,,,,pending
bank_validation_event_log.csv,txn_0000005,bank,synthetic_bank_internal,LEDGER_POSTED,settlement,2026-01-05T09:23:08,1767604988.0,2722.63,False,False,False,,,,,,,,,completed
bank_validation_event_log.csv,txn_0000006,bank,synthetic_bank_internal,CASE_OPENED,init,2026-01-05T09:13:53,1767604433.0,7047.3,False,False,False,,,,,,,,,pending
bank_validation_event_log.csv,txn_0000006,bank,synthetic_bank_internal,KYC_SCREENED,verification,2026-01-05T09:14:23,1767604463.0,7047.3,True,False,False,,,,,,,,,pending
bank_validation_event_log.csv,txn_0000006,bank,synthetic_bank_internal,PAYMENT_INSTRUCTION_ACCEPTED,instruction,2026-01-05T09:14:53,1767604493.0,7047.3,True,False,False,,,,,,,,,pending
bank_validation_event_log.csv,txn_0000006,bank,synthetic_bank_internal,CONDITION_VERIFIED:INVOICE_APPROVED,attestation,2026-01-05T09:18:53,1767604733.0,7047.3,True,False,False,,,,,,,,,pending
bank_validation_event_log.csv,txn_0000006,bank,synthetic_bank_internal,CONDITION_VERIFIED:DELIVERY_CONFIRMED,attestation,2026-01-05T09:20:53,1767604853.0,7047.3,True,False,False,,,,,,,,,pending
bank_validation_event_log.csv,txn_0000006,bank,synthetic_bank_internal,LEDGER_POSTED,settlement,2026-01-05T09:23:53,1767605033.0,7047.3,False,False,False,,,,,,,,,completed
bank_validation_event_log.csv,txn_0000007,bank,synthetic_bank_internal,CASE_OPENED,init,2026-01-05T09:14:07,1767604447.0,2377.83,False,False,False,,,,,,,,,pending
bank_validation_event_log.csv,txn_0000007,bank,synthetic_bank_internal,KYC_SCREENED,verification,2026-01-05T09:14:37,1767604477.0,2377.83,True,False,False,,,,,,,,,pending
bank_validation_event_log.csv,txn_0000007,bank,synthetic_bank_internal,PAYMENT_INSTRUCTION_ACCEPTED,instruction,2026-01-05T09:15:07,1767604507.0,2377.83,True,False,False,,,,,,,,,pending
bank_validation_event_log.csv,txn_0000007,bank,synthetic_bank_internal,CONDITION_VERIFIED:DELIVERY_CONFIRMED,attestation,2026-01-05T09:19:07,1767604747.0,2377.83,True,False,False,,,,,,,,,pending
bank_validation_event_log.csv,txn_0000007,bank,synthetic_bank_internal,CONDITION_VERIFIED:INSPECTION_PASSED,attestation,2026-01-05T09:21:07,1767604867.0,2377.83,True,False,False,,,,,,,,,pending
bank_validation_event_log.csv,txn_0000007,bank,synthetic_bank_internal,LEDGER_POSTED,settlement,2026-01-05T09:24:07,1767605047.0,2377.83,False,False,False,,,,,,,,,completed
bank_validation_event_log.csv,txn_0000008,bank,synthetic_bank_internal,CASE_OPENED,init,2026-01-05T09:16:12,1767604572.0,9252.65,False,False,False,,,,,,,,,pending
bank_validation_event_log.csv,txn_0000008,bank,synthetic_bank_internal,KYC_SCREENED,verification,2026-01-05T09:16:42,1767604602.0,9252.65,True,False,False,,,,,,,,,pending
bank_validation_event_log.csv,txn_0000008,bank,synthetic_bank_internal,PAYMENT_INSTRUCTION_ACCEPTED,instruction,2026-01-05T09:17:12,1767604632.0,9252.65,True,False,False,,,,,,,,,pending
bank_validation_event_log.csv,txn_0000008,bank,synthetic_bank_internal,CONDITION_VERIFIED:MILESTONE_REACHED,attestation,2026-01-05T09:21:12,1767604872.0,9252.65,True,False,False,,,,,,,,,pending
bank_validation_event_log.csv,txn_0000008,bank,synthetic_bank_internal,CONDITION_VERIFIED:INSPECTION_PASSED,attestation,2026-01-05T09:23:12,1767604992.0,9252.65,True,False,False,,,,,,,,,pending
bank_validation_event_log.csv,txn_0000008,bank,synthetic_bank_internal,LEDGER_POSTED,settlement,2026-01-05T09:26:12,1767605172.0,9252.65,False,False,False,,,,,,,,,completed
bank_validation_event_log.csv,txn_0000009,bank,synthetic_bank_internal,CASE_OPENED,init,2026-01-05T09:16:26,1767604586.0,871.83,False,False,False,,,,,,,,,pending
bank_validation_event_log.csv,txn_0000009,bank,synthetic_bank_internal,KYC_SCREENED,verification,2026-01-05T09:16:56,1767604616.0,871.83,True,False,False,,,,,,,,,pending
bank_validation_event_log.csv,txn_0000009,bank,synthetic_bank_internal,PAYMENT_INSTRUCTION_ACCEPTED,instruction,2026-01-05T09:17:26,1767604646.0,871.83,True,False,False,,,,,,,,,pending
bank_validation_event_log.csv,txn_0000009,bank,synthetic_bank_internal,CONDITION_VERIFIED:DELIVERY_CONFIRMED,attestation,2026-01-05T09:21:26,1767604886.0,871.83,True,False,False,,,,,,,,,pending
bank_validation_event_log.csv,txn_0000009,bank,synthetic_bank_internal,CONDITION_VERIFIED:INSPECTION_PASSED,attestation,2026-01-05T09:23:26,1767605006.0,871.83,True,False,False,,,,,,,,,pending
bank_validation_event_log.csv,txn_0000009,bank,synthetic_bank_internal,LEDGER_POSTED,settlement,2026-01-05T09:26:26,1767605186.0,871.83,False,False,False,,,,,,,,,completed
bank_validation_event_log.csv,txn_0000010,bank,synthetic_bank_internal,CASE_OPENED,init,2026-01-05T09:16:50,1767604610.0,6172.52,False,False,False,,,,,,,,,pending
bank_validation_event_log.csv,txn_0000010,bank,synthetic_bank_internal,KYC_SCREENED,verification,2026-01-05T09:17:20,1767604640.0,6172.52,True,False,False,,,,,,,,,pending
bank_validation_event_log.csv,txn_0000010,bank,synthetic_bank_internal,PAYMENT_INSTRUCTION_ACCEPTED,instruction,2026-01-05T09:17:50,1767604670.0,6172.52,True,False,False,,,,,,,,,pending
bank_validation_event_log.csv,txn_0000010,bank,synthetic_bank_internal,MANUAL_REVIEW,verification,2026-01-05T09:21:50,1767604910.0,6172.52,True,True,False,,,,,,,,,pending
bank_validation_event_log.csv,txn_0000010,bank,synthetic_bank_internal,CONDITION_VERIFIED:SERVICE_COMPLETED,attestation,2026-01-05T09:33:50,1767605630.0,6172.52,True,False,False,,,,,,,,,pending
bank_validation_event_log.csv,txn_0000010,bank,synthetic_bank_internal,CONDITION_VERIFIED:INVOICE_APPROVED,attestation,2026-01-05T09:35:50,1767605750.0,6172.52,True,False,False,,,,,,,,,pending
bank_validation_event_log.csv,txn_0000010,bank,synthetic_bank_internal,LEDGER_POSTED,settlement,2026-01-05T09:38:50,1767605930.0,6172.52,False,False,False,,,,,,,,,completed
bank_validation_event_log.csv,txn_0000011,bank,synthetic_bank_internal,CASE_OPENED,init,2026-01-05T09:18:56,1767604736.0,2079.8,False,False,False,,,,,,,,,pending
bank_validation_event_log.csv,txn_0000011,bank,synthetic_bank_internal,KYC_SCREENED,verification,2026-01-05T09:19:26,1767604766.0,2079.8,True,False,False,,,,,,,,,pending
bank_validation_event_log.csv,txn_0000011,bank,synthetic_bank_internal,PAYMENT_INSTRUCTION_ACCEPTED,instruction,2026-01-05T09:19:56,1767604796.0,2079.8,True,False,False,,,,,,,,,pending
bank_validation_event_log.csv,txn_0000011,bank,synthetic_bank_internal,CONDITION_VERIFIED:DELIVERY_CONFIRMED,attestation,2026-01-05T09:23:56,1767605036.0,2079.8,True,False,False,,,,,,,,,pending
bank_validation_event_log.csv,txn_0000011,bank,synthetic_bank_internal,CONDITION_VERIFIED:INSPECTION_PASSED,attestation,2026-01-05T09:25:56,1767605156.0,2079.8,True,False,False,,,,,,,,,pending
bank_validation_event_log.csv,txn_0000011,bank,synthetic_bank_internal,LEDGER_POSTED,settlement,2026-01-05T09:28:56,1767605336.0,2079.8,False,False,False,,,,,,,,,completed
bank_validation_event_log.csv,txn_0000012,bank,synthetic_bank_internal,CASE_OPENED,init,2026-01-05T09:19:19,1767604759.0,2957.64,False,False,False,,,,,,,,,pending
bank_validation_event_log.csv,txn_0000012,bank,synthetic_bank_internal,KYC_SCREENED,verification,2026-01-05T09:19:49,1767604789.0,2957.64,True,False,False,,,,,,,,,pending
bank_validation_event_log.csv,txn_0000012,bank,synthetic_bank_internal,PAYMENT_INSTRUCTION_ACCEPTED,instruction,2026-01-05T09:20:19,1767604819.0,2957.64,True,False,False,,,,,,,,,pending
bank_validation_event_log.csv,txn_0000012,bank,synthetic_bank_internal,CONDITION_VERIFIED:INVOICE_APPROVED,attestation,2026-01-05T09:24:19,1767605059.0,2957.64,True,False,False,,,,,,,,,pending
bank_validation_event_log.csv,txn_0000012,bank,synthetic_bank_internal,CONDITION_VERIFIED:DELIVERY_CONFIRMED,attestation,2026-01-05T09:26:19,1767605179.0,2957.64,True,False,False,,,,,,,,,pending
bank_validation_event_log.csv,txn_0000012,bank,synthetic_bank_internal,LEDGER_POSTED,settlement,2026-01-05T09:29:19,1767605359.0,2957.64,False,False,False,,,,,,,,,completed
bank_validation_event_log.csv,txn_0000013,bank,synthetic_bank_internal,CASE_OPENED,init,2026-01-05T09:19:27,1767604767.0,40706.02,False,False,False,,,,,,,,,pending
bank_validation_event_log.csv,txn_0000013,bank,synthetic_bank_internal,KYC_SCREENED,verification,2026-01-05T09:19:57,1767604797.0,40706.02,True,False,False,,,,,,,,,pending
bank_validation_event_log.csv,txn_0000013,bank,synthetic_bank_internal,PAYMENT_INSTRUCTION_ACCEPTED,instruction,2026-01-05T09:20:27,1767604827.0,40706.02,True,False,False,,,,,,,,,pending
bank_validation_event_log.csv,txn_0000013,bank,synthetic_bank_internal,MANUAL_REVIEW,verification,2026-01-05T09:24:27,1767605067.0,40706.02,True,True,False,,,,,,,,,pending
bank_validation_event_log.csv,txn_0000013,bank,synthetic_bank_internal,CONDITION_VERIFIED:DELIVERY_CONFIRMED,attestation,2026-01-05T09:24:27,1767605067.0,40706.02,True,False,False,,,,,,,,,pending
bank_validation_event_log.csv,txn_0000013,bank,synthetic_bank_internal,CONDITION_VERIFIED:INSPECTION_PASSED,attestation,2026-01-05T09:26:27,1767605187.0,40706.02,True,False,False,,,,,,,,,pending
bank_validation_event_log.csv,txn_0000013,bank,synthetic_bank_internal,LEDGER_POSTED,settlement,2026-01-05T09:29:27,1767605367.0,40706.02,False,False,False,,,,,,,,,completed
bank_validation_event_log.csv,txn_0000014,bank,synthetic_bank_internal,CASE_OPENED,init,2026-01-05T09:19:45,1767604785.0,4726.19,False,False,False,,,,,,,,,pending
bank_validation_event_log.csv,txn_0000014,bank,synthetic_bank_internal,KYC_SCREENED,verification,2026-01-05T09:20:15,1767604815.0,4726.19,True,False,False,,,,,,,,,pending
bank_validation_event_log.csv,txn_0000014,bank,synthetic_bank_internal,PAYMENT_INSTRUCTION_ACCEPTED,instruction,2026-01-05T09:20:45,1767604845.0,4726.19,True,False,False,,,,,,,,,pending
bank_validation_event_log.csv,txn_0000014,bank,synthetic_bank_internal,MANUAL_REVIEW,verification,2026-01-05T09:24:45,1767605085.0,4726.19,True,True,False,,,,,,,,,pending
bank_validation_event_log.csv,txn_0000014,bank,synthetic_bank_internal,CONDITION_VERIFIED:INVOICE_APPROVED,attestation,2026-01-05T09:36:45,1767605805.0,4726.19,True,False,False,,,,,,,,,pending
bank_validation_event_log.csv,txn_0000014,bank,synthetic_bank_internal,CONDITION_VERIFIED:DELIVERY_CONFIRMED,attestation,2026-01-05T09:38:45,1767605925.0,4726.19,True,False,False,,,,,,,,,pending
bank_validation_event_log.csv,txn_0000014,bank,synthetic_bank_internal,LEDGER_POSTED,settlement,2026-01-05T09:41:45,1767606105.0,4726.19,False,False,False,,,,,,,,,completed
bank_validation_event_log.csv,txn_0000015,bank,synthetic_bank_internal,CASE_OPENED,init,2026-01-05T09:20:44,1767604844.0,5504.55,False,False,False,,,,,,,,,pending
bank_validation_event_log.csv,txn_0000015,bank,synthetic_bank_internal,KYC_SCREENED,verification,2026-01-05T09:21:14,1767604874.0,5504.55,True,False,False,,,,,,,,,pending
bank_validation_event_log.csv,txn_0000015,bank,synthetic_bank_internal,PAYMENT_INSTRUCTION_ACCEPTED,instruction,2026-01-05T09:21:44,1767604904.0,5504.55,True,False,False,,,,,,,,,pending
bank_validation_event_log.csv,txn_0000015,bank,synthetic_bank_internal,CONDITION_VERIFIED:DELIVERY_CONFIRMED,attestation,2026-01-05T09:25:44,1767605144.0,5504.55,True,False,False,,,,,,,,,pending
bank_validation_event_log.csv,txn_0000015,bank,synthetic_bank_internal,CONDITION_VERIFIED:INSPECTION_PASSED,attestation,2026-01-05T09:27:44,1767605264.0,5504.55,True,False,False,,,,,,,,,pending
bank_validation_event_log.csv,txn_0000015,bank,synthetic_bank_internal,LEDGER_POSTED,settlement,2026-01-05T09:30:44,1767605444.0,5504.55,False,False,False,,,,,,,,,completed
bank_validation_event_log.csv,txn_0000016,bank,synthetic_bank_internal,CASE_OPENED,init,2026-01-05T09:20:59,1767604859.0,12154.73,False,False,False,,,,,,,,,pending
bank_validation_event_log.csv,txn_0000016,bank,synthetic_bank_internal,KYC_SCREENED,verification,2026-01-05T09:21:29,1767604889.0,12154.73,True,False,False,,,,,,,,,pending
bank_validation_event_log.csv,txn_0000016,bank,synthetic_bank_internal,PAYMENT_INSTRUCTION_ACCEPTED,instruction,2026-01-05T09:21:59,1767604919.0,12154.73,True,False,False,,,,,,,,,pending
bank_validation_event_log.csv,txn_0000016,bank,synthetic_bank_internal,MANUAL_REVIEW,verification,2026-01-05T09:25:59,1767605159.0,12154.73,True,True,False,,,,,,,,,pending
bank_validation_event_log.csv,txn_0000016,bank,synthetic_bank_internal,CONDITION_VERIFIED:MILESTONE_REACHED,attestation,2026-01-05T09:37:59,1767605879.0,12154.73,True,False,False,,,,,,,,,pending
bank_validation_event_log.csv,txn_0000016,bank,synthetic_bank_internal,CONDITION_VERIFIED:INSPECTION_PASSED,attestation,2026-01-05T09:39:59,1767605999.0,12154.73,True,False,False,,,,,,,,,pending
bank_validation_event_log.csv,txn_0000016,bank,synthetic_bank_internal,LEDGER_POSTED,settlement,2026-01-05T09:42:59,1767606179.0,12154.73,False,False,False,,,,,,,,,completed
bank_validation_event_log.csv,txn_0000017,bank,synthetic_bank_internal,CASE_OPENED,init,2026-01-05T09:21:05,1767604865.0,944.67,False,False,False,,,,,,,,,pending
bank_validation_event_log.csv,txn_0000017,bank,synthetic_bank_internal,KYC_SCREENED,verification,2026-01-05T09:21:35,1767604895.0,944.67,True,False,False,,,,,,,,,pending
bank_validation_event_log.csv,txn_0000017,bank,synthetic_bank_internal,PAYMENT_INSTRUCTION_ACCEPTED,instruction,2026-01-05T09:22:05,1767604925.0,944.67,True,False,False,,,,,,,,,pending
bank_validation_event_log.csv,txn_0000017,bank,synthetic_bank_internal,MANUAL_REVIEW,verification,2026-01-05T09:26:05,1767605165.0,944.67,True,True,False,,,,,,,,,pending
bank_validation_event_log.csv,txn_0000017,bank,synthetic_bank_internal,CONDITION_VERIFIED:DELIVERY_CONFIRMED,attestation,2026-01-05T09:38:05,1767605885.0,944.67,True,False,False,,,,,,,,,pending
bank_validation_event_log.csv,txn_0000017,bank,synthetic_bank_internal,CONDITION_VERIFIED:INSPECTION_PASSED,attestation,2026-01-05T09:40:05,1767606005.0,944.67,True,False,False,,,,,,,,,pending
bank_validation_event_log.csv,txn_0000017,bank,synthetic_bank_internal,LEDGER_POSTED,settlement,2026-01-05T09:43:05,1767606185.0,944.67,False,False,False,,,,,,,,,completed
bank_validation_event_log.csv,txn_0000018,bank,synthetic_bank_internal,CASE_OPENED,init,2026-01-05T09:21:29,1767604889.0,7008.94,False,False,False,,,,,,,,,pending
bank_validation_event_log.csv,txn_0000018,bank,synthetic_bank_internal,KYC_SCREENED,verification,2026-01-05T09:21:59,1767604919.0,7008.94,True,False,False,,,,,,,,,pending
bank_validation_event_log.csv,txn_0000018,bank,synthetic_bank_internal,PAYMENT_INSTRUCTION_ACCEPTED,instruction,2026-01-05T09:22:29,1767604949.0,7008.94,True,False,False,,,,,,,,,pending
bank_validation_event_log.csv,txn_0000018,bank,synthetic_bank_internal,CONDITION_VERIFIED:DELIVERY_CONFIRMED,attestation,2026-01-05T09:26:29,1767605189.0,7008.94,True,False,False,,,,,,,,,pending
bank_validation_event_log.csv,txn_0000018,bank,synthetic_bank_internal,CONDITION_VERIFIED:INSPECTION_PASSED,attestation,2026-01-05T09:28:29,1767605309.0,7008.94,True,False,False,,,,,,,,,pending
bank_validation_event_log.csv,txn_0000018,bank,synthetic_bank_internal,LEDGER_POSTED,settlement,2026-01-05T09:31:29,1767605489.0,7008.94,False,False,False,,,,,,,,,completed
bank_validation_event_log.csv,txn_0000019,bank,synthetic_bank_internal,CASE_OPENED,init,2026-01-05T09:21:41,1767604901.0,898.39,False,False,False,,,,,,,,,pending
bank_validation_event_log.csv,txn_0000019,bank,synthetic_bank_internal,KYC_SCREENED,verification,2026-01-05T09:22:11,1767604931.0,898.39,True,False,False,,,,,,,,,pending
bank_validation_event_log.csv,txn_0000019,bank,synthetic_bank_internal,PAYMENT_INSTRUCTION_ACCEPTED,instruction,2026-01-05T09:22:41,1767604961.0,898.39,True,False,False,,,,,,,,,pending
bank_validation_event_log.csv,txn_0000019,bank,synthetic_bank_internal,MANUAL_REVIEW,verification,2026-01-05T09:26:41,1767605201.0,898.39,True,True,False,,,,,,,,,pending
bank_validation_event_log.csv,txn_0000019,bank,synthetic_bank_internal,CONDITION_EXCEPTION,exception,2026-01-05T09:51:41,1767606701.0,898.39,True,True,True,,,,,,,,,unresolved
bank_validation_event_log.csv,txn_0000020,bank,synthetic_bank_internal,CASE_OPENED,init,2026-01-05T09:22:08,1767604928.0,811.87,False,False,False,,,,,,,,,pending
bank_validation_event_log.csv,txn_0000020,bank,synthetic_bank_internal,KYC_SCREENED,verification,2026-01-05T09:22:38,1767604958.0,811.87,True,False,False,,,,,,,,,pending
bank_validation_event_log.csv,txn_0000020,bank,synthetic_bank_internal,PAYMENT_INSTRUCTION_ACCEPTED,instruction,2026-01-05T09:23:08,1767604988.0,811.87,True,False,False,,,,,,,,,pending
bank_validation_event_log.csv,txn_0000020,bank,synthetic_bank_internal,CONDITION_VERIFIED:SERVICE_COMPLETED,attestation,2026-01-05T09:27:08,1767605228.0,811.87,True,False,False,,,,,,,,,pending
bank_validation_event_log.csv,txn_0000020,bank,synthetic_bank_internal,CONDITION_VERIFIED:INVOICE_APPROVED,attestation,2026-01-05T09:29:08,1767605348.0,811.87,True,False,False,,,,,,,,,pending
bank_validation_event_log.csv,txn_0000020,bank,synthetic_bank_internal,LEDGER_POSTED,settlement,2026-01-05T09:32:08,1767605528.0,811.87,False,False,False,,,,,,,,,completed
bank_validation_event_log.csv,txn_0000021,bank,synthetic_bank_internal,CASE_OPENED,init,2026-01-05T09:22:12,1767604932.0,658.08,False,False,False,,,,,,,,,pending
bank_validation_event_log.csv,txn_0000021,bank,synthetic_bank_internal,KYC_SCREENED,verification,2026-01-05T09:22:42,1767604962.0,658.08,True,False,False,,,,,,,,,pending
bank_validation_event_log.csv,txn_0000021,bank,synthetic_bank_internal,PAYMENT_INSTRUCTION_ACCEPTED,instruction,2026-01-05T09:23:12,1767604992.0,658.08,True,False,False,,,,,,,,,pending
bank_validation_event_log.csv,txn_0000021,bank,synthetic_bank_internal,CONDITION_VERIFIED:INVOICE_APPROVED,attestation,2026-01-05T09:27:12,1767605232.0,658.08,True,False,False,,,,,,,,,pending
bank_validation_event_log.csv,txn_0000021,bank,synthetic_bank_internal,CONDITION_VERIFIED:DELIVERY_CONFIRMED,attestation,2026-01-05T09:29:12,1767605352.0,658.08,True,False,False,,,,,,,,,pending
bank_validation_event_log.csv,txn_0000021,bank,synthetic_bank_internal,LEDGER_POSTED,settlement,2026-01-05T09:32:12,1767605532.0,658.08,False,False,False,,,,,,,,,completed
bank_validation_event_log.csv,txn_0000022,bank,synthetic_bank_internal,CASE_OPENED,init,2026-01-05T09:23:30,1767605010.0,13379.62,False,False,False,,,,,,,,,pending
bank_validation_event_log.csv,txn_0000022,bank,synthetic_bank_internal,KYC_SCREENED,verification,2026-01-05T09:24:00,1767605040.0,13379.62,True,False,False,,,,,,,,,pending
bank_validation_event_log.csv,txn_0000022,bank,synthetic_bank_internal,PAYMENT_INSTRUCTION_ACCEPTED,instruction,2026-01-05T09:24:30,1767605070.0,13379.62,True,False,False,,,,,,,,,pending
bank_validation_event_log.csv,txn_0000022,bank,synthetic_bank_internal,MANUAL_REVIEW,verification,2026-01-05T09:28:30,1767605310.0,13379.62,True,True,False,,,,,,,,,pending
bank_validation_event_log.csv,txn_0000022,bank,synthetic_bank_internal,DISPUTE_RAISED,exception,2026-01-05T09:38:30,1767605910.0,13379.62,True,True,True,,,,,,,,,disputed
bank_validation_event_log.csv,txn_0000023,bank,synthetic_bank_internal,CASE_OPENED,init,2026-01-05T09:27:24,1767605244.0,8477.58,False,False,False,,,,,,,,,pending
bank_validation_event_log.csv,txn_0000023,bank,synthetic_bank_internal,KYC_SCREENED,verification,2026-01-05T09:27:54,1767605274.0,8477.58,True,False,False,,,,,,,,,pending
bank_validation_event_log.csv,txn_0000023,bank,synthetic_bank_internal,PAYMENT_INSTRUCTION_ACCEPTED,instruction,2026-01-05T09:28:24,1767605304.0,8477.58,True,False,False,,,,,,,,,pending
bank_validation_event_log.csv,txn_0000023,bank,synthetic_bank_internal,CONDITION_VERIFIED:INVOICE_APPROVED,attestation,2026-01-05T09:32:24,1767605544.0,8477.58,True,False,False,,,,,,,,,pending
bank_validation_event_log.csv,txn_0000023,bank,synthetic_bank_internal,CONDITION_VERIFIED:DELIVERY_CONFIRMED,attestation,2026-01-05T09:34:24,1767605664.0,8477.58,True,False,False,,,,,,,,,pending
bank_validation_event_log.csv,txn_0000023,bank,synthetic_bank_internal,LEDGER_POSTED,settlement,2026-01-05T09:37:24,1767605844.0,8477.58,False,False,False,,,,,,,,,completed
bank_validation_event_log.csv,txn_0000024,bank,synthetic_bank_internal,CASE_OPENED,init,2026-01-05T09:28:07,1767605287.0,315.58,False,False,False,,,,,,,,,pending
bank_validation_event_log.csv,txn_0000024,bank,synthetic_bank_internal,KYC_SCREENED,verification,2026-01-05T09:28:37,1767605317.0,315.58,True,False,False,,,,,,,,,pending
bank_validation_event_log.csv,txn_0000024,bank,synthetic_bank_internal,PAYMENT_INSTRUCTION_ACCEPTED,instruction,2026-01-05T09:29:07,1767605347.0,315.58,True,False,False,,,,,,,,,pending
bank_validation_event_log.csv,txn_0000024,bank,synthetic_bank_internal,MANUAL_REVIEW,verification,2026-01-05T09:33:07,1767605587.0,315.58,True,True,False,,,,,,,,,pending
bank_validation_event_log.csv,txn_0000024,bank,synthetic_bank_internal,CONDITION_VERIFIED:SERVICE_COMPLETED,attestation,2026-01-05T09:45:07,1767606307.0,315.58,True,False,False,,,,,,,,,pending
bank_validation_event_log.csv,txn_0000024,bank,synthetic_bank_internal,CONDITION_VERIFIED:INVOICE_APPROVED,attestation,2026-01-05T09:47:07,1767606427.0,315.58,True,False,False,,,,,,,,,pending
bank_validation_event_log.csv,txn_0000024,bank,synthetic_bank_internal,LEDGER_POSTED,settlement,2026-01-05T09:50:07,1767606607.0,315.58,False,False,False,,,,,,,,,completed
bank_validation_event_log.csv,txn_0000025,bank,synthetic_bank_internal,CASE_OPENED,init,2026-01-05T09:28:45,1767605325.0,229.27,False,False,False,,,,,,,,,pending
bank_validation_event_log.csv,txn_0000025,bank,synthetic_bank_internal,KYC_SCREENED,verification,2026-01-05T09:29:15,1767605355.0,229.27,True,False,False,,,,,,,,,pending
bank_validation_event_log.csv,txn_0000025,bank,synthetic_bank_internal,PAYMENT_INSTRUCTION_ACCEPTED,instruction,2026-01-05T09:29:45,1767605385.0,229.27,True,False,False,,,,,,,,,pending
bank_validation_event_log.csv,txn_0000025,bank,synthetic_bank_internal,CONDITION_VERIFIED:INVOICE_APPROVED,attestation,2026-01-05T09:33:45,1767605625.0,229.27,True,False,False,,,,,,,,,pending
bank_validation_event_log.csv,txn_0000025,bank,synthetic_bank_internal,CONDITION_VERIFIED:DELIVERY_CONFIRMED,attestation,2026-01-05T09:35:45,1767605745.0,229.27,True,False,False,,,,,,,,,pending
bank_validation_event_log.csv,txn_0000025,bank,synthetic_bank_internal,LEDGER_POSTED,settlement,2026-01-05T09:38:45,1767605925.0,229.27,False,False,False,,,,,,,,,completed
bank_validation_event_log.csv,txn_0000026,bank,synthetic_bank_internal,CASE_OPENED,init,2026-01-05T09:30:08,1767605408.0,639.42,False,False,False,,,,,,,,,pending
bank_validation_event_log.csv,txn_0000026,bank,synthetic_bank_internal,KYC_SCREENED,verification,2026-01-05T09:30:38,1767605438.0,639.42,True,False,False,,,,,,,,,pending
bank_validation_event_log.csv,txn_0000026,bank,synthetic_bank_internal,PAYMENT_INSTRUCTION_ACCEPTED,instruction,2026-01-05T09:31:08,1767605468.0,639.42,True,False,False,,,,,,,,,pending
bank_validation_event_log.csv,txn_0000026,bank,synthetic_bank_internal,MANUAL_REVIEW,verification,2026-01-05T09:35:08,1767605708.0,639.42,True,True,False,,,,,,,,,pending
bank_validation_event_log.csv,txn_0000026,bank,synthetic_bank_internal,CONDITION_EXCEPTION,exception,2026-01-05T10:00:08,1767607208.0,639.42,True,True,True,,,,,,,,,unresolved
bank_validation_event_log.csv,txn_0000027,bank,synthetic_bank_internal,CASE_OPENED,init,2026-01-05T09:30:58,1767605458.0,9999.19,False,False,False,,,,,,,,,pending
bank_validation_event_log.csv,txn_0000027,bank,synthetic_bank_internal,KYC_SCREENED,verification,2026-01-05T09:31:28,1767605488.0,9999.19,True,False,False,,,,,,,,,pending
bank_validation_event_log.csv,txn_0000027,bank,synthetic_bank_internal,PAYMENT_INSTRUCTION_ACCEPTED,instruction,2026-01-05T09:31:58,1767605518.0,9999.19,True,False,False,,,,,,,,,pending
bank_validation_event_log.csv,txn_0000027,bank,synthetic_bank_internal,CONDITION_VERIFIED:DELIVERY_CONFIRMED,attestation,2026-01-05T09:35:58,1767605758.0,9999.19,True,False,False,,,,,,,,,pending
bank_validation_event_log.csv,txn_0000027,bank,synthetic_bank_internal,CONDITION_VERIFIED:INSPECTION_PASSED,attestation,2026-01-05T09:37:58,1767605878.0,9999.19,True,False,False,,,,,,,,,pending
bank_validation_event_log.csv,txn_0000027,bank,synthetic_bank_internal,LEDGER_POSTED,settlement,2026-01-05T09:40:58,1767606058.0,9999.19,False,False,False,,,,,,,,,completed
bank_validation_event_log.csv,txn_0000028,bank,synthetic_bank_internal,CASE_OPENED,init,2026-01-05T09:32:39,1767605559.0,2838.7,False,False,False,,,,,,,,,pending
bank_validation_event_log.csv,txn_0000028,bank,synthetic_bank_internal,KYC_SCREENED,verification,2026-01-05T09:33:09,1767605589.0,2838.7,True,False,False,,,,,,,,,pending
bank_validation_event_log.csv,txn_0000028,bank,synthetic_bank_internal,PAYMENT_INSTRUCTION_ACCEPTED,instruction,2026-01-05T09:33:39,1767605619.0,2838.7,True,False,False,,,,,,,,,pending
bank_validation_event_log.csv,txn_0000028,bank,synthetic_bank_internal,CONDITION_VERIFIED:INVOICE_APPROVED,attestation,2026-01-05T09:37:39,1767605859.0,2838.7,True,False,False,,,,,,,,,pending
bank_validation_event_log.csv,txn_0000028,bank,synthetic_bank_internal,CONDITION_VERIFIED:DELIVERY_CONFIRMED,attestation,2026-01-05T09:39:39,1767605979.0,2838.7,True,False,False,,,,,,,,,pending
bank_validation_event_log.csv,txn_0000028,bank,synthetic_bank_internal,LEDGER_POSTED,settlement,2026-01-05T09:42:39,1767606159.0,2838.7,False,False,False,,,,,,,,,completed
bank_validation_event_log.csv,txn_0000029,bank,synthetic_bank_internal,CASE_OPENED,init,2026-01-05T09:33:36,1767605616.0,1781.8,False,False,False,,,,,,,,,pending
bank_validation_event_log.csv,txn_0000029,bank,synthetic_bank_internal,KYC_SCREENED,verification,2026-01-05T09:34:06,1767605646.0,1781.8,True,False,False,,,,,,,,,pending
bank_validation_event_log.csv,txn_0000029,bank,synthetic_bank_internal,PAYMENT_INSTRUCTION_ACCEPTED,instruction,2026-01-05T09:34:36,1767605676.0,1781.8,True,False,False,,,,,,,,,pending
bank_validation_event_log.csv,txn_0000029,bank,synthetic_bank_internal,CONDITION_VERIFIED:DELIVERY_CONFIRMED,attestation,2026-01-05T09:38:36,1767605916.0,1781.8,True,False,False,,,,,,,,,pending
bank_validation_event_log.csv,txn_0000029,bank,synthetic_bank_internal,CONDITION_VERIFIED:INSPECTION_PASSED,attestation,2026-01-05T09:40:36,1767606036.0,1781.8,True,False,False,,,,,,,,,pending
bank_validation_event_log.csv,txn_0000029,bank,synthetic_bank_internal,LEDGER_POSTED,settlement,2026-01-05T09:43:36,1767606216.0,1781.8,False,False,False,,,,,,,,,completed
bank_validation_event_log.csv,txn_0000030,bank,synthetic_bank_internal,CASE_OPENED,init,2026-01-05T09:34:01,1767605641.0,4927.23,False,False,False,,,,,,,,,pending
bank_validation_event_log.csv,txn_0000030,bank,synthetic_bank_internal,KYC_SCREENED,verification,2026-01-05T09:34:31,1767605671.0,4927.23,True,False,False,,,,,,,,,pending
bank_validation_event_log.csv,txn_0000030,bank,synthetic_bank_internal,PAYMENT_INSTRUCTION_ACCEPTED,instruction,2026-01-05T09:35:01,1767605701.0,4927.23,True,False,False,,,,,,,,,pending
bank_validation_event_log.csv,txn_0000030,bank,synthetic_bank_internal,CONDITION_VERIFIED:INVOICE_APPROVED,attestation,2026-01-05T09:39:01,1767605941.0,4927.23,True,False,False,,,,,,,,,pending
bank_validation_event_log.csv,txn_0000030,bank,synthetic_bank_internal,CONDITION_VERIFIED:DELIVERY_CONFIRMED,attestation,2026-01-05T09:41:01,1767606061.0,4927.23,True,False,False,,,,,,,,,pending
bank_validation_event_log.csv,txn_0000030,bank,synthetic_bank_internal,LEDGER_POSTED,settlement,2026-01-05T09:44:01,1767606241.0,4927.23,False,False,False,,,,,,,,,completed
bank_validation_event_log.csv,txn_0000031,bank,synthetic_bank_internal,CASE_OPENED,init,2026-01-05T09:36:16,1767605776.0,19605.15,False,False,False,,,,,,,,,pending
bank_validation_event_log.csv,txn_0000031,bank,synthetic_bank_internal,KYC_SCREENED,verification,2026-01-05T09:36:46,1767605806.0,19605.15,True,False,False,,,,,,,,,pending
bank_validation_event_log.csv,txn_0000031,bank,synthetic_bank_internal,PAYMENT_INSTRUCTION_ACCEPTED,instruction,2026-01-05T09:37:16,1767605836.0,19605.15,True,False,False,,,,,,,,,pending
bank_validation_event_log.csv,txn_0000031,bank,synthetic_bank_internal,CONDITION_VERIFIED:DELIVERY_CONFIRMED,attestation,2026-01-05T09:41:16,1767606076.0,19605.15,True,False,False,,,,,,,,,pending
bank_validation_event_log.csv,txn_0000031,bank,synthetic_bank_internal,CONDITION_VERIFIED:INSPECTION_PASSED,attestation,2026-01-05T09:43:16,1767606196.0,19605.15,True,False,False,,,,,,,,,pending
bank_validation_event_log.csv,txn_0000031,bank,synthetic_bank_internal,LEDGER_POSTED,settlement,2026-01-05T09:46:16,1767606376.0,19605.15,False,False,False,,,,,,,,,completed
bank_validation_event_log.csv,txn_0000032,bank,synthetic_bank_internal,CASE_OPENED,init,2026-01-05T09:40:45,1767606045.0,2856.18,False,False,False,,,,,,,,,pending
bank_validation_event_log.csv,txn_0000032,bank,synthetic_bank_internal,KYC_SCREENED,verification,2026-01-05T09:41:15,1767606075.0,2856.18,True,False,False,,,,,,,,,pending
bank_validation_event_log.csv,txn_0000032,bank,synthetic_bank_internal,PAYMENT_INSTRUCTION_ACCEPTED,instruction,2026-01-05T09:41:45,1767606105.0,2856.18,True,False,False,,,,,,,,,pending
bank_validation_event_log.csv,txn_0000032,bank,synthetic_bank_internal,CONDITION_VERIFIED:INVOICE_APPROVED,attestation,2026-01-05T09:45:45,1767606345.0,2856.18,True,False,False,,,,,,,,,pending
bank_validation_event_log.csv,txn_0000032,bank,synthetic_bank_internal,CONDITION_VERIFIED:DELIVERY_CONFIRMED,attestation,2026-01-05T09:47:45,1767606465.0,2856.18,True,False,False,,,,,,,,,pending
bank_validation_event_log.csv,txn_0000032,bank,synthetic_bank_internal,LEDGER_POSTED,settlement,2026-01-05T09:50:45,1767606645.0,2856.18,False,False,False,,,,,,,,,completed
bank_validation_event_log.csv,txn_0000033,bank,synthetic_bank_internal,CASE_OPENED,init,2026-01-05T09:42:55,1767606175.0,48582.7,False,False,False,,,,,,,,,pending
bank_validation_event_log.csv,txn_0000033,bank,synthetic_bank_internal,KYC_SCREENED,verification,2026-01-05T09:43:25,1767606205.0,48582.7,True,False,False,,,,,,,,,pending
bank_validation_event_log.csv,txn_0000033,bank,synthetic_bank_internal,PAYMENT_INSTRUCTION_ACCEPTED,instruction,2026-01-05T09:43:55,1767606235.0,48582.7,True,False,False,,,,,,,,,pending
bank_validation_event_log.csv,txn_0000033,bank,synthetic_bank_internal,MANUAL_REVIEW,verification,2026-01-05T09:47:55,1767606475.0,48582.7,True,True,False,,,,,,,,,pending
bank_validation_event_log.csv,txn_0000033,bank,synthetic_bank_internal,CONDITION_VERIFIED:MILESTONE_REACHED,attestation,2026-01-05T09:47:55,1767606475.0,48582.7,True,False,False,,,,,,,,,pending
bank_validation_event_log.csv,txn_0000033,bank,synthetic_bank_internal,CONDITION_VERIFIED:INSPECTION_PASSED,attestation,2026-01-05T09:49:55,1767606595.0,48582.7,True,False,False,,,,,,,,,pending
bank_validation_event_log.csv,txn_0000033,bank,synthetic_bank_internal,LEDGER_POSTED,settlement,2026-01-05T09:52:55,1767606775.0,48582.7,False,False,False,,,,,,,,,completed
bank_validation_event_log.csv,txn_0000034,bank,synthetic_bank_internal,CASE_OPENED,init,2026-01-05T09:43:00,1767606180.0,476.77,False,False,False,,,,,,,,,pending
bank_validation_event_log.csv,txn_0000034,bank,synthetic_bank_internal,KYC_SCREENED,verification,2026-01-05T09:43:30,1767606210.0,476.77,True,False,False,,,,,,,,,pending
bank_validation_event_log.csv,txn_0000034,bank,synthetic_bank_internal,PAYMENT_INSTRUCTION_ACCEPTED,instruction,2026-01-05T09:44:00,1767606240.0,476.77,True,False,False,,,,,,,,,pending
bank_validation_event_log.csv,txn_0000034,bank,synthetic_bank_internal,CONDITION_VERIFIED:DELIVERY_CONFIRMED,attestation,2026-01-05T09:48:00,1767606480.0,476.77,True,False,False,,,,,,,,,pending
bank_validation_event_log.csv,txn_0000034,bank,synthetic_bank_internal,CONDITION_VERIFIED:INSPECTION_PASSED,attestation,2026-01-05T09:50:00,1767606600.0,476.77,True,False,False,,,,,,,,,pending
bank_validation_event_log.csv,txn_0000034,bank,synthetic_bank_internal,LEDGER_POSTED,settlement,2026-01-05T09:53:00,1767606780.0,476.77,False,False,False,,,,,,,,,completed
bank_validation_event_log.csv,txn_0000035,bank,synthetic_bank_internal,CASE_OPENED,init,2026-01-05T09:47:17,1767606437.0,5613.49,False,False,False,,,,,,,,,pending
bank_validation_event_log.csv,txn_0000035,bank,synthetic_bank_internal,KYC_SCREENED,verification,2026-01-05T09:47:47,1767606467.0,5613.49,True,False,False,,,,,,,,,pending
bank_validation_event_log.csv,txn_0000035,bank,synthetic_bank_internal,PAYMENT_INSTRUCTION_ACCEPTED,instruction,2026-01-05T09:48:17,1767606497.0,5613.49,True,False,False,,,,,,,,,pending
bank_validation_event_log.csv,txn_0000035,bank,synthetic_bank_internal,MANUAL_REVIEW,verification,2026-01-05T09:52:17,1767606737.0,5613.49,True,True,False,,,,,,,,,pending
bank_validation_event_log.csv,txn_0000035,bank,synthetic_bank_internal,CONDITION_VERIFIED:MILESTONE_REACHED,attestation,2026-01-05T10:04:17,1767607457.0,5613.49,True,False,False,,,,,,,,,pending
bank_validation_event_log.csv,txn_0000035,bank,synthetic_bank_internal,CONDITION_VERIFIED:INSPECTION_PASSED,attestation,2026-01-05T10:06:17,1767607577.0,5613.49,True,False,False,,,,,,,,,pending
bank_validation_event_log.csv,txn_0000035,bank,synthetic_bank_internal,LEDGER_POSTED,settlement,2026-01-05T10:09:17,1767607757.0,5613.49,False,False,False,,,,,,,,,completed
bank_validation_event_log.csv,txn_0000036,bank,synthetic_bank_internal,CASE_OPENED,init,2026-01-05T09:47:53,1767606473.0,1086.8,False,False,False,,,,,,,,,pending
bank_validation_event_log.csv,txn_0000036,bank,synthetic_bank_internal,KYC_SCREENED,verification,2026-01-05T09:48:23,1767606503.0,1086.8,True,False,False,,,,,,,,,pending
bank_validation_event_log.csv,txn_0000036,bank,synthetic_bank_internal,PAYMENT_INSTRUCTION_ACCEPTED,instruction,2026-01-05T09:48:53,1767606533.0,1086.8,True,False,False,,,,,,,,,pending
bank_validation_event_log.csv,txn_0000036,bank,synthetic_bank_internal,CONDITION_VERIFIED:MILESTONE_REACHED,attestation,2026-01-05T09:52:53,1767606773.0,1086.8,True,False,False,,,,,,,,,pending
bank_validation_event_log.csv,txn_0000036,bank,synthetic_bank_internal,CONDITION_VERIFIED:INSPECTION_PASSED,attestation,2026-01-05T09:54:53,1767606893.0,1086.8,True,False,False,,,,,,,,,pending
bank_validation_event_log.csv,txn_0000036,bank,synthetic_bank_internal,LEDGER_POSTED,settlement,2026-01-05T09:57:53,1767607073.0,1086.8,False,False,False,,,,,,,,,completed
bank_validation_event_log.csv,txn_0000037,bank,synthetic_bank_internal,CASE_OPENED,init,2026-01-05T09:48:11,1767606491.0,632.69,False,False,False,,,,,,,,,pending
bank_validation_event_log.csv,txn_0000037,bank,synthetic_bank_internal,KYC_SCREENED,verification,2026-01-05T09:48:41,1767606521.0,632.69,True,False,False,,,,,,,,,pending
bank_validation_event_log.csv,txn_0000037,bank,synthetic_bank_internal,PAYMENT_INSTRUCTION_ACCEPTED,instruction,2026-01-05T09:49:11,1767606551.0,632.69,True,False,False,,,,,,,,,pending
bank_validation_event_log.csv,txn_0000037,bank,synthetic_bank_internal,CONDITION_VERIFIED:DELIVERY_CONFIRMED,attestation,2026-01-05T09:53:11,1767606791.0,632.69,True,False,False,,,,,,,,,pending
bank_validation_event_log.csv,txn_0000037,bank,synthetic_bank_internal,CONDITION_VERIFIED:INSPECTION_PASSED,attestation,2026-01-05T09:55:11,1767606911.0,632.69,True,False,False,,,,,,,,,pending
bank_validation_event_log.csv,txn_0000037,bank,synthetic_bank_internal,LEDGER_POSTED,settlement,2026-01-05T09:58:11,1767607091.0,632.69,False,False,False,,,,,,,,,completed
bank_validation_event_log.csv,txn_0000038,bank,synthetic_bank_internal,CASE_OPENED,init,2026-01-05T10:02:07,1767607327.0,1999.76,False,False,False,,,,,,,,,pending
bank_validation_event_log.csv,txn_0000038,bank,synthetic_bank_internal,KYC_SCREENED,verification,2026-01-05T10:02:37,1767607357.0,1999.76,True,False,False,,,,,,,,,pending
bank_validation_event_log.csv,txn_0000038,bank,synthetic_bank_internal,PAYMENT_INSTRUCTION_ACCEPTED,instruction,2026-01-05T10:03:07,1767607387.0,1999.76,True,False,False,,,,,,,,,pending
bank_validation_event_log.csv,txn_0000038,bank,synthetic_bank_internal,MANUAL_REVIEW,verification,2026-01-05T10:07:07,1767607627.0,1999.76,True,True,False,,,,,,,,,pending
bank_validation_event_log.csv,txn_0000038,bank,synthetic_bank_internal,CONDITION_VERIFIED:DELIVERY_CONFIRMED,attestation,2026-01-05T10:19:07,1767608347.0,1999.76,True,False,False,,,,,,,,,pending
bank_validation_event_log.csv,txn_0000038,bank,synthetic_bank_internal,CONDITION_VERIFIED:INSPECTION_PASSED,attestation,2026-01-05T10:21:07,1767608467.0,1999.76,True,False,False,,,,,,,,,pending
bank_validation_event_log.csv,txn_0000038,bank,synthetic_bank_internal,LEDGER_POSTED,settlement,2026-01-05T10:24:07,1767608647.0,1999.76,False,False,False,,,,,,,,,completed
bank_validation_event_log.csv,txn_0000039,bank,synthetic_bank_internal,CASE_OPENED,init,2026-01-05T10:06:32,1767607592.0,295.93,False,False,False,,,,,,,,,pending
bank_validation_event_log.csv,txn_0000039,bank,synthetic_bank_internal,KYC_SCREENED,verification,2026-01-05T10:07:02,1767607622.0,295.93,True,False,False,,,,,,,,,pending
bank_validation_event_log.csv,txn_0000039,bank,synthetic_bank_internal,PAYMENT_INSTRUCTION_ACCEPTED,instruction,2026-01-05T10:07:32,1767607652.0,295.93,True,False,False,,,,,,,,,pending
bank_validation_event_log.csv,txn_0000039,bank,synthetic_bank_internal,CONDITION_VERIFIED:INVOICE_APPROVED,attestation,2026-01-05T10:11:32,1767607892.0,295.93,True,False,False,,,,,,,,,pending
bank_validation_event_log.csv,txn_0000039,bank,synthetic_bank_internal,CONDITION_VERIFIED:DELIVERY_CONFIRMED,attestation,2026-01-05T10:13:32,1767608012.0,295.93,True,False,False,,,,,,,,,pending
bank_validation_event_log.csv,txn_0000039,bank,synthetic_bank_internal,LEDGER_POSTED,settlement,2026-01-05T10:16:32,1767608192.0,295.93,False,False,False,,,,,,,,,completed
bank_validation_event_log.csv,txn_0000040,bank,synthetic_bank_internal,CASE_OPENED,init,2026-01-05T10:08:13,1767607693.0,20172.14,False,False,False,,,,,,,,,pending
bank_validation_event_log.csv,txn_0000040,bank,synthetic_bank_internal,KYC_SCREENED,verification,2026-01-05T10:08:43,1767607723.0,20172.14,True,False,False,,,,,,,,,pending
bank_validation_event_log.csv,txn_0000040,bank,synthetic_bank_internal,PAYMENT_INSTRUCTION_ACCEPTED,instruction,2026-01-05T10:09:13,1767607753.0,20172.14,True,False,False,,,,,,,,,pending
bank_validation_event_log.csv,txn_0000040,bank,synthetic_bank_internal,CONDITION_VERIFIED:INVOICE_APPROVED,attestation,2026-01-05T10:13:13,1767607993.0,20172.14,True,False,False,,,,,,,,,pending
bank_validation_event_log.csv,txn_0000040,bank,synthetic_bank_internal,CONDITION_VERIFIED:DELIVERY_CONFIRMED,attestation,2026-01-05T10:15:13,1767608113.0,20172.14,True,False,False,,,,,,,,,pending
bank_validation_event_log.csv,txn_0000040,bank,synthetic_bank_internal,LEDGER_POSTED,settlement,2026-01-05T10:18:13,1767608293.0,20172.14,False,False,False,,,,,,,,,completed
bank_validation_event_log.csv,txn_0000041,bank,synthetic_bank_internal,CASE_OPENED,init,2026-01-05T10:09:03,1767607743.0,2846.36,False,False,False,,,,,,,,,pending
bank_validation_event_log.csv,txn_0000041,bank,synthetic_bank_internal,KYC_SCREENED,verification,2026-01-05T10:09:33,1767607773.0,2846.36,True,False,False,,,,,,,,,pending
bank_validation_event_log.csv,txn_0000041,bank,synthetic_bank_internal,PAYMENT_INSTRUCTION_ACCEPTED,instruction,2026-01-05T10:10:03,1767607803.0,2846.36,True,False,False,,,,,,,,,pending
bank_validation_event_log.csv,txn_0000041,bank,synthetic_bank_internal,CONDITION_VERIFIED:INVOICE_APPROVED,attestation,2026-01-05T10:14:03,1767608043.0,2846.36,True,False,False,,,,,,,,,pending
bank_validation_event_log.csv,txn_0000041,bank,synthetic_bank_internal,CONDITION_VERIFIED:DELIVERY_CONFIRMED,attestation,2026-01-05T10:16:03,1767608163.0,2846.36,True,False,False,,,,,,,,,pending
bank_validation_event_log.csv,txn_0000041,bank,synthetic_bank_internal,LEDGER_POSTED,settlement,2026-01-05T10:19:03,1767608343.0,2846.36,False,False,False,,,,,,,,,completed
bank_validation_event_log.csv,txn_0000042,bank,synthetic_bank_internal,CASE_OPENED,init,2026-01-05T10:10:09,1767607809.0,4999.27,False,False,False,,,,,,,,,pending
bank_validation_event_log.csv,txn_0000042,bank,synthetic_bank_internal,KYC_SCREENED,verification,2026-01-05T10:10:39,1767607839.0,4999.27,True,False,False,,,,,,,,,pending
bank_validation_event_log.csv,txn_0000042,bank,synthetic_bank_internal,PAYMENT_INSTRUCTION_ACCEPTED,instruction,2026-01-05T10:11:09,1767607869.0,4999.27,True,False,False,,,,,,,,,pending
bank_validation_event_log.csv,txn_0000042,bank,synthetic_bank_internal,MANUAL_REVIEW,verification,2026-01-05T10:15:09,1767608109.0,4999.27,True,True,False,,,,,,,,,pending
bank_validation_event_log.csv,txn_0000042,bank,synthetic_bank_internal,CONDITION_VERIFIED:DELIVERY_CONFIRMED,attestation,2026-01-05T10:27:09,1767608829.0,4999.27,True,False,False,,,,,,,,,pending
bank_validation_event_log.csv,txn_0000042,bank,synthetic_bank_internal,CONDITION_VERIFIED:INSPECTION_PASSED,attestation,2026-01-05T10:29:09,1767608949.0,4999.27,True,False,False,,,,,,,,,pending
bank_validation_event_log.csv,txn_0000042,bank,synthetic_bank_internal,LEDGER_POSTED,settlement,2026-01-05T10:32:09,1767609129.0,4999.27,False,False,False,,,,,,,,,completed
bank_validation_event_log.csv,txn_0000043,bank,synthetic_bank_internal,CASE_OPENED,init,2026-01-05T10:10:34,1767607834.0,7796.83,False,False,False,,,,,,,,,pending
bank_validation_event_log.csv,txn_0000043,bank,synthetic_bank_internal,KYC_SCREENED,verification,2026-01-05T10:11:04,1767607864.0,7796.83,True,False,False,,,,,,,,,pending
bank_validation_event_log.csv,txn_0000043,bank,synthetic_bank_internal,PAYMENT_INSTRUCTION_ACCEPTED,instruction,2026-01-05T10:11:34,1767607894.0,7796.83,True,False,False,,,,,,,,,pending
bank_validation_event_log.csv,txn_0000043,bank,synthetic_bank_internal,CONDITION_VERIFIED:INVOICE_APPROVED,attestation,2026-01-05T10:15:34,1767608134.0,7796.83,True,False,False,,,,,,,,,pending
bank_validation_event_log.csv,txn_0000043,bank,synthetic_bank_internal,CONDITION_VERIFIED:DELIVERY_CONFIRMED,attestation,2026-01-05T10:17:34,1767608254.0,7796.83,True,False,False,,,,,,,,,pending
bank_validation_event_log.csv,txn_0000043,bank,synthetic_bank_internal,LEDGER_POSTED,settlement,2026-01-05T10:20:34,1767608434.0,7796.83,False,False,False,,,,,,,,,completed
bank_validation_event_log.csv,txn_0000044,bank,synthetic_bank_internal,CASE_OPENED,init,2026-01-05T10:11:47,1767607907.0,27607.37,False,False,False,,,,,,,,,pending
bank_validation_event_log.csv,txn_0000044,bank,synthetic_bank_internal,KYC_SCREENED,verification,2026-01-05T10:12:17,1767607937.0,27607.37,True,False,False,,,,,,,,,pending
bank_validation_event_log.csv,txn_0000044,bank,synthetic_bank_internal,PAYMENT_INSTRUCTION_ACCEPTED,instruction,2026-01-05T10:12:47,1767607967.0,27607.37,True,False,False,,,,,,,,,pending
bank_validation_event_log.csv,txn_0000044,bank,synthetic_bank_internal,MANUAL_REVIEW,verification,2026-01-05T10:16:47,1767608207.0,27607.37,True,True,False,,,,,,,,,pending
bank_validation_event_log.csv,txn_0000044,bank,synthetic_bank_internal,CONDITION_VERIFIED:MILESTONE_REACHED,attestation,2026-01-05T10:16:47,1767608207.0,27607.37,True,False,False,,,,,,,,,pending
bank_validation_event_log.csv,txn_0000044,bank,synthetic_bank_internal,CONDITION_VERIFIED:INSPECTION_PASSED,attestation,2026-01-05T10:18:47,1767608327.0,27607.37,True,False,False,,,,,,,,,pending
bank_validation_event_log.csv,txn_0000044,bank,synthetic_bank_internal,LEDGER_POSTED,settlement,2026-01-05T10:21:47,1767608507.0,27607.37,False,False,False,,,,,,,,,completed
bank_validation_event_log.csv,txn_0000045,bank,synthetic_bank_internal,CASE_OPENED,init,2026-01-05T10:12:12,1767607932.0,932.14,False,False,False,,,,,,,,,pending
bank_validation_event_log.csv,txn_0000045,bank,synthetic_bank_internal,KYC_SCREENED,verification,2026-01-05T10:12:42,1767607962.0,932.14,True,False,False,,,,,,,,,pending
bank_validation_event_log.csv,txn_0000045,bank,synthetic_bank_internal,PAYMENT_INSTRUCTION_ACCEPTED,instruction,2026-01-05T10:13:12,1767607992.0,932.14,True,False,False,,,,,,,,,pending
bank_validation_event_log.csv,txn_0000045,bank,synthetic_bank_internal,MANUAL_REVIEW,verification,2026-01-05T10:17:12,1767608232.0,932.14,True,True,False,,,,,,,,,pending
bank_validation_event_log.csv,txn_0000045,bank,synthetic_bank_internal,CONDITION_VERIFIED:DELIVERY_CONFIRMED,attestation,2026-01-05T10:29:12,1767608952.0,932.14,True,False,False,,,,,,,,,pending
bank_validation_event_log.csv,txn_0000045,bank,synthetic_bank_internal,CONDITION_VERIFIED:INSPECTION_PASSED,attestation,2026-01-05T10:31:12,1767609072.0,932.14,True,False,False,,,,,,,,,pending
bank_validation_event_log.csv,txn_0000045,bank,synthetic_bank_internal,LEDGER_POSTED,settlement,2026-01-05T10:34:12,1767609252.0,932.14,False,False,False,,,,,,,,,completed
bank_validation_event_log.csv,txn_0000046,bank,synthetic_bank_internal,CASE_OPENED,init,2026-01-05T10:12:23,1767607943.0,403.28,False,False,False,,,,,,,,,pending
bank_validation_event_log.csv,txn_0000046,bank,synthetic_bank_internal,KYC_SCREENED,verification,2026-01-05T10:12:53,1767607973.0,403.28,True,False,False,,,,,,,,,pending
bank_validation_event_log.csv,txn_0000046,bank,synthetic_bank_internal,PAYMENT_INSTRUCTION_ACCEPTED,instruction,2026-01-05T10:13:23,1767608003.0,403.28,True,False,False,,,,,,,,,pending
bank_validation_event_log.csv,txn_0000046,bank,synthetic_bank_internal,CONDITION_VERIFIED:DELIVERY_CONFIRMED,attestation,2026-01-05T10:17:23,1767608243.0,403.28,True,False,False,,,,,,,,,pending
bank_validation_event_log.csv,txn_0000046,bank,synthetic_bank_internal,CONDITION_VERIFIED:INSPECTION_PASSED,attestation,2026-01-05T10:19:23,1767608363.0,403.28,True,False,False,,,,,,,,,pending
bank_validation_event_log.csv,txn_0000046,bank,synthetic_bank_internal,LEDGER_POSTED,settlement,2026-01-05T10:22:23,1767608543.0,403.28,False,False,False,,,,,,,,,completed
bank_validation_event_log.csv,txn_0000047,bank,synthetic_bank_internal,CASE_OPENED,init,2026-01-05T10:12:40,1767607960.0,6099.56,False,False,False,,,,,,,,,pending
bank_validation_event_log.csv,txn_0000047,bank,synthetic_bank_internal,KYC_SCREENED,verification,2026-01-05T10:13:10,1767607990.0,6099.56,True,False,False,,,,,,,,,pending
bank_validation_event_log.csv,txn_0000047,bank,synthetic_bank_internal,PAYMENT_INSTRUCTION_ACCEPTED,instruction,2026-01-05T10:13:40,1767608020.0,6099.56,True,False,False,,,,,,,,,pending
bank_validation_event_log.csv,txn_0000047,bank,synthetic_bank_internal,MANUAL_REVIEW,verification,2026-01-05T10:17:40,1767608260.0,6099.56,True,True,False,,,,,,,,,pending
bank_validation_event_log.csv,txn_0000047,bank,synthetic_bank_internal,CONDITION_EXCEPTION,exception,2026-01-05T10:42:40,1767609760.0,6099.56,True,True,True,,,,,,,,,unresolved
bank_validation_event_log.csv,txn_0000048,bank,synthetic_bank_internal,CASE_OPENED,init,2026-01-05T10:13:38,1767608018.0,13034.52,False,False,False,,,,,,,,,pending
bank_validation_event_log.csv,txn_0000048,bank,synthetic_bank_internal,KYC_SCREENED,verification,2026-01-05T10:14:08,1767608048.0,13034.52,True,False,False,,,,,,,,,pending
bank_validation_event_log.csv,txn_0000048,bank,synthetic_bank_internal,PAYMENT_INSTRUCTION_ACCEPTED,instruction,2026-01-05T10:14:38,1767608078.0,13034.52,True,False,False,,,,,,,,,pending
bank_validation_event_log.csv,txn_0000048,bank,synthetic_bank_internal,CONDITION_VERIFIED:MILESTONE_REACHED,attestation,2026-01-05T10:18:38,1767608318.0,13034.52,True,False,False,,,,,,,,,pending
bank_validation_event_log.csv,txn_0000048,bank,synthetic_bank_internal,CONDITION_VERIFIED:INSPECTION_PASSED,attestation,2026-01-05T10:20:38,1767608438.0,13034.52,True,False,False,,,,,,,,,pending
bank_validation_event_log.csv,txn_0000048,bank,synthetic_bank_internal,LEDGER_POSTED,settlement,2026-01-05T10:23:38,1767608618.0,13034.52,False,False,False,,,,,,,,,completed
bank_validation_event_log.csv,txn_0000049,bank,synthetic_bank_internal,CASE_OPENED,init,2026-01-05T10:15:01,1767608101.0,853.03,False,False,False,,,,,,,,,pending
bank_validation_event_log.csv,txn_0000049,bank,synthetic_bank_internal,KYC_SCREENED,verification,2026-01-05T10:15:31,1767608131.0,853.03,True,False,False,,,,,,,,,pending
bank_validation_event_log.csv,txn_0000049,bank,synthetic_bank_internal,PAYMENT_INSTRUCTION_ACCEPTED,instruction,2026-01-05T10:16:01,1767608161.0,853.03,True,False,False,,,,,,,,,pending
bank_validation_event_log.csv,txn_0000049,bank,synthetic_bank_internal,CONDITION_VERIFIED:DELIVERY_CONFIRMED,attestation,2026-01-05T10:20:01,1767608401.0,853.03,True,False,False,,,,,,,,,pending
bank_validation_event_log.csv,txn_0000049,bank,synthetic_bank_internal,CONDITION_VERIFIED:INSPECTION_PASSED,attestation,2026-01-05T10:22:01,1767608521.0,853.03,True,False,False,,,,,,,,,pending
bank_validation_event_log.csv,txn_0000049,bank,synthetic_bank_internal,LEDGER_POSTED,settlement,2026-01-05T10:25:01,1767608701.0,853.03,False,False,False,,,,,,,,,completed
bank_validation_event_log.csv,txn_0000050,bank,synthetic_bank_internal,CASE_OPENED,init,2026-01-05T10:16:38,1767608198.0,9395.76,False,False,False,,,,,,,,,pending
bank_validation_event_log.csv,txn_0000050,bank,synthetic_bank_internal,KYC_SCREENED,verification,2026-01-05T10:17:08,1767608228.0,9395.76,True,False,False,,,,,,,,,pending
bank_validation_event_log.csv,txn_0000050,bank,synthetic_bank_internal,PAYMENT_INSTRUCTION_ACCEPTED,instruction,2026-01-05T10:17:38,1767608258.0,9395.76,True,False,False,,,,,,,,,pending
bank_validation_event_log.csv,txn_0000050,bank,synthetic_bank_internal,CONDITION_VERIFIED:DELIVERY_CONFIRMED,attestation,2026-01-05T10:21:38,1767608498.0,9395.76,True,False,False,,,,,,,,,pending
bank_validation_event_log.csv,txn_0000050,bank,synthetic_bank_internal,CONDITION_VERIFIED:INSPECTION_PASSED,attestation,2026-01-05T10:23:38,1767608618.0,9395.76,True,False,False,,,,,,,,,pending
bank_validation_event_log.csv,txn_0000050,bank,synthetic_bank_internal,LEDGER_POSTED,settlement,2026-01-05T10:26:38,1767608798.0,9395.76,False,False,False,,,,,,,,,completed
bank_validation_event_log.csv,txn_0000051,bank,synthetic_bank_internal,CASE_OPENED,init,2026-01-05T10:20:29,1767608429.0,5042.46,False,False,False,,,,,,,,,pending
bank_validation_event_log.csv,txn_0000051,bank,synthetic_bank_internal,KYC_SCREENED,verification,2026-01-05T10:20:59,1767608459.0,5042.46,True,False,False,,,,,,,,,pending
bank_validation_event_log.csv,txn_0000051,bank,synthetic_bank_internal,PAYMENT_INSTRUCTION_ACCEPTED,instruction,2026-01-05T10:21:29,1767608489.0,5042.46,True,False,False,,,,,,,,,pending
bank_validation_event_log.csv,txn_0000051,bank,synthetic_bank_internal,CONDITION_VERIFIED:INVOICE_APPROVED,attestation,2026-01-05T10:25:29,1767608729.0,5042.46,True,False,False,,,,,,,,,pending
bank_validation_event_log.csv,txn_0000051,bank,synthetic_bank_internal,CONDITION_VERIFIED:DELIVERY_CONFIRMED,attestation,2026-01-05T10:27:29,1767608849.0,5042.46,True,False,False,,,,,,,,,pending
bank_validation_event_log.csv,txn_0000051,bank,synthetic_bank_internal,LEDGER_POSTED,settlement,2026-01-05T10:30:29,1767609029.0,5042.46,False,False,False,,,,,,,,,completed
bank_validation_event_log.csv,txn_0000052,bank,synthetic_bank_internal,CASE_OPENED,init,2026-01-05T10:24:17,1767608657.0,1005.79,False,False,False,,,,,,,,,pending
bank_validation_event_log.csv,txn_0000052,bank,synthetic_bank_internal,KYC_SCREENED,verification,2026-01-05T10:24:47,1767608687.0,1005.79,True,False,False,,,,,,,,,pending
bank_validation_event_log.csv,txn_0000052,bank,synthetic_bank_internal,PAYMENT_INSTRUCTION_ACCEPTED,instruction,2026-01-05T10:25:17,1767608717.0,1005.79,True,False,False,,,,,,,,,pending
bank_validation_event_log.csv,txn_0000052,bank,synthetic_bank_internal,CONDITION_VERIFIED:MILESTONE_REACHED,attestation,2026-01-05T10:29:17,1767608957.0,1005.79,True,False,False,,,,,,,,,pending
bank_validation_event_log.csv,txn_0000052,bank,synthetic_bank_internal,CONDITION_VERIFIED:INSPECTION_PASSED,attestation,2026-01-05T10:31:17,1767609077.0,1005.79,True,False,False,,,,,,,,,pending
bank_validation_event_log.csv,txn_0000052,bank,synthetic_bank_internal,LEDGER_POSTED,settlement,2026-01-05T10:34:17,1767609257.0,1005.79,False,False,False,,,,,,,,,completed
bank_validation_event_log.csv,txn_0000053,bank,synthetic_bank_internal,CASE_OPENED,init,2026-01-05T10:24:25,1767608665.0,7637.88,False,False,False,,,,,,,,,pending
bank_validation_event_log.csv,txn_0000053,bank,synthetic_bank_internal,KYC_SCREENED,verification,2026-01-05T10:24:55,1767608695.0,7637.88,True,False,False,,,,,,,,,pending
bank_validation_event_log.csv,txn_0000053,bank,synthetic_bank_internal,PAYMENT_INSTRUCTION_ACCEPTED,instruction,2026-01-05T10:25:25,1767608725.0,7637.88,True,False,False,,,,,,,,,pending
bank_validation_event_log.csv,txn_0000053,bank,synthetic_bank_internal,MANUAL_REVIEW,verification,2026-01-05T10:29:25,1767608965.0,7637.88,True,True,False,,,,,,,,,pending
bank_validation_event_log.csv,txn_0000053,bank,synthetic_bank_internal,DISPUTE_RAISED,exception,2026-01-05T10:39:25,1767609565.0,7637.88,True,True,True,,,,,,,,,disputed
bank_validation_event_log.csv,txn_0000054,bank,synthetic_bank_internal,CASE_OPENED,init,2026-01-05T10:25:55,1767608755.0,2149.56,False,False,False,,,,,,,,,pending
bank_validation_event_log.csv,txn_0000054,bank,synthetic_bank_internal,KYC_SCREENED,verification,2026-01-05T10:26:25,1767608785.0,2149.56,True,False,False,,,,,,,,,pending
bank_validation_event_log.csv,txn_0000054,bank,synthetic_bank_internal,PAYMENT_INSTRUCTION_ACCEPTED,instruction,2026-01-05T10:26:55,1767608815.0,2149.56,True,False,False,,,,,,,,,pending
bank_validation_event_log.csv,txn_0000054,bank,synthetic_bank_internal,CONDITION_VERIFIED:INVOICE_APPROVED,attestation,2026-01-05T10:30:55,1767609055.0,2149.56,True,False,False,,,,,,,,,pending
bank_validation_event_log.csv,txn_0000054,bank,synthetic_bank_internal,CONDITION_VERIFIED:DELIVERY_CONFIRMED,attestation,2026-01-05T10:32:55,1767609175.0,2149.56,True,False,False,,,,,,,,,pending
bank_validation_event_log.csv,txn_0000054,bank,synthetic_bank_internal,LEDGER_POSTED,settlement,2026-01-05T10:35:55,1767609355.0,2149.56,False,False,False,,,,,,,,,completed
bank_validation_event_log.csv,txn_0000055,bank,synthetic_bank_internal,CASE_OPENED,init,2026-01-05T10:26:49,1767608809.0,1141.03,False,False,False,,,,,,,,,pending
bank_validation_event_log.csv,txn_0000055,bank,synthetic_bank_internal,KYC_SCREENED,verification,2026-01-05T10:27:19,1767608839.0,1141.03,True,False,False,,,,,,,,,pending
bank_validation_event_log.csv,txn_0000055,bank,synthetic_bank_internal,PAYMENT_INSTRUCTION_ACCEPTED,instruction,2026-01-05T10:27:49,1767608869.0,1141.03,True,False,False,,,,,,,,,pending
bank_validation_event_log.csv,txn_0000055,bank,synthetic_bank_internal,CONDITION_VERIFIED:DELIVERY_CONFIRMED,attestation,2026-01-05T10:31:49,1767609109.0,1141.03,True,False,False,,,,,,,,,pending
bank_validation_event_log.csv,txn_0000055,bank,synthetic_bank_internal,CONDITION_VERIFIED:INSPECTION_PASSED,attestation,2026-01-05T10:33:49,1767609229.0,1141.03,True,False,False,,,,,,,,,pending
bank_validation_event_log.csv,txn_0000055,bank,synthetic_bank_internal,LEDGER_POSTED,settlement,2026-01-05T10:36:49,1767609409.0,1141.03,False,False,False,,,,,,,,,completed
bank_validation_event_log.csv,txn_0000056,bank,synthetic_bank_internal,CASE_OPENED,init,2026-01-05T10:28:17,1767608897.0,992.57,False,False,False,,,,,,,,,pending
bank_validation_event_log.csv,txn_0000056,bank,synthetic_bank_internal,KYC_SCREENED,verification,2026-01-05T10:28:47,1767608927.0,992.57,True,False,False,,,,,,,,,pending
bank_validation_event_log.csv,txn_0000056,bank,synthetic_bank_internal,PAYMENT_INSTRUCTION_ACCEPTED,instruction,2026-01-05T10:29:17,1767608957.0,992.57,True,False,False,,,,,,,,,pending
bank_validation_event_log.csv,txn_0000056,bank,synthetic_bank_internal,CONDITION_VERIFIED:DELIVERY_CONFIRMED,attestation,2026-01-05T10:33:17,1767609197.0,992.57,True,False,False,,,,,,,,,pending
bank_validation_event_log.csv,txn_0000056,bank,synthetic_bank_internal,CONDITION_VERIFIED:INSPECTION_PASSED,attestation,2026-01-05T10:35:17,1767609317.0,992.57,True,False,False,,,,,,,,,pending
bank_validation_event_log.csv,txn_0000056,bank,synthetic_bank_internal,LEDGER_POSTED,settlement,2026-01-05T10:38:17,1767609497.0,992.57,False,False,False,,,,,,,,,completed
bank_validation_event_log.csv,txn_0000057,bank,synthetic_bank_internal,CASE_OPENED,init,2026-01-05T10:28:18,1767608898.0,1393.4,False,False,False,,,,,,,,,pending
bank_validation_event_log.csv,txn_0000057,bank,synthetic_bank_internal,KYC_SCREENED,verification,2026-01-05T10:28:48,1767608928.0,1393.4,True,False,False,,,,,,,,,pending
bank_validation_event_log.csv,txn_0000057,bank,synthetic_bank_internal,PAYMENT_INSTRUCTION_ACCEPTED,instruction,2026-01-05T10:29:18,1767608958.0,1393.4,True,False,False,,,,,,,,,pending
bank_validation_event_log.csv,txn_0000057,bank,synthetic_bank_internal,CONDITION_VERIFIED:SERVICE_COMPLETED,attestation,2026-01-05T10:33:18,1767609198.0,1393.4,True,False,False,,,,,,,,,pending
bank_validation_event_log.csv,txn_0000057,bank,synthetic_bank_internal,CONDITION_VERIFIED:INVOICE_APPROVED,attestation,2026-01-05T10:35:18,1767609318.0,1393.4,True,False,False,,,,,,,,,pending
bank_validation_event_log.csv,txn_0000057,bank,synthetic_bank_internal,LEDGER_POSTED,settlement,2026-01-05T10:38:18,1767609498.0,1393.4,False,False,False,,,,,,,,,completed
bank_validation_event_log.csv,txn_0000058,bank,synthetic_bank_internal,CASE_OPENED,init,2026-01-05T10:34:11,1767609251.0,4852.33,False,False,False,,,,,,,,,pending
bank_validation_event_log.csv,txn_0000058,bank,synthetic_bank_internal,KYC_SCREENED,verification,2026-01-05T10:34:41,1767609281.0,4852.33,True,False,False,,,,,,,,,pending
bank_validation_event_log.csv,txn_0000058,bank,synthetic_bank_internal,PAYMENT_INSTRUCTION_ACCEPTED,instruction,2026-01-05T10:35:11,1767609311.0,4852.33,True,False,False,,,,,,,,,pending
bank_validation_event_log.csv,txn_0000058,bank,synthetic_bank_internal,CONDITION_VERIFIED:SERVICE_COMPLETED,attestation,2026-01-05T10:39:11,1767609551.0,4852.33,True,False,False,,,,,,,,,pending
bank_validation_event_log.csv,txn_0000058,bank,synthetic_bank_internal,CONDITION_VERIFIED:INVOICE_APPROVED,attestation,2026-01-05T10:41:11,1767609671.0,4852.33,True,False,False,,,,,,,,,pending
bank_validation_event_log.csv,txn_0000058,bank,synthetic_bank_internal,LEDGER_POSTED,settlement,2026-01-05T10:44:11,1767609851.0,4852.33,False,False,False,,,,,,,,,completed
bank_validation_event_log.csv,txn_0000059,bank,synthetic_bank_internal,CASE_OPENED,init,2026-01-05T10:34:38,1767609278.0,217.65,False,False,False,,,,,,,,,pending
bank_validation_event_log.csv,txn_0000059,bank,synthetic_bank_internal,KYC_SCREENED,verification,2026-01-05T10:35:08,1767609308.0,217.65,True,False,False,,,,,,,,,pending
bank_validation_event_log.csv,txn_0000059,bank,synthetic_bank_internal,PAYMENT_INSTRUCTION_ACCEPTED,instruction,2026-01-05T10:35:38,1767609338.0,217.65,True,False,False,,,,,,,,,pending
bank_validation_event_log.csv,txn_0000059,bank,synthetic_bank_internal,MANUAL_REVIEW,verification,2026-01-05T10:39:38,1767609578.0,217.65,True,True,False,,,,,,,,,pending
bank_validation_event_log.csv,txn_0000059,bank,synthetic_bank_internal,CONDITION_VERIFIED:INVOICE_APPROVED,attestation,2026-01-05T10:51:38,1767610298.0,217.65,True,False,False,,,,,,,,,pending
bank_validation_event_log.csv,txn_0000059,bank,synthetic_bank_internal,CONDITION_VERIFIED:DELIVERY_CONFIRMED,attestation,2026-01-05T10:53:38,1767610418.0,217.65,True,False,False,,,,,,,,,pending
bank_validation_event_log.csv,txn_0000059,bank,synthetic_bank_internal,LEDGER_POSTED,settlement,2026-01-05T10:56:38,1767610598.0,217.65,False,False,False,,,,,,,,,completed
bank_validation_event_log.csv,txn_0000060,bank,synthetic_bank_internal,CASE_OPENED,init,2026-01-05T10:37:41,1767609461.0,5544.5,False,False,False,,,,,,,,,pending
bank_validation_event_log.csv,txn_0000060,bank,synthetic_bank_internal,KYC_SCREENED,verification,2026-01-05T10:38:11,1767609491.0,5544.5,True,False,False,,,,,,,,,pending
bank_validation_event_log.csv,txn_0000060,bank,synthetic_bank_internal,PAYMENT_INSTRUCTION_ACCEPTED,instruction,2026-01-05T10:38:41,1767609521.0,5544.5,True,False,False,,,,,,,,,pending
bank_validation_event_log.csv,txn_0000060,bank,synthetic_bank_internal,CONDITION_VERIFIED:DELIVERY_CONFIRMED,attestation,2026-01-05T10:42:41,1767609761.0,5544.5,True,False,False,,,,,,,,,pending
bank_validation_event_log.csv,txn_0000060,bank,synthetic_bank_internal,CONDITION_VERIFIED:INSPECTION_PASSED,attestation,2026-01-05T10:44:41,1767609881.0,5544.5,True,False,False,,,,,,,,,pending
bank_validation_event_log.csv,txn_0000060,bank,synthetic_bank_internal,LEDGER_POSTED,settlement,2026-01-05T10:47:41,1767610061.0,5544.5,False,False,False,,,,,,,,,completed
bank_validation_event_log.csv,txn_0000061,bank,synthetic_bank_internal,CASE_OPENED,init,2026-01-05T10:38:42,1767609522.0,14006.55,False,False,False,,,,,,,,,pending
bank_validation_event_log.csv,txn_0000061,bank,synthetic_bank_internal,KYC_SCREENED,verification,2026-01-05T10:39:12,1767609552.0,14006.55,True,False,False,,,,,,,,,pending
bank_validation_event_log.csv,txn_0000061,bank,synthetic_bank_internal,PAYMENT_INSTRUCTION_ACCEPTED,instruction,2026-01-05T10:39:42,1767609582.0,14006.55,True,False,False,,,,,,,,,pending
bank_validation_event_log.csv,txn_0000061,bank,synthetic_bank_internal,CONDITION_VERIFIED:MILESTONE_REACHED,attestation,2026-01-05T10:43:42,1767609822.0,14006.55,True,False,False,,,,,,,,,pending
bank_validation_event_log.csv,txn_0000061,bank,synthetic_bank_internal,CONDITION_VERIFIED:INSPECTION_PASSED,attestation,2026-01-05T10:45:42,1767609942.0,14006.55,True,False,False,,,,,,,,,pending
bank_validation_event_log.csv,txn_0000061,bank,synthetic_bank_internal,LEDGER_POSTED,settlement,2026-01-05T10:48:42,1767610122.0,14006.55,False,False,False,,,,,,,,,completed
bank_validation_event_log.csv,txn_0000062,bank,synthetic_bank_internal,CASE_OPENED,init,2026-01-05T10:38:48,1767609528.0,1528.37,False,False,False,,,,,,,,,pending
bank_validation_event_log.csv,txn_0000062,bank,synthetic_bank_internal,KYC_SCREENED,verification,2026-01-05T10:39:18,1767609558.0,1528.37,True,False,False,,,,,,,,,pending
bank_validation_event_log.csv,txn_0000062,bank,synthetic_bank_internal,PAYMENT_INSTRUCTION_ACCEPTED,instruction,2026-01-05T10:39:48,1767609588.0,1528.37,True,False,False,,,,,,,,,pending
bank_validation_event_log.csv,txn_0000062,bank,synthetic_bank_internal,MANUAL_REVIEW,verification,2026-01-05T10:43:48,1767609828.0,1528.37,True,True,False,,,,,,,,,pending
bank_validation_event_log.csv,txn_0000062,bank,synthetic_bank_internal,CONDITION_VERIFIED:DELIVERY_CONFIRMED,attestation,2026-01-05T10:55:48,1767610548.0,1528.37,True,False,False,,,,,,,,,pending
bank_validation_event_log.csv,txn_0000062,bank,synthetic_bank_internal,CONDITION_VERIFIED:INSPECTION_PASSED,attestation,2026-01-05T10:57:48,1767610668.0,1528.37,True,False,False,,,,,,,,,pending
bank_validation_event_log.csv,txn_0000062,bank,synthetic_bank_internal,LEDGER_POSTED,settlement,2026-01-05T11:00:48,1767610848.0,1528.37,False,False,False,,,,,,,,,completed
bank_validation_event_log.csv,txn_0000063,bank,synthetic_bank_internal,CASE_OPENED,init,2026-01-05T10:38:51,1767609531.0,10424.19,False,False,False,,,,,,,,,pending
bank_validation_event_log.csv,txn_0000063,bank,synthetic_bank_internal,KYC_SCREENED,verification,2026-01-05T10:39:21,1767609561.0,10424.19,True,False,False,,,,,,,,,pending
bank_validation_event_log.csv,txn_0000063,bank,synthetic_bank_internal,PAYMENT_INSTRUCTION_ACCEPTED,instruction,2026-01-05T10:39:51,1767609591.0,10424.19,True,False,False,,,,,,,,,pending
bank_validation_event_log.csv,txn_0000063,bank,synthetic_bank_internal,CONDITION_VERIFIED:SERVICE_COMPLETED,attestation,2026-01-05T10:43:51,1767609831.0,10424.19,True,False,False,,,,,,,,,pending
bank_validation_event_log.csv,txn_0000063,bank,synthetic_bank_internal,CONDITION_VERIFIED:INVOICE_APPROVED,attestation,2026-01-05T10:45:51,1767609951.0,10424.19,True,False,False,,,,,,,,,pending
bank_validation_event_log.csv,txn_0000063,bank,synthetic_bank_internal,LEDGER_POSTED,settlement,2026-01-05T10:48:51,1767610131.0,10424.19,False,False,False,,,,,,,,,completed
bank_validation_event_log.csv,txn_0000064,bank,synthetic_bank_internal,CASE_OPENED,init,2026-01-05T10:38:53,1767609533.0,1766.43,False,False,False,,,,,,,,,pending
bank_validation_event_log.csv,txn_0000064,bank,synthetic_bank_internal,KYC_SCREENED,verification,2026-01-05T10:39:23,1767609563.0,1766.43,True,False,False,,,,,,,,,pending
bank_validation_event_log.csv,txn_0000064,bank,synthetic_bank_internal,PAYMENT_INSTRUCTION_ACCEPTED,instruction,2026-01-05T10:39:53,1767609593.0,1766.43,True,False,False,,,,,,,,,pending
bank_validation_event_log.csv,txn_0000064,bank,synthetic_bank_internal,MANUAL_REVIEW,verification,2026-01-05T10:43:53,1767609833.0,1766.43,True,True,False,,,,,,,,,pending
bank_validation_event_log.csv,txn_0000064,bank,synthetic_bank_internal,CONDITION_VERIFIED:DELIVERY_CONFIRMED,attestation,2026-01-05T10:55:53,1767610553.0,1766.43,True,False,False,,,,,,,,,pending
bank_validation_event_log.csv,txn_0000064,bank,synthetic_bank_internal,CONDITION_VERIFIED:INSPECTION_PASSED,attestation,2026-01-05T10:57:53,1767610673.0,1766.43,True,False,False,,,,,,,,,pending
bank_validation_event_log.csv,txn_0000064,bank,synthetic_bank_internal,LEDGER_POSTED,settlement,2026-01-05T11:00:53,1767610853.0,1766.43,False,False,False,,,,,,,,,completed
bank_validation_event_log.csv,txn_0000065,bank,synthetic_bank_internal,CASE_OPENED,init,2026-01-05T10:39:54,1767609594.0,15744.3,False,False,False,,,,,,,,,pending
bank_validation_event_log.csv,txn_0000065,bank,synthetic_bank_internal,KYC_SCREENED,verification,2026-01-05T10:40:24,1767609624.0,15744.3,True,False,False,,,,,,,,,pending
bank_validation_event_log.csv,txn_0000065,bank,synthetic_bank_internal,PAYMENT_INSTRUCTION_ACCEPTED,instruction,2026-01-05T10:40:54,1767609654.0,15744.3,True,False,False,,,,,,,,,pending
bank_validation_event_log.csv,txn_0000065,bank,synthetic_bank_internal,CONDITION_VERIFIED:INVOICE_APPROVED,attestation,2026-01-05T10:44:54,1767609894.0,15744.3,True,False,False,,,,,,,,,pending
bank_validation_event_log.csv,txn_0000065,bank,synthetic_bank_internal,CONDITION_VERIFIED:DELIVERY_CONFIRMED,attestation,2026-01-05T10:46:54,1767610014.0,15744.3,True,False,False,,,,,,,,,pending
bank_validation_event_log.csv,txn_0000065,bank,synthetic_bank_internal,LEDGER_POSTED,settlement,2026-01-05T10:49:54,1767610194.0,15744.3,False,False,False,,,,,,,,,completed
bank_validation_event_log.csv,txn_0000066,bank,synthetic_bank_internal,CASE_OPENED,init,2026-01-05T10:42:46,1767609766.0,2224.59,False,False,False,,,,,,,,,pending
bank_validation_event_log.csv,txn_0000066,bank,synthetic_bank_internal,KYC_SCREENED,verification,2026-01-05T10:43:16,1767609796.0,2224.59,True,False,False,,,,,,,,,pending
bank_validation_event_log.csv,txn_0000066,bank,synthetic_bank_internal,PAYMENT_INSTRUCTION_ACCEPTED,instruction,2026-01-05T10:43:46,1767609826.0,2224.59,True,False,False,,,,,,,,,pending
bank_validation_event_log.csv,txn_0000066,bank,synthetic_bank_internal,CONDITION_VERIFIED:INVOICE_APPROVED,attestation,2026-01-05T10:47:46,1767610066.0,2224.59,True,False,False,,,,,,,,,pending
bank_validation_event_log.csv,txn_0000066,bank,synthetic_bank_internal,CONDITION_VERIFIED:DELIVERY_CONFIRMED,attestation,2026-01-05T10:49:46,1767610186.0,2224.59,True,False,False,,,,,,,,,pending
bank_validation_event_log.csv,txn_0000066,bank,synthetic_bank_internal,LEDGER_POSTED,settlement,2026-01-05T10:52:46,1767610366.0,2224.59,False,False,False,,,,,,,,,completed
bank_validation_event_log.csv,txn_0000067,bank,synthetic_bank_internal,CASE_OPENED,init,2026-01-05T10:45:00,1767609900.0,39806.79,False,False,False,,,,,,,,,pending
bank_validation_event_log.csv,txn_0000067,bank,synthetic_bank_internal,KYC_SCREENED,verification,2026-01-05T10:45:30,1767609930.0,39806.79,True,False,False,,,,,,,,,pending
bank_validation_event_log.csv,txn_0000067,bank,synthetic_bank_internal,PAYMENT_INSTRUCTION_ACCEPTED,instruction,2026-01-05T10:46:00,1767609960.0,39806.79,True,False,False,,,,,,,,,pending
bank_validation_event_log.csv,txn_0000067,bank,synthetic_bank_internal,MANUAL_REVIEW,verification,2026-01-05T10:50:00,1767610200.0,39806.79,True,True,False,,,,,,,,,pending
bank_validation_event_log.csv,txn_0000067,bank,synthetic_bank_internal,CONDITION_VERIFIED:INVOICE_APPROVED,attestation,2026-01-05T10:50:00,1767610200.0,39806.79,True,False,False,,,,,,,,,pending
bank_validation_event_log.csv,txn_0000067,bank,synthetic_bank_internal,CONDITION_VERIFIED:DELIVERY_CONFIRMED,attestation,2026-01-05T10:52:00,1767610320.0,39806.79,True,False,False,,,,,,,,,pending
bank_validation_event_log.csv,txn_0000067,bank,synthetic_bank_internal,LEDGER_POSTED,settlement,2026-01-05T10:55:00,1767610500.0,39806.79,False,False,False,,,,,,,,,completed
bank_validation_event_log.csv,txn_0000068,bank,synthetic_bank_internal,CASE_OPENED,init,2026-01-05T10:45:33,1767609933.0,324.9,False,False,False,,,,,,,,,pending
bank_validation_event_log.csv,txn_0000068,bank,synthetic_bank_internal,KYC_SCREENED,verification,2026-01-05T10:46:03,1767609963.0,324.9,True,False,False,,,,,,,,,pending
bank_validation_event_log.csv,txn_0000068,bank,synthetic_bank_internal,PAYMENT_INSTRUCTION_ACCEPTED,instruction,2026-01-05T10:46:33,1767609993.0,324.9,True,False,False,,,,,,,,,pending
bank_validation_event_log.csv,txn_0000068,bank,synthetic_bank_internal,CONDITION_VERIFIED:MILESTONE_REACHED,attestation,2026-01-05T10:50:33,1767610233.0,324.9,True,False,False,,,,,,,,,pending
bank_validation_event_log.csv,txn_0000068,bank,synthetic_bank_internal,CONDITION_VERIFIED:INSPECTION_PASSED,attestation,2026-01-05T10:52:33,1767610353.0,324.9,True,False,False,,,,,,,,,pending
bank_validation_event_log.csv,txn_0000068,bank,synthetic_bank_internal,LEDGER_POSTED,settlement,2026-01-05T10:55:33,1767610533.0,324.9,False,False,False,,,,,,,,,completed
bank_validation_event_log.csv,txn_0000069,bank,synthetic_bank_internal,CASE_OPENED,init,2026-01-05T10:48:12,1767610092.0,16656.35,False,False,False,,,,,,,,,pending
bank_validation_event_log.csv,txn_0000069,bank,synthetic_bank_internal,KYC_SCREENED,verification,2026-01-05T10:48:42,1767610122.0,16656.35,True,False,False,,,,,,,,,pending
bank_validation_event_log.csv,txn_0000069,bank,synthetic_bank_internal,PAYMENT_INSTRUCTION_ACCEPTED,instruction,2026-01-05T10:49:12,1767610152.0,16656.35,True,False,False,,,,,,,,,pending
bank_validation_event_log.csv,txn_0000069,bank,synthetic_bank_internal,CONDITION_VERIFIED:INVOICE_APPROVED,attestation,2026-01-05T10:53:12,1767610392.0,16656.35,True,False,False,,,,,,,,,pending
bank_validation_event_log.csv,txn_0000069,bank,synthetic_bank_internal,CONDITION_VERIFIED:DELIVERY_CONFIRMED,attestation,2026-01-05T10:55:12,1767610512.0,16656.35,True,False,False,,,,,,,,,pending
bank_validation_event_log.csv,txn_0000069,bank,synthetic_bank_internal,LEDGER_POSTED,settlement,2026-01-05T10:58:12,1767610692.0,16656.35,False,False,False,,,,,,,,,completed
bank_validation_event_log.csv,txn_0000070,bank,synthetic_bank_internal,CASE_OPENED,init,2026-01-05T10:53:19,1767610399.0,6946.45,False,False,False,,,,,,,,,pending
bank_validation_event_log.csv,txn_0000070,bank,synthetic_bank_internal,KYC_SCREENED,verification,2026-01-05T10:53:49,1767610429.0,6946.45,True,False,False,,,,,,,,,pending
bank_validation_event_log.csv,txn_0000070,bank,synthetic_bank_internal,PAYMENT_INSTRUCTION_ACCEPTED,instruction,2026-01-05T10:54:19,1767610459.0,6946.45,True,False,False,,,,,,,,,pending
bank_validation_event_log.csv,txn_0000070,bank,synthetic_bank_internal,CONDITION_VERIFIED:MILESTONE_REACHED,attestation,2026-01-05T10:58:19,1767610699.0,6946.45,True,False,False,,,,,,,,,pending
bank_validation_event_log.csv,txn_0000070,bank,synthetic_bank_internal,CONDITION_VERIFIED:INSPECTION_PASSED,attestation,2026-01-05T11:00:19,1767610819.0,6946.45,True,False,False,,,,,,,,,pending
bank_validation_event_log.csv,txn_0000070,bank,synthetic_bank_internal,LEDGER_POSTED,settlement,2026-01-05T11:03:19,1767610999.0,6946.45,False,False,False,,,,,,,,,completed
bank_validation_event_log.csv,txn_0000071,bank,synthetic_bank_internal,CASE_OPENED,init,2026-01-05T10:54:16,1767610456.0,3789.63,False,False,False,,,,,,,,,pending
bank_validation_event_log.csv,txn_0000071,bank,synthetic_bank_internal,KYC_SCREENED,verification,2026-01-05T10:54:46,1767610486.0,3789.63,True,False,False,,,,,,,,,pending
bank_validation_event_log.csv,txn_0000071,bank,synthetic_bank_internal,PAYMENT_INSTRUCTION_ACCEPTED,instruction,2026-01-05T10:55:16,1767610516.0,3789.63,True,False,False,,,,,,,,,pending
bank_validation_event_log.csv,txn_0000071,bank,synthetic_bank_internal,CONDITION_VERIFIED:INVOICE_APPROVED,attestation,2026-01-05T10:59:16,1767610756.0,3789.63,True,False,False,,,,,,,,,pending
bank_validation_event_log.csv,txn_0000071,bank,synthetic_bank_internal,CONDITION_VERIFIED:DELIVERY_CONFIRMED,attestation,2026-01-05T11:01:16,1767610876.0,3789.63,True,False,False,,,,,,,,,pending
bank_validation_event_log.csv,txn_0000071,bank,synthetic_bank_internal,LEDGER_POSTED,settlement,2026-01-05T11:04:16,1767611056.0,3789.63,False,False,False,,,,,,,,,completed
bank_validation_event_log.csv,txn_0000072,bank,synthetic_bank_internal,CASE_OPENED,init,2026-01-05T10:55:10,1767610510.0,847.15,False,False,False,,,,,,,,,pending
bank_validation_event_log.csv,txn_0000072,bank,synthetic_bank_internal,KYC_SCREENED,verification,2026-01-05T10:55:40,1767610540.0,847.15,True,False,False,,,,,,,,,pending
bank_validation_event_log.csv,txn_0000072,bank,synthetic_bank_internal,PAYMENT_INSTRUCTION_ACCEPTED,instruction,2026-01-05T10:56:10,1767610570.0,847.15,True,False,False,,,,,,,,,pending
bank_validation_event_log.csv,txn_0000072,bank,synthetic_bank_internal,CONDITION_VERIFIED:DELIVERY_CONFIRMED,attestation,2026-01-05T11:00:10,1767610810.0,847.15,True,False,False,,,,,,,,,pending
bank_validation_event_log.csv,txn_0000072,bank,synthetic_bank_internal,CONDITION_VERIFIED:INSPECTION_PASSED,attestation,2026-01-05T11:02:10,1767610930.0,847.15,True,False,False,,,,,,,,,pending
bank_validation_event_log.csv,txn_0000072,bank,synthetic_bank_internal,LEDGER_POSTED,settlement,2026-01-05T11:05:10,1767611110.0,847.15,False,False,False,,,,,,,,,completed
bank_validation_event_log.csv,txn_0000073,bank,synthetic_bank_internal,CASE_OPENED,init,2026-01-05T10:55:32,1767610532.0,7898.0,False,False,False,,,,,,,,,pending
bank_validation_event_log.csv,txn_0000073,bank,synthetic_bank_internal,KYC_SCREENED,verification,2026-01-05T10:56:02,1767610562.0,7898.0,True,False,False,,,,,,,,,pending
bank_validation_event_log.csv,txn_0000073,bank,synthetic_bank_internal,PAYMENT_INSTRUCTION_ACCEPTED,instruction,2026-01-05T10:56:32,1767610592.0,7898.0,True,False,False,,,,,,,,,pending
bank_validation_event_log.csv,txn_0000073,bank,synthetic_bank_internal,CONDITION_VERIFIED:MILESTONE_REACHED,attestation,2026-01-05T11:00:32,1767610832.0,7898.0,True,False,False,,,,,,,,,pending
bank_validation_event_log.csv,txn_0000073,bank,synthetic_bank_internal,CONDITION_VERIFIED:INSPECTION_PASSED,attestation,2026-01-05T11:02:32,1767610952.0,7898.0,True,False,False,,,,,,,,,pending
bank_validation_event_log.csv,txn_0000073,bank,synthetic_bank_internal,LEDGER_POSTED,settlement,2026-01-05T11:05:32,1767611132.0,7898.0,False,False,False,,,,,,,,,completed
bank_validation_event_log.csv,txn_0000074,bank,synthetic_bank_internal,CASE_OPENED,init,2026-01-05T10:55:36,1767610536.0,1940.41,False,False,False,,,,,,,,,pending
bank_validation_event_log.csv,txn_0000074,bank,synthetic_bank_internal,KYC_SCREENED,verification,2026-01-05T10:56:06,1767610566.0,1940.41,True,False,False,,,,,,,,,pending
bank_validation_event_log.csv,txn_0000074,bank,synthetic_bank_internal,PAYMENT_INSTRUCTION_ACCEPTED,instruction,2026-01-05T10:56:36,1767610596.0,1940.41,True,False,False,,,,,,,,,pending
bank_validation_event_log.csv,txn_0000074,bank,synthetic_bank_internal,CONDITION_VERIFIED:INVOICE_APPROVED,attestation,2026-01-05T11:00:36,1767610836.0,1940.41,True,False,False,,,,,,,,,pending
bank_validation_event_log.csv,txn_0000074,bank,synthetic_bank_internal,CONDITION_VERIFIED:DELIVERY_CONFIRMED,attestation,2026-01-05T11:02:36,1767610956.0,1940.41,True,False,False,,,,,,,,,pending
bank_validation_event_log.csv,txn_0000074,bank,synthetic_bank_internal,LEDGER_POSTED,settlement,2026-01-05T11:05:36,1767611136.0,1940.41,False,False,False,,,,,,,,,completed
bank_validation_event_log.csv,txn_0000075,bank,synthetic_bank_internal,CASE_OPENED,init,2026-01-05T10:56:05,1767610565.0,28961.66,False,False,False,,,,,,,,,pending
bank_validation_event_log.csv,txn_0000075,bank,synthetic_bank_internal,KYC_SCREENED,verification,2026-01-05T10:56:35,1767610595.0,28961.66,True,False,False,,,,,,,,,pending
bank_validation_event_log.csv,txn_0000075,bank,synthetic_bank_internal,PAYMENT_INSTRUCTION_ACCEPTED,instruction,2026-01-05T10:57:05,1767610625.0,28961.66,True,False,False,,,,,,,,,pending
bank_validation_event_log.csv,txn_0000075,bank,synthetic_bank_internal,MANUAL_REVIEW,verification,2026-01-05T11:01:05,1767610865.0,28961.66,True,True,False,,,,,,,,,pending
bank_validation_event_log.csv,txn_0000075,bank,synthetic_bank_internal,CONDITION_VERIFIED:MILESTONE_REACHED,attestation,2026-01-05T11:01:05,1767610865.0,28961.66,True,False,False,,,,,,,,,pending
bank_validation_event_log.csv,txn_0000075,bank,synthetic_bank_internal,CONDITION_VERIFIED:INSPECTION_PASSED,attestation,2026-01-05T11:03:05,1767610985.0,28961.66,True,False,False,,,,,,,,,pending
bank_validation_event_log.csv,txn_0000075,bank,synthetic_bank_internal,LEDGER_POSTED,settlement,2026-01-05T11:06:05,1767611165.0,28961.66,False,False,False,,,,,,,,,completed
