timestamp,risk_label,transaction_id,sender_id,sender_country,amount_usd,beneficiary_id,beneficiary_country,transaction_type,source_dataset,record_type,exception_signal,system_type,provenance
07/01/2022 5:05,GOOD,T-44196-10,JPMC-BILLING-COMPANY-44063-10,USA,2343.01,JPMC-CLIENT-44060-10,USA,WIRE,jpm_aml,compliance_transaction,FALSE,banking,synthetic_research
07/01/2022 6:13,GOOD,T-2282188-04,JPMC-CLIENT-2282061-04,USA,141.81,BILLING-COMPANY-2282064-04,USA,PAYMENT,jpm_aml,compliance_transaction,FALSE,banking,synthetic_research
07/01/2022 10:33,GOOD,T-235288-02,JPMC-CLIENT-235087-02,USA,0,CUSTOMER-235094-02,USA,KYC-ADD-ACCOUNT-OWNER,jpm_aml,compliance_transaction,FALSE,banking,synthetic_research
07/01/2022 14:53,GOOD,T-1753245-04,,,0,COMPANY-1753015-04,USA,KYC-CREATE-ACCOUNT,jpm_aml,compliance_transaction,FALSE,banking,synthetic_research
07/01/2022 15:19,GOOD,T-1420974-10,,,0,CUSTOMER-1420879-10,USA,KYC-CREATE-ACCOUNT,jpm_aml,compliance_transaction,FALSE,banking,synthetic_research
07/01/2022 19:44,GOOD,T-1072740-10,,,0,CUSTOMER-1072628-10,USA,KYC-CREATE-ACCOUNT,jpm_aml,compliance_transaction,FALSE,banking,synthetic_research
07/01/2022 23:55,GOOD,T-1402269-06,COMPANY-1402060-06,USA,0,JPMC-CLIENT-1402055-06,USA,KYC-ADD-ACCOUNT-OWNER,jpm_aml,compliance_transaction,FALSE,banking,synthetic_research
08/01/2022 1:38,GOOD,T-35679-03,JPMC-CLIENT-35513-03,USA,792.34,JPMC-BILLING-COMPANY-35516-03,USA,PAYMENT,jpm_aml,compliance_transaction,FALSE,banking,synthetic_research
08/01/2022 2:25,GOOD,T-115521-09,BILLING-COMPANY-115352-09,USA,1307.2101,JPMC-CLIENT-115349-09,USA,WIRE,jpm_aml,compliance_transaction,FALSE,banking,synthetic_research
08/01/2022 6:45,GOOD,T-1613902-04,COMPANY-1613730-04,USA,3829.56,JPMC-CLIENT-1613722-04,USA,WIRE,jpm_aml,compliance_transaction,FALSE,banking,synthetic_research
08/01/2022 12:48,GOOD,T-243692-01,JPMC-CLIENT-243528-01,USA,480.74,JPMC-BILLING-COMPANY-243531-01,USA,PAYMENT,jpm_aml,compliance_transaction,FALSE,banking,synthetic_research
08/01/2022 12:56,GOOD,T-958337-11,JPMC-CLIENT-958050-11,USA,3539.67,,,WITHDRAWL,jpm_aml,compliance_transaction,FALSE,banking,synthetic_research
08/01/2022 18:12,GOOD,T-243632-10,JPMC-CLIENT-243444-10,USA,101.46,JPMC-BILLING-COMPANY-243447-10,USA,PAYMENT,jpm_aml,compliance_transaction,FALSE,banking,synthetic_research
08/01/2022 18:16,GOOD,T-410164-11,JPMC-CLIENT-409930-11,UNITED-KINGDOM,5632.07,CHECKING-409943-11,,WIRE,jpm_aml,compliance_transaction,FALSE,banking,synthetic_research
08/01/2022 22:45,GOOD,T-32231-04,,,9500.15,JPMC-CLIENT-31956-04,USA,CASH-DEPOSIT,jpm_aml,compliance_transaction,FALSE,banking,synthetic_research
08/01/2022 23:19,GOOD,T-203402-03,COMPANY-203213-03,USA,2611.03,JPMC-CLIENT-203203-03,USA,WIRE,jpm_aml,compliance_transaction,FALSE,banking,synthetic_research
08/01/2022 23:57,GOOD,T-504900-06,JPMC-CLIENT-504731-06,UNITED-KINGDOM,741.28,BILLING-COMPANY-504734-06,USA,PAYMENT,jpm_aml,compliance_transaction,FALSE,banking,synthetic_research
09/01/2022 0:32,GOOD,T-925576-06,JPMC-CLIENT-925405-06,VENEZUELA,953.99,OWNER-925430-06,USA,WIRE,jpm_aml,compliance_transaction,FALSE,banking,synthetic_research
09/01/2022 0:36,GOOD,T-499190-05,JPMC-BILLING-COMPANY-498964-05,USA,1935.14,JPMC-CLIENT-498961-05,USA,WIRE,jpm_aml,compliance_transaction,FALSE,banking,synthetic_research
09/01/2022 1:01,GOOD,T-726747-11,JPMC-STANDARD-COMPANY-726547-11,USA,1877.82,JPMC-CLIENT-726543-11,USA,WIRE,jpm_aml,compliance_transaction,FALSE,banking,synthetic_research
09/01/2022 8:46,GOOD,T-719463-04,BILLING-COMPANY-719217-04,USA,550.28,JPMC-CLIENT-719214-04,USA,WIRE,jpm_aml,compliance_transaction,FALSE,banking,synthetic_research
09/01/2022 9:55,GOOD,T-1193980-11,JPMC-CLIENT-1193709-11,UNITED-KINGDOM,426.34,CHECKING-1193721-11,,WIRE,jpm_aml,compliance_transaction,FALSE,banking,synthetic_research
09/01/2022 13:54,GOOD,T-436205-10,COMPANY-435972-10,SWITZERLAND,1231.59,JPMC-CLIENT-435967-10,PANAMA,WIRE,jpm_aml,compliance_transaction,FALSE,banking,synthetic_research
10/01/2022 1:14,BAD,T-2101524-00,,,250059,JPMC-CLIENT-2101339-00,USA,CASH-DEPOSIT,jpm_aml,compliance_transaction,TRUE,banking,synthetic_research
10/01/2022 10:08,BAD,T-1961523-00,COMPANY-1961501-00,USA,0,CUSTOMER-1961346-00,USA,KYC-ADD-ACCOUNT-OWNER,jpm_aml,compliance_transaction,TRUE,banking,synthetic_research
10/01/2022 11:33,GOOD,T-2710022-04,JPMC-CLIENT-2709728-04,USA,615.56,JPMC-BILLING-COMPANY-2709731-04,USA,PAYMENT,jpm_aml,compliance_transaction,FALSE,banking,synthetic_research
10/01/2022 11:33,BAD,T-1119771-00,,,950062,JPMC-CLIENT-1119571-00,USA,CASH-DEPOSIT,jpm_aml,compliance_transaction,TRUE,banking,synthetic_research
10/01/2022 12:37,GOOD,T-1184983-06,JPMC-CLIENT-1184721-06,USA,5000.18,,,WITHDRAWL,jpm_aml,compliance_transaction,FALSE,banking,synthetic_research
10/01/2022 13:11,BAD,T-1176877-00,JPMC-CLIENT-1176603-00,UNITED-KINGDOM,264606,STANDARD-COMPANY-1176648-00,SYRIA,WIRE,jpm_aml,compliance_transaction,TRUE,banking,synthetic_research
10/01/2022 15:32,GOOD,T-83942-08,JPMC-CLIENT-83667-08,UNITED-KINGDOM,100.11,OWNER-83723-08,USA,WIRE,jpm_aml,compliance_transaction,FALSE,banking,synthetic_research
10/01/2022 16:10,GOOD,T-1373574-04,JPMC-CLIENT-1373349-04,USA,1550.06,,,WITHDRAWL,jpm_aml,compliance_transaction,FALSE,banking,synthetic_research
10/01/2022 18:35,GOOD,T-1103154-11,JPMC-CLIENT-1102845-11,USA,8718.65,CHECKING-1102859-11,,WIRE,jpm_aml,compliance_transaction,FALSE,banking,synthetic_research
11/01/2022 0:34,GOOD,T-1368255-04,JPMC-CLIENT-1367928-04,USA,190.97,OWNER-1367992-04,USA,WIRE,jpm_aml,compliance_transaction,FALSE,banking,synthetic_research
11/01/2022 3:07,GOOD,T-205958-02,JPMC-CLIENT-205653-02,USA,250.68,OWNER-205717-02,USA,WIRE,jpm_aml,compliance_transaction,FALSE,banking,synthetic_research
11/01/2022 9:06,GOOD,T-218514-07,JPMC-BILLING-COMPANY-218154-07,USA,500.82,JPMC-CLIENT-218151-07,USA,WIRE,jpm_aml,compliance_transaction,FALSE,banking,synthetic_research
11/01/2022 10:44,GOOD,T-584628-04,BILLING-COMPANY-584235-04,USA,1279.1901,JPMC-CLIENT-584232-04,VIRGIN-ISLANDS-US,WIRE,jpm_aml,compliance_transaction,FALSE,banking,synthetic_research
11/01/2022 11:22,GOOD,T-2737522-04,BILLING-COMPANY-2737201-04,USA,4122.68,JPMC-CLIENT-2737198-04,USA,WIRE,jpm_aml,compliance_transaction,FALSE,banking,synthetic_research
11/01/2022 15:51,BAD,T-1566732-00,JPMC-CLIENT-1566516-00,USA,904253,CUSTOMER-1566521-00,USA,CRYPTO-TRANSFER,jpm_aml,compliance_transaction,TRUE,banking,synthetic_research
11/01/2022 16:00,BAD,T-1645402-00,JPMC-CLIENT-1645157-00,USA,508602,CUSTOMER-1645162-00,USA,CRYPTO-TRANSFER,jpm_aml,compliance_transaction,TRUE,banking,synthetic_research
11/01/2022 18:37,GOOD,T-2482045-04,,,9500.06,JPMC-CLIENT-2481619-04,USA,CASH-DEPOSIT,jpm_aml,compliance_transaction,FALSE,banking,synthetic_research
11/01/2022 18:37,GOOD,T-918259-10,JPMC-CLIENT-918003-10,USA,629.05,OWNER-918051-10,USA,WIRE,jpm_aml,compliance_transaction,FALSE,banking,synthetic_research
11/01/2022 21:24,GOOD,T-45123-08,,,5659.9,JPMC-CLIENT-44809-08,USA,CASH-DEPOSIT,jpm_aml,compliance_transaction,FALSE,banking,synthetic_research
11/01/2022 23:23,GOOD,T-521800-11,COMPANY-521487-11,USA,1944.0101,JPMC-CLIENT-521479-11,USA,WIRE,jpm_aml,compliance_transaction,FALSE,banking,synthetic_research
11/01/2022 23:57,GOOD,T-233547-04,JPMC-BILLING-COMPANY-233106-04,USA,2483.7,JPMC-CLIENT-233103-04,USA,WIRE,jpm_aml,compliance_transaction,FALSE,banking,synthetic_research
12/01/2022 2:50,GOOD,T-1251549-06,JPMC-CLIENT-1251173-06,USA,626.64,BILLING-COMPANY-1251176-06,USA,PAYMENT,jpm_aml,compliance_transaction,FALSE,banking,synthetic_research
12/01/2022 3:20,GOOD,T-59074-03,COMPANY-58722-03,USA,4522.39,JPMC-CLIENT-58715-03,UNITED-KINGDOM,WIRE,jpm_aml,compliance_transaction,FALSE,banking,synthetic_research
12/01/2022 3:50,GOOD,T-2759515-04,JPMC-CLIENT-2759079-04,USA,1077.82,CHECKING-2759093-04,,WIRE,jpm_aml,compliance_transaction,FALSE,banking,synthetic_research
12/01/2022 5:32,GOOD,T-30195-06,JPMC-CLIENT-29822-06,USA,100.2,BILLING-COMPANY-29825-06,USA,PAYMENT,jpm_aml,compliance_transaction,FALSE,banking,synthetic_research
12/01/2022 8:44,BAD,T-2542118-00,,,903408,JPMC-CLIENT-2541893-00,USA,CASH-DEPOSIT,jpm_aml,compliance_transaction,TRUE,banking,synthetic_research
12/01/2022 9:31,GOOD,T-264674-14,COMPANY-264319-14,USA,1313.82,JPMC-CLIENT-264314-14,USA,WIRE,jpm_aml,compliance_transaction,FALSE,banking,synthetic_research
12/01/2022 10:01,GOOD,T-1512066-06,BILLING-COMPANY-1511708-06,USA,4465.61,JPMC-CLIENT-1511705-06,USA,WIRE,jpm_aml,compliance_transaction,FALSE,banking,synthetic_research
12/01/2022 12:09,GOOD,T-427524-14,COMPANY-427137-14,USA,936.93,JPMC-CLIENT-427132-14,USA,WIRE,jpm_aml,compliance_transaction,FALSE,banking,synthetic_research
07/02/2022 4:41,GOOD,T-1924534-04,JPMC-BILLING-COMPANY-1924392-04,USA,1502.08,JPMC-CLIENT-1924389-04,USA,WIRE,jpm_aml,compliance_transaction,FALSE,banking,synthetic_research
07/02/2022 4:45,GOOD,T-516047-06,,,0,JPMC-CLIENT-515947-06,USA,KYC-CREATE-ACCOUNT,jpm_aml,compliance_transaction,FALSE,banking,synthetic_research
07/02/2022 6:58,GOOD,T-69934-02,JPMC-CLIENT-69594-02,USA,198.21,OWNER-69667-02,USA,WIRE,jpm_aml,compliance_transaction,FALSE,banking,synthetic_research
07/02/2022 6:58,GOOD,T-1599766-04,,,0,COMPANY-1599515-04,ARGENTINA,KYC-CREATE-ACCOUNT,jpm_aml,compliance_transaction,FALSE,banking,synthetic_research
07/02/2022 7:53,GOOD,T-899434-10,,,0,JPMC-CLIENT-899166-10,ITALY,KYC-CREATE-ACCOUNT,jpm_aml,compliance_transaction,FALSE,banking,synthetic_research
07/02/2022 12:18,GOOD,T-210201-03,JPMC-BILLING-COMPANY-210042-03,USA,3207.03,JPMC-CLIENT-210039-03,USA,WIRE,jpm_aml,compliance_transaction,FALSE,banking,synthetic_research
07/02/2022 13:00,GOOD,T-1717911-04,JPMC-BILLING-COMPANY-1717743-04,USA,550.57,JPMC-CLIENT-1717740-04,USA,WIRE,jpm_aml,compliance_transaction,FALSE,banking,synthetic_research
07/02/2022 14:47,GOOD,T-2754230-04,JPMC-BILLING-COMPANY-2754044-04,USA,4344.78,JPMC-CLIENT-2754041-04,USA,WIRE,jpm_aml,compliance_transaction,FALSE,banking,synthetic_research
08/02/2022 2:05,GOOD,T-474566-05,JPMC-CLIENT-474393-05,USA,923.68,JPMC-BILLING-COMPANY-474396-05,USA,PAYMENT,jpm_aml,compliance_transaction,FALSE,banking,synthetic_research
08/02/2022 6:04,GOOD,T-100774-08,STANDARD-COMPANY-100626-08,USA,1333.09,JPMC-CLIENT-100622-08,USA,WIRE,jpm_aml,compliance_transaction,FALSE,banking,synthetic_research
08/02/2022 8:29,GOOD,T-172030-14,,,9500.35,JPMC-CLIENT-171766-14,USA,CASH-DEPOSIT,jpm_aml,compliance_transaction,FALSE,banking,synthetic_research
08/02/2022 9:08,GOOD,T-2756-02,JPMC-CLIENT-2502-02,USA,1528.72,CHECKING-2512-02,,WIRE,jpm_aml,compliance_transaction,FALSE,banking,synthetic_research
08/02/2022 12:41,GOOD,T-521199-14,JPMC-BILLING-COMPANY-521049-14,USA,1553.3801,JPMC-CLIENT-521046-14,USA,WIRE,jpm_aml,compliance_transaction,FALSE,banking,synthetic_research
08/02/2022 15:40,GOOD,T-465980-14,JPMC-CLIENT-465815-14,USA,723.34,BILLING-COMPANY-465818-14,USA,PAYMENT,jpm_aml,compliance_transaction,FALSE,banking,synthetic_research
08/02/2022 19:22,GOOD,T-47343-05,JPMC-CLIENT-47083-05,USA,5310.98,CHECKING-47093-05,,WIRE,jpm_aml,compliance_transaction,FALSE,banking,synthetic_research
08/02/2022 19:48,GOOD,T-482319-10,JPMC-CLIENT-482116-10,ISRAEL,146.95,OWNER-482149-10,USA,WIRE,jpm_aml,compliance_transaction,FALSE,banking,synthetic_research
09/02/2022 0:21,GOOD,T-1535085-06,JPMC-CLIENT-1534880-06,UNITED-KINGDOM,589.25,BILLING-COMPANY-1534883-06,USA,PAYMENT,jpm_aml,compliance_transaction,FALSE,banking,synthetic_research
09/02/2022 5:20,GOOD,T-1165315-06,JPMC-CLIENT-1165105-06,USA,68.24,OWNER-1165141-06,USA,WIRE,jpm_aml,compliance_transaction,FALSE,banking,synthetic_research
09/02/2022 5:28,GOOD,T-265452-10,COMPANY-265255-10,USA,2177.7302,JPMC-CLIENT-265245-10,USA,WIRE,jpm_aml,compliance_transaction,FALSE,banking,synthetic_research
09/02/2022 9:18,GOOD,T-476184-06,JPMC-CLIENT-475974-06,USA,274.99,BILLING-COMPANY-475977-06,USA,PAYMENT,jpm_aml,compliance_transaction,FALSE,banking,synthetic_research
09/02/2022 12:26,GOOD,T-1048126-06,,,1651.03,JPMC-CLIENT-1047830-06,UNITED-KINGDOM,CASH-DEPOSIT,jpm_aml,compliance_transaction,FALSE,banking,synthetic_research
09/02/2022 18:16,GOOD,T-88302-10,JPMC-CLIENT-88003-10,SINGAPORE,5222.71,,,WITHDRAWL,jpm_aml,compliance_transaction,FALSE,banking,synthetic_research
09/02/2022 19:16,GOOD,T-78065-06,,,2618.02,JPMC-CLIENT-77820-06,USA,CASH-DEPOSIT,jpm_aml,compliance_transaction,FALSE,banking,synthetic_research
09/02/2022 20:16,GOOD,T-100984-02,JPMC-BILLING-COMPANY-100709-02,USA,4848.9604,JPMC-CLIENT-100706-02,USA,WIRE,jpm_aml,compliance_transaction,FALSE,banking,synthetic_research
10/02/2022 1:12,BAD,T-1737415-00,JPMC-CLIENT-1737189-00,SOUTH-AFRICA,607509,CUSTOMER-1737194-00,USA,CRYPTO-TRANSFER,jpm_aml,compliance_transaction,TRUE,banking,synthetic_research
10/02/2022 1:21,GOOD,T-1347925-10,JPMC-CLIENT-1347716-10,USA,737.22,OWNER-1347757-10,USA,WIRE,jpm_aml,compliance_transaction,FALSE,banking,synthetic_research
10/02/2022 5:37,GOOD,T-1018110-06,BILLING-COMPANY-1017848-06,USA,3131.5,JPMC-CLIENT-1017845-06,USA,WIRE,jpm_aml,compliance_transaction,FALSE,banking,synthetic_research
10/02/2022 7:49,GOOD,T-714101-04,JPMC-CLIENT-713851-04,SINGAPORE,623.23,CHECKING-713862-04,,WIRE,jpm_aml,compliance_transaction,FALSE,banking,synthetic_research
10/02/2022 9:10,BAD,T-2100222-00,JPMC-CLIENT-2099871-00,UNITED-KINGDOM,450577,JPMC-CUSTOMER-2099876-00,UNITED-KINGDOM,CRYPTO-TRANSFER,jpm_aml,compliance_transaction,TRUE,banking,synthetic_research
10/02/2022 12:01,GOOD,T-1093977-06,COMPANY-1093694-06,UNITED-KINGDOM,1297.18,JPMC-CLIENT-1093689-06,UNITED-KINGDOM,WIRE,jpm_aml,compliance_transaction,FALSE,banking,synthetic_research
10/02/2022 12:43,GOOD,T-866102-05,BILLING-COMPANY-865779-05,USA,2600.05,JPMC-CLIENT-865776-05,USA,WIRE,jpm_aml,compliance_transaction,FALSE,banking,synthetic_research
10/02/2022 18:50,BAD,T-171038-00,COMPANY-171022-00,USA,0,JPMC-CUSTOMER-170857-00,USA,KYC-ADD-ACCOUNT-OWNER,jpm_aml,compliance_transaction,TRUE,banking,synthetic_research
10/02/2022 19:46,GOOD,T-662959-06,COMPANY-662674-06,USA,2795.33,JPMC-CLIENT-662669-06,USA,WIRE,jpm_aml,compliance_transaction,FALSE,banking,synthetic_research
10/02/2022 21:07,BAD,T-1486788-00,,,741256,JPMC-CLIENT-1486584-00,UNITED-KINGDOM,CASH-DEPOSIT,jpm_aml,compliance_transaction,TRUE,banking,synthetic_research
10/02/2022 21:20,GOOD,T-819157-11,COMPANY-818920-11,USA,5343.47,JPMC-CLIENT-818915-11,USA,WIRE,jpm_aml,compliance_transaction,FALSE,banking,synthetic_research
11/02/2022 1:06,BAD,T-1248479-00,JPMC-CLIENT-1248262-00,USA,1098496,STANDARD-COMPANY-1248277-00,UNITED-KINGDOM,WIRE,jpm_aml,compliance_transaction,TRUE,banking,synthetic_research
11/02/2022 2:01,GOOD,T-1410582-04,COMPANY-1410277-04,USA,2419.0002,JPMC-CLIENT-1410267-04,USA,WIRE,jpm_aml,compliance_transaction,FALSE,banking,synthetic_research
11/02/2022 11:29,GOOD,T-1215199-10,,,9500.99,JPMC-CLIENT-1214924-10,USA,CASH-DEPOSIT,jpm_aml,compliance_transaction,FALSE,banking,synthetic_research
11/02/2022 12:41,GOOD,T-640253-05,JPMC-CLIENT-639963-05,USA,465.26,BILLING-COMPANY-639966-05,USA,PAYMENT,jpm_aml,compliance_transaction,FALSE,banking,synthetic_research
11/02/2022 16:40,BAD,T-2848451-00,,,825976,JPMC-CLIENT-2848238-00,USA,CASH-DEPOSIT,jpm_aml,compliance_transaction,TRUE,banking,synthetic_research
11/02/2022 20:26,BAD,T-1856578-00,JPMC-CLIENT-1856359-00,USA,500036,JPMC-CUSTOMER-1856364-00,USA,CRYPTO-TRANSFER,jpm_aml,compliance_transaction,TRUE,banking,synthetic_research
11/02/2022 23:38,GOOD,T-83640-01,BILLING-COMPANY-83235-01,USA,4467.11,JPMC-CLIENT-83232-01,USA,WIRE,jpm_aml,compliance_transaction,FALSE,banking,synthetic_research
12/02/2022 0:57,BAD,T-2851367-00,,,950098,JPMC-CLIENT-2851145-00,UNITED-KINGDOM,CASH-DEPOSIT,jpm_aml,compliance_transaction,TRUE,banking,synthetic_research
12/02/2022 1:44,GOOD,T-2399450-04,JPMC-BILLING-COMPANY-2399086-04,USA,1274.56,JPMC-CLIENT-2399083-04,USA,WIRE,jpm_aml,compliance_transaction,FALSE,banking,synthetic_research
12/02/2022 7:21,GOOD,T-2371135-04,JPMC-CLIENT-2370744-04,USA,450.39,JPMC-BILLING-COMPANY-2370747-04,USA,PAYMENT,jpm_aml,compliance_transaction,FALSE,banking,synthetic_research
12/02/2022 11:33,GOOD,T-52125-12,,,1153.65,JPMC-CLIENT-51755-12,USA,CASH-DEPOSIT,jpm_aml,compliance_transaction,FALSE,banking,synthetic_research
12/02/2022 12:41,GOOD,T-862953-06,JPMC-CLIENT-862620-06,USA,1058.76,CHECKING-862628-06,,WIRE,jpm_aml,compliance_transaction,FALSE,banking,synthetic_research
12/02/2022 13:20,GOOD,T-377014-14,JPMC-CLIENT-376719-14,UNITED-KINGDOM,8151.28,CHECKING-376731-14,,WIRE,jpm_aml,compliance_transaction,FALSE,banking,synthetic_research
12/02/2022 14:06,BAD,T-2496839-00,JPMC-CLIENT-2496606-00,USA,77168,JPMC-CUSTOMER-2496611-00,USA,CRYPTO-TRANSFER,jpm_aml,compliance_transaction,TRUE,banking,synthetic_research
12/02/2022 16:10,GOOD,T-1997947-04,BILLING-COMPANY-1997565-04,USA,3745.6,JPMC-CLIENT-1997562-04,USA,WIRE,jpm_aml,compliance_transaction,FALSE,banking,synthetic_research
12/02/2022 18:48,BAD,T-854524-00,,,500083,JPMC-CLIENT-854320-00,USA,CASH-DEPOSIT,jpm_aml,compliance_transaction,TRUE,banking,synthetic_research
12/02/2022 21:43,GOOD,T-537533-11,COMPANY-537142-11,USA,550.98,JPMC-CLIENT-537137-11,USA,WIRE,jpm_aml,compliance_transaction,FALSE,banking,synthetic_research
07/03/2022 3:05,GOOD,T-695207-06,JPMC-CLIENT-694987-06,USA,64.61,OWNER-695033-06,USA,WIRE,jpm_aml,compliance_transaction,FALSE,banking,synthetic_research
07/03/2022 4:22,GOOD,T-1390358-06,CUSTOMER-1390132-06,USA,0,JPMC-CLIENT-1390126-06,USA,KYC-ADD-ACCOUNT-OWNER,jpm_aml,compliance_transaction,FALSE,banking,synthetic_research
07/03/2022 4:56,GOOD,T-140554-07,CUSTOMER-140467-07,USA,0,JPMC-CLIENT-140462-07,USA,KYC-ADD-ACCOUNT-OWNER,jpm_aml,compliance_transaction,FALSE,banking,synthetic_research
07/03/2022 9:29,GOOD,T-993633-06,CUSTOMER-993394-06,USA,0,JPMC-CLIENT-993388-06,USA,KYC-ADD-ACCOUNT-OWNER,jpm_aml,compliance_transaction,FALSE,banking,synthetic_research
07/03/2022 13:15,GOOD,T-2027661-04,COMPANY-2027533-04,UNITED-KINGDOM,4406.99,JPMC-CLIENT-2027528-04,USA,WIRE,jpm_aml,compliance_transaction,FALSE,banking,synthetic_research
07/03/2022 19:05,GOOD,T-543745-11,,,0,CUSTOMER-543645-11,USA,KYC-CREATE-ACCOUNT,jpm_aml,compliance_transaction,FALSE,banking,synthetic_research
07/03/2022 19:31,GOOD,T-518448-06,,,0,COMPANY-518213-06,USA,KYC-CREATE-ACCOUNT,jpm_aml,compliance_transaction,FALSE,banking,synthetic_research
07/03/2022 23:13,GOOD,T-2623208-04,BILLING-COMPANY-2623083-04,USA,2786.21,JPMC-CLIENT-2623080-04,USA,WIRE,jpm_aml,compliance_transaction,FALSE,banking,synthetic_research
08/03/2022 0:38,GOOD,T-423751-11,,,9500.04,JPMC-CLIENT-423487-11,USA,CASH-DEPOSIT,jpm_aml,compliance_transaction,FALSE,banking,synthetic_research
08/03/2022 1:33,GOOD,T-288810-14,JPMC-CLIENT-288682-14,USA,985.75,OWNER-288701-14,USA,WIRE,jpm_aml,compliance_transaction,FALSE,banking,synthetic_research
08/03/2022 2:29,GOOD,T-678044-14,COMPANY-677776-14,CANADA,0,JPMC-CLIENT-677771-14,CANADA,KYC-ADD-ACCOUNT-OWNER,jpm_aml,compliance_transaction,FALSE,banking,synthetic_research
08/03/2022 4:54,GOOD,T-977581-04,JPMC-CLIENT-977291-04,USA,5000.91,CHECKING-977300-04,,WIRE,jpm_aml,compliance_transaction,FALSE,banking,synthetic_research
08/03/2022 9:31,GOOD,T-566998-11,COMPANY-566815-11,USA,5264.12,JPMC-CLIENT-566804-11,USA,WIRE,jpm_aml,compliance_transaction,FALSE,banking,synthetic_research
08/03/2022 9:57,GOOD,T-172516-04,JPMC-CLIENT-172236-04,USA,4039.54,CHECKING-172244-04,,WIRE,jpm_aml,compliance_transaction,FALSE,banking,synthetic_research
08/03/2022 10:10,GOOD,T-152325-05,STANDARD-COMPANY-152116-05,USA,4906.16,JPMC-CLIENT-152112-05,USA,WIRE,jpm_aml,compliance_transaction,FALSE,banking,synthetic_research
08/03/2022 11:22,GOOD,T-291636-03,BILLING-COMPANY-291438-03,USA,4361.41,JPMC-CLIENT-291435-03,USA,WIRE,jpm_aml,compliance_transaction,FALSE,banking,synthetic_research
08/03/2022 12:18,GOOD,T-1134269-11,STANDARD-COMPANY-1134084-11,USA,4699.82,JPMC-CLIENT-1134080-11,USA,WIRE,jpm_aml,compliance_transaction,FALSE,banking,synthetic_research
08/03/2022 12:39,GOOD,T-429928-06,JPMC-CLIENT-429677-06,USA,629.32,BILLING-COMPANY-429680-06,USA,PAYMENT,jpm_aml,compliance_transaction,FALSE,banking,synthetic_research
08/03/2022 13:39,GOOD,T-197841-01,JPMC-CLIENT-197689-01,UNITED-KINGDOM,120.73,OWNER-197706-01,USA,WIRE,jpm_aml,compliance_transaction,FALSE,banking,synthetic_research
08/03/2022 14:04,GOOD,T-571672-07,JPMC-CLIENT-571404-07,UNITED-KINGDOM,44.7,OWNER-571453-07,USA,WIRE,jpm_aml,compliance_transaction,FALSE,banking,synthetic_research
08/03/2022 18:46,GOOD,T-296109-03,JPMC-CLIENT-295903-03,ARGENTINA,835.84,OWNER-295935-03,USA,WIRE,jpm_aml,compliance_transaction,FALSE,banking,synthetic_research
08/03/2022 19:12,GOOD,T-626571-07,COMPANY-626398-07,USA,1409.5399,JPMC-CLIENT-626393-07,USA,WIRE,jpm_aml,compliance_transaction,FALSE,banking,synthetic_research
09/03/2022 8:25,GOOD,T-707209-04,JPMC-CLIENT-706973-04,UNITED-KINGDOM,471.79,BILLING-COMPANY-706976-04,USA,PAYMENT,jpm_aml,compliance_transaction,FALSE,banking,synthetic_research
09/03/2022 9:42,GOOD,T-1663900-04,COMPANY-1663678-04,UNITED-KINGDOM,3504.8801,JPMC-CLIENT-1663673-04,USA,WIRE,jpm_aml,compliance_transaction,FALSE,banking,synthetic_research
09/03/2022 17:10,GOOD,T-370494-11,JPMC-CLIENT-370223-11,USA,1905.31,CHECKING-370231-11,,WIRE,jpm_aml,compliance_transaction,FALSE,banking,synthetic_research
09/03/2022 17:53,GOOD,T-579788-11,JPMC-CLIENT-579591-11,USA,226.99,BILLING-COMPANY-579594-11,USA,PAYMENT,jpm_aml,compliance_transaction,FALSE,banking,synthetic_research
09/03/2022 19:18,GOOD,T-877473-04,COMPANY-877268-04,USA,1773.8701,JPMC-CLIENT-877260-04,USA,WIRE,jpm_aml,compliance_transaction,FALSE,banking,synthetic_research
09/03/2022 19:26,GOOD,T-1026748-10,BILLING-COMPANY-1026496-10,USA,718.39996,JPMC-CLIENT-1026493-10,USA,WIRE,jpm_aml,compliance_transaction,FALSE,banking,synthetic_research
10/03/2022 0:14,GOOD,T-1442483-04,,,9500.64,JPMC-CLIENT-1442132-04,UNITED-KINGDOM,CASH-DEPOSIT,jpm_aml,compliance_transaction,FALSE,banking,synthetic_research
10/03/2022 3:48,GOOD,T-45409-07,JPMC-CLIENT-45155-07,USA,834.83,JPMC-BILLING-COMPANY-45158-07,USA,PAYMENT,jpm_aml,compliance_transaction,FALSE,banking,synthetic_research
10/03/2022 4:18,GOOD,T-1105976-11,JPMC-CLIENT-1105733-11,USA,327.64,JPMC-BILLING-COMPANY-1105736-11,USA,PAYMENT,jpm_aml,compliance_transaction,FALSE,banking,synthetic_research
10/03/2022 6:13,GOOD,T-678299-04,JPMC-CLIENT-678038-04,USA,8679.34,CHECKING-678050-04,,WIRE,jpm_aml,compliance_transaction,FALSE,banking,synthetic_research
10/03/2022 9:12,GOOD,T-8539-09,JPMC-BILLING-COMPANY-8251-09,USA,5033.79,JPMC-CLIENT-8248-09,USA,WIRE,jpm_aml,compliance_transaction,FALSE,banking,synthetic_research
10/03/2022 11:24,GOOD,T-847684-11,JPMC-CLIENT-847405-11,USA,77.68,OWNER-847458-11,USA,WIRE,jpm_aml,compliance_transaction,FALSE,banking,synthetic_research
10/03/2022 12:11,GOOD,T-2666396-04,STANDARD-COMPANY-2666088-04,USA,4932.8,JPMC-CLIENT-2666084-04,VENEZUELA,WIRE,jpm_aml,compliance_transaction,FALSE,banking,synthetic_research
10/03/2022 12:11,GOOD,T-16282-04,JPMC-CLIENT-16019-04,ARGENTINA,5000.56,CHECKING-16031-04,,WIRE,jpm_aml,compliance_transaction,FALSE,banking,synthetic_research
10/03/2022 13:20,GOOD,T-1391151-04,,,5470.18,JPMC-CLIENT-1390831-04,USA,CASH-DEPOSIT,jpm_aml,compliance_transaction,FALSE,banking,synthetic_research
10/03/2022 14:41,GOOD,T-52419-11,JPMC-CLIENT-52184-11,USA,873.28,OWNER-52230-11,USA,WIRE,jpm_aml,compliance_transaction,FALSE,banking,synthetic_research
10/03/2022 17:44,GOOD,T-832317-04,JPMC-CLIENT-832048-04,USA,14.95,OWNER-832099-04,USA,WIRE,jpm_aml,compliance_transaction,FALSE,banking,synthetic_research
11/03/2022 2:29,BAD,T-1031273-00,COMPANY-1031252-00,USA,0,CUSTOMER-1031090-00,USA,KYC-ADD-ACCOUNT-OWNER,jpm_aml,compliance_transaction,TRUE,banking,synthetic_research
11/03/2022 6:15,BAD,T-75432-00,JPMC-CLIENT-74985-00,USA,1000031,CUSTOMER-75128-00,NORTH-KOREA,WIRE,jpm_aml,compliance_transaction,TRUE,banking,synthetic_research
11/03/2022 10:40,GOOD,T-731928-14,,,861.07,JPMC-CLIENT-731591-14,USA,CASH-DEPOSIT,jpm_aml,compliance_transaction,FALSE,banking,synthetic_research
11/03/2022 17:16,GOOD,T-342844-02,JPMC-CLIENT-342478-02,RUSSIA,30.77,OWNER-342559-02,USA,WIRE,jpm_aml,compliance_transaction,FALSE,banking,synthetic_research
11/03/2022 17:21,GOOD,T-6019-09,,,4819.24,JPMC-CLIENT-5731-09,USA,CASH-DEPOSIT,jpm_aml,compliance_transaction,FALSE,banking,synthetic_research
11/03/2022 17:25,GOOD,T-128239-06,JPMC-CLIENT-127855-06,USA,5667.93,,,WITHDRAWL,jpm_aml,compliance_transaction,FALSE,banking,synthetic_research
12/03/2022 3:37,GOOD,T-185631-14,JPMC-CLIENT-185298-14,USA,883.49,OWNER-185376-14,USA,WIRE,jpm_aml,compliance_transaction,FALSE,banking,synthetic_research
12/03/2022 10:27,BAD,T-1272734-00,JPMC-CLIENT-1272516-00,USA,506019,CUSTOMER-1272521-00,MEXICO,CRYPTO-TRANSFER,jpm_aml,compliance_transaction,TRUE,banking,synthetic_research
12/03/2022 10:48,GOOD,T-1013398-05,JPMC-CLIENT-1013024-05,SOUTH-AFRICA,938.41,BILLING-COMPANY-1013027-05,USA,PAYMENT,jpm_aml,compliance_transaction,FALSE,banking,synthetic_research
12/03/2022 13:39,GOOD,T-113566-14,JPMC-CLIENT-113267-14,ISLE-OF-MAN,2914.69,,,WITHDRAWL,jpm_aml,compliance_transaction,FALSE,banking,synthetic_research
12/03/2022 17:08,GOOD,T-334897-07,JPMC-CLIENT-334503-07,USA,100.21,OWNER-334589-07,USA,WIRE,jpm_aml,compliance_transaction,FALSE,banking,synthetic_research
07/04/2022 1:16,GOOD,T-414235-04,STANDARD-COMPANY-414087-04,USA,2781.1702,JPMC-CLIENT-414083-04,PANAMA,WIRE,jpm_aml,compliance_transaction,FALSE,banking,synthetic_research
07/04/2022 1:38,GOOD,T-231613-11,JPMC-CLIENT-231496-11,USA,499.9,JPMC-BILLING-COMPANY-231499-11,USA,PAYMENT,jpm_aml,compliance_transaction,FALSE,banking,synthetic_research
07/04/2022 8:32,GOOD,T-189606-11,,,0,JPMC-CLIENT-189373-11,USA,KYC-CREATE-ACCOUNT,jpm_aml,compliance_transaction,FALSE,banking,synthetic_research
07/04/2022 10:40,GOOD,T-277853-11,,,0,COMPANY-277648-11,USA,KYC-CREATE-ACCOUNT,jpm_aml,compliance_transaction,FALSE,banking,synthetic_research
07/04/2022 11:52,GOOD,T-311471-01,COMPANY-311325-01,USA,769.34,JPMC-CLIENT-311313-01,USA,WIRE,jpm_aml,compliance_transaction,FALSE,banking,synthetic_research
07/04/2022 16:38,GOOD,T-69685-07,CUSTOMER-69562-07,USA,0,JPMC-CLIENT-69557-07,USA,KYC-ADD-ACCOUNT-OWNER,jpm_aml,compliance_transaction,FALSE,banking,synthetic_research
07/04/2022 18:16,GOOD,T-23956-08,COMPANY-23796-08,UNITED-KINGDOM,1598.96,JPMC-CLIENT-23789-08,USA,WIRE,jpm_aml,compliance_transaction,FALSE,banking,synthetic_research
07/04/2022 21:28,GOOD,T-840836-11,,,0,CUSTOMER-840730-11,UNITED-KINGDOM,KYC-CREATE-ACCOUNT,jpm_aml,compliance_transaction,FALSE,banking,synthetic_research
07/04/2022 21:45,GOOD,T-188818-02,,,0,COMPANY-188621-02,USA,KYC-CREATE-ACCOUNT,jpm_aml,compliance_transaction,FALSE,banking,synthetic_research
07/04/2022 22:58,GOOD,T-25824-08,JPMC-CLIENT-25696-08,USA,349.09,JPMC-BILLING-COMPANY-25699-08,USA,PAYMENT,jpm_aml,compliance_transaction,FALSE,banking,synthetic_research
08/04/2022 4:30,GOOD,T-723784-06,BILLING-COMPANY-723620-06,USA,2237.31,JPMC-CLIENT-723617-06,USA,WIRE,jpm_aml,compliance_transaction,FALSE,banking,synthetic_research
08/04/2022 4:48,GOOD,T-291763-01,,,8015.86,JPMC-CLIENT-291504-01,USA,CASH-DEPOSIT,jpm_aml,compliance_transaction,FALSE,banking,synthetic_research
08/04/2022 6:51,GOOD,T-1324799-10,JPMC-CLIENT-1324531-10,USA,4296.95,,,WITHDRAWL,jpm_aml,compliance_transaction,FALSE,banking,synthetic_research
08/04/2022 10:54,GOOD,T-66323-02,,,9500.92,JPMC-CLIENT-66000-02,USA,CASH-DEPOSIT,jpm_aml,compliance_transaction,FALSE,banking,synthetic_research
08/04/2022 12:45,GOOD,T-242203-10,COMPANY-242038-10,USA,500.74,JPMC-CLIENT-242029-10,USA,WIRE,jpm_aml,compliance_transaction,FALSE,banking,synthetic_research
08/04/2022 14:45,GOOD,T-302736-01,JPMC-CLIENT-302554-01,UNITED-KINGDOM,462.23,BILLING-COMPANY-302557-01,USA,PAYMENT,jpm_aml,compliance_transaction,FALSE,banking,synthetic_research
08/04/2022 17:06,GOOD,T-285800-02,BILLING-COMPANY-285616-02,USA,572.37,JPMC-CLIENT-285613-02,USA,WIRE,jpm_aml,compliance_transaction,FALSE,banking,synthetic_research
09/04/2022 0:46,GOOD,T-542924-05,BILLING-COMPANY-542638-05,USA,1328.82,JPMC-CLIENT-542635-05,USA,WIRE,jpm_aml,compliance_transaction,FALSE,banking,synthetic_research
09/04/2022 1:50,GOOD,T-251285-11,JPMC-BILLING-COMPANY-251074-11,USA,2095.2502,JPMC-CLIENT-251071-11,USA,WIRE,jpm_aml,compliance_transaction,FALSE,banking,synthetic_research
09/04/2022 4:24,GOOD,T-671948-10,JPMC-BILLING-COMPANY-671722-10,USA,3287.46,JPMC-CLIENT-671719-10,USA,WIRE,jpm_aml,compliance_transaction,FALSE,banking,synthetic_research
09/04/2022 4:50,GOOD,T-1181671-06,JPMC-CLIENT-1181400-06,USA,8675.7,CHECKING-1181413-06,,WIRE,jpm_aml,compliance_transaction,FALSE,banking,synthetic_research
09/04/2022 5:41,GOOD,T-1230979-04,JPMC-CLIENT-1230700-04,USA,2976.86,CHECKING-1230709-04,,WIRE,jpm_aml,compliance_transaction,FALSE,banking,synthetic_research
09/04/2022 7:45,GOOD,T-671635-06,BILLING-COMPANY-671456-06,USA,3734.69,JPMC-CLIENT-671453-06,USA,WIRE,jpm_aml,compliance_transaction,FALSE,banking,synthetic_research
09/04/2022 9:57,GOOD,T-1566286-04,JPMC-CLIENT-1565949-04,USA,5000.16,CHECKING-1565960-04,,WIRE,jpm_aml,compliance_transaction,FALSE,banking,synthetic_research
09/04/2022 15:42,GOOD,T-558040-14,BILLING-COMPANY-557846-14,USA,2020.7001,JPMC-CLIENT-557843-14,UNITED-KINGDOM,WIRE,jpm_aml,compliance_transaction,FALSE,banking,synthetic_research
09/04/2022 17:08,GOOD,T-1244770-11,JPMC-BILLING-COMPANY-1244553-11,USA,3790.22,JPMC-CLIENT-1244550-11,USA,WIRE,jpm_aml,compliance_transaction,FALSE,banking,synthetic_research
09/04/2022 18:54,GOOD,T-33190-06,JPMC-CLIENT-32921-06,USA,0,CUSTOMER-32927-06,USA,KYC-ADD-ACCOUNT-OWNER,jpm_aml,compliance_transaction,FALSE,banking,synthetic_research
10/04/2022 1:25,BAD,T-2607928-00,COMPANY-2607912-00,USA,0,CUSTOMER-2607744-00,USA,KYC-ADD-ACCOUNT-OWNER,jpm_aml,compliance_transaction,TRUE,banking,synthetic_research
10/04/2022 1:33,GOOD,T-30237-04,JPMC-CLIENT-29949-04,USA,684.27,CHECKING-29958-04,,WIRE,jpm_aml,compliance_transaction,FALSE,banking,synthetic_research
10/04/2022 1:59,BAD,T-47596-00,JPMC-CLIENT-47391-00,USA,359915,,,WITHDRAWL,jpm_aml,compliance_transaction,TRUE,banking,synthetic_research
10/04/2022 4:03,GOOD,T-1203145-10,JPMC-CLIENT-1202859-10,USA,102.56,BILLING-COMPANY-1202862-10,USA,PAYMENT,jpm_aml,compliance_transaction,FALSE,banking,synthetic_research
10/04/2022 4:33,GOOD,T-2721452-04,JPMC-CLIENT-2721139-04,UNITED-KINGDOM,6694.47,,,WITHDRAWL,jpm_aml,compliance_transaction,FALSE,banking,synthetic_research
10/04/2022 7:32,GOOD,T-297681-06,COMPANY-297481-06,USA,1638,JPMC-CLIENT-297474-06,USA,WIRE,jpm_aml,compliance_transaction,FALSE,banking,synthetic_research
10/04/2022 13:00,GOOD,T-105404-06,,,6750.46,JPMC-CLIENT-105140-06,USA,CASH-DEPOSIT,jpm_aml,compliance_transaction,FALSE,banking,synthetic_research
10/04/2022 13:39,GOOD,T-330880-14,,,508.37,JPMC-CLIENT-330495-14,USA,CASH-DEPOSIT,jpm_aml,compliance_transaction,FALSE,banking,synthetic_research
10/04/2022 16:34,GOOD,T-1200094-11,JPMC-CLIENT-1199774-11,USA,2599.35,,,WITHDRAWL,jpm_aml,compliance_transaction,FALSE,banking,synthetic_research
10/04/2022 18:25,GOOD,T-200360-06,,,1646.72,JPMC-CLIENT-200084-06,USA,CASH-DEPOSIT,jpm_aml,compliance_transaction,FALSE,banking,synthetic_research
10/04/2022 18:42,GOOD,T-1784918-04,JPMC-CLIENT-1784657-04,USA,19694.16,OWNER-1784721-04,USA,WIRE,jpm_aml,compliance_transaction,FALSE,banking,synthetic_research
10/04/2022 21:28,GOOD,T-256415-06,,,5000.18,JPMC-CLIENT-256160-06,UNITED-KINGDOM,CASH-DEPOSIT,jpm_aml,compliance_transaction,FALSE,banking,synthetic_research
10/04/2022 21:58,GOOD,T-1884016-04,JPMC-CLIENT-1883663-04,USA,11.68,OWNER-1883747-04,USA,WIRE,jpm_aml,compliance_transaction,FALSE,banking,synthetic_research
11/04/2022 10:03,BAD,T-557145-00,JPMC-CLIENT-556882-00,USA,500047,JPMC-CUSTOMER-556887-00,USA,CRYPTO-TRANSFER,jpm_aml,compliance_transaction,TRUE,banking,synthetic_research
11/04/2022 17:44,BAD,T-2029856-00,,,542301,JPMC-CLIENT-2029656-00,UNITED-KINGDOM,CASH-DEPOSIT,jpm_aml,compliance_transaction,TRUE,banking,synthetic_research
11/04/2022 21:52,GOOD,T-949314-04,COMPANY-948976-04,USA,2321.16,JPMC-CLIENT-948971-04,USA,WIRE,jpm_aml,compliance_transaction,FALSE,banking,synthetic_research
12/04/2022 3:39,GOOD,T-390132-07,STANDARD-COMPANY-389756-07,USA,2504.78,JPMC-CLIENT-389752-07,USA,WIRE,jpm_aml,compliance_transaction,FALSE,banking,synthetic_research
12/04/2022 4:56,GOOD,T-234301-08,JPMC-CLIENT-233871-08,USA,7474.78,,,WITHDRAWL,jpm_aml,compliance_transaction,FALSE,banking,synthetic_research
12/04/2022 8:25,GOOD,T-839380-04,JPMC-CLIENT-838974-04,CHILE,93.12,OWNER-839072-04,USA,WIRE,jpm_aml,compliance_transaction,FALSE,banking,synthetic_research
12/04/2022 9:38,GOOD,T-1122299-06,JPMC-CLIENT-1121877-06,USA,5000.17,CHECKING-1121889-06,,WIRE,jpm_aml,compliance_transaction,FALSE,banking,synthetic_research
12/04/2022 10:42,GOOD,T-1273817-06,JPMC-CLIENT-1273467-06,USA,100.34,BILLING-COMPANY-1273470-06,USA,PAYMENT,jpm_aml,compliance_transaction,FALSE,banking,synthetic_research
12/04/2022 14:06,GOOD,T-683899-05,,,7194.69,JPMC-CLIENT-683585-05,USA,CASH-DEPOSIT,jpm_aml,compliance_transaction,FALSE,banking,synthetic_research
12/04/2022 15:02,GOOD,T-1015592-04,JPMC-CLIENT-1015275-04,USA,8733.57,CHECKING-1015284-04,,WIRE,jpm_aml,compliance_transaction,FALSE,banking,synthetic_research
12/04/2022 22:04,BAD,T-1147318-00,JPMC-CLIENT-1147086-00,USA,500062,,,WITHDRAWL,jpm_aml,compliance_transaction,TRUE,banking,synthetic_research
07/05/2022 6:38,GOOD,T-2460759-04,JPMC-CLIENT-2460483-04,USA,6109.95,,,WITHDRAWL,jpm_aml,compliance_transaction,FALSE,banking,synthetic_research
07/05/2022 8:51,GOOD,T-1035408-04,JPMC-CLIENT-1035290-04,UNITED-KINGDOM,643.01,BILLING-COMPANY-1035293-04,USA,PAYMENT,jpm_aml,compliance_transaction,FALSE,banking,synthetic_research
07/05/2022 9:29,GOOD,T-424344-05,COMPANY-424182-05,USA,4813.05,JPMC-CLIENT-424172-05,USA,WIRE,jpm_aml,compliance_transaction,FALSE,banking,synthetic_research
07/05/2022 23:04,GOOD,T-196008-10,COMPANY-195747-10,USA,0,JPMC-CLIENT-195742-10,USA,KYC-ADD-ACCOUNT-OWNER,jpm_aml,compliance_transaction,FALSE,banking,synthetic_research
08/05/2022 0:34,GOOD,T-25036-02,JPMC-CLIENT-24869-02,USA,757.5,BILLING-COMPANY-24872-02,USA,PAYMENT,jpm_aml,compliance_transaction,FALSE,banking,synthetic_research
08/05/2022 4:45,GOOD,T-759344-06,JPMC-CLIENT-758962-06,USA,650.82,OWNER-759042-06,USA,WIRE,jpm_aml,compliance_transaction,FALSE,banking,synthetic_research
08/05/2022 4:58,GOOD,T-306876-08,JPMC-BILLING-COMPANY-306699-08,USA,4357.96,JPMC-CLIENT-306696-08,USA,WIRE,jpm_aml,compliance_transaction,FALSE,banking,synthetic_research
08/05/2022 10:40,GOOD,T-714680-04,,,1191.88,JPMC-CLIENT-714380-04,USA,CASH-DEPOSIT,jpm_aml,compliance_transaction,FALSE,banking,synthetic_research
08/05/2022 15:38,GOOD,T-145831-04,BILLING-COMPANY-145652-04,USA,2784.32,JPMC-CLIENT-145649-04,USA,WIRE,jpm_aml,compliance_transaction,FALSE,banking,synthetic_research
08/05/2022 16:25,GOOD,T-2439788-04,JPMC-BILLING-COMPANY-2439591-04,USA,3764.2703,JPMC-CLIENT-2439588-04,UNITED-KINGDOM,WIRE,jpm_aml,compliance_transaction,FALSE,banking,synthetic_research
08/05/2022 18:54,GOOD,T-799046-04,COMPANY-798850-04,MEXICO,3568.54,JPMC-CLIENT-798845-04,USA,WIRE,jpm_aml,compliance_transaction,FALSE,banking,synthetic_research
08/05/2022 19:46,GOOD,T-1363169-06,JPMC-CLIENT-1362994-06,USA,297.36,JPMC-BILLING-COMPANY-1362997-06,USA,PAYMENT,jpm_aml,compliance_transaction,FALSE,banking,synthetic_research
08/05/2022 23:32,GOOD,T-569148-05,JPMC-CLIENT-568905-05,USA,1879.49,CHECKING-568914-05,,WIRE,jpm_aml,compliance_transaction,FALSE,banking,synthetic_research
09/05/2022 1:57,GOOD,T-1331725-06,JPMC-CLIENT-1331497-06,USA,940.64,JPMC-BILLING-COMPANY-1331500-06,USA,PAYMENT,jpm_aml,compliance_transaction,FALSE,banking,synthetic_research
09/05/2022 2:40,GOOD,T-1708024-06,JPMC-CLIENT-1707789-06,UNITED-KINGDOM,4750.72,CHECKING-1707802-06,,WIRE,jpm_aml,compliance_transaction,FALSE,banking,synthetic_research
09/05/2022 4:43,GOOD,T-2750453-04,JPMC-CLIENT-2750130-04,UNITED-KINGDOM,2482.54,OWNER-2750194-04,USA,WIRE,jpm_aml,compliance_transaction,FALSE,banking,synthetic_research
09/05/2022 5:22,GOOD,T-222371-11,JPMC-CLIENT-222167-11,USA,670.76,JPMC-BILLING-COMPANY-222170-11,USA,PAYMENT,jpm_aml,compliance_transaction,FALSE,banking,synthetic_research
09/05/2022 6:13,GOOD,T-825035-10,JPMC-BILLING-COMPANY-824822-10,USA,3901.85,JPMC-CLIENT-824819-10,USA,WIRE,jpm_aml,compliance_transaction,FALSE,banking,synthetic_research
09/05/2022 8:08,GOOD,T-246194-05,COMPANY-245978-05,USA,550.24,JPMC-CLIENT-245967-05,USA,WIRE,jpm_aml,compliance_transaction,FALSE,banking,synthetic_research
09/05/2022 8:38,GOOD,T-1433975-04,BILLING-COMPANY-1433701-04,USA,1300.56,JPMC-CLIENT-1433698-04,USA,WIRE,jpm_aml,compliance_transaction,FALSE,banking,synthetic_research
09/05/2022 9:50,GOOD,T-266457-01,COMPANY-266252-01,USA,1702.9401,JPMC-CLIENT-266242-01,USA,WIRE,jpm_aml,compliance_transaction,FALSE,banking,synthetic_research
09/05/2022 15:06,BAD,T-828433-00,JPMC-CLIENT-828112-00,UNITED-KINGDOM,3147728,JPMC-BILLING-COMPANY-828115-00,USA,PAYMENT,jpm_aml,compliance_transaction,TRUE,banking,synthetic_research
09/05/2022 16:44,GOOD,T-2520963-04,JPMC-CLIENT-2520752-04,USA,819.98,BILLING-COMPANY-2520755-04,USA,PAYMENT,jpm_aml,compliance_transaction,FALSE,banking,synthetic_research
09/05/2022 16:57,GOOD,T-716956-04,JPMC-BILLING-COMPANY-716711-04,USA,3275.23,JPMC-CLIENT-716708-04,USA,WIRE,jpm_aml,compliance_transaction,FALSE,banking,synthetic_research
09/05/2022 22:00,GOOD,T-732742-14,JPMC-CLIENT-732568-14,USA,736.89,JPMC-BILLING-COMPANY-732571-14,USA,PAYMENT,jpm_aml,compliance_transaction,FALSE,banking,synthetic_research
09/05/2022 23:25,BAD,T-1726795-00,,,0,COMPANY-1726779-00,USA,KYC-CREATE-ACCOUNT,jpm_aml,compliance_transaction,TRUE,banking,synthetic_research
10/05/2022 2:35,BAD,T-2645669-00,COMPANY-2645647-00,UNITED-KINGDOM,0,CUSTOMER-2645488-00,UNITED-KINGDOM,KYC-ADD-ACCOUNT-OWNER,jpm_aml,compliance_transaction,TRUE,banking,synthetic_research
10/05/2022 4:09,GOOD,T-1511990-06,JPMC-CLIENT-1511705-06,USA,476.6,OWNER-1511760-06,USA,WIRE,jpm_aml,compliance_transaction,FALSE,banking,synthetic_research
10/05/2022 6:26,GOOD,T-757222-10,JPMC-CLIENT-756961-10,USA,5000.75,,,WITHDRAWL,jpm_aml,compliance_transaction,FALSE,banking,synthetic_research
10/05/2022 7:38,BAD,T-3010657-00,COMPANY-3010641-00,USA,0,JPMC-CUSTOMER-3010472-00,USA,KYC-ADD-ACCOUNT-OWNER,jpm_aml,compliance_transaction,TRUE,banking,synthetic_research
10/05/2022 7:47,GOOD,T-183264-08,JPMC-CLIENT-182909-08,CHILE,5976.38,CHECKING-182921-08,,WIRE,jpm_aml,compliance_transaction,FALSE,banking,synthetic_research
10/05/2022 8:51,GOOD,T-576937-10,JPMC-CLIENT-576642-10,USA,5000.67,CHECKING-576651-10,,WIRE,jpm_aml,compliance_transaction,FALSE,banking,synthetic_research
10/05/2022 11:20,GOOD,T-813530-04,,,2666.79,JPMC-CLIENT-813213-04,USA,CASH-DEPOSIT,jpm_aml,compliance_transaction,FALSE,banking,synthetic_research
10/05/2022 13:41,GOOD,T-836547-10,,,9500.6,JPMC-CLIENT-836274-10,UNITED-KINGDOM,CASH-DEPOSIT,jpm_aml,compliance_transaction,FALSE,banking,synthetic_research
10/05/2022 20:01,BAD,T-2771971-00,COMPANY-2771949-00,USA,0,JPMC-CUSTOMER-2771781-00,USA,KYC-ADD-ACCOUNT-OWNER,jpm_aml,compliance_transaction,TRUE,banking,synthetic_research
10/05/2022 20:09,GOOD,T-484123-10,JPMC-CLIENT-483719-10,USA,6895.9,,,WITHDRAWL,jpm_aml,compliance_transaction,FALSE,banking,synthetic_research
11/05/2022 1:21,GOOD,T-99118-06,COMPANY-98774-06,USA,500.67,JPMC-CLIENT-98769-06,UNITED-KINGDOM,WIRE,jpm_aml,compliance_transaction,FALSE,banking,synthetic_research
11/05/2022 9:10,GOOD,T-1469054-10,JPMC-CLIENT-1468749-10,USA,19.8,OWNER-1468806-10,USA,WIRE,jpm_aml,compliance_transaction,FALSE,banking,synthetic_research
11/05/2022 10:01,GOOD,T-34112-03,BILLING-COMPANY-33787-03,USA,5263.75,JPMC-CLIENT-33784-03,USA,WIRE,jpm_aml,compliance_transaction,FALSE,banking,synthetic_research
11/05/2022 10:52,BAD,T-2584217-00,JPMC-CLIENT-2584010-00,USA,740447,,,WITHDRAWL,jpm_aml,compliance_transaction,TRUE,banking,synthetic_research
11/05/2022 16:29,GOOD,T-1027262-10,JPMC-CLIENT-1026951-10,UNITED-KINGDOM,3064.55,CHECKING-1026962-10,,WIRE,jpm_aml,compliance_transaction,FALSE,banking,synthetic_research
11/05/2022 16:59,GOOD,T-376803-10,JPMC-CLIENT-376524-10,USA,177.91,CHECKING-376536-10,,WIRE,jpm_aml,compliance_transaction,FALSE,banking,synthetic_research
11/05/2022 20:03,GOOD,T-1293158-06,JPMC-CLIENT-1292818-06,USA,3582.35,OWNER-1292887-06,USA,WIRE,jpm_aml,compliance_transaction,FALSE,banking,synthetic_research
12/05/2022 1:42,GOOD,T-200710-02,JPMC-CLIENT-200308-02,USA,763.65,OWNER-200401-02,USA,WIRE,jpm_aml,compliance_transaction,FALSE,banking,synthetic_research
12/05/2022 1:46,GOOD,T-915997-05,JPMC-CLIENT-915597-05,USA,5407.92,,,WITHDRAWL,jpm_aml,compliance_transaction,FALSE,banking,synthetic_research
12/05/2022 7:49,GOOD,T-161537-01,JPMC-BILLING-COMPANY-161147-01,USA,901.36005,JPMC-CLIENT-161144-01,UNITED-KINGDOM,WIRE,jpm_aml,compliance_transaction,FALSE,banking,synthetic_research
12/05/2022 11:26,BAD,T-3012224-00,JPMC-CLIENT-3011945-00,USA,3773965,CUSTOMER-3012002-00,VIRGIN-ISLANDS-US,WIRE,jpm_aml,compliance_transaction,TRUE,banking,synthetic_research
12/05/2022 17:08,GOOD,T-322991-11,COMPANY-322656-11,RUSSIA,3762.03,JPMC-CLIENT-322651-11,USA,WIRE,jpm_aml,compliance_transaction,FALSE,banking,synthetic_research
12/05/2022 19:20,BAD,T-2765792-00,JPMC-CLIENT-2765499-00,USA,90848,CUSTOMER-2765504-00,USA,CRYPTO-TRANSFER,jpm_aml,compliance_transaction,TRUE,banking,synthetic_research
12/05/2022 19:41,GOOD,T-1824915-04,JPMC-CLIENT-1824608-04,PORTUGAL,7425.13,,,WITHDRAWL,jpm_aml,compliance_transaction,FALSE,banking,synthetic_research
12/05/2022 19:41,BAD,T-703323-00,,,502055,JPMC-CLIENT-703118-00,USA,CASH-DEPOSIT,jpm_aml,compliance_transaction,TRUE,banking,synthetic_research
12/05/2022 20:28,GOOD,T-243073-01,JPMC-CLIENT-242684-01,USA,592.48,BILLING-COMPANY-242687-01,USA,PAYMENT,jpm_aml,compliance_transaction,FALSE,banking,synthetic_research
12/05/2022 23:36,GOOD,T-774336-05,JPMC-CLIENT-773965-05,UNITED-KINGDOM,5000.44,CHECKING-773975-05,,WIRE,jpm_aml,compliance_transaction,FALSE,banking,synthetic_research
07/06/2022 0:08,GOOD,T-1260174-11,BILLING-COMPANY-1260034-11,USA,1224.5901,JPMC-CLIENT-1260031-11,USA,WIRE,jpm_aml,compliance_transaction,FALSE,banking,synthetic_research
07/06/2022 1:25,GOOD,T-431947-14,,,0,CUSTOMER-431854-14,USA,KYC-CREATE-ACCOUNT,jpm_aml,compliance_transaction,FALSE,banking,synthetic_research
07/06/2022 3:12,GOOD,T-560790-04,JPMC-CLIENT-560549-04,USA,5000.23,,,WITHDRAWL,jpm_aml,compliance_transaction,FALSE,banking,synthetic_research
07/06/2022 4:33,GOOD,T-316089-14,BILLING-COMPANY-315943-14,USA,5098.98,JPMC-CLIENT-315940-14,USA,WIRE,jpm_aml,compliance_transaction,FALSE,banking,synthetic_research
07/06/2022 4:37,GOOD,T-46787-13,,,0,CUSTOMER-46554-13,USA,KYC-CREATE-ACCOUNT,jpm_aml,compliance_transaction,FALSE,banking,synthetic_research
07/06/2022 4:54,GOOD,T-232014-05,JPMC-CLIENT-231886-05,USA,17.35,OWNER-231900-05,USA,WIRE,jpm_aml,compliance_transaction,FALSE,banking,synthetic_research
07/06/2022 7:15,GOOD,T-151881-10,COMPANY-151763-10,USA,2473.85,JPMC-CLIENT-151758-10,USA,WIRE,jpm_aml,compliance_transaction,FALSE,banking,synthetic_research
07/06/2022 8:57,GOOD,T-2179312-04,JPMC-CLIENT-2179151-04,USA,10.86,OWNER-2179167-04,USA,WIRE,jpm_aml,compliance_transaction,FALSE,banking,synthetic_research
07/06/2022 10:31,GOOD,T-2797291-04,STANDARD-COMPANY-2797145-04,USA,3056.89,JPMC-CLIENT-2797141-04,USA,WIRE,jpm_aml,compliance_transaction,FALSE,banking,synthetic_research
07/06/2022 18:29,GOOD,T-1091512-06,JPMC-CLIENT-1091361-06,USA,0,CUSTOMER-1091367-06,USA,KYC-ADD-ACCOUNT-OWNER,jpm_aml,compliance_transaction,FALSE,banking,synthetic_research
07/06/2022 20:28,GOOD,T-967895-05,BILLING-COMPANY-967742-05,USA,3476.6,JPMC-CLIENT-967739-05,USA,WIRE,jpm_aml,compliance_transaction,FALSE,banking,synthetic_research
07/06/2022 23:53,GOOD,T-219922-12,JPMC-CLIENT-219762-12,USA,89.45,OWNER-219779-12,USA,WIRE,jpm_aml,compliance_transaction,FALSE,banking,synthetic_research
08/06/2022 9:12,GOOD,T-207357-06,JPMC-CLIENT-207189-06,USA,58.21,OWNER-207214-06,USA,WIRE,jpm_aml,compliance_transaction,FALSE,banking,synthetic_research
08/06/2022 10:54,GOOD,T-1313645-04,COMPANY-1313462-04,USA,5184.68,JPMC-CLIENT-1313452-04,USA,WIRE,jpm_aml,compliance_transaction,FALSE,banking,synthetic_research
08/06/2022 10:59,GOOD,T-5129-12,JPMC-CLIENT-4614-12,USA,6454.45,COMPANY-4622-12,UNITED-KINGDOM,WIRE,jpm_aml,compliance_transaction,FALSE,banking,synthetic_research
08/06/2022 21:05,GOOD,T-210695-08,JPMC-CLIENT-210370-08,USA,56.12,OWNER-210427-08,USA,WIRE,jpm_aml,compliance_transaction,FALSE,banking,synthetic_research
08/06/2022 23:13,GOOD,T-886909-05,COMPANY-886655-05,USA,0,JPMC-CLIENT-886650-05,USA,KYC-ADD-ACCOUNT-OWNER,jpm_aml,compliance_transaction,FALSE,banking,synthetic_research
09/06/2022 7:36,GOOD,T-1220027-06,JPMC-CLIENT-1219695-06,USA,5492.4,CHECKING-1219707-06,,WIRE,jpm_aml,compliance_transaction,FALSE,banking,synthetic_research
09/06/2022 14:00,GOOD,T-725266-14,STANDARD-COMPANY-725050-14,USA,4821.81,JPMC-CLIENT-725046-14,USA,WIRE,jpm_aml,compliance_transaction,FALSE,banking,synthetic_research
09/06/2022 20:16,BAD,T-1604805-00,,,0,COMPANY-1604795-00,USA,KYC-CREATE-ACCOUNT,jpm_aml,compliance_transaction,TRUE,banking,synthetic_research
09/06/2022 21:32,GOOD,T-256720-10,JPMC-CLIENT-256512-10,USA,193.3,OWNER-256552-10,USA,WIRE,jpm_aml,compliance_transaction,FALSE,banking,synthetic_research
09/06/2022 21:45,GOOD,T-186851-01,JPMC-BILLING-COMPANY-186616-01,USA,2686.29,JPMC-CLIENT-186613-01,USA,WIRE,jpm_aml,compliance_transaction,FALSE,banking,synthetic_research
09/06/2022 23:15,GOOD,T-33738-06,JPMC-CLIENT-33494-06,UNITED-KINGDOM,811.86,OWNER-33535-06,USA,WIRE,jpm_aml,compliance_transaction,FALSE,banking,synthetic_research
10/06/2022 0:21,GOOD,T-612815-10,JPMC-CLIENT-612578-10,USA,293.51,BILLING-COMPANY-612581-10,USA,PAYMENT,jpm_aml,compliance_transaction,FALSE,banking,synthetic_research
10/06/2022 1:12,GOOD,T-325448-04,JPMC-BILLING-COMPANY-325070-04,USA,1916.27,JPMC-CLIENT-325067-04,USA,WIRE,jpm_aml,compliance_transaction,FALSE,banking,synthetic_research
10/06/2022 1:38,BAD,T-1303580-00,JPMC-CLIENT-1303384-00,USA,500058,CUSTOMER-1303389-00,USA,CRYPTO-TRANSFER,jpm_aml,compliance_transaction,TRUE,banking,synthetic_research
10/06/2022 9:53,GOOD,T-488051-07,,,4032.39,JPMC-CLIENT-487808-07,USA,CASH-DEPOSIT,jpm_aml,compliance_transaction,FALSE,banking,synthetic_research
10/06/2022 12:18,GOOD,T-1529287-04,JPMC-CLIENT-1528991-04,USA,1152.37,OWNER-1529057-04,USA,WIRE,jpm_aml,compliance_transaction,FALSE,banking,synthetic_research
10/06/2022 12:56,GOOD,T-13973-14,JPMC-CLIENT-13699-14,SWEDEN,5000.32,,,WITHDRAWL,jpm_aml,compliance_transaction,FALSE,banking,synthetic_research
10/06/2022 17:16,BAD,T-2863436-00,,,170552,JPMC-CLIENT-2863237-00,USA,CASH-DEPOSIT,jpm_aml,compliance_transaction,TRUE,banking,synthetic_research
10/06/2022 17:29,GOOD,T-50745-14,JPMC-CLIENT-50450-14,USA,9341,CHECKING-50463-14,,WIRE,jpm_aml,compliance_transaction,FALSE,banking,synthetic_research
10/06/2022 21:20,GOOD,T-863483-10,JPMC-CLIENT-863166-10,USA,81.39,OWNER-863226-10,USA,WIRE,jpm_aml,compliance_transaction,FALSE,banking,synthetic_research
10/06/2022 21:54,GOOD,T-584846-07,COMPANY-584570-07,USA,4114.43,JPMC-CLIENT-584558-07,USA,WIRE,jpm_aml,compliance_transaction,FALSE,banking,synthetic_research
10/06/2022 22:24,GOOD,T-29873-02,JPMC-CLIENT-29608-02,USA,227.18,BILLING-COMPANY-29611-02,USA,PAYMENT,jpm_aml,compliance_transaction,FALSE,banking,synthetic_research
11/06/2022 0:10,GOOD,T-78204-01,COMPANY-77893-01,USA,550.49,JPMC-CLIENT-77886-01,USA,WIRE,jpm_aml,compliance_transaction,FALSE,banking,synthetic_research
11/06/2022 0:32,GOOD,T-462118-14,BILLING-COMPANY-461793-14,USA,550.58,JPMC-CLIENT-461790-14,UNITED-KINGDOM,WIRE,jpm_aml,compliance_transaction,FALSE,banking,synthetic_research
11/06/2022 4:22,GOOD,T-635763-07,JPMC-BILLING-COMPANY-635386-07,USA,2485.42,JPMC-CLIENT-635383-07,USA,WIRE,jpm_aml,compliance_transaction,FALSE,banking,synthetic_research
11/06/2022 4:43,GOOD,T-117099-02,JPMC-CLIENT-116773-02,USA,5000.71,CHECKING-116784-02,,WIRE,jpm_aml,compliance_transaction,FALSE,banking,synthetic_research
11/06/2022 6:21,GOOD,T-1163785-10,JPMC-CLIENT-1163477-10,USA,6230.75,,,WITHDRAWL,jpm_aml,compliance_transaction,FALSE,banking,synthetic_research
11/06/2022 14:45,GOOD,T-1545284-06,JPMC-CLIENT-1544956-06,USA,100.16,BILLING-COMPANY-1544959-06,USA,PAYMENT,jpm_aml,compliance_transaction,FALSE,banking,synthetic_research
11/06/2022 15:57,GOOD,T-699983-04,COMPANY-699644-04,USA,4930.39,JPMC-CLIENT-699637-04,USA,WIRE,jpm_aml,compliance_transaction,FALSE,banking,synthetic_research
11/06/2022 17:10,GOOD,T-869846-11,,,1627.83,JPMC-CLIENT-869503-11,USA,CASH-DEPOSIT,jpm_aml,compliance_transaction,FALSE,banking,synthetic_research
11/06/2022 19:09,GOOD,T-1213204-11,JPMC-CLIENT-1212894-11,USA,929.54,JPMC-BILLING-COMPANY-1212897-11,USA,PAYMENT,jpm_aml,compliance_transaction,FALSE,banking,synthetic_research
11/06/2022 20:05,GOOD,T-410812-01,COMPANY-410487-01,USA,2963.4302,JPMC-CLIENT-410478-01,USA,WIRE,jpm_aml,compliance_transaction,FALSE,banking,synthetic_research
12/06/2022 3:56,GOOD,T-385606-11,BILLING-COMPANY-385251-11,USA,4270.67,JPMC-CLIENT-385248-11,UNITED-KINGDOM,WIRE,jpm_aml,compliance_transaction,FALSE,banking,synthetic_research
12/06/2022 10:25,GOOD,T-1102184-04,JPMC-CLIENT-1101790-04,USA,499.31,JPMC-BILLING-COMPANY-1101793-04,USA,PAYMENT,jpm_aml,compliance_transaction,FALSE,banking,synthetic_research
12/06/2022 12:45,GOOD,T-1231-14,JPMC-CLIENT-926-14,USA,370.29,OWNER-988-14,USA,WIRE,jpm_aml,compliance_transaction,FALSE,banking,synthetic_research
12/06/2022 15:53,GOOD,T-877014-06,JPMC-CLIENT-876580-06,USA,5296.22,,,WITHDRAWL,jpm_aml,compliance_transaction,FALSE,banking,synthetic_research
12/06/2022 19:48,BAD,T-942721-00,JPMC-CLIENT-942498-00,USA,348869,,,WITHDRAWL,jpm_aml,compliance_transaction,TRUE,banking,synthetic_research
12/06/2022 21:09,BAD,T-1971270-00,JPMC-CLIENT-1971035-00,USA,1927532,BILLING-COMPANY-1971038-00,USA,PAYMENT,jpm_aml,compliance_transaction,TRUE,banking,synthetic_research
12/06/2022 21:47,BAD,T-2232774-00,JPMC-CLIENT-2232526-00,USA,64640,,,WITHDRAWL,jpm_aml,compliance_transaction,TRUE,banking,synthetic_research
14/06/2022 19:29,GOOD,T-37038-03,,,0,CUSTOMER-36939-03,USA,KYC-CREATE-ACCOUNT,jpm_aml,compliance_transaction,FALSE,banking,synthetic_research
15/06/2022 17:36,GOOD,T-1626838-04,,,0,CUSTOMER-1626740-04,USA,KYC-CREATE-ACCOUNT,jpm_aml,compliance_transaction,FALSE,banking,synthetic_research
15/06/2022 20:43,GOOD,T-384467-01,JPMC-CLIENT-384249-01,USA,73.44,OWNER-384289-01,USA,WIRE,jpm_aml,compliance_transaction,FALSE,banking,synthetic_research
16/06/2022 3:46,GOOD,T-236299-04,COMPANY-236178-04,USA,2365.12,JPMC-CLIENT-236171-04,USA,WIRE,jpm_aml,compliance_transaction,FALSE,banking,synthetic_research
16/06/2022 6:06,GOOD,T-314811-01,COMPANY-314699-01,USA,4079.29,JPMC-CLIENT-314692-01,USA,WIRE,jpm_aml,compliance_transaction,FALSE,banking,synthetic_research
16/06/2022 8:23,GOOD,T-296572-01,,,0,COMPANY-296333-01,USA,KYC-CREATE-ACCOUNT,jpm_aml,compliance_transaction,FALSE,banking,synthetic_research
16/06/2022 10:31,GOOD,T-37062-04,,,0,JPMC-CLIENT-36833-04,MAROCCO,KYC-CREATE-ACCOUNT,jpm_aml,compliance_transaction,FALSE,banking,synthetic_research
16/06/2022 12:26,GOOD,T-40859-03,,,0,JPMC-CLIENT-40564-03,USA,KYC-CREATE-ACCOUNT,jpm_aml,compliance_transaction,FALSE,banking,synthetic_research
16/06/2022 14:51,GOOD,T-825671-04,,,0,JPMC-CLIENT-825562-04,UNITED-KINGDOM,KYC-CREATE-ACCOUNT,jpm_aml,compliance_transaction,FALSE,banking,synthetic_research
16/06/2022 15:51,GOOD,T-171713-01,BILLING-COMPANY-171576-01,USA,2114.5898,JPMC-CLIENT-171573-01,UNITED-KINGDOM,WIRE,jpm_aml,compliance_transaction,FALSE,banking,synthetic_research
16/06/2022 18:12,GOOD,T-2178404-04,,,0,CUSTOMER-2178313-04,USA,KYC-CREATE-ACCOUNT,jpm_aml,compliance_transaction,FALSE,banking,synthetic_research
16/06/2022 20:16,GOOD,T-159010-02,,,0,CUSTOMER-158904-02,USA,KYC-CREATE-ACCOUNT,jpm_aml,compliance_transaction,FALSE,banking,synthetic_research
16/06/2022 20:54,GOOD,T-771355-04,COMPANY-771227-04,USA,4792.96,JPMC-CLIENT-771220-04,UNITED-KINGDOM,WIRE,jpm_aml,compliance_transaction,FALSE,banking,synthetic_research
17/06/2022 2:31,GOOD,T-271290-02,,,0,CUSTOMER-271189-02,USA,KYC-CREATE-ACCOUNT,jpm_aml,compliance_transaction,FALSE,banking,synthetic_research
17/06/2022 3:48,GOOD,T-198478-03,,,0,COMPANY-198212-03,USA,KYC-CREATE-ACCOUNT,jpm_aml,compliance_transaction,FALSE,banking,synthetic_research
17/06/2022 13:02,GOOD,T-1390072-04,,,0,JPMC-CLIENT-1389820-04,USA,KYC-CREATE-ACCOUNT,jpm_aml,compliance_transaction,FALSE,banking,synthetic_research
17/06/2022 16:53,GOOD,T-1016451-04,COMPANY-1016305-04,USA,1345.89,JPMC-CLIENT-1016295-04,USA,WIRE,jpm_aml,compliance_transaction,FALSE,banking,synthetic_research
17/06/2022 20:52,GOOD,T-2346016-04,,,0,CUSTOMER-2345896-04,UNITED-KINGDOM,KYC-CREATE-ACCOUNT,jpm_aml,compliance_transaction,FALSE,banking,synthetic_research
18/06/2022 0:29,GOOD,T-2463584-04,,,0,JPMC-CLIENT-2463492-04,USA,KYC-CREATE-ACCOUNT,jpm_aml,compliance_transaction,FALSE,banking,synthetic_research
19/06/2022 0:23,GOOD,T-569274-04,,,0,JPMC-CLIENT-569151-04,USA,KYC-CREATE-ACCOUNT,jpm_aml,compliance_transaction,FALSE,banking,synthetic_research
21/06/2022 0:32,GOOD,T-185559-03,JPMC-CLIENT-185383-03,USA,125.28,OWNER-185400-03,USA,WIRE,jpm_aml,compliance_transaction,FALSE,banking,synthetic_research
21/06/2022 16:53,GOOD,T-731594-04,,,0,JPMC-CLIENT-731512-04,USA,KYC-CREATE-ACCOUNT,jpm_aml,compliance_transaction,FALSE,banking,synthetic_research
21/06/2022 19:14,GOOD,T-217928-05,,,0,COMPANY-217703-05,USA,KYC-CREATE-ACCOUNT,jpm_aml,compliance_transaction,FALSE,banking,synthetic_research
21/06/2022 22:56,GOOD,T-2686949-04,CUSTOMER-2686754-04,USA,0,JPMC-CLIENT-2686748-04,USA,KYC-ADD-ACCOUNT-OWNER,jpm_aml,compliance_transaction,FALSE,banking,synthetic_research
22/06/2022 0:29,GOOD,T-2011101-04,,,0,JPMC-CLIENT-2010863-04,USA,KYC-CREATE-ACCOUNT,jpm_aml,compliance_transaction,FALSE,banking,synthetic_research
22/06/2022 0:38,GOOD,T-169270-05,,,0,CUSTOMER-169166-05,USA,KYC-CREATE-ACCOUNT,jpm_aml,compliance_transaction,FALSE,banking,synthetic_research
22/06/2022 21:02,GOOD,T-1943821-04,,,0,COMPANY-1943612-04,USA,KYC-CREATE-ACCOUNT,jpm_aml,compliance_transaction,FALSE,banking,synthetic_research
22/06/2022 21:11,GOOD,T-472831-06,,,0,JPMC-CLIENT-472717-06,USA,KYC-CREATE-ACCOUNT,jpm_aml,compliance_transaction,FALSE,banking,synthetic_research
23/06/2022 2:18,GOOD,T-932030-04,CUSTOMER-931784-04,USA,0,JPMC-CLIENT-931778-04,USA,KYC-ADD-ACCOUNT-OWNER,jpm_aml,compliance_transaction,FALSE,banking,synthetic_research
23/06/2022 2:18,GOOD,T-109387-01,COMPANY-109268-01,USA,550.92,JPMC-CLIENT-109259-01,USA,WIRE,jpm_aml,compliance_transaction,FALSE,banking,synthetic_research
23/06/2022 4:09,GOOD,T-1659232-04,CUSTOMER-1658980-04,USA,0,JPMC-CLIENT-1658974-04,USA,KYC-ADD-ACCOUNT-OWNER,jpm_aml,compliance_transaction,FALSE,banking,synthetic_research
23/06/2022 9:21,GOOD,T-1547516-06,,,0,CUSTOMER-1547267-06,USA,KYC-CREATE-ACCOUNT,jpm_aml,compliance_transaction,FALSE,banking,synthetic_research
23/06/2022 11:20,GOOD,T-1218983-04,COMPANY-1218868-04,USA,1354.15,JPMC-CLIENT-1218863-04,UNITED-KINGDOM,WIRE,jpm_aml,compliance_transaction,FALSE,banking,synthetic_research
23/06/2022 14:53,GOOD,T-186170-02,JPMC-CLIENT-186035-02,USA,208.52,BILLING-COMPANY-186038-02,USA,PAYMENT,jpm_aml,compliance_transaction,FALSE,banking,synthetic_research
23/06/2022 16:10,GOOD,T-798970-04,COMPANY-798850-04,MEXICO,585.02,JPMC-CLIENT-798845-04,USA,WIRE,jpm_aml,compliance_transaction,FALSE,banking,synthetic_research
23/06/2022 21:56,GOOD,T-1762790-04,CUSTOMER-1762704-04,USA,0,JPMC-CLIENT-1762699-04,USA,KYC-ADD-ACCOUNT-OWNER,jpm_aml,compliance_transaction,FALSE,banking,synthetic_research
24/06/2022 0:55,GOOD,T-283328-03,CUSTOMER-283221-03,USA,0,JPMC-CLIENT-283216-03,USA,KYC-ADD-ACCOUNT-OWNER,jpm_aml,compliance_transaction,FALSE,banking,synthetic_research
24/06/2022 3:46,GOOD,T-2323418-04,COMPANY-2323135-04,USA,0,JPMC-CLIENT-2323130-04,USA,KYC-ADD-ACCOUNT-OWNER,jpm_aml,compliance_transaction,FALSE,banking,synthetic_research
24/06/2022 4:11,GOOD,T-1570969-04,CUSTOMER-1570863-04,UNITED-KINGDOM,0,JPMC-CLIENT-1570858-04,UNITED-KINGDOM,KYC-ADD-ACCOUNT-OWNER,jpm_aml,compliance_transaction,FALSE,banking,synthetic_research
24/06/2022 5:20,GOOD,T-1035854-04,JPMC-CLIENT-1035696-04,USA,100.14,OWNER-1035718-04,USA,WIRE,jpm_aml,compliance_transaction,FALSE,banking,synthetic_research
24/06/2022 8:14,GOOD,T-166808-03,CUSTOMER-166708-03,USA,0,JPMC-CLIENT-166703-03,USA,KYC-ADD-ACCOUNT-OWNER,jpm_aml,compliance_transaction,FALSE,banking,synthetic_research
24/06/2022 11:01,GOOD,T-60802-02,JPMC-CLIENT-60661-02,UNITED-KINGDOM,445.34,JPMC-BILLING-COMPANY-60664-02,USA,PAYMENT,jpm_aml,compliance_transaction,FALSE,banking,synthetic_research
24/06/2022 13:17,GOOD,T-1458820-04,CUSTOMER-1458705-04,USA,0,JPMC-CLIENT-1458700-04,USA,KYC-ADD-ACCOUNT-OWNER,jpm_aml,compliance_transaction,FALSE,banking,synthetic_research
24/06/2022 13:26,GOOD,T-1277089-06,,,0,CUSTOMER-1276866-06,USA,KYC-CREATE-ACCOUNT,jpm_aml,compliance_transaction,FALSE,banking,synthetic_research
24/06/2022 13:34,GOOD,T-1845811-04,CUSTOMER-1845694-04,USA,0,JPMC-CLIENT-1845689-04,USA,KYC-ADD-ACCOUNT-OWNER,jpm_aml,compliance_transaction,FALSE,banking,synthetic_research
24/06/2022 14:43,GOOD,T-2492302-04,,,0,JPMC-CLIENT-2492194-04,USA,KYC-CREATE-ACCOUNT,jpm_aml,compliance_transaction,FALSE,banking,synthetic_research
24/06/2022 17:50,GOOD,T-1603892-06,,,0,JPMC-CLIENT-1603762-06,USA,KYC-CREATE-ACCOUNT,jpm_aml,compliance_transaction,FALSE,banking,synthetic_research
25/06/2022 4:43,GOOD,T-1236007-04,JPMC-CLIENT-1235904-04,USA,75.36,OWNER-1235916-04,USA,WIRE,jpm_aml,compliance_transaction,FALSE,banking,synthetic_research
25/06/2022 5:47,GOOD,T-1958991-04,CUSTOMER-1958867-04,USA,0,JPMC-CLIENT-1958862-04,USA,KYC-ADD-ACCOUNT-OWNER,jpm_aml,compliance_transaction,FALSE,banking,synthetic_research
25/06/2022 6:00,GOOD,T-2706588-04,,,0,COMPANY-2706331-04,USA,KYC-CREATE-ACCOUNT,jpm_aml,compliance_transaction,FALSE,banking,synthetic_research
25/06/2022 8:04,GOOD,T-1451327-04,COMPANY-1451083-04,SWITZERLAND,0,JPMC-CLIENT-1451078-04,SWITZERLAND,KYC-ADD-ACCOUNT-OWNER,jpm_aml,compliance_transaction,FALSE,banking,synthetic_research
25/06/2022 12:50,GOOD,T-2159465-04,JPMC-CLIENT-2159294-04,USA,64.24,OWNER-2159323-04,USA,WIRE,jpm_aml,compliance_transaction,FALSE,banking,synthetic_research
25/06/2022 15:23,GOOD,T-530612-06,,,0,CUSTOMER-530373-06,USA,KYC-CREATE-ACCOUNT,jpm_aml,compliance_transaction,FALSE,banking,synthetic_research
26/06/2022 12:22,GOOD,T-567524-07,,,0,CUSTOMER-567416-07,USA,KYC-CREATE-ACCOUNT,jpm_aml,compliance_transaction,FALSE,banking,synthetic_research
26/06/2022 17:55,GOOD,T-444489-07,JPMC-CLIENT-444358-07,UNITED-KINGDOM,971.27,BILLING-COMPANY-444361-07,USA,PAYMENT,jpm_aml,compliance_transaction,FALSE,banking,synthetic_research
26/06/2022 18:50,GOOD,T-1592980-04,COMPANY-1592869-04,USA,1536.26,JPMC-CLIENT-1592864-04,USA,WIRE,jpm_aml,compliance_transaction,FALSE,banking,synthetic_research
26/06/2022 21:11,GOOD,T-529844-07,,,0,CUSTOMER-529737-07,UNITED-KINGDOM,KYC-CREATE-ACCOUNT,jpm_aml,compliance_transaction,FALSE,banking,synthetic_research
27/06/2022 2:52,GOOD,T-371978-05,JPMC-CLIENT-371737-05,USA,23.99,OWNER-371784-05,USA,WIRE,jpm_aml,compliance_transaction,FALSE,banking,synthetic_research
27/06/2022 12:20,GOOD,T-236567-08,,,0,CUSTOMER-236332-08,USA,KYC-CREATE-ACCOUNT,jpm_aml,compliance_transaction,FALSE,banking,synthetic_research
27/06/2022 16:10,GOOD,T-2701390-04,BILLING-COMPANY-2701215-04,USA,3614.39,JPMC-CLIENT-2701212-04,UNITED-KINGDOM,WIRE,jpm_aml,compliance_transaction,FALSE,banking,synthetic_research
27/06/2022 23:34,GOOD,T-12815-05,CUSTOMER-12702-05,USA,0,JPMC-CLIENT-12697-05,USA,KYC-ADD-ACCOUNT-OWNER,jpm_aml,compliance_transaction,FALSE,banking,synthetic_research
28/06/2022 4:03,GOOD,T-432143-07,JPMC-CLIENT-432027-07,USA,478.14,OWNER-432040-07,USA,WIRE,jpm_aml,compliance_transaction,FALSE,banking,synthetic_research
29/06/2022 3:14,GOOD,T-2506156-04,BILLING-COMPANY-2506032-04,USA,1611.01,JPMC-CLIENT-2506029-04,USA,WIRE,jpm_aml,compliance_transaction,FALSE,banking,synthetic_research
29/06/2022 10:12,GOOD,T-1218093-04,JPMC-CLIENT-1217984-04,USA,0,CUSTOMER-1217990-04,USA,KYC-ADD-ACCOUNT-OWNER,jpm_aml,compliance_transaction,FALSE,banking,synthetic_research
29/06/2022 14:06,GOOD,T-1567129-04,COMPANY-1566990-04,USA,1357.66,JPMC-CLIENT-1566980-04,USA,WIRE,jpm_aml,compliance_transaction,FALSE,banking,synthetic_research
29/06/2022 16:49,GOOD,T-534822-10,,,0,CUSTOMER-534731-10,USA,KYC-CREATE-ACCOUNT,jpm_aml,compliance_transaction,FALSE,banking,synthetic_research
29/06/2022 16:49,GOOD,T-706950-10,,,0,JPMC-CLIENT-706828-10,USA,KYC-CREATE-ACCOUNT,jpm_aml,compliance_transaction,FALSE,banking,synthetic_research
29/06/2022 17:01,GOOD,T-964994-05,CUSTOMER-964885-05,USA,0,JPMC-CLIENT-964880-05,USA,KYC-ADD-ACCOUNT-OWNER,jpm_aml,compliance_transaction,FALSE,banking,synthetic_research
29/06/2022 17:40,GOOD,T-152221-07,JPMC-CLIENT-152073-07,UNITED-KINGDOM,30.84,OWNER-152086-07,USA,WIRE,jpm_aml,compliance_transaction,FALSE,banking,synthetic_research
29/06/2022 20:05,GOOD,T-895211-04,,,0,COMPANY-894933-04,USA,KYC-CREATE-ACCOUNT,jpm_aml,compliance_transaction,FALSE,banking,synthetic_research
29/06/2022 20:09,GOOD,T-38362-10,,,0,CUSTOMER-38248-10,PORTUGAL,KYC-CREATE-ACCOUNT,jpm_aml,compliance_transaction,FALSE,banking,synthetic_research
29/06/2022 20:22,GOOD,T-952896-06,COMPANY-952652-06,USA,0,JPMC-CLIENT-952647-06,USA,KYC-ADD-ACCOUNT-OWNER,jpm_aml,compliance_transaction,FALSE,banking,synthetic_research
30/06/2022 0:51,GOOD,T-997610-10,,,0,JPMC-CLIENT-997491-10,USA,KYC-CREATE-ACCOUNT,jpm_aml,compliance_transaction,FALSE,banking,synthetic_research
30/06/2022 6:58,GOOD,T-812865-10,JPMC-BILLING-COMPANY-812706-10,USA,3916.45,JPMC-CLIENT-812703-10,USA,WIRE,jpm_aml,compliance_transaction,FALSE,banking,synthetic_research
30/06/2022 7:49,GOOD,T-37558-09,,,0,CUSTOMER-37432-09,USA,KYC-CREATE-ACCOUNT,jpm_aml,compliance_transaction,FALSE,banking,synthetic_research
30/06/2022 10:18,GOOD,T-952452-10,,,0,COMPANY-952235-10,USA,KYC-CREATE-ACCOUNT,jpm_aml,compliance_transaction,FALSE,banking,synthetic_research
30/06/2022 21:45,GOOD,T-276679-02,JPMC-CLIENT-276502-02,USA,388.63,BILLING-COMPANY-276505-02,USA,PAYMENT,jpm_aml,compliance_transaction,FALSE,banking,synthetic_research
07/07/2022 2:27,GOOD,T-720794-04,JPMC-CLIENT-720625-04,USA,9905.3,OWNER-720644-04,USA,WIRE,jpm_aml,compliance_transaction,FALSE,banking,synthetic_research
07/07/2022 4:13,GOOD,T-389119-14,,,0,CUSTOMER-389008-14,USA,KYC-CREATE-ACCOUNT,jpm_aml,compliance_transaction,FALSE,banking,synthetic_research
07/07/2022 4:35,GOOD,T-1322723-04,COMPANY-1322594-04,UNITED-KINGDOM,3636.15,JPMC-CLIENT-1322587-04,USA,WIRE,jpm_aml,compliance_transaction,FALSE,banking,synthetic_research
07/07/2022 13:49,GOOD,T-655548-14,,,0,JPMC-CLIENT-655506-14,USA,KYC-CREATE-ACCOUNT,jpm_aml,compliance_transaction,FALSE,banking,synthetic_research
07/07/2022 14:24,GOOD,T-916417-10,COMPANY-916285-10,UNITED-KINGDOM,3181.31,JPMC-CLIENT-916280-10,UNITED-KINGDOM,WIRE,jpm_aml,compliance_transaction,FALSE,banking,synthetic_research
07/07/2022 16:49,GOOD,T-606392-10,,,0,JPMC-CLIENT-606136-10,USA,KYC-CREATE-ACCOUNT,jpm_aml,compliance_transaction,FALSE,banking,synthetic_research
07/07/2022 17:31,GOOD,T-285519-14,,,0,CUSTOMER-285408-14,USA,KYC-CREATE-ACCOUNT,jpm_aml,compliance_transaction,FALSE,banking,synthetic_research
07/07/2022 20:26,GOOD,T-1648024-04,,,1358.18,JPMC-CLIENT-1647772-04,ITALY,CASH-DEPOSIT,jpm_aml,compliance_transaction,FALSE,banking,synthetic_research
07/07/2022 23:42,GOOD,T-1377536-06,JPMC-CLIENT-1377399-06,USA,523.45,JPMC-BILLING-COMPANY-1377402-06,USA,PAYMENT,jpm_aml,compliance_transaction,FALSE,banking,synthetic_research
08/07/2022 0:12,GOOD,T-808433-11,BILLING-COMPANY-808221-11,USA,2250.61,JPMC-CLIENT-808218-11,UNITED-KINGDOM,WIRE,jpm_aml,compliance_transaction,FALSE,banking,synthetic_research
08/07/2022 0:51,GOOD,T-129490-11,JPMC-CLIENT-129342-11,USA,100.84,JPMC-BILLING-COMPANY-129345-11,USA,PAYMENT,jpm_aml,compliance_transaction,FALSE,banking,synthetic_research
08/07/2022 4:07,GOOD,T-334372-01,JPMC-CLIENT-334124-01,USA,63.93,OWNER-334172-01,USA,WIRE,jpm_aml,compliance_transaction,FALSE,banking,synthetic_research
08/07/2022 5:24,GOOD,T-357447-14,JPMC-CLIENT-357305-14,USA,19.24,OWNER-357320-14,USA,WIRE,jpm_aml,compliance_transaction,FALSE,banking,synthetic_research
08/07/2022 9:44,GOOD,T-1095553-11,,,85.73,JPMC-CLIENT-1095297-11,USA,CASH-DEPOSIT,jpm_aml,compliance_transaction,FALSE,banking,synthetic_research
08/07/2022 11:01,GOOD,T-206682-03,JPMC-CLIENT-206376-03,USA,47.53,CHECKING-206386-03,,WIRE,jpm_aml,compliance_transaction,FALSE,banking,synthetic_research
08/07/2022 16:00,GOOD,T-353678-07,JPMC-CLIENT-353221-07,USA,679.46,OWNER-353351-07,USA,WIRE,jpm_aml,compliance_transaction,FALSE,banking,synthetic_research
08/07/2022 17:38,GOOD,T-385594-14,JPMC-CLIENT-385316-14,USA,0,CUSTOMER-385322-14,USA,KYC-ADD-ACCOUNT-OWNER,jpm_aml,compliance_transaction,FALSE,banking,synthetic_research
09/07/2022 1:23,BAD,T-1995935-00,,,0,COMPANY-1995925-00,USA,KYC-CREATE-ACCOUNT,jpm_aml,compliance_transaction,TRUE,banking,synthetic_research
09/07/2022 3:31,GOOD,T-168232-04,JPMC-CLIENT-167976-04,MAROCCO,421.65,OWNER-168023-04,USA,WIRE,jpm_aml,compliance_transaction,FALSE,banking,synthetic_research
09/07/2022 5:56,BAD,T-2968984-00,,,0,COMPANY-2968968-00,LUXEMBOURG,KYC-CREATE-ACCOUNT,jpm_aml,compliance_transaction,TRUE,banking,synthetic_research
09/07/2022 6:38,BAD,T-468950-00,,,0,COMPANY-468934-00,USA,KYC-CREATE-ACCOUNT,jpm_aml,compliance_transaction,TRUE,banking,synthetic_research
09/07/2022 8:42,BAD,T-1337432-00,,,0,COMPANY-1337422-00,USA,KYC-CREATE-ACCOUNT,jpm_aml,compliance_transaction,TRUE,banking,synthetic_research
09/07/2022 10:42,GOOD,T-1143370-11,STANDARD-COMPANY-1143148-11,USA,1512.51,JPMC-CLIENT-1143144-11,UNITED-KINGDOM,WIRE,jpm_aml,compliance_transaction,FALSE,banking,synthetic_research
09/07/2022 13:37,GOOD,T-1019864-06,JPMC-CLIENT-1019677-06,USA,15185.34,OWNER-1019702-06,USA,WIRE,jpm_aml,compliance_transaction,FALSE,banking,synthetic_research
09/07/2022 14:24,BAD,T-1852707-00,,,0,COMPANY-1852685-00,USA,KYC-CREATE-ACCOUNT,jpm_aml,compliance_transaction,TRUE,banking,synthetic_research
09/07/2022 14:32,GOOD,T-199065-11,JPMC-CLIENT-198813-11,USA,4521.21,,,WITHDRAWL,jpm_aml,compliance_transaction,FALSE,banking,synthetic_research
09/07/2022 14:41,BAD,T-102985-00,JPMC-CLIENT-102583-00,USA,1907134,CUSTOMER-102700-00,UNITED-KINGDOM,WIRE,jpm_aml,compliance_transaction,TRUE,banking,synthetic_research
09/07/2022 16:19,GOOD,T-272511-03,JPMC-CLIENT-272242-03,UNITED-KINGDOM,401.31,,,WITHDRAWL,jpm_aml,compliance_transaction,FALSE,banking,synthetic_research
09/07/2022 16:53,BAD,T-2323725-00,,,0,COMPANY-2323709-00,USA,KYC-CREATE-ACCOUNT,jpm_aml,compliance_transaction,TRUE,banking,synthetic_research
09/07/2022 18:48,BAD,T-111989-00,,,0,COMPANY-111973-00,USA,KYC-CREATE-ACCOUNT,jpm_aml,compliance_transaction,TRUE,banking,synthetic_research
09/07/2022 20:26,BAD,T-1291979-00,,,0,COMPANY-1291957-00,USA,KYC-CREATE-ACCOUNT,jpm_aml,compliance_transaction,TRUE,banking,synthetic_research
09/07/2022 20:56,BAD,T-58203-00,,,0,COMPANY-58193-00,USA,KYC-CREATE-ACCOUNT,jpm_aml,compliance_transaction,TRUE,banking,synthetic_research
09/07/2022 21:26,GOOD,T-411384-06,BILLING-COMPANY-411083-06,USA,2908.2,JPMC-CLIENT-411080-06,USA,WIRE,jpm_aml,compliance_transaction,FALSE,banking,synthetic_research
10/07/2022 6:47,GOOD,T-1032099-04,BILLING-COMPANY-1031801-04,USA,3369.32,JPMC-CLIENT-1031798-04,USA,WIRE,jpm_aml,compliance_transaction,FALSE,banking,synthetic_research
10/07/2022 7:00,BAD,T-2384329-00,COMPANY-2384313-00,USA,0,CUSTOMER-2384158-00,USA,KYC-ADD-ACCOUNT-OWNER,jpm_aml,compliance_transaction,TRUE,banking,synthetic_research
10/07/2022 11:46,GOOD,T-190936-01,,,2423.07,JPMC-CLIENT-190647-01,USA,CASH-DEPOSIT,jpm_aml,compliance_transaction,FALSE,banking,synthetic_research
10/07/2022 13:58,GOOD,T-715613-10,JPMC-CLIENT-715369-10,USA,89.56,OWNER-715422-10,USA,WIRE,jpm_aml,compliance_transaction,FALSE,banking,synthetic_research
10/07/2022 16:49,BAD,T-2598701-00,COMPANY-2598679-00,USA,0,CUSTOMER-2598507-00,USA,KYC-ADD-ACCOUNT-OWNER,jpm_aml,compliance_transaction,TRUE,banking,synthetic_research
10/07/2022 18:05,GOOD,T-899206-04,JPMC-CLIENT-898894-04,USA,175.62,BILLING-COMPANY-898897-04,USA,PAYMENT,jpm_aml,compliance_transaction,FALSE,banking,synthetic_research
10/07/2022 22:47,BAD,T-1905476-00,COMPANY-1905460-00,USA,0,CUSTOMER-1905290-00,USA,KYC-ADD-ACCOUNT-OWNER,jpm_aml,compliance_transaction,TRUE,banking,synthetic_research
10/07/2022 22:51,GOOD,T-624574-11,JPMC-CLIENT-624308-11,USA,889.17,OWNER-624361-11,USA,WIRE,jpm_aml,compliance_transaction,FALSE,banking,synthetic_research
11/07/2022 1:29,GOOD,T-1224465-11,JPMC-CLIENT-1224115-11,USA,3411.39,CHECKING-1224127-11,,WIRE,jpm_aml,compliance_transaction,FALSE,banking,synthetic_research
11/07/2022 1:50,GOOD,T-955138-10,BILLING-COMPANY-954789-10,USA,3856.43,JPMC-CLIENT-954786-10,USA,WIRE,jpm_aml,compliance_transaction,FALSE,banking,synthetic_research
11/07/2022 2:33,BAD,T-2689741-00,,,37080,JPMC-CLIENT-2689534-00,USA,CASH-DEPOSIT,jpm_aml,compliance_transaction,TRUE,banking,synthetic_research
11/07/2022 11:44,GOOD,T-324112-05,JPMC-CLIENT-323790-05,USA,100.83,BILLING-COMPANY-323793-05,USA,PAYMENT,jpm_aml,compliance_transaction,FALSE,banking,synthetic_research
11/07/2022 14:00,GOOD,T-1897746-04,,,9500.24,JPMC-CLIENT-1897363-04,USA,CASH-DEPOSIT,jpm_aml,compliance_transaction,FALSE,banking,synthetic_research
11/07/2022 15:51,GOOD,T-302357-06,JPMC-CLIENT-302060-06,USA,5600.04,,,WITHDRAWL,jpm_aml,compliance_transaction,FALSE,banking,synthetic_research
11/07/2022 17:16,GOOD,T-40306-01,BILLING-COMPANY-39961-01,USA,569.62,JPMC-CLIENT-39958-01,UNITED-KINGDOM,WIRE,jpm_aml,compliance_transaction,FALSE,banking,synthetic_research
11/07/2022 20:07,GOOD,T-2753934-04,JPMC-CLIENT-2753618-04,USA,179.9,OWNER-2753686-04,USA,WIRE,jpm_aml,compliance_transaction,FALSE,banking,synthetic_research
11/07/2022 20:54,GOOD,T-18781-06,BILLING-COMPANY-18373-06,USA,4515.36,JPMC-CLIENT-18370-06,USA,WIRE,jpm_aml,compliance_transaction,FALSE,banking,synthetic_research
11/07/2022 21:20,GOOD,T-70165-13,JPMC-CLIENT-69783-13,USA,341.24,JPMC-BILLING-COMPANY-69786-13,USA,PAYMENT,jpm_aml,compliance_transaction,FALSE,banking,synthetic_research
11/07/2022 21:20,GOOD,T-797788-04,JPMC-CLIENT-797290-04,USA,502.19,CHECKING-797305-04,,WIRE,jpm_aml,compliance_transaction,FALSE,banking,synthetic_research
11/07/2022 23:02,GOOD,T-2463843-04,JPMC-CLIENT-2463492-04,USA,106.22,BILLING-COMPANY-2463495-04,USA,PAYMENT,jpm_aml,compliance_transaction,FALSE,banking,synthetic_research
11/07/2022 23:36,GOOD,T-374177-14,JPMC-CLIENT-373846-14,USA,82.88,CHECKING-373857-14,,WIRE,jpm_aml,compliance_transaction,FALSE,banking,synthetic_research
12/07/2022 3:50,GOOD,T-1256383-11,JPMC-STANDARD-COMPANY-1256001-11,USA,1549.19,JPMC-CLIENT-1255997-11,USA,WIRE,jpm_aml,compliance_transaction,FALSE,banking,synthetic_research
12/07/2022 4:24,GOOD,T-2327366-04,JPMC-CLIENT-2327105-04,USA,2488.39,,,WITHDRAWL,jpm_aml,compliance_transaction,FALSE,banking,synthetic_research
12/07/2022 4:28,GOOD,T-656430-11,JPMC-STANDARD-COMPANY-656066-11,USA,2394.09,JPMC-CLIENT-656062-11,SINGAPORE,WIRE,jpm_aml,compliance_transaction,FALSE,banking,synthetic_research
12/07/2022 4:54,GOOD,T-632958-06,COMPANY-632571-06,USA,1801.27,JPMC-CLIENT-632560-06,USA,WIRE,jpm_aml,compliance_transaction,FALSE,banking,synthetic_research
12/07/2022 6:15,GOOD,T-129958-02,COMPANY-129581-02,USA,3322.93,JPMC-CLIENT-129570-02,UNITED-KINGDOM,WIRE,jpm_aml,compliance_transaction,FALSE,banking,synthetic_research
12/07/2022 12:35,GOOD,T-176288-08,JPMC-CLIENT-175930-08,USA,816.06,OWNER-176025-08,USA,WIRE,jpm_aml,compliance_transaction,FALSE,banking,synthetic_research
12/07/2022 19:46,GOOD,T-1084187-11,JPMC-STANDARD-COMPANY-1083827-11,USA,5328.78,JPMC-CLIENT-1083823-11,USA,WIRE,jpm_aml,compliance_transaction,FALSE,banking,synthetic_research
12/07/2022 23:28,GOOD,T-734198-06,JPMC-CLIENT-733838-06,USA,10.99,OWNER-733912-06,USA,WIRE,jpm_aml,compliance_transaction,FALSE,banking,synthetic_research
12/07/2022 23:57,GOOD,T-48051-02,JPMC-CLIENT-47797-02,CHINA,5000.91,CHECKING-47809-02,,WIRE,jpm_aml,compliance_transaction,FALSE,banking,synthetic_research
13/07/2022 4:01,GOOD,T-427142-01,,,343.51,JPMC-CLIENT-426843-01,USA,CASH-DEPOSIT,jpm_aml,compliance_transaction,FALSE,banking,synthetic_research
13/07/2022 4:05,GOOD,T-897111-05,COMPANY-896912-05,UNITED-KINGDOM,0,JPMC-CLIENT-896907-05,UNITED-KINGDOM,KYC-ADD-ACCOUNT-OWNER,jpm_aml,compliance_transaction,FALSE,banking,synthetic_research
13/07/2022 4:26,GOOD,T-1367603-10,JPMC-CLIENT-1367358-10,USA,0,CUSTOMER-1367365-10,USA,KYC-ADD-ACCOUNT-OWNER,jpm_aml,compliance_transaction,FALSE,banking,synthetic_research
13/07/2022 4:35,GOOD,T-874520-06,,,0,COMPANY-874269-06,USA,KYC-CREATE-ACCOUNT,jpm_aml,compliance_transaction,FALSE,banking,synthetic_research
13/07/2022 6:04,GOOD,T-694920-11,,,0,COMPANY-694664-11,USA,KYC-CREATE-ACCOUNT,jpm_aml,compliance_transaction,FALSE,banking,synthetic_research
13/07/2022 6:13,GOOD,T-2481925-04,JPMC-CLIENT-2481619-04,USA,2308.1,,,WITHDRAWL,jpm_aml,compliance_transaction,FALSE,banking,synthetic_research
13/07/2022 7:55,GOOD,T-207365-14,COMPANY-207298-14,USA,550.71,JPMC-CLIENT-207293-14,CHILE,WIRE,jpm_aml,compliance_transaction,FALSE,banking,synthetic_research
13/07/2022 10:03,GOOD,T-239504-08,,,0,COMPANY-239232-08,USA,KYC-CREATE-ACCOUNT,jpm_aml,compliance_transaction,FALSE,banking,synthetic_research
13/07/2022 10:37,GOOD,T-1347832-10,JPMC-CLIENT-1347716-10,UNITED-KINGDOM,0,CUSTOMER-1347722-10,UNITED-KINGDOM,KYC-ADD-ACCOUNT-OWNER,jpm_aml,compliance_transaction,FALSE,banking,synthetic_research
13/07/2022 12:28,GOOD,T-817670-10,BILLING-COMPANY-817552-10,USA,2658.8499,JPMC-CLIENT-817549-10,USA,WIRE,jpm_aml,compliance_transaction,FALSE,banking,synthetic_research
13/07/2022 17:57,GOOD,T-2225469-04,JPMC-CLIENT-2225341-04,USA,931.62,BILLING-COMPANY-2225344-04,USA,PAYMENT,jpm_aml,compliance_transaction,FALSE,banking,synthetic_research
13/07/2022 20:30,GOOD,T-920706-05,JPMC-CLIENT-920267-05,USA,456.16,OWNER-920370-05,USA,WIRE,jpm_aml,compliance_transaction,FALSE,banking,synthetic_research
13/07/2022 21:00,GOOD,T-125474-05,COMPANY-125367-05,USA,3538.29,JPMC-CLIENT-125362-05,USA,WIRE,jpm_aml,compliance_transaction,FALSE,banking,synthetic_research
13/07/2022 23:51,GOOD,T-2533482-04,JPMC-BILLING-COMPANY-2533311-04,USA,1348.96,JPMC-CLIENT-2533308-04,USA,WIRE,jpm_aml,compliance_transaction,FALSE,banking,synthetic_research
14/07/2022 0:42,GOOD,T-364119-02,JPMC-CLIENT-364002-02,USA,658.81,JPMC-BILLING-COMPANY-364005-02,USA,PAYMENT,jpm_aml,compliance_transaction,FALSE,banking,synthetic_research
14/07/2022 1:50,GOOD,T-282875-02,JPMC-BILLING-COMPANY-282719-02,USA,550.59,JPMC-CLIENT-282716-02,USA,WIRE,jpm_aml,compliance_transaction,FALSE,banking,synthetic_research
14/07/2022 4:03,GOOD,T-286613-05,JPMC-CLIENT-286429-05,USA,100.8,OWNER-286459-05,USA,WIRE,jpm_aml,compliance_transaction,FALSE,banking,synthetic_research
14/07/2022 7:49,GOOD,T-1681651-06,JPMC-CLIENT-1681284-06,SPAIN,521.79,OWNER-1681362-06,USA,WIRE,jpm_aml,compliance_transaction,FALSE,banking,synthetic_research
14/07/2022 10:22,GOOD,T-181222-02,COMPANY-181006-02,USA,0,JPMC-CLIENT-181001-02,USA,KYC-ADD-ACCOUNT-OWNER,jpm_aml,compliance_transaction,FALSE,banking,synthetic_research
14/07/2022 10:44,GOOD,T-303201-01,,,0,COMPANY-302962-01,UNITED-KINGDOM,KYC-CREATE-ACCOUNT,jpm_aml,compliance_transaction,FALSE,banking,synthetic_research
14/07/2022 16:34,GOOD,T-66868-02,JPMC-CLIENT-66563-02,USA,26.83,OWNER-66626-02,USA,WIRE,jpm_aml,compliance_transaction,FALSE,banking,synthetic_research
14/07/2022 18:50,GOOD,T-920447-10,JPMC-CLIENT-920324-10,UNITED-KINGDOM,0,CUSTOMER-920330-10,UNITED-KINGDOM,KYC-ADD-ACCOUNT-OWNER,jpm_aml,compliance_transaction,FALSE,banking,synthetic_research
14/07/2022 18:59,GOOD,T-1227-04,,,0,COMPANY-930-04,USA,KYC-CREATE-ACCOUNT,jpm_aml,compliance_transaction,FALSE,banking,synthetic_research
14/07/2022 19:46,GOOD,T-2511892-04,JPMC-CLIENT-2511718-04,USA,100.32,BILLING-COMPANY-2511721-04,USA,PAYMENT,jpm_aml,compliance_transaction,FALSE,banking,synthetic_research
14/07/2022 22:06,GOOD,T-727185-10,BILLING-COMPANY-727052-10,USA,3105.45,JPMC-CLIENT-727049-10,USA,WIRE,jpm_aml,compliance_transaction,FALSE,banking,synthetic_research
15/07/2022 1:23,GOOD,T-82254-03,JPMC-CLIENT-82136-03,USA,862.69,BILLING-COMPANY-82139-03,USA,PAYMENT,jpm_aml,compliance_transaction,FALSE,banking,synthetic_research
15/07/2022 1:31,GOOD,T-1222450-04,JPMC-CLIENT-1222169-04,UNITED-KINGDOM,4760.64,CHECKING-1222182-04,,WIRE,jpm_aml,compliance_transaction,FALSE,banking,synthetic_research
15/07/2022 5:34,GOOD,T-20677-03,JPMC-BILLING-COMPANY-20530-03,USA,825.8,JPMC-CLIENT-20527-03,USA,WIRE,jpm_aml,compliance_transaction,FALSE,banking,synthetic_research
15/07/2022 8:21,GOOD,T-438409-01,JPMC-CLIENT-438174-01,USA,9279.55,,,WITHDRAWL,jpm_aml,compliance_transaction,FALSE,banking,synthetic_research
15/07/2022 10:59,GOOD,T-145946-02,BILLING-COMPANY-145794-02,USA,4414.58,JPMC-CLIENT-145791-02,USA,WIRE,jpm_aml,compliance_transaction,FALSE,banking,synthetic_research
15/07/2022 12:41,GOOD,T-1957726-04,JPMC-CLIENT-1957576-04,USA,812.36,BILLING-COMPANY-1957579-04,USA,PAYMENT,jpm_aml,compliance_transaction,FALSE,banking,synthetic_research
15/07/2022 19:44,GOOD,T-49648-11,BILLING-COMPANY-49524-11,USA,4924.75,JPMC-CLIENT-49521-11,RUSSIA,WIRE,jpm_aml,compliance_transaction,FALSE,banking,synthetic_research
16/07/2022 1:04,GOOD,T-292581-01,JPMC-CLIENT-292453-01,UNITED-KINGDOM,447.6,BILLING-COMPANY-292456-01,USA,PAYMENT,jpm_aml,compliance_transaction,FALSE,banking,synthetic_research
16/07/2022 3:50,GOOD,T-1376541-10,JPMC-CLIENT-1376274-10,USA,0,CUSTOMER-1376281-10,USA,KYC-ADD-ACCOUNT-OWNER,jpm_aml,compliance_transaction,FALSE,banking,synthetic_research
16/07/2022 4:45,GOOD,T-425068-07,JPMC-CLIENT-424878-07,USA,118.12,JPMC-BILLING-COMPANY-424881-07,USA,PAYMENT,jpm_aml,compliance_transaction,FALSE,banking,synthetic_research
16/07/2022 7:19,GOOD,T-2806151-04,JPMC-CLIENT-2805890-04,USA,2230.15,,,WITHDRAWL,jpm_aml,compliance_transaction,FALSE,banking,synthetic_research
16/07/2022 9:40,GOOD,T-41794-05,,,0,COMPANY-41516-05,USA,KYC-CREATE-ACCOUNT,jpm_aml,compliance_transaction,FALSE,banking,synthetic_research
16/07/2022 11:22,GOOD,T-1506168-04,JPMC-CLIENT-1505998-04,USA,158.56,BILLING-COMPANY-1506001-04,USA,PAYMENT,jpm_aml,compliance_transaction,FALSE,banking,synthetic_research
16/07/2022 11:52,GOOD,T-984970-05,COMPANY-984780-05,USA,5430.25,JPMC-CLIENT-984769-05,USA,WIRE,jpm_aml,compliance_transaction,FALSE,banking,synthetic_research
16/07/2022 13:26,GOOD,T-359877-05,BILLING-COMPANY-359742-05,USA,5223.6304,JPMC-CLIENT-359739-05,USA,WIRE,jpm_aml,compliance_transaction,FALSE,banking,synthetic_research
16/07/2022 19:24,GOOD,T-1160863-06,,,0,COMPANY-1160645-06,USA,KYC-CREATE-ACCOUNT,jpm_aml,compliance_transaction,FALSE,banking,synthetic_research
16/07/2022 19:33,GOOD,T-86529-07,,,9500.66,JPMC-CLIENT-86260-07,USA,CASH-DEPOSIT,jpm_aml,compliance_transaction,FALSE,banking,synthetic_research
17/07/2022 7:34,GOOD,T-1050930-11,,,0,CUSTOMER-1050807-11,USA,KYC-CREATE-ACCOUNT,jpm_aml,compliance_transaction,FALSE,banking,synthetic_research
17/07/2022 8:08,GOOD,T-1604858-06,JPMC-CLIENT-1604620-06,UNITED-KINGDOM,0,CUSTOMER-1604626-06,UNITED-KINGDOM,KYC-ADD-ACCOUNT-OWNER,jpm_aml,compliance_transaction,FALSE,banking,synthetic_research
17/07/2022 11:54,GOOD,T-786120-11,JPMC-CLIENT-785998-11,USA,45.3,OWNER-786009-11,USA,WIRE,jpm_aml,compliance_transaction,FALSE,banking,synthetic_research
17/07/2022 13:02,GOOD,T-97104-05,JPMC-CLIENT-96773-05,USA,4074.63,CHECKING-96783-05,,WIRE,jpm_aml,compliance_transaction,FALSE,banking,synthetic_research
17/07/2022 18:10,GOOD,T-236856-01,BILLING-COMPANY-236705-01,USA,1629.93,JPMC-CLIENT-236702-01,USA,WIRE,jpm_aml,compliance_transaction,FALSE,banking,synthetic_research
17/07/2022 22:21,GOOD,T-2412510-04,JPMC-CLIENT-2412359-04,USA,306.03,JPMC-BILLING-COMPANY-2412362-04,USA,PAYMENT,jpm_aml,compliance_transaction,FALSE,banking,synthetic_research
18/07/2022 6:28,GOOD,T-124800-13,JPMC-CLIENT-124686-13,USA,308.35,BILLING-COMPANY-124689-13,USA,PAYMENT,jpm_aml,compliance_transaction,FALSE,banking,synthetic_research
18/07/2022 9:53,GOOD,T-1184789-11,JPMC-CLIENT-1184344-11,UNITED-KINGDOM,938.5,OWNER-1184454-11,USA,WIRE,jpm_aml,compliance_transaction,FALSE,banking,synthetic_research
19/07/2022 7:21,GOOD,T-361089-02,JPMC-CLIENT-360782-02,USA,6335.43,,,WITHDRAWL,jpm_aml,compliance_transaction,FALSE,banking,synthetic_research
19/07/2022 10:08,GOOD,T-300401-04,,,530.25,JPMC-CLIENT-300121-04,USA,CASH-DEPOSIT,jpm_aml,compliance_transaction,FALSE,banking,synthetic_research
19/07/2022 10:25,GOOD,T-394626-06,JPMC-CLIENT-394405-06,MAROCCO,39.91,CHECKING-394416-06,,WIRE,jpm_aml,compliance_transaction,FALSE,banking,synthetic_research
19/07/2022 23:04,GOOD,T-1020620-10,JPMC-CLIENT-1020483-10,USA,226.06,OWNER-1020500-10,USA,WIRE,jpm_aml,compliance_transaction,FALSE,banking,synthetic_research
20/07/2022 0:00,GOOD,T-344759-10,COMPANY-344580-10,USA,1766.04,JPMC-CLIENT-344573-10,USA,WIRE,jpm_aml,compliance_transaction,FALSE,banking,synthetic_research
20/07/2022 0:55,GOOD,T-663354-14,JPMC-CLIENT-663258-14,USA,0,CUSTOMER-663264-14,USA,KYC-ADD-ACCOUNT-OWNER,jpm_aml,compliance_transaction,FALSE,banking,synthetic_research
20/07/2022 8:06,GOOD,T-662633-10,COMPANY-662487-10,USA,4412.52,JPMC-CLIENT-662482-10,UNITED-KINGDOM,WIRE,jpm_aml,compliance_transaction,FALSE,banking,synthetic_research
20/07/2022 10:48,GOOD,T-17423-13,COMPANY-17123-13,USA,0,JPMC-CLIENT-17118-13,USA,KYC-ADD-ACCOUNT-OWNER,jpm_aml,compliance_transaction,FALSE,banking,synthetic_research
20/07/2022 13:47,GOOD,T-240741-02,JPMC-CLIENT-240570-02,USA,557.12,JPMC-BILLING-COMPANY-240573-02,USA,PAYMENT,jpm_aml,compliance_transaction,FALSE,banking,synthetic_research
20/07/2022 16:59,GOOD,T-927571-06,JPMC-CLIENT-927328-06,USA,184.27,CHECKING-927338-06,,WIRE,jpm_aml,compliance_transaction,FALSE,banking,synthetic_research
20/07/2022 22:11,GOOD,T-2074574-04,COMPANY-2074481-04,USA,919.71,JPMC-CLIENT-2074474-04,USA,WIRE,jpm_aml,compliance_transaction,FALSE,banking,synthetic_research
20/07/2022 23:32,GOOD,T-319153-14,JPMC-CLIENT-319029-14,USA,924.7,OWNER-319042-14,USA,WIRE,jpm_aml,compliance_transaction,FALSE,banking,synthetic_research
21/07/2022 0:14,GOOD,T-413459-02,STANDARD-COMPANY-413290-02,USA,4649.23,JPMC-CLIENT-413286-02,USA,WIRE,jpm_aml,compliance_transaction,FALSE,banking,synthetic_research
21/07/2022 0:53,GOOD,T-263234-05,CUSTOMER-263089-05,USA,0,JPMC-CLIENT-263084-05,USA,KYC-ADD-ACCOUNT-OWNER,jpm_aml,compliance_transaction,FALSE,banking,synthetic_research
21/07/2022 2:10,GOOD,T-471462-10,COMPANY-471314-10,RUSSIA,3775.41,JPMC-CLIENT-471309-10,USA,WIRE,jpm_aml,compliance_transaction,FALSE,banking,synthetic_research
21/07/2022 7:00,GOOD,T-581888-05,COMPANY-581604-05,USA,0,JPMC-CLIENT-581599-05,USA,KYC-ADD-ACCOUNT-OWNER,jpm_aml,compliance_transaction,FALSE,banking,synthetic_research
21/07/2022 7:42,GOOD,T-1550635-04,JPMC-CLIENT-1550512-04,VENEZUELA,0,CUSTOMER-1550518-04,VENEZUELA,KYC-ADD-ACCOUNT-OWNER,jpm_aml,compliance_transaction,FALSE,banking,synthetic_research
21/07/2022 20:26,GOOD,T-322598-05,JPMC-CLIENT-322368-05,USA,0,CUSTOMER-322374-05,USA,KYC-ADD-ACCOUNT-OWNER,jpm_aml,compliance_transaction,FALSE,banking,synthetic_research
21/07/2022 20:43,GOOD,T-1303092-06,JPMC-CLIENT-1302942-06,USA,327.46,BILLING-COMPANY-1302945-06,USA,PAYMENT,jpm_aml,compliance_transaction,FALSE,banking,synthetic_research
21/07/2022 22:26,GOOD,T-13696-02,JPMC-CLIENT-13540-02,USA,107.53,OWNER-13563-02,USA,WIRE,jpm_aml,compliance_transaction,FALSE,banking,synthetic_research
21/07/2022 22:51,GOOD,T-799580-06,JPMC-CLIENT-799456-06,USA,925.55,OWNER-799472-06,USA,WIRE,jpm_aml,compliance_transaction,FALSE,banking,synthetic_research
22/07/2022 0:42,GOOD,T-404015-04,JPMC-CLIENT-403834-04,USA,631.07,BILLING-COMPANY-403837-04,USA,PAYMENT,jpm_aml,compliance_transaction,FALSE,banking,synthetic_research
22/07/2022 2:33,GOOD,T-745943-10,COMPANY-745707-10,UNITED-KINGDOM,0,JPMC-CLIENT-745702-10,UNITED-KINGDOM,KYC-ADD-ACCOUNT-OWNER,jpm_aml,compliance_transaction,FALSE,banking,synthetic_research
22/07/2022 9:36,GOOD,T-287560-06,BILLING-COMPANY-287388-06,USA,3550.18,JPMC-CLIENT-287385-06,USA,WIRE,jpm_aml,compliance_transaction,FALSE,banking,synthetic_research
22/07/2022 11:14,GOOD,T-158429-04,JPMC-BILLING-COMPANY-158224-04,USA,1431.72,JPMC-CLIENT-158221-04,USA,WIRE,jpm_aml,compliance_transaction,FALSE,banking,synthetic_research
22/07/2022 21:15,GOOD,T-273240-11,JPMC-CLIENT-272962-11,USA,5640.46,,,WITHDRAWL,jpm_aml,compliance_transaction,FALSE,banking,synthetic_research
23/07/2022 5:09,GOOD,T-254858-06,JPMC-BILLING-COMPANY-254696-06,USA,2378.52,JPMC-CLIENT-254693-06,USA,WIRE,jpm_aml,compliance_transaction,FALSE,banking,synthetic_research
23/07/2022 7:08,GOOD,T-199077-02,JPMC-STANDARD-COMPANY-198916-02,USA,3199.39,JPMC-CLIENT-198912-02,USA,WIRE,jpm_aml,compliance_transaction,FALSE,banking,synthetic_research
23/07/2022 10:54,GOOD,T-313209-10,JPMC-CLIENT-313033-10,USA,842.78,JPMC-BILLING-COMPANY-313036-10,USA,PAYMENT,jpm_aml,compliance_transaction,FALSE,banking,synthetic_research
23/07/2022 11:20,GOOD,T-1134030-04,JPMC-CLIENT-1133855-04,USA,249.81,OWNER-1133881-04,USA,WIRE,jpm_aml,compliance_transaction,FALSE,banking,synthetic_research
23/07/2022 21:09,GOOD,T-949040-10,JPMC-CLIENT-948656-10,USA,919.86,OWNER-948746-10,USA,WIRE,jpm_aml,compliance_transaction,FALSE,banking,synthetic_research
24/07/2022 2:29,GOOD,T-243076-11,COMPANY-242938-11,USA,1126.97,JPMC-CLIENT-242933-11,UNITED-KINGDOM,WIRE,jpm_aml,compliance_transaction,FALSE,banking,synthetic_research
24/07/2022 8:02,GOOD,T-1100987-10,JPMC-CLIENT-1100841-10,USA,927.55,OWNER-1100857-10,USA,WIRE,jpm_aml,compliance_transaction,FALSE,banking,synthetic_research
24/07/2022 12:01,GOOD,T-968920-04,,,5996.86,JPMC-CLIENT-968625-04,USA,CASH-DEPOSIT,jpm_aml,compliance_transaction,FALSE,banking,synthetic_research
24/07/2022 13:26,GOOD,T-728119-11,JPMC-CLIENT-727966-11,USA,100.79,OWNER-727982-11,USA,WIRE,jpm_aml,compliance_transaction,FALSE,banking,synthetic_research
24/07/2022 16:04,GOOD,T-194862-13,JPMC-CLIENT-194703-13,USA,406.44,OWNER-194723-13,USA,WIRE,jpm_aml,compliance_transaction,FALSE,banking,synthetic_research
24/07/2022 18:08,GOOD,T-1831934-04,BILLING-COMPANY-1831736-04,USA,3282.1,JPMC-CLIENT-1831733-04,USA,WIRE,jpm_aml,compliance_transaction,FALSE,banking,synthetic_research
24/07/2022 21:37,GOOD,T-41780-10,JPMC-CLIENT-41627-10,ISLE-OF-MAN,303.73,BILLING-COMPANY-41630-10,USA,PAYMENT,jpm_aml,compliance_transaction,FALSE,banking,synthetic_research
24/07/2022 22:32,GOOD,T-380892-11,,,0,COMPANY-380641-11,USA,KYC-CREATE-ACCOUNT,jpm_aml,compliance_transaction,FALSE,banking,synthetic_research
24/07/2022 23:57,GOOD,T-527960-11,COMPANY-527823-11,USA,3845.25,JPMC-CLIENT-527818-11,USA,WIRE,jpm_aml,compliance_transaction,FALSE,banking,synthetic_research
25/07/2022 3:22,GOOD,T-2015627-04,BILLING-COMPANY-2015448-04,USA,4693.47,JPMC-CLIENT-2015445-04,USA,WIRE,jpm_aml,compliance_transaction,FALSE,banking,synthetic_research
25/07/2022 5:39,GOOD,T-1130374-11,JPMC-CLIENT-1130201-11,USA,75.13,OWNER-1130221-11,USA,WIRE,jpm_aml,compliance_transaction,FALSE,banking,synthetic_research
25/07/2022 6:00,GOOD,T-1264759-06,JPMC-BILLING-COMPANY-1264590-06,USA,918.5,JPMC-CLIENT-1264587-06,USA,WIRE,jpm_aml,compliance_transaction,FALSE,banking,synthetic_research
25/07/2022 11:46,GOOD,T-238114-11,CUSTOMER-238027-11,USA,0,JPMC-CLIENT-238022-11,USA,KYC-ADD-ACCOUNT-OWNER,jpm_aml,compliance_transaction,FALSE,banking,synthetic_research
25/07/2022 15:19,GOOD,T-1275251-04,JPMC-CLIENT-1275070-04,USA,661.21,OWNER-1275093-04,USA,WIRE,jpm_aml,compliance_transaction,FALSE,banking,synthetic_research
25/07/2022 17:18,GOOD,T-1422051-10,JPMC-CLIENT-1421744-10,USA,441.63,OWNER-1421806-10,USA,WIRE,jpm_aml,compliance_transaction,FALSE,banking,synthetic_research
25/07/2022 20:56,GOOD,T-879186-11,JPMC-CLIENT-879031-11,USA,798.93,BILLING-COMPANY-879034-11,USA,PAYMENT,jpm_aml,compliance_transaction,FALSE,banking,synthetic_research
26/07/2022 2:54,GOOD,T-98340-02,JPMC-CLIENT-98199-02,USA,19386.7,OWNER-98222-02,USA,WIRE,jpm_aml,compliance_transaction,FALSE,banking,synthetic_research
26/07/2022 4:16,GOOD,T-61358-07,COMPANY-61126-07,USA,0,JPMC-CLIENT-61121-07,USA,KYC-ADD-ACCOUNT-OWNER,jpm_aml,compliance_transaction,FALSE,banking,synthetic_research
26/07/2022 8:36,GOOD,T-1536009-06,JPMC-CLIENT-1535834-06,USA,337.82,BILLING-COMPANY-1535837-06,USA,PAYMENT,jpm_aml,compliance_transaction,FALSE,banking,synthetic_research
26/07/2022 10:40,GOOD,T-403236-10,BILLING-COMPANY-403047-10,USA,2202.04,JPMC-CLIENT-403044-10,USA,WIRE,jpm_aml,compliance_transaction,FALSE,banking,synthetic_research
26/07/2022 12:52,GOOD,T-556604-11,JPMC-CLIENT-556182-11,USA,647.19,OWNER-556272-11,USA,WIRE,jpm_aml,compliance_transaction,FALSE,banking,synthetic_research
26/07/2022 13:47,GOOD,T-178117-07,BILLING-COMPANY-177953-07,USA,564.45,JPMC-CLIENT-177950-07,USA,WIRE,jpm_aml,compliance_transaction,FALSE,banking,synthetic_research
26/07/2022 16:12,GOOD,T-569455-07,JPMC-CLIENT-569231-07,USA,721.86,BILLING-COMPANY-569234-07,USA,PAYMENT,jpm_aml,compliance_transaction,FALSE,banking,synthetic_research
26/07/2022 22:15,GOOD,T-628685-14,COMPANY-628544-14,USA,1269.03,JPMC-CLIENT-628534-14,USA,WIRE,jpm_aml,compliance_transaction,FALSE,banking,synthetic_research
26/07/2022 23:36,GOOD,T-1188898-11,JPMC-CLIENT-1188753-11,USA,154.88,BILLING-COMPANY-1188756-11,USA,PAYMENT,jpm_aml,compliance_transaction,FALSE,banking,synthetic_research
27/07/2022 1:48,GOOD,T-764405-06,JPMC-CLIENT-764220-06,USA,80.96,OWNER-764243-06,USA,WIRE,jpm_aml,compliance_transaction,FALSE,banking,synthetic_research
27/07/2022 4:43,GOOD,T-424012-10,COMPANY-423798-10,USA,0,JPMC-CLIENT-423793-10,USA,KYC-ADD-ACCOUNT-OWNER,jpm_aml,compliance_transaction,FALSE,banking,synthetic_research
27/07/2022 8:34,GOOD,T-73599-08,JPMC-CLIENT-73345-08,USA,0,CUSTOMER-73351-08,USA,KYC-ADD-ACCOUNT-OWNER,jpm_aml,compliance_transaction,FALSE,banking,synthetic_research
27/07/2022 10:50,GOOD,T-17592-02,JPMC-BILLING-COMPANY-17444-02,USA,4894.14,JPMC-CLIENT-17441-02,USA,WIRE,jpm_aml,compliance_transaction,FALSE,banking,synthetic_research
27/07/2022 11:24,GOOD,T-1855612-04,BILLING-COMPANY-1855400-04,USA,4256.02,JPMC-CLIENT-1855397-04,USA,WIRE,jpm_aml,compliance_transaction,FALSE,banking,synthetic_research
27/07/2022 14:02,GOOD,T-129019-11,,,0,CUSTOMER-128916-11,USA,KYC-CREATE-ACCOUNT,jpm_aml,compliance_transaction,FALSE,banking,synthetic_research
28/07/2022 1:08,GOOD,T-244552-14,JPMC-CLIENT-244402-14,USA,34.87,OWNER-244427-14,USA,WIRE,jpm_aml,compliance_transaction,FALSE,banking,synthetic_research
28/07/2022 1:12,GOOD,T-564077-14,COMPANY-563965-14,USA,4654.69,JPMC-CLIENT-563955-14,USA,WIRE,jpm_aml,compliance_transaction,FALSE,banking,synthetic_research
28/07/2022 2:46,GOOD,T-992366-05,JPMC-CLIENT-992072-05,USA,5000.46,CHECKING-992082-05,,WIRE,jpm_aml,compliance_transaction,FALSE,banking,synthetic_research
28/07/2022 6:41,GOOD,T-36944-02,BILLING-COMPANY-36780-02,USA,4726.33,JPMC-CLIENT-36777-02,USA,WIRE,jpm_aml,compliance_transaction,FALSE,banking,synthetic_research
28/07/2022 9:57,GOOD,T-169008-04,JPMC-CLIENT-168837-04,USA,11.71,OWNER-168861-04,USA,WIRE,jpm_aml,compliance_transaction,FALSE,banking,synthetic_research
28/07/2022 11:14,GOOD,T-1754721-04,JPMC-CLIENT-1754561-04,UNITED-KINGDOM,82.97,OWNER-1754584-04,USA,WIRE,jpm_aml,compliance_transaction,FALSE,banking,synthetic_research
28/07/2022 11:31,GOOD,T-516094-06,JPMC-CLIENT-515947-06,USA,100.76,BILLING-COMPANY-515950-06,USA,PAYMENT,jpm_aml,compliance_transaction,FALSE,banking,synthetic_research
28/07/2022 12:01,GOOD,T-114204-09,BILLING-COMPANY-114034-09,USA,679.36,JPMC-CLIENT-114031-09,UNITED-KINGDOM,WIRE,jpm_aml,compliance_transaction,FALSE,banking,synthetic_research
28/07/2022 13:09,GOOD,T-369153-14,BILLING-COMPANY-369007-14,USA,1532.0801,JPMC-CLIENT-369004-14,USA,WIRE,jpm_aml,compliance_transaction,FALSE,banking,synthetic_research
28/07/2022 20:58,GOOD,T-855837-06,JPMC-BILLING-COMPANY-855657-06,USA,550.42,JPMC-CLIENT-855654-06,USA,WIRE,jpm_aml,compliance_transaction,FALSE,banking,synthetic_research
29/07/2022 1:06,GOOD,T-52751-09,JPMC-CLIENT-52602-09,UNITED-KINGDOM,567.13,OWNER-52622-09,USA,WIRE,jpm_aml,compliance_transaction,FALSE,banking,synthetic_research
29/07/2022 2:05,GOOD,T-41286-13,BILLING-COMPANY-41156-13,USA,1889.5001,JPMC-CLIENT-41153-13,USA,WIRE,jpm_aml,compliance_transaction,FALSE,banking,synthetic_research
29/07/2022 3:44,GOOD,T-1201900-11,JPMC-CLIENT-1201741-11,USA,419.86,JPMC-BILLING-COMPANY-1201744-11,USA,PAYMENT,jpm_aml,compliance_transaction,FALSE,banking,synthetic_research
29/07/2022 7:08,GOOD,T-99848-12,COMPANY-99583-12,USA,0,JPMC-CLIENT-99578-12,USA,KYC-ADD-ACCOUNT-OWNER,jpm_aml,compliance_transaction,FALSE,banking,synthetic_research
29/07/2022 11:24,GOOD,T-454853-05,,,7060.81,JPMC-CLIENT-454603-05,USA,CASH-DEPOSIT,jpm_aml,compliance_transaction,FALSE,banking,synthetic_research
29/07/2022 13:28,GOOD,T-174675-08,JPMC-CLIENT-174520-08,USA,100.77,BILLING-COMPANY-174523-08,USA,PAYMENT,jpm_aml,compliance_transaction,FALSE,banking,synthetic_research
30/07/2022 4:45,GOOD,T-114405-12,BILLING-COMPANY-114266-12,USA,2362.65,JPMC-CLIENT-114263-12,USA,WIRE,jpm_aml,compliance_transaction,FALSE,banking,synthetic_research
30/07/2022 10:10,GOOD,T-199079-02,JPMC-CLIENT-198912-02,USA,348.12,JPMC-BILLING-COMPANY-198915-02,USA,PAYMENT,jpm_aml,compliance_transaction,FALSE,banking,synthetic_research
30/07/2022 11:44,GOOD,T-39259-03,BILLING-COMPANY-39100-03,USA,1698.55,JPMC-CLIENT-39097-03,USA,WIRE,jpm_aml,compliance_transaction,FALSE,banking,synthetic_research
30/07/2022 12:22,GOOD,T-842146-05,,,2756.65,JPMC-CLIENT-841847-05,USA,CASH-DEPOSIT,jpm_aml,compliance_transaction,FALSE,banking,synthetic_research
30/07/2022 16:51,GOOD,T-1351229-04,BILLING-COMPANY-1351057-04,USA,550.84,JPMC-CLIENT-1351054-04,USA,WIRE,jpm_aml,compliance_transaction,FALSE,banking,synthetic_research
31/07/2022 0:27,GOOD,T-825122-06,COMPANY-824973-06,USA,4134.4805,JPMC-CLIENT-824968-06,USA,WIRE,jpm_aml,compliance_transaction,FALSE,banking,synthetic_research
31/07/2022 0:27,GOOD,T-1127413-04,JPMC-CLIENT-1127102-04,USA,648.88,OWNER-1127171-04,USA,WIRE,jpm_aml,compliance_transaction,FALSE,banking,synthetic_research
31/07/2022 2:01,GOOD,T-189548-03,,,9500.71,JPMC-CLIENT-189303-03,USA,CASH-DEPOSIT,jpm_aml,compliance_transaction,FALSE,banking,synthetic_research
31/07/2022 4:09,GOOD,T-59739-05,JPMC-CLIENT-59515-05,USA,0,CUSTOMER-59521-05,USA,KYC-ADD-ACCOUNT-OWNER,jpm_aml,compliance_transaction,FALSE,banking,synthetic_research
31/07/2022 5:30,GOOD,T-714533-11,BILLING-COMPANY-714380-11,USA,1117.01,JPMC-CLIENT-714377-11,USA,WIRE,jpm_aml,compliance_transaction,FALSE,banking,synthetic_research
31/07/2022 5:34,GOOD,T-163053-08,JPMC-CLIENT-162866-08,USA,578.53,BILLING-COMPANY-162869-08,USA,PAYMENT,jpm_aml,compliance_transaction,FALSE,banking,synthetic_research
31/07/2022 19:35,GOOD,T-425411-04,JPMC-CLIENT-425159-04,USA,0,CUSTOMER-425165-04,USA,KYC-ADD-ACCOUNT-OWNER,jpm_aml,compliance_transaction,FALSE,banking,synthetic_research
07/08/2022 0:29,GOOD,T-402735-14,,,0,JPMC-CLIENT-402522-14,USA,KYC-CREATE-ACCOUNT,jpm_aml,compliance_transaction,FALSE,banking,synthetic_research
07/08/2022 3:20,GOOD,T-1524506-10,,,0,JPMC-CLIENT-1524388-10,USA,KYC-CREATE-ACCOUNT,jpm_aml,compliance_transaction,FALSE,banking,synthetic_research
07/08/2022 3:24,GOOD,T-268944-03,STANDARD-COMPANY-268807-03,USA,550.84,JPMC-CLIENT-268803-03,USA,WIRE,jpm_aml,compliance_transaction,FALSE,banking,synthetic_research
07/08/2022 4:16,GOOD,T-341571-10,JPMC-CLIENT-341436-10,USA,413.9,OWNER-341451-10,USA,WIRE,jpm_aml,compliance_transaction,FALSE,banking,synthetic_research
07/08/2022 15:04,GOOD,T-739670-10,JPMC-CLIENT-739519-10,USA,100.98,OWNER-739543-10,USA,WIRE,jpm_aml,compliance_transaction,FALSE,banking,synthetic_research
07/08/2022 18:50,GOOD,T-1432824-04,JPMC-CLIENT-1432410-04,USA,838.04,OWNER-1432500-04,USA,WIRE,jpm_aml,compliance_transaction,FALSE,banking,synthetic_research
07/08/2022 19:24,GOOD,T-923646-06,JPMC-CLIENT-923386-06,USA,0,CUSTOMER-923393-06,USA,KYC-ADD-ACCOUNT-OWNER,jpm_aml,compliance_transaction,FALSE,banking,synthetic_research
07/08/2022 23:15,GOOD,T-1017989-04,,,0,COMPANY-1017722-04,USA,KYC-CREATE-ACCOUNT,jpm_aml,compliance_transaction,FALSE,banking,synthetic_research
08/08/2022 2:57,GOOD,T-693088-11,JPMC-CLIENT-692921-11,USA,688.98,OWNER-692952-11,USA,WIRE,jpm_aml,compliance_transaction,FALSE,banking,synthetic_research
08/08/2022 3:39,GOOD,T-491521-07,JPMC-CLIENT-491288-07,UNITED-KINGDOM,0,CUSTOMER-491294-07,UNITED-KINGDOM,KYC-ADD-ACCOUNT-OWNER,jpm_aml,compliance_transaction,FALSE,banking,synthetic_research
08/08/2022 3:44,GOOD,T-344730-01,JPMC-CLIENT-344502-01,USA,0,CUSTOMER-344509-01,USA,KYC-ADD-ACCOUNT-OWNER,jpm_aml,compliance_transaction,FALSE,banking,synthetic_research
08/08/2022 7:13,GOOD,T-291975-07,JPMC-BILLING-COMPANY-291773-07,USA,918.19,JPMC-CLIENT-291770-07,USA,WIRE,jpm_aml,compliance_transaction,FALSE,banking,synthetic_research
08/08/2022 8:51,GOOD,T-469985-05,COMPANY-469818-05,USA,3580.87,JPMC-CLIENT-469808-05,USA,WIRE,jpm_aml,compliance_transaction,FALSE,banking,synthetic_research
08/08/2022 11:20,GOOD,T-908372-10,COMPANY-908153-10,USA,0,JPMC-CLIENT-908148-10,USA,KYC-ADD-ACCOUNT-OWNER,jpm_aml,compliance_transaction,FALSE,banking,synthetic_research
08/08/2022 11:46,GOOD,T-482333-10,BILLING-COMPANY-482119-10,USA,3160.52,JPMC-CLIENT-482116-10,ISRAEL,WIRE,jpm_aml,compliance_transaction,FALSE,banking,synthetic_research
08/08/2022 13:28,GOOD,T-49541-03,JPMC-CLIENT-49368-03,USA,192.79,JPMC-BILLING-COMPANY-49371-03,USA,PAYMENT,jpm_aml,compliance_transaction,FALSE,banking,synthetic_research
08/08/2022 21:43,GOOD,T-633359-07,JPMC-CLIENT-633211-07,USA,57.54,OWNER-633231-07,USA,WIRE,jpm_aml,compliance_transaction,FALSE,banking,synthetic_research
09/08/2022 0:29,BAD,T-252193-00,JPMC-CLIENT-251794-00,USA,2465191,STANDARD-COMPANY-251915-00,PORTUGAL,WIRE,jpm_aml,compliance_transaction,TRUE,banking,synthetic_research
09/08/2022 0:46,BAD,T-2205586-00,,,0,COMPANY-2205576-00,USA,KYC-CREATE-ACCOUNT,jpm_aml,compliance_transaction,TRUE,banking,synthetic_research
09/08/2022 0:55,BAD,T-1671459-00,,,0,COMPANY-1671443-00,USA,KYC-CREATE-ACCOUNT,jpm_aml,compliance_transaction,TRUE,banking,synthetic_research
09/08/2022 1:16,BAD,T-2452163-00,,,0,COMPANY-2452147-00,USA,KYC-CREATE-ACCOUNT,jpm_aml,compliance_transaction,TRUE,banking,synthetic_research
09/08/2022 1:38,GOOD,T-393643-02,,,5378.11,JPMC-CLIENT-393315-02,USA,CASH-DEPOSIT,jpm_aml,compliance_transaction,FALSE,banking,synthetic_research
09/08/2022 3:58,BAD,T-1356273-00,,,0,COMPANY-1356263-00,USA,KYC-CREATE-ACCOUNT,jpm_aml,compliance_transaction,TRUE,banking,synthetic_research
09/08/2022 5:58,GOOD,T-1065193-10,COMPANY-1064977-10,USA,2475.78,JPMC-CLIENT-1064967-10,USA,WIRE,jpm_aml,compliance_transaction,FALSE,banking,synthetic_research
09/08/2022 10:01,BAD,T-2935041-00,,,0,COMPANY-2935019-00,QATAR,KYC-CREATE-ACCOUNT,jpm_aml,compliance_transaction,TRUE,banking,synthetic_research
09/08/2022 10:05,BAD,T-2197846-00,,,0,COMPANY-2197830-00,USA,KYC-CREATE-ACCOUNT,jpm_aml,compliance_transaction,TRUE,banking,synthetic_research
09/08/2022 11:05,BAD,T-1495005-00,JPMC-CLIENT-1494794-00,UNITED-KINGDOM,2768362,STANDARD-COMPANY-1494812-00,IRAN,WIRE,jpm_aml,compliance_transaction,TRUE,banking,synthetic_research
09/08/2022 13:22,GOOD,T-8263-11,JPMC-CLIENT-8044-11,USA,543.96,JPMC-BILLING-COMPANY-8047-11,USA,PAYMENT,jpm_aml,compliance_transaction,FALSE,banking,synthetic_research
09/08/2022 14:51,GOOD,T-447802-05,COMPANY-447603-05,USA,3450.47,JPMC-CLIENT-447595-05,USA,WIRE,jpm_aml,compliance_transaction,FALSE,banking,synthetic_research
09/08/2022 15:47,BAD,T-2294237-00,,,0,COMPANY-2294221-00,USA,KYC-CREATE-ACCOUNT,jpm_aml,compliance_transaction,TRUE,banking,synthetic_research
09/08/2022 16:08,GOOD,T-263847-06,COMPANY-263613-06,USA,2554.88,JPMC-CLIENT-263608-06,USA,WIRE,jpm_aml,compliance_transaction,FALSE,banking,synthetic_research
09/08/2022 21:41,GOOD,T-162177-08,JPMC-CLIENT-161972-08,USA,84.79,OWNER-162014-08,USA,WIRE,jpm_aml,compliance_transaction,FALSE,banking,synthetic_research
10/08/2022 8:36,GOOD,T-1517016-06,BILLING-COMPANY-1516690-06,USA,1558.02,JPMC-CLIENT-1516687-06,UNITED-KINGDOM,WIRE,jpm_aml,compliance_transaction,FALSE,banking,synthetic_research
10/08/2022 21:28,GOOD,T-635204-10,JPMC-CLIENT-634941-10,UNITED-KINGDOM,8296.13,,,WITHDRAWL,jpm_aml,compliance_transaction,FALSE,banking,synthetic_research
11/08/2022 0:06,GOOD,T-1418530-06,JPMC-CLIENT-1418173-06,USA,376.8,JPMC-BILLING-COMPANY-1418176-06,USA,PAYMENT,jpm_aml,compliance_transaction,FALSE,banking,synthetic_research
11/08/2022 1:53,GOOD,T-689406-06,,,9500.89,JPMC-CLIENT-689131-06,USA,CASH-DEPOSIT,jpm_aml,compliance_transaction,FALSE,banking,synthetic_research
11/08/2022 3:48,GOOD,T-1413425-04,JPMC-CLIENT-1413119-04,USA,6826.51,CHECKING-1413129-04,,WIRE,jpm_aml,compliance_transaction,FALSE,banking,synthetic_research
11/08/2022 12:24,BAD,T-2506950-00,,,700911,JPMC-CLIENT-2506747-00,USA,CASH-DEPOSIT,jpm_aml,compliance_transaction,TRUE,banking,synthetic_research
11/08/2022 18:01,GOOD,T-535118-04,,,2533.47,JPMC-CLIENT-534727-04,USA,CASH-DEPOSIT,jpm_aml,compliance_transaction,FALSE,banking,synthetic_research
11/08/2022 22:43,GOOD,T-1072526-10,STANDARD-COMPANY-1072186-10,USA,4814.48,JPMC-CLIENT-1072182-10,UNITED-KINGDOM,WIRE,jpm_aml,compliance_transaction,FALSE,banking,synthetic_research
12/08/2022 3:14,GOOD,T-105356-08,JPMC-CLIENT-104981-08,USA,595.01,OWNER-105060-08,USA,WIRE,jpm_aml,compliance_transaction,FALSE,banking,synthetic_research
12/08/2022 4:26,GOOD,T-1188281-06,JPMC-CLIENT-1187889-06,USA,130.84,CHECKING-1187898-06,,WIRE,jpm_aml,compliance_transaction,FALSE,banking,synthetic_research
12/08/2022 6:21,GOOD,T-102968-01,COMPANY-102625-01,USA,5405.77,JPMC-CLIENT-102618-01,USA,WIRE,jpm_aml,compliance_transaction,FALSE,banking,synthetic_research
12/08/2022 9:38,GOOD,T-2090286-04,JPMC-CLIENT-2089890-04,USA,68.56,OWNER-2089981-04,USA,WIRE,jpm_aml,compliance_transaction,FALSE,banking,synthetic_research
12/08/2022 13:41,GOOD,T-24915-06,,,1413.58,JPMC-CLIENT-24510-06,USA,CASH-DEPOSIT,jpm_aml,compliance_transaction,FALSE,banking,synthetic_research
13/08/2022 4:45,GOOD,T-1062757-11,JPMC-CLIENT-1062543-11,UNITED-KINGDOM,929.16,BILLING-COMPANY-1062546-11,USA,PAYMENT,jpm_aml,compliance_transaction,FALSE,banking,synthetic_research
13/08/2022 9:36,GOOD,T-171640-08,COMPANY-171459-08,USA,568.24005,JPMC-CLIENT-171450-08,UNITED-KINGDOM,WIRE,jpm_aml,compliance_transaction,FALSE,banking,synthetic_research
13/08/2022 10:01,GOOD,T-347744-10,JPMC-CLIENT-347444-10,USA,247.95,BILLING-COMPANY-347447-10,USA,PAYMENT,jpm_aml,compliance_transaction,FALSE,banking,synthetic_research
13/08/2022 15:08,GOOD,T-1797442-04,JPMC-CLIENT-1797177-04,USA,5000.17,CHECKING-1797189-04,,WIRE,jpm_aml,compliance_transaction,FALSE,banking,synthetic_research
13/08/2022 15:30,GOOD,T-761460-10,,,801.18,JPMC-CLIENT-761185-10,UNITED-KINGDOM,CASH-DEPOSIT,jpm_aml,compliance_transaction,FALSE,banking,synthetic_research
13/08/2022 15:38,GOOD,T-393452-04,JPMC-CLIENT-393230-04,USA,84.89,OWNER-393267-04,USA,WIRE,jpm_aml,compliance_transaction,FALSE,banking,synthetic_research
13/08/2022 15:55,GOOD,T-1353886-04,COMPANY-1353665-04,USA,3415.63,JPMC-CLIENT-1353657-04,USA,WIRE,jpm_aml,compliance_transaction,FALSE,banking,synthetic_research
13/08/2022 19:12,GOOD,T-766119-04,JPMC-CLIENT-765923-04,USA,100.14,JPMC-BILLING-COMPANY-765926-04,USA,PAYMENT,jpm_aml,compliance_transaction,FALSE,banking,synthetic_research
13/08/2022 19:58,GOOD,T-114295-13,,,534.81,JPMC-CLIENT-114017-13,USA,CASH-DEPOSIT,jpm_aml,compliance_transaction,FALSE,banking,synthetic_research
13/08/2022 23:57,GOOD,T-401317-11,JPMC-BILLING-COMPANY-401095-11,USA,576.84,JPMC-CLIENT-401092-11,USA,WIRE,jpm_aml,compliance_transaction,FALSE,banking,synthetic_research
14/08/2022 1:06,GOOD,T-1379845-06,STANDARD-COMPANY-1379673-06,USA,1732.3,JPMC-CLIENT-1379669-06,USA,WIRE,jpm_aml,compliance_transaction,FALSE,banking,synthetic_research
14/08/2022 2:01,GOOD,T-331412-02,JPMC-CLIENT-331151-02,USA,793.45,JPMC-BILLING-COMPANY-331154-02,USA,PAYMENT,jpm_aml,compliance_transaction,FALSE,banking,synthetic_research
14/08/2022 5:43,GOOD,T-575322-04,JPMC-CLIENT-575055-04,USA,5000.57,CHECKING-575064-04,,WIRE,jpm_aml,compliance_transaction,FALSE,banking,synthetic_research
14/08/2022 10:16,GOOD,T-391098-06,COMPANY-390830-06,UNITED-KINGDOM,3233.9,JPMC-CLIENT-390823-06,USA,WIRE,jpm_aml,compliance_transaction,FALSE,banking,synthetic_research
14/08/2022 14:41,GOOD,T-629389-10,JPMC-CLIENT-629218-10,USA,584.63,BILLING-COMPANY-629221-10,USA,PAYMENT,jpm_aml,compliance_transaction,FALSE,banking,synthetic_research
14/08/2022 17:48,GOOD,T-2525118-04,BILLING-COMPANY-2524887-04,USA,3749.1401,JPMC-CLIENT-2524884-04,USA,WIRE,jpm_aml,compliance_transaction,FALSE,banking,synthetic_research
14/08/2022 20:18,GOOD,T-50008-10,COMPANY-49859-10,USA,1489.2001,JPMC-CLIENT-49852-10,USA,WIRE,jpm_aml,compliance_transaction,FALSE,banking,synthetic_research
14/08/2022 23:30,GOOD,T-842668-04,,,0,COMPANY-842398-04,USA,KYC-CREATE-ACCOUNT,jpm_aml,compliance_transaction,FALSE,banking,synthetic_research
15/08/2022 0:46,GOOD,T-996029-05,JPMC-CLIENT-995732-05,INDIA,72.84,CHECKING-995744-05,,WIRE,jpm_aml,compliance_transaction,FALSE,banking,synthetic_research
15/08/2022 3:41,GOOD,T-45915-05,COMPANY-45680-05,USA,0,JPMC-CLIENT-45675-05,USA,KYC-ADD-ACCOUNT-OWNER,jpm_aml,compliance_transaction,FALSE,banking,synthetic_research
15/08/2022 5:32,GOOD,T-10876-10,JPMC-CLIENT-10658-10,USA,0,CUSTOMER-10665-10,USA,KYC-ADD-ACCOUNT-OWNER,jpm_aml,compliance_transaction,FALSE,banking,synthetic_research
15/08/2022 15:21,GOOD,T-149779-13,JPMC-CLIENT-149530-13,USA,0,CUSTOMER-149536-13,USA,KYC-ADD-ACCOUNT-OWNER,jpm_aml,compliance_transaction,FALSE,banking,synthetic_research
15/08/2022 16:42,GOOD,T-139390-11,JPMC-CLIENT-139208-11,USA,570.94,BILLING-COMPANY-139211-11,USA,PAYMENT,jpm_aml,compliance_transaction,FALSE,banking,synthetic_research
15/08/2022 17:33,GOOD,T-297607-14,JPMC-CLIENT-297404-14,UNITED-KINGDOM,293.22,OWNER-297436-14,USA,WIRE,jpm_aml,compliance_transaction,FALSE,banking,synthetic_research
15/08/2022 18:20,GOOD,T-1840205-04,COMPANY-1839983-04,USA,4379.74,JPMC-CLIENT-1839978-04,USA,WIRE,jpm_aml,compliance_transaction,FALSE,banking,synthetic_research
15/08/2022 20:03,GOOD,T-1423518-06,COMPANY-1423319-06,USA,500.34,JPMC-CLIENT-1423314-06,USA,WIRE,jpm_aml,compliance_transaction,FALSE,banking,synthetic_research
15/08/2022 21:20,GOOD,T-114746-08,JPMC-CLIENT-114559-08,USA,100.38,OWNER-114588-08,USA,WIRE,jpm_aml,compliance_transaction,FALSE,banking,synthetic_research
16/08/2022 3:14,GOOD,T-885401-05,JPMC-BILLING-COMPANY-885198-05,USA,630.17,JPMC-CLIENT-885195-05,USA,WIRE,jpm_aml,compliance_transaction,FALSE,banking,synthetic_research
16/08/2022 9:46,GOOD,T-389095-05,JPMC-CLIENT-388821-05,UNITED-KINGDOM,0,CUSTOMER-388828-05,UNITED-KINGDOM,KYC-ADD-ACCOUNT-OWNER,jpm_aml,compliance_transaction,FALSE,banking,synthetic_research
16/08/2022 10:08,GOOD,T-268974-11,JPMC-CLIENT-268814-11,USA,229.25,BILLING-COMPANY-268817-11,USA,PAYMENT,jpm_aml,compliance_transaction,FALSE,banking,synthetic_research
16/08/2022 15:36,GOOD,T-1227393-06,BILLING-COMPANY-1227175-06,USA,4756.96,JPMC-CLIENT-1227172-06,NIGERIA,WIRE,jpm_aml,compliance_transaction,FALSE,banking,synthetic_research
16/08/2022 17:27,GOOD,T-533027-14,COMPANY-532806-14,USA,2864.6,JPMC-CLIENT-532796-14,USA,WIRE,jpm_aml,compliance_transaction,FALSE,banking,synthetic_research
16/08/2022 18:44,GOOD,T-98626-10,JPMC-CLIENT-98362-10,USA,105.05,CHECKING-98370-10,,WIRE,jpm_aml,compliance_transaction,FALSE,banking,synthetic_research
17/08/2022 3:20,GOOD,T-366458-14,BILLING-COMPANY-366278-14,USA,1658.64,JPMC-CLIENT-366275-14,USA,WIRE,jpm_aml,compliance_transaction,FALSE,banking,synthetic_research
17/08/2022 8:36,GOOD,T-690393-04,JPMC-CLIENT-690134-04,USA,5000.26,CHECKING-690145-04,,WIRE,jpm_aml,compliance_transaction,FALSE,banking,synthetic_research
17/08/2022 10:48,GOOD,T-330519-07,JPMC-CLIENT-330331-07,UNITED-KINGDOM,734.33,JPMC-BILLING-COMPANY-330334-07,USA,PAYMENT,jpm_aml,compliance_transaction,FALSE,banking,synthetic_research
17/08/2022 13:05,GOOD,T-2353781-04,JPMC-BILLING-COMPANY-2353602-04,USA,1633.51,JPMC-CLIENT-2353599-04,UNITED-KINGDOM,WIRE,jpm_aml,compliance_transaction,FALSE,banking,synthetic_research
17/08/2022 13:47,GOOD,T-142476-08,BILLING-COMPANY-142246-08,USA,4612.31,JPMC-CLIENT-142243-08,USA,WIRE,jpm_aml,compliance_transaction,FALSE,banking,synthetic_research
17/08/2022 15:17,GOOD,T-348768-14,BILLING-COMPANY-348623-14,USA,550.54,JPMC-CLIENT-348620-14,USA,WIRE,jpm_aml,compliance_transaction,FALSE,banking,synthetic_research
17/08/2022 15:55,GOOD,T-716371-11,,,4791.66,JPMC-CLIENT-716112-11,USA,CASH-DEPOSIT,jpm_aml,compliance_transaction,FALSE,banking,synthetic_research
17/08/2022 16:08,GOOD,T-58679-14,BILLING-COMPANY-58529-14,USA,3850.74,JPMC-CLIENT-58526-14,UNITED-KINGDOM,WIRE,jpm_aml,compliance_transaction,FALSE,banking,synthetic_research
17/08/2022 16:46,GOOD,T-2610565-04,JPMC-CLIENT-2610357-04,USA,43.33,OWNER-2610383-04,USA,WIRE,jpm_aml,compliance_transaction,FALSE,banking,synthetic_research
17/08/2022 16:59,GOOD,T-133639-05,COMPANY-133415-05,USA,3670.99,JPMC-CLIENT-133407-05,USA,WIRE,jpm_aml,compliance_transaction,FALSE,banking,synthetic_research
17/08/2022 19:12,GOOD,T-868455-04,COMPANY-868245-04,USA,3707.7,JPMC-CLIENT-868233-04,USA,WIRE,jpm_aml,compliance_transaction,FALSE,banking,synthetic_research
17/08/2022 20:20,GOOD,T-884098-05,BILLING-COMPANY-883883-05,USA,1687.47,JPMC-CLIENT-883880-05,NIGERIA,WIRE,jpm_aml,compliance_transaction,FALSE,banking,synthetic_research
18/08/2022 13:02,GOOD,T-262213-10,JPMC-CLIENT-261940-10,USA,0,CUSTOMER-261947-10,USA,KYC-ADD-ACCOUNT-OWNER,jpm_aml,compliance_transaction,FALSE,banking,synthetic_research
18/08/2022 13:07,GOOD,T-655262-14,JPMC-BILLING-COMPANY-655082-14,USA,1476.15,JPMC-CLIENT-655079-14,USA,WIRE,jpm_aml,compliance_transaction,FALSE,banking,synthetic_research
18/08/2022 14:02,GOOD,T-612801-14,COMPANY-612557-14,USA,0,JPMC-CLIENT-612552-14,USA,KYC-ADD-ACCOUNT-OWNER,jpm_aml,compliance_transaction,FALSE,banking,synthetic_research
18/08/2022 21:17,GOOD,T-30787-08,JPMC-CLIENT-30623-08,USA,946.01,OWNER-30651-08,USA,WIRE,jpm_aml,compliance_transaction,FALSE,banking,synthetic_research
18/08/2022 22:30,GOOD,T-850826-10,JPMC-CLIENT-850658-10,UNITED-KINGDOM,1087.56,OWNER-850687-10,USA,WIRE,jpm_aml,compliance_transaction,FALSE,banking,synthetic_research
19/08/2022 0:00,GOOD,T-1463442-10,COMPANY-1463243-10,USA,3626.17,JPMC-CLIENT-1463236-10,USA,WIRE,jpm_aml,compliance_transaction,FALSE,banking,synthetic_research
19/08/2022 1:42,GOOD,T-2795990-04,,,9500.32,JPMC-CLIENT-2795716-04,USA,CASH-DEPOSIT,jpm_aml,compliance_transaction,FALSE,banking,synthetic_research
19/08/2022 5:15,GOOD,T-128684-13,JPMC-CLIENT-128501-13,USA,594.46,BILLING-COMPANY-128504-13,USA,PAYMENT,jpm_aml,compliance_transaction,FALSE,banking,synthetic_research
19/08/2022 6:19,GOOD,T-1493280-10,JPMC-CLIENT-1493089-10,USA,1137.95,OWNER-1493119-10,USA,WIRE,jpm_aml,compliance_transaction,FALSE,banking,synthetic_research
19/08/2022 7:36,GOOD,T-547270-05,BILLING-COMPANY-547054-05,USA,2613.79,JPMC-CLIENT-547051-05,USA,WIRE,jpm_aml,compliance_transaction,FALSE,banking,synthetic_research
19/08/2022 11:14,GOOD,T-99221-07,JPMC-CLIENT-98935-07,USA,2812.62,,,WITHDRAWL,jpm_aml,compliance_transaction,FALSE,banking,synthetic_research
19/08/2022 11:48,GOOD,T-326725-11,COMPANY-326563-11,UNITED-KINGDOM,1432.67,JPMC-CLIENT-326558-11,USA,WIRE,jpm_aml,compliance_transaction,FALSE,banking,synthetic_research
19/08/2022 13:34,GOOD,T-2296006-04,JPMC-CLIENT-2295768-04,CANADA,77.69,OWNER-2295806-04,USA,WIRE,jpm_aml,compliance_transaction,FALSE,banking,synthetic_research
19/08/2022 16:12,GOOD,T-1099706-04,COMPANY-1099392-04,USA,934.46,JPMC-CLIENT-1099382-04,USA,WIRE,jpm_aml,compliance_transaction,FALSE,banking,synthetic_research
19/08/2022 17:25,GOOD,T-298224-01,JPMC-CLIENT-297964-01,UNITED-KINGDOM,5000.96,,,WITHDRAWL,jpm_aml,compliance_transaction,FALSE,banking,synthetic_research
19/08/2022 18:33,GOOD,T-270424-10,BILLING-COMPANY-270194-10,USA,4961.42,JPMC-CLIENT-270191-10,USA,WIRE,jpm_aml,compliance_transaction,FALSE,banking,synthetic_research
19/08/2022 19:20,GOOD,T-113643-07,JPMC-CLIENT-113435-07,USA,687.84,JPMC-BILLING-COMPANY-113438-07,USA,PAYMENT,jpm_aml,compliance_transaction,FALSE,banking,synthetic_research
19/08/2022 21:07,GOOD,T-281941-04,COMPANY-281759-04,USA,3617.1602,JPMC-CLIENT-281752-04,USA,WIRE,jpm_aml,compliance_transaction,FALSE,banking,synthetic_research
19/08/2022 21:49,GOOD,T-1262583-10,JPMC-CLIENT-1262380-10,UNITED-KINGDOM,201.99,BILLING-COMPANY-1262383-10,USA,PAYMENT,jpm_aml,compliance_transaction,FALSE,banking,synthetic_research
19/08/2022 22:36,GOOD,T-34070-05,JPMC-CLIENT-33958-05,USA,998.81,OWNER-33984-05,USA,WIRE,jpm_aml,compliance_transaction,FALSE,banking,synthetic_research
19/08/2022 23:15,GOOD,T-1462533-04,JPMC-CLIENT-1462315-04,USA,409.4,OWNER-1462353-04,USA,WIRE,jpm_aml,compliance_transaction,FALSE,banking,synthetic_research
20/08/2022 4:09,GOOD,T-105264-05,,,3966.09,JPMC-CLIENT-105009-05,USA,CASH-DEPOSIT,jpm_aml,compliance_transaction,FALSE,banking,synthetic_research
20/08/2022 7:42,GOOD,T-405080-07,COMPANY-404922-07,USA,2152.52,JPMC-CLIENT-404915-07,USA,WIRE,jpm_aml,compliance_transaction,FALSE,banking,synthetic_research
20/08/2022 8:46,GOOD,T-148062-08,JPMC-CLIENT-147823-08,USA,7547.32,CHECKING-147832-08,,WIRE,jpm_aml,compliance_transaction,FALSE,banking,synthetic_research
20/08/2022 9:12,GOOD,T-1142497-06,JPMC-CLIENT-1142331-06,USA,982.24,BILLING-COMPANY-1142334-06,USA,PAYMENT,jpm_aml,compliance_transaction,FALSE,banking,synthetic_research
20/08/2022 16:57,GOOD,T-560555-06,,,1581.92,JPMC-CLIENT-560259-06,USA,CASH-DEPOSIT,jpm_aml,compliance_transaction,FALSE,banking,synthetic_research
21/08/2022 9:06,GOOD,T-1427047-06,BILLING-COMPANY-1426822-06,USA,3111.19,JPMC-CLIENT-1426819-06,USA,WIRE,jpm_aml,compliance_transaction,FALSE,banking,synthetic_research
21/08/2022 12:22,GOOD,T-246561-01,JPMC-CLIENT-246279-01,UNITED-KINGDOM,3581.28,CHECKING-246290-01,,WIRE,jpm_aml,compliance_transaction,FALSE,banking,synthetic_research
21/08/2022 14:43,GOOD,T-2327889-04,JPMC-CLIENT-2327624-04,USA,8062.94,,,WITHDRAWL,jpm_aml,compliance_transaction,FALSE,banking,synthetic_research
21/08/2022 14:43,GOOD,T-176706-06,JPMC-CLIENT-176433-06,ITALY,7876.45,,,WITHDRAWL,jpm_aml,compliance_transaction,FALSE,banking,synthetic_research
21/08/2022 15:21,GOOD,T-1256229-11,JPMC-STANDARD-COMPANY-1256001-11,USA,1024.12,JPMC-CLIENT-1255997-11,USA,WIRE,jpm_aml,compliance_transaction,FALSE,banking,synthetic_research
21/08/2022 15:51,GOOD,T-723357-06,JPMC-CLIENT-723093-06,USA,3124.86,,,WITHDRAWL,jpm_aml,compliance_transaction,FALSE,banking,synthetic_research
21/08/2022 21:20,GOOD,T-1816063-04,JPMC-CLIENT-1815812-04,USA,5408.99,,,WITHDRAWL,jpm_aml,compliance_transaction,FALSE,banking,synthetic_research
21/08/2022 21:49,GOOD,T-2465291-04,JPMC-BILLING-COMPANY-2465055-04,USA,4388.87,JPMC-CLIENT-2465052-04,UNITED-KINGDOM,WIRE,jpm_aml,compliance_transaction,FALSE,banking,synthetic_research
21/08/2022 22:41,GOOD,T-416061-11,JPMC-BILLING-COMPANY-415837-11,USA,1335.12,JPMC-CLIENT-415834-11,USA,WIRE,jpm_aml,compliance_transaction,FALSE,banking,synthetic_research
21/08/2022 22:53,GOOD,T-974748-06,,,9500.3,JPMC-CLIENT-974493-06,USA,CASH-DEPOSIT,jpm_aml,compliance_transaction,FALSE,banking,synthetic_research
22/08/2022 7:51,GOOD,T-343352-10,JPMC-CLIENT-343169-10,UNITED-KINGDOM,629.62,BILLING-COMPANY-343172-10,USA,PAYMENT,jpm_aml,compliance_transaction,FALSE,banking,synthetic_research
22/08/2022 10:42,GOOD,T-2307321-04,JPMC-CLIENT-2307031-04,USA,4514.17,CHECKING-2307042-04,,WIRE,jpm_aml,compliance_transaction,FALSE,banking,synthetic_research
22/08/2022 11:07,GOOD,T-396620-02,JPMC-CLIENT-396394-02,USA,341.88,OWNER-396435-02,USA,WIRE,jpm_aml,compliance_transaction,FALSE,banking,synthetic_research
22/08/2022 12:37,GOOD,T-994543-04,COMPANY-994349-04,NIGERIA,500.94,JPMC-CLIENT-994344-04,UNITED-KINGDOM,WIRE,jpm_aml,compliance_transaction,FALSE,banking,synthetic_research
22/08/2022 13:11,GOOD,T-2036374-04,JPMC-BILLING-COMPANY-2036146-04,USA,3464.84,JPMC-CLIENT-2036143-04,UNITED-KINGDOM,WIRE,jpm_aml,compliance_transaction,FALSE,banking,synthetic_research
22/08/2022 13:28,GOOD,T-226306-10,JPMC-CLIENT-226020-10,USA,8191.71,,,WITHDRAWL,jpm_aml,compliance_transaction,FALSE,banking,synthetic_research
22/08/2022 17:44,GOOD,T-188301-01,JPMC-CLIENT-188044-01,UNITED-KINGDOM,5586.84,,,WITHDRAWL,jpm_aml,compliance_transaction,FALSE,banking,synthetic_research
22/08/2022 20:05,GOOD,T-1096639-10,BILLING-COMPANY-1096449-10,USA,1223.9801,JPMC-CLIENT-1096446-10,USA,WIRE,jpm_aml,compliance_transaction,FALSE,banking,synthetic_research
22/08/2022 21:09,GOOD,T-198825-05,BILLING-COMPANY-198624-05,USA,2322.74,JPMC-CLIENT-198621-05,USA,WIRE,jpm_aml,compliance_transaction,FALSE,banking,synthetic_research
22/08/2022 21:22,GOOD,T-822198-11,JPMC-CLIENT-822021-11,USA,643.67,JPMC-BILLING-COMPANY-822024-11,USA,PAYMENT,jpm_aml,compliance_transaction,FALSE,banking,synthetic_research
22/08/2022 22:51,GOOD,T-190408-13,JPMC-CLIENT-190126-13,USA,5000.4,,,WITHDRAWL,jpm_aml,compliance_transaction,FALSE,banking,synthetic_research
22/08/2022 23:13,GOOD,T-356325-07,JPMC-CLIENT-356023-07,USA,8353.43,CHECKING-356035-07,,WIRE,jpm_aml,compliance_transaction,FALSE,banking,synthetic_research
22/08/2022 23:38,GOOD,T-208211-07,BILLING-COMPANY-207964-07,USA,1284.81,JPMC-CLIENT-207961-07,MEXICO,WIRE,jpm_aml,compliance_transaction,FALSE,banking,synthetic_research
23/08/2022 0:08,GOOD,T-2816886-04,JPMC-CLIENT-2816601-04,USA,6622.51,CHECKING-2816611-04,,WIRE,jpm_aml,compliance_transaction,FALSE,banking,synthetic_research
23/08/2022 2:42,GOOD,T-1156902-11,COMPANY-1156797-11,USA,1471.3501,JPMC-CLIENT-1156790-11,USA,WIRE,jpm_aml,compliance_transaction,FALSE,banking,synthetic_research
23/08/2022 5:15,GOOD,T-1361737-10,JPMC-CLIENT-1361463-10,USA,0,CUSTOMER-1361470-10,USA,KYC-ADD-ACCOUNT-OWNER,jpm_aml,compliance_transaction,FALSE,banking,synthetic_research
23/08/2022 6:24,GOOD,T-807130-05,JPMC-CLIENT-806911-05,USA,356.11,OWNER-806947-05,USA,WIRE,jpm_aml,compliance_transaction,FALSE,banking,synthetic_research
23/08/2022 9:23,GOOD,T-766570-04,JPMC-CLIENT-766347-04,UNITED-KINGDOM,872.9,OWNER-766379-04,USA,WIRE,jpm_aml,compliance_transaction,FALSE,banking,synthetic_research
23/08/2022 13:05,GOOD,T-463774-10,COMPANY-463556-10,USA,0,JPMC-CLIENT-463551-10,USA,KYC-ADD-ACCOUNT-OWNER,jpm_aml,compliance_transaction,FALSE,banking,synthetic_research
23/08/2022 14:56,GOOD,T-1221934-04,JPMC-CLIENT-1221704-04,USA,982.32,OWNER-1221743-04,USA,WIRE,jpm_aml,compliance_transaction,FALSE,banking,synthetic_research
23/08/2022 16:00,GOOD,T-615142-11,JPMC-CLIENT-614837-11,USA,5000.77,,,WITHDRAWL,jpm_aml,compliance_transaction,FALSE,banking,synthetic_research
24/08/2022 1:18,GOOD,T-521609-06,BILLING-COMPANY-521441-06,USA,536.56,JPMC-CLIENT-521438-06,USA,WIRE,jpm_aml,compliance_transaction,FALSE,banking,synthetic_research
24/08/2022 10:46,GOOD,T-26214-07,JPMC-CLIENT-25908-07,USA,5000.85,,,WITHDRAWL,jpm_aml,compliance_transaction,FALSE,banking,synthetic_research
24/08/2022 21:30,GOOD,T-1618585-04,COMPANY-1618270-04,USA,2254.3,JPMC-CLIENT-1618263-04,UNITED-KINGDOM,WIRE,jpm_aml,compliance_transaction,FALSE,banking,synthetic_research
25/08/2022 0:08,GOOD,T-490154-05,,,5302.99,JPMC-CLIENT-489868-05,USA,CASH-DEPOSIT,jpm_aml,compliance_transaction,FALSE,banking,synthetic_research
25/08/2022 12:43,GOOD,T-173098-12,JPMC-CLIENT-172921-12,UNITED-KINGDOM,10.72,OWNER-172949-12,USA,WIRE,jpm_aml,compliance_transaction,FALSE,banking,synthetic_research
25/08/2022 20:58,GOOD,T-45323-11,,,0,COMPANY-45083-11,USA,KYC-CREATE-ACCOUNT,jpm_aml,compliance_transaction,FALSE,banking,synthetic_research
25/08/2022 21:58,GOOD,T-2524730-04,JPMC-CLIENT-2524455-04,USA,193.75,BILLING-COMPANY-2524458-04,USA,PAYMENT,jpm_aml,compliance_transaction,FALSE,banking,synthetic_research
26/08/2022 0:44,GOOD,T-921404-04,JPMC-CLIENT-921137-04,USA,5000.86,CHECKING-921145-04,,WIRE,jpm_aml,compliance_transaction,FALSE,banking,synthetic_research
26/08/2022 3:31,GOOD,T-478191-05,,,5000.82,JPMC-CLIENT-477903-05,USA,CASH-DEPOSIT,jpm_aml,compliance_transaction,FALSE,banking,synthetic_research
26/08/2022 3:35,GOOD,T-131137-13,BILLING-COMPANY-130913-13,USA,550.17,JPMC-CLIENT-130910-13,USA,WIRE,jpm_aml,compliance_transaction,FALSE,banking,synthetic_research
26/08/2022 3:44,GOOD,T-697116-04,JPMC-CLIENT-696835-04,UNITED-KINGDOM,3149.61,,,WITHDRAWL,jpm_aml,compliance_transaction,FALSE,banking,synthetic_research
26/08/2022 12:03,GOOD,T-376403-07,JPMC-BILLING-COMPANY-376130-07,USA,1352.43,JPMC-CLIENT-376127-07,USA,WIRE,jpm_aml,compliance_transaction,FALSE,banking,synthetic_research
26/08/2022 12:03,GOOD,T-1244484-10,JPMC-CLIENT-1244197-10,USA,1635.22,,,WITHDRAWL,jpm_aml,compliance_transaction,FALSE,banking,synthetic_research
26/08/2022 12:28,GOOD,T-97671-14,,,8868.3,JPMC-CLIENT-97318-14,USA,CASH-DEPOSIT,jpm_aml,compliance_transaction,FALSE,banking,synthetic_research
26/08/2022 13:24,GOOD,T-394992-14,COMPANY-394799-14,SOUTH-KOREA,1015.01,JPMC-CLIENT-394794-14,UNITED-KINGDOM,WIRE,jpm_aml,compliance_transaction,FALSE,banking,synthetic_research
26/08/2022 20:30,GOOD,T-32663-04,JPMC-CLIENT-32507-04,UNITED-KINGDOM,718.25,JPMC-BILLING-COMPANY-32510-04,USA,PAYMENT,jpm_aml,compliance_transaction,FALSE,banking,synthetic_research
26/08/2022 23:13,GOOD,T-591301-14,JPMC-CLIENT-591144-14,USA,938.46,OWNER-591161-14,USA,WIRE,jpm_aml,compliance_transaction,FALSE,banking,synthetic_research
27/08/2022 5:11,GOOD,T-97501-13,JPMC-CLIENT-97353-13,USA,399.72,OWNER-97370-13,USA,WIRE,jpm_aml,compliance_transaction,FALSE,banking,synthetic_research
27/08/2022 6:02,GOOD,T-641075-14,,,225.85,JPMC-CLIENT-640714-14,UNITED-KINGDOM,CASH-DEPOSIT,jpm_aml,compliance_transaction,FALSE,banking,synthetic_research
27/08/2022 6:58,GOOD,T-923017-05,,,3216.9,JPMC-CLIENT-922743-05,USA,CASH-DEPOSIT,jpm_aml,compliance_transaction,FALSE,banking,synthetic_research
27/08/2022 7:57,GOOD,T-8920-05,JPMC-CLIENT-8709-05,USA,100.55,BILLING-COMPANY-8712-05,USA,PAYMENT,jpm_aml,compliance_transaction,FALSE,banking,synthetic_research
27/08/2022 12:18,GOOD,T-658285-04,JPMC-CLIENT-658073-04,UNITED-KINGDOM,745.64,BILLING-COMPANY-658076-04,USA,PAYMENT,jpm_aml,compliance_transaction,FALSE,banking,synthetic_research
27/08/2022 12:22,GOOD,T-102843-01,COMPANY-102625-01,USA,2381.39,JPMC-CLIENT-102618-01,USA,WIRE,jpm_aml,compliance_transaction,FALSE,banking,synthetic_research
27/08/2022 18:29,GOOD,T-685619-14,JPMC-CLIENT-685315-14,USA,683.19,CHECKING-685329-14,,WIRE,jpm_aml,compliance_transaction,FALSE,banking,synthetic_research
27/08/2022 19:29,GOOD,T-681001-14,JPMC-CLIENT-680675-14,UNITED-KINGDOM,742.14,JPMC-BILLING-COMPANY-680678-14,USA,PAYMENT,jpm_aml,compliance_transaction,FALSE,banking,synthetic_research
27/08/2022 20:58,GOOD,T-1156798-06,JPMC-CLIENT-1156434-06,USA,2828.06,CHECKING-1156444-06,,WIRE,jpm_aml,compliance_transaction,FALSE,banking,synthetic_research
27/08/2022 21:54,GOOD,T-150688-03,JPMC-CLIENT-150489-03,USA,153.2,BILLING-COMPANY-150492-03,USA,PAYMENT,jpm_aml,compliance_transaction,FALSE,banking,synthetic_research
27/08/2022 22:49,GOOD,T-768236-10,JPMC-CLIENT-768017-10,USA,31.84,OWNER-768051-10,USA,WIRE,jpm_aml,compliance_transaction,FALSE,banking,synthetic_research
27/08/2022 23:23,GOOD,T-967008-04,JPMC-CLIENT-966756-04,USA,5000.73,,,WITHDRAWL,jpm_aml,compliance_transaction,FALSE,banking,synthetic_research
28/08/2022 0:06,GOOD,T-262791-06,JPMC-CLIENT-262517-06,USA,6069.29,CHECKING-262526-06,,WIRE,jpm_aml,compliance_transaction,FALSE,banking,synthetic_research
28/08/2022 3:39,GOOD,T-316180-14,BILLING-COMPANY-315943-14,USA,2511.27,JPMC-CLIENT-315940-14,USA,WIRE,jpm_aml,compliance_transaction,FALSE,banking,synthetic_research
28/08/2022 4:39,GOOD,T-86416-03,JPMC-CLIENT-86158-03,USA,100.71,BILLING-COMPANY-86161-03,USA,PAYMENT,jpm_aml,compliance_transaction,FALSE,banking,synthetic_research
28/08/2022 5:52,GOOD,T-707589-11,COMPANY-707329-11,USA,0,JPMC-CLIENT-707324-11,USA,KYC-ADD-ACCOUNT-OWNER,jpm_aml,compliance_transaction,FALSE,banking,synthetic_research
28/08/2022 6:13,GOOD,T-2307854-04,BILLING-COMPANY-2307627-04,USA,1566.5,JPMC-CLIENT-2307624-04,USA,WIRE,jpm_aml,compliance_transaction,FALSE,banking,synthetic_research
28/08/2022 8:17,GOOD,T-441529-02,JPMC-CLIENT-441276-02,USA,5000.73,,,WITHDRAWL,jpm_aml,compliance_transaction,FALSE,banking,synthetic_research
28/08/2022 12:11,GOOD,T-494395-07,JPMC-STANDARD-COMPANY-494149-07,USA,5396.8003,JPMC-CLIENT-494145-07,USA,WIRE,jpm_aml,compliance_transaction,FALSE,banking,synthetic_research
28/08/2022 17:48,GOOD,T-665271-14,JPMC-CLIENT-665072-14,USA,551.52,BILLING-COMPANY-665075-14,USA,PAYMENT,jpm_aml,compliance_transaction,FALSE,banking,synthetic_research
28/08/2022 18:52,GOOD,T-89394-06,JPMC-CLIENT-89203-06,USA,46.48,OWNER-89236-06,USA,WIRE,jpm_aml,compliance_transaction,FALSE,banking,synthetic_research
28/08/2022 20:26,GOOD,T-241879-03,COMPANY-241673-03,USA,3258.4,JPMC-CLIENT-241665-03,USA,WIRE,jpm_aml,compliance_transaction,FALSE,banking,synthetic_research
28/08/2022 21:47,GOOD,T-885971-11,BILLING-COMPANY-885745-11,USA,3042.01,JPMC-CLIENT-885742-11,USA,WIRE,jpm_aml,compliance_transaction,FALSE,banking,synthetic_research
28/08/2022 23:21,GOOD,T-2792784-04,JPMC-CLIENT-2792511-04,USA,397.99,OWNER-2792552-04,USA,WIRE,jpm_aml,compliance_transaction,FALSE,banking,synthetic_research
29/08/2022 0:04,GOOD,T-767119-05,,,2630.61,JPMC-CLIENT-766806-05,USA,CASH-DEPOSIT,jpm_aml,compliance_transaction,FALSE,banking,synthetic_research
29/08/2022 1:08,GOOD,T-100248-07,,,7638.04,JPMC-CLIENT-99956-07,USA,CASH-DEPOSIT,jpm_aml,compliance_transaction,FALSE,banking,synthetic_research
29/08/2022 5:20,GOOD,T-2550037-04,,,2339.97,JPMC-CLIENT-2549768-04,USA,CASH-DEPOSIT,jpm_aml,compliance_transaction,FALSE,banking,synthetic_research
29/08/2022 8:23,GOOD,T-234532-14,JPMC-BILLING-COMPANY-234330-14,USA,2895.28,JPMC-CLIENT-234327-14,USA,WIRE,jpm_aml,compliance_transaction,FALSE,banking,synthetic_research
29/08/2022 8:53,GOOD,T-714658-10,,,6619.03,JPMC-CLIENT-714395-10,USA,CASH-DEPOSIT,jpm_aml,compliance_transaction,FALSE,banking,synthetic_research
29/08/2022 16:21,GOOD,T-714163-11,JPMC-CLIENT-713957-11,USA,146.85,BILLING-COMPANY-713960-11,USA,PAYMENT,jpm_aml,compliance_transaction,FALSE,banking,synthetic_research
29/08/2022 19:20,GOOD,T-2213131-04,JPMC-BILLING-COMPANY-2212887-04,USA,1280.1901,JPMC-CLIENT-2212884-04,USA,WIRE,jpm_aml,compliance_transaction,FALSE,banking,synthetic_research
29/08/2022 20:03,GOOD,T-130767-07,JPMC-CLIENT-130479-07,UNITED-KINGDOM,6220.79,,,WITHDRAWL,jpm_aml,compliance_transaction,FALSE,banking,synthetic_research
29/08/2022 21:41,GOOD,T-611543-11,BILLING-COMPANY-611324-11,USA,4342.31,JPMC-CLIENT-611321-11,USA,WIRE,jpm_aml,compliance_transaction,FALSE,banking,synthetic_research
29/08/2022 22:36,GOOD,T-1101061-10,BILLING-COMPANY-1100844-10,USA,3453.38,JPMC-CLIENT-1100841-10,USA,WIRE,jpm_aml,compliance_transaction,FALSE,banking,synthetic_research
30/08/2022 16:02,GOOD,T-779440-06,JPMC-CLIENT-779179-06,USA,5000.17,,,WITHDRAWL,jpm_aml,compliance_transaction,FALSE,banking,synthetic_research
31/08/2022 2:54,GOOD,T-2798829-04,JPMC-CLIENT-2798589-04,USA,22.11,OWNER-2798635-04,USA,WIRE,jpm_aml,compliance_transaction,FALSE,banking,synthetic_research
31/08/2022 3:03,GOOD,T-216690-04,BILLING-COMPANY-216461-04,USA,2919,JPMC-CLIENT-216458-04,USA,WIRE,jpm_aml,compliance_transaction,FALSE,banking,synthetic_research
31/08/2022 7:28,GOOD,T-819402-11,BILLING-COMPANY-819206-11,USA,2094.5103,JPMC-CLIENT-819203-11,USA,WIRE,jpm_aml,compliance_transaction,FALSE,banking,synthetic_research
31/08/2022 9:14,GOOD,T-347187-06,STANDARD-COMPANY-346960-06,USA,2046.82,JPMC-CLIENT-346956-06,UNITED-KINGDOM,WIRE,jpm_aml,compliance_transaction,FALSE,banking,synthetic_research
31/08/2022 10:31,GOOD,T-388771-02,JPMC-CLIENT-388567-02,USA,76.92,OWNER-388606-02,USA,WIRE,jpm_aml,compliance_transaction,FALSE,banking,synthetic_research
31/08/2022 16:04,GOOD,T-401491-04,BILLING-COMPANY-401215-04,USA,1481.52,JPMC-CLIENT-401212-04,USA,WIRE,jpm_aml,compliance_transaction,FALSE,banking,synthetic_research
31/08/2022 17:29,GOOD,T-592023-11,JPMC-CLIENT-591827-11,USA,579.79,BILLING-COMPANY-591830-11,USA,PAYMENT,jpm_aml,compliance_transaction,FALSE,banking,synthetic_research
07/09/2022 6:34,GOOD,T-336858-04,JPMC-CLIENT-336714-04,UNITED-KINGDOM,517.64,JPMC-BILLING-COMPANY-336717-04,USA,PAYMENT,jpm_aml,compliance_transaction,FALSE,banking,synthetic_research
07/09/2022 7:38,GOOD,T-1483216-10,JPMC-CLIENT-1483100-10,USA,100.28,BILLING-COMPANY-1483103-10,USA,PAYMENT,jpm_aml,compliance_transaction,FALSE,banking,synthetic_research
07/09/2022 9:33,GOOD,T-75080-10,CUSTOMER-74829-10,UNITED-KINGDOM,0,JPMC-CLIENT-74823-10,UNITED-KINGDOM,KYC-ADD-ACCOUNT-OWNER,jpm_aml,compliance_transaction,FALSE,banking,synthetic_research
07/09/2022 15:10,GOOD,T-639736-06,COMPANY-639567-06,USA,5189.18,JPMC-CLIENT-639560-06,USA,WIRE,jpm_aml,compliance_transaction,FALSE,banking,synthetic_research
07/09/2022 16:32,GOOD,T-1956732-04,JPMC-CLIENT-1956489-04,USA,5000.48,CHECKING-1956500-04,,WIRE,jpm_aml,compliance_transaction,FALSE,banking,synthetic_research
07/09/2022 17:18,GOOD,T-2773087-04,JPMC-CLIENT-2772842-04,USA,739.53,OWNER-2772897-04,USA,WIRE,jpm_aml,compliance_transaction,FALSE,banking,synthetic_research
07/09/2022 21:39,GOOD,T-1327478-10,JPMC-CLIENT-1327343-10,USA,1308.67,OWNER-1327360-10,USA,WIRE,jpm_aml,compliance_transaction,FALSE,banking,synthetic_research
08/09/2022 0:08,GOOD,T-323103-01,JPMC-CLIENT-322910-01,USA,100.67,BILLING-COMPANY-322913-01,USA,PAYMENT,jpm_aml,compliance_transaction,FALSE,banking,synthetic_research
08/09/2022 3:58,GOOD,T-178395-01,COMPANY-178249-01,USA,814.92,JPMC-CLIENT-178242-01,USA,WIRE,jpm_aml,compliance_transaction,FALSE,banking,synthetic_research
08/09/2022 4:16,GOOD,T-212987-07,,,7871.66,JPMC-CLIENT-212683-07,USA,CASH-DEPOSIT,jpm_aml,compliance_transaction,FALSE,banking,synthetic_research
08/09/2022 8:14,GOOD,T-840884-11,COMPANY-840737-11,USA,4177.25,JPMC-CLIENT-840725-11,UNITED-KINGDOM,WIRE,jpm_aml,compliance_transaction,FALSE,banking,synthetic_research
08/09/2022 11:01,GOOD,T-249185-08,,,4695.68,JPMC-CLIENT-248889-08,UNITED-KINGDOM,CASH-DEPOSIT,jpm_aml,compliance_transaction,FALSE,banking,synthetic_research
08/09/2022 11:31,GOOD,T-2332556-04,,,9500.6,JPMC-CLIENT-2332289-04,USA,CASH-DEPOSIT,jpm_aml,compliance_transaction,FALSE,banking,synthetic_research
08/09/2022 11:44,GOOD,T-121784-06,COMPANY-121583-06,USA,4187.14,JPMC-CLIENT-121574-06,USA,WIRE,jpm_aml,compliance_transaction,FALSE,banking,synthetic_research
08/09/2022 12:05,GOOD,T-523887-05,COMPANY-523693-05,USA,949.87006,JPMC-CLIENT-523684-05,USA,WIRE,jpm_aml,compliance_transaction,FALSE,banking,synthetic_research
08/09/2022 15:00,GOOD,T-1236574-04,,,3678.09,JPMC-CLIENT-1236310-04,USA,CASH-DEPOSIT,jpm_aml,compliance_transaction,FALSE,banking,synthetic_research
08/09/2022 16:04,GOOD,T-1127073-06,JPMC-CLIENT-1126862-06,USA,142.44,OWNER-1126890-06,USA,WIRE,jpm_aml,compliance_transaction,FALSE,banking,synthetic_research
08/09/2022 17:08,GOOD,T-545819-06,COMPANY-545649-06,USA,5068.58,JPMC-CLIENT-545642-06,USA,WIRE,jpm_aml,compliance_transaction,FALSE,banking,synthetic_research
08/09/2022 23:49,GOOD,T-938134-11,JPMC-CLIENT-937809-11,UNITED-KINGDOM,7736.73,CHECKING-937821-11,,WIRE,jpm_aml,compliance_transaction,FALSE,banking,synthetic_research
09/09/2022 2:22,GOOD,T-327173-04,COMPANY-326926-04,USA,5021.23,JPMC-CLIENT-326919-04,USA,WIRE,jpm_aml,compliance_transaction,FALSE,banking,synthetic_research
09/09/2022 14:24,GOOD,T-24754-02,BILLING-COMPANY-24470-02,USA,1102.2401,JPMC-CLIENT-24467-02,USA,WIRE,jpm_aml,compliance_transaction,FALSE,banking,synthetic_research
09/09/2022 14:28,GOOD,T-65959-07,JPMC-BILLING-COMPANY-65738-07,USA,1779.05,JPMC-CLIENT-65735-07,USA,WIRE,jpm_aml,compliance_transaction,FALSE,banking,synthetic_research
09/09/2022 14:36,GOOD,T-561834-11,JPMC-CLIENT-561620-11,USA,718,JPMC-BILLING-COMPANY-561623-11,USA,PAYMENT,jpm_aml,compliance_transaction,FALSE,banking,synthetic_research
09/09/2022 20:35,GOOD,T-454509-10,JPMC-CLIENT-454273-10,USA,0,CUSTOMER-454279-10,USA,KYC-ADD-ACCOUNT-OWNER,jpm_aml,compliance_transaction,FALSE,banking,synthetic_research
09/09/2022 23:55,GOOD,T-123054-07,JPMC-CLIENT-122840-07,ITALY,889.22,BILLING-COMPANY-122843-07,USA,PAYMENT,jpm_aml,compliance_transaction,FALSE,banking,synthetic_research
10/09/2022 2:05,GOOD,T-1227238-10,JPMC-CLIENT-1226943-10,USA,443,BILLING-COMPANY-1226946-10,USA,PAYMENT,jpm_aml,compliance_transaction,FALSE,banking,synthetic_research
10/09/2022 3:18,BAD,T-222499-00,,,37039,JPMC-CLIENT-222276-00,USA,CASH-DEPOSIT,jpm_aml,compliance_transaction,TRUE,banking,synthetic_research
10/09/2022 6:38,BAD,T-606073-00,JPMC-CLIENT-605789-00,USA,556783,,,WITHDRAWL,jpm_aml,compliance_transaction,TRUE,banking,synthetic_research
10/09/2022 8:38,GOOD,T-183292-01,JPMC-CLIENT-182990-01,USA,470.14,JPMC-BILLING-COMPANY-182993-01,USA,PAYMENT,jpm_aml,compliance_transaction,FALSE,banking,synthetic_research
10/09/2022 8:46,BAD,T-2716835-00,COMPANY-2716819-00,QATAR,0,CUSTOMER-2716656-00,QATAR,KYC-ADD-ACCOUNT-OWNER,jpm_aml,compliance_transaction,TRUE,banking,synthetic_research
10/09/2022 14:06,GOOD,T-1266650-10,JPMC-BILLING-COMPANY-1266417-10,USA,1472.75,JPMC-CLIENT-1266414-10,USA,WIRE,jpm_aml,compliance_transaction,FALSE,banking,synthetic_research
10/09/2022 21:00,BAD,T-41843-00,JPMC-CLIENT-41584-00,USA,100007,JPMC-BILLING-COMPANY-41587-00,USA,PAYMENT,jpm_aml,compliance_transaction,TRUE,banking,synthetic_research
10/09/2022 21:09,GOOD,T-411730-01,JPMC-CLIENT-411439-01,USA,78.77,OWNER-411499-01,USA,WIRE,jpm_aml,compliance_transaction,FALSE,banking,synthetic_research
11/09/2022 1:29,GOOD,T-42496-13,BILLING-COMPANY-42186-13,USA,1377.4601,JPMC-CLIENT-42183-13,USA,WIRE,jpm_aml,compliance_transaction,FALSE,banking,synthetic_research
11/09/2022 2:20,GOOD,T-526991-04,,,9500.98,JPMC-CLIENT-526677-04,USA,CASH-DEPOSIT,jpm_aml,compliance_transaction,FALSE,banking,synthetic_research
11/09/2022 3:37,GOOD,T-670645-04,COMPANY-670300-04,USA,3623.93,JPMC-CLIENT-670295-04,USA,WIRE,jpm_aml,compliance_transaction,FALSE,banking,synthetic_research
11/09/2022 8:44,BAD,T-337779-00,JPMC-CLIENT-337552-00,USA,3327625,BILLING-COMPANY-337555-00,USA,PAYMENT,jpm_aml,compliance_transaction,TRUE,banking,synthetic_research
11/09/2022 23:40,GOOD,T-154198-04,JPMC-CLIENT-153894-04,USA,8385.91,CHECKING-153906-04,,WIRE,jpm_aml,compliance_transaction,FALSE,banking,synthetic_research
12/09/2022 1:55,GOOD,T-304020-10,COMPANY-303682-10,USA,2744.59,JPMC-CLIENT-303675-10,USA,WIRE,jpm_aml,compliance_transaction,FALSE,banking,synthetic_research
12/09/2022 5:32,BAD,T-1667115-00,,,950064,JPMC-CLIENT-1666897-00,UNITED-KINGDOM,CASH-DEPOSIT,jpm_aml,compliance_transaction,TRUE,banking,synthetic_research
12/09/2022 6:28,GOOD,T-308950-02,JPMC-CLIENT-308560-02,USA,474.58,JPMC-BILLING-COMPANY-308563-02,USA,PAYMENT,jpm_aml,compliance_transaction,FALSE,banking,synthetic_research
12/09/2022 7:23,GOOD,T-59106-11,JPMC-CLIENT-58814-11,USA,5000.87,CHECKING-58825-11,,WIRE,jpm_aml,compliance_transaction,FALSE,banking,synthetic_research
12/09/2022 8:57,GOOD,T-771333-10,,,945.72,JPMC-CLIENT-771036-10,USA,CASH-DEPOSIT,jpm_aml,compliance_transaction,FALSE,banking,synthetic_research
12/09/2022 12:52,GOOD,T-1047657-04,JPMC-CLIENT-1047352-04,USA,5000.49,CHECKING-1047364-04,,WIRE,jpm_aml,compliance_transaction,FALSE,banking,synthetic_research
12/09/2022 14:00,GOOD,T-900568-04,JPMC-CLIENT-900223-04,USA,5000.43,,,WITHDRAWL,jpm_aml,compliance_transaction,FALSE,banking,synthetic_research
12/09/2022 14:09,GOOD,T-280442-06,JPMC-STANDARD-COMPANY-280064-06,USA,1804.52,JPMC-CLIENT-280060-06,USA,WIRE,jpm_aml,compliance_transaction,FALSE,banking,synthetic_research
12/09/2022 16:17,GOOD,T-283313-14,JPMC-CLIENT-282992-14,UNITED-KINGDOM,21.75,OWNER-283072-14,USA,WIRE,jpm_aml,compliance_transaction,FALSE,banking,synthetic_research
12/09/2022 16:38,BAD,T-2948657-00,,,511523,JPMC-CLIENT-2948439-00,USA,CASH-DEPOSIT,jpm_aml,compliance_transaction,TRUE,banking,synthetic_research
12/09/2022 16:51,GOOD,T-1121204-04,JPMC-CLIENT-1120831-04,USA,8173.99,,,WITHDRAWL,jpm_aml,compliance_transaction,FALSE,banking,synthetic_research
12/09/2022 20:45,BAD,T-2854313-00,JPMC-CLIENT-2854068-00,USA,166691,,,WITHDRAWL,jpm_aml,compliance_transaction,TRUE,banking,synthetic_research
12/09/2022 22:49,GOOD,T-1000623-04,JPMC-CLIENT-1000185-04,USA,652.89,BILLING-COMPANY-1000188-04,USA,PAYMENT,jpm_aml,compliance_transaction,FALSE,banking,synthetic_research
13/09/2022 1:10,BAD,T-582669-00,COMPANY-582658-00,USA,0,JPMC-CUSTOMER-582502-00,USA,KYC-ADD-ACCOUNT-OWNER,jpm_aml,compliance_transaction,TRUE,banking,synthetic_research
13/09/2022 1:40,GOOD,T-955478-05,BILLING-COMPANY-955229-05,USA,5302.73,JPMC-CLIENT-955226-05,USA,WIRE,jpm_aml,compliance_transaction,FALSE,banking,synthetic_research
13/09/2022 3:05,BAD,T-2629278-00,COMPANY-2629255-00,USA,0,CUSTOMER-2629093-00,USA,KYC-ADD-ACCOUNT-OWNER,jpm_aml,compliance_transaction,TRUE,banking,synthetic_research
13/09/2022 5:22,BAD,T-2845981-00,COMPANY-2845970-00,USA,0,CUSTOMER-2845807-00,USA,KYC-ADD-ACCOUNT-OWNER,jpm_aml,compliance_transaction,TRUE,banking,synthetic_research
13/09/2022 9:50,GOOD,T-837351-04,COMPANY-837070-04,USA,2975.2002,JPMC-CLIENT-837063-04,USA,WIRE,jpm_aml,compliance_transaction,FALSE,banking,synthetic_research
13/09/2022 15:28,GOOD,T-372176-04,,,9500.6,JPMC-CLIENT-371830-04,UNITED-KINGDOM,CASH-DEPOSIT,jpm_aml,compliance_transaction,FALSE,banking,synthetic_research
13/09/2022 20:18,BAD,T-1935414-00,COMPANY-1935403-00,USA,0,CUSTOMER-1935242-00,USA,KYC-ADD-ACCOUNT-OWNER,jpm_aml,compliance_transaction,TRUE,banking,synthetic_research
13/09/2022 20:39,BAD,T-2196886-00,COMPANY-2196875-00,USA,0,CUSTOMER-2196716-00,USA,KYC-ADD-ACCOUNT-OWNER,jpm_aml,compliance_transaction,TRUE,banking,synthetic_research
13/09/2022 20:43,BAD,T-2805770-00,COMPANY-2805753-00,USA,0,JPMC-CUSTOMER-2805588-00,USA,KYC-ADD-ACCOUNT-OWNER,jpm_aml,compliance_transaction,TRUE,banking,synthetic_research
13/09/2022 21:52,BAD,T-130359-00,COMPANY-130348-00,USA,0,JPMC-CUSTOMER-130194-00,USA,KYC-ADD-ACCOUNT-OWNER,jpm_aml,compliance_transaction,TRUE,banking,synthetic_research
13/09/2022 23:21,GOOD,T-120005-01,STANDARD-COMPANY-119684-01,USA,4990.29,JPMC-CLIENT-119680-01,USA,WIRE,jpm_aml,compliance_transaction,FALSE,banking,synthetic_research
13/09/2022 23:55,GOOD,T-9957-11,JPMC-CLIENT-9766-11,USA,284.76,JPMC-BILLING-COMPANY-9769-11,USA,PAYMENT,jpm_aml,compliance_transaction,FALSE,banking,synthetic_research
14/09/2022 0:12,BAD,T-1645822-00,COMPANY-1645811-00,USA,0,JPMC-CUSTOMER-1645646-00,USA,KYC-ADD-ACCOUNT-OWNER,jpm_aml,compliance_transaction,TRUE,banking,synthetic_research
14/09/2022 2:03,GOOD,T-109268-05,JPMC-STANDARD-COMPANY-108895-05,USA,3212.08,JPMC-CLIENT-108891-05,USA,WIRE,jpm_aml,compliance_transaction,FALSE,banking,synthetic_research
14/09/2022 4:07,GOOD,T-480478-07,JPMC-CLIENT-480243-07,USA,100.49,JPMC-BILLING-COMPANY-480246-07,USA,PAYMENT,jpm_aml,compliance_transaction,FALSE,banking,synthetic_research
14/09/2022 7:06,GOOD,T-597357-06,JPMC-CLIENT-597093-06,UNITED-KINGDOM,1185.98,,,WITHDRAWL,jpm_aml,compliance_transaction,FALSE,banking,synthetic_research
14/09/2022 7:10,GOOD,T-74437-08,COMPANY-74203-08,USA,4058.33,JPMC-CLIENT-74194-08,USA,WIRE,jpm_aml,compliance_transaction,FALSE,banking,synthetic_research
14/09/2022 7:57,GOOD,T-1459475-10,COMPANY-1459241-10,USA,4339.07,JPMC-CLIENT-1459236-10,USA,WIRE,jpm_aml,compliance_transaction,FALSE,banking,synthetic_research
14/09/2022 9:01,GOOD,T-241530-05,JPMC-CLIENT-241258-05,USA,100.86,BILLING-COMPANY-241261-05,USA,PAYMENT,jpm_aml,compliance_transaction,FALSE,banking,synthetic_research
14/09/2022 10:48,BAD,T-1733030-00,COMPANY-1733019-00,USA,0,CUSTOMER-1732859-00,USA,KYC-ADD-ACCOUNT-OWNER,jpm_aml,compliance_transaction,TRUE,banking,synthetic_research
14/09/2022 11:09,GOOD,T-7418-04,JPMC-BILLING-COMPANY-7159-04,USA,3576.9102,JPMC-CLIENT-7156-04,USA,WIRE,jpm_aml,compliance_transaction,FALSE,banking,synthetic_research
14/09/2022 11:39,BAD,T-2940888-00,COMPANY-2940865-00,UNITED-KINGDOM,0,CUSTOMER-2940703-00,UNITED-KINGDOM,KYC-ADD-ACCOUNT-OWNER,jpm_aml,compliance_transaction,TRUE,banking,synthetic_research
14/09/2022 12:52,BAD,T-783192-00,COMPANY-783181-00,SWEDEN,0,CUSTOMER-783021-00,SWEDEN,KYC-ADD-ACCOUNT-OWNER,jpm_aml,compliance_transaction,TRUE,banking,synthetic_research
14/09/2022 13:09,BAD,T-196257-00,COMPANY-196240-00,USA,0,CUSTOMER-196074-00,USA,KYC-ADD-ACCOUNT-OWNER,jpm_aml,compliance_transaction,TRUE,banking,synthetic_research
14/09/2022 21:02,GOOD,T-696425-10,COMPANY-696129-10,USA,1921.1901,JPMC-CLIENT-696122-10,NICARAGUA,WIRE,jpm_aml,compliance_transaction,FALSE,banking,synthetic_research
14/09/2022 23:06,GOOD,T-373398-02,,,9500.64,JPMC-CLIENT-373147-02,UNITED-KINGDOM,CASH-DEPOSIT,jpm_aml,compliance_transaction,FALSE,banking,synthetic_research
15/09/2022 0:06,GOOD,T-93069-02,BILLING-COMPANY-92820-02,USA,550.93,JPMC-CLIENT-92817-02,USA,WIRE,jpm_aml,compliance_transaction,FALSE,banking,synthetic_research
15/09/2022 0:53,BAD,T-1714656-00,COMPANY-1714645-00,USA,0,CUSTOMER-1714480-00,USA,KYC-ADD-ACCOUNT-OWNER,jpm_aml,compliance_transaction,TRUE,banking,synthetic_research
15/09/2022 1:27,GOOD,T-702300-04,JPMC-CLIENT-702054-04,USA,53.46,OWNER-702105-04,USA,WIRE,jpm_aml,compliance_transaction,FALSE,banking,synthetic_research
15/09/2022 2:52,BAD,T-1997886-00,COMPANY-1997863-00,USA,0,CUSTOMER-1997694-00,USA,KYC-ADD-ACCOUNT-OWNER,jpm_aml,compliance_transaction,TRUE,banking,synthetic_research
15/09/2022 3:56,BAD,T-773005-00,COMPANY-772994-00,USA,0,CUSTOMER-772825-00,USA,KYC-ADD-ACCOUNT-OWNER,jpm_aml,compliance_transaction,TRUE,banking,synthetic_research
15/09/2022 5:13,GOOD,T-1019411-10,JPMC-CLIENT-1019166-10,USA,579.81,OWNER-1019213-10,USA,WIRE,jpm_aml,compliance_transaction,FALSE,banking,synthetic_research
15/09/2022 6:00,BAD,T-1858003-00,COMPANY-1857992-00,USA,0,CUSTOMER-1857837-00,USA,KYC-ADD-ACCOUNT-OWNER,jpm_aml,compliance_transaction,TRUE,banking,synthetic_research
15/09/2022 6:34,GOOD,T-1037572-10,JPMC-CLIENT-1037298-10,USA,2366.97,,,WITHDRAWL,jpm_aml,compliance_transaction,FALSE,banking,synthetic_research
15/09/2022 10:33,GOOD,T-1604903-04,,,9500.4,JPMC-CLIENT-1604593-04,USA,CASH-DEPOSIT,jpm_aml,compliance_transaction,FALSE,banking,synthetic_research
15/09/2022 10:42,GOOD,T-2449735-04,COMPANY-2449484-04,UNITED-KINGDOM,3601.09,JPMC-CLIENT-2449479-04,USA,WIRE,jpm_aml,compliance_transaction,FALSE,banking,synthetic_research
15/09/2022 11:07,GOOD,T-77276-01,COMPANY-77056-01,USA,2150.58,JPMC-CLIENT-77049-01,USA,WIRE,jpm_aml,compliance_transaction,FALSE,banking,synthetic_research
15/09/2022 15:40,GOOD,T-2672621-04,JPMC-CLIENT-2672349-04,USA,907.34,OWNER-2672404-04,USA,WIRE,jpm_aml,compliance_transaction,FALSE,banking,synthetic_research
15/09/2022 17:18,GOOD,T-997798-05,BILLING-COMPANY-997561-05,USA,4113.02,JPMC-CLIENT-997558-05,USA,WIRE,jpm_aml,compliance_transaction,FALSE,banking,synthetic_research
15/09/2022 18:44,BAD,T-1868127-00,COMPANY-1868116-00,USA,0,CUSTOMER-1867962-00,USA,KYC-ADD-ACCOUNT-OWNER,jpm_aml,compliance_transaction,TRUE,banking,synthetic_research
15/09/2022 20:48,GOOD,T-215750-08,JPMC-CLIENT-215492-08,USA,369.09,BILLING-COMPANY-215495-08,USA,PAYMENT,jpm_aml,compliance_transaction,FALSE,banking,synthetic_research
15/09/2022 23:13,BAD,T-1179227-00,COMPANY-1179216-00,USA,0,CUSTOMER-1179040-00,USA,KYC-ADD-ACCOUNT-OWNER,jpm_aml,compliance_transaction,TRUE,banking,synthetic_research
15/09/2022 23:42,GOOD,T-187763-06,JPMC-CLIENT-187514-06,USA,7450.78,,,WITHDRAWL,jpm_aml,compliance_transaction,FALSE,banking,synthetic_research
16/09/2022 0:12,GOOD,T-2051202-04,,,9500.97,JPMC-CLIENT-2050923-04,UNITED-KINGDOM,CASH-DEPOSIT,jpm_aml,compliance_transaction,FALSE,banking,synthetic_research
16/09/2022 1:59,GOOD,T-2451746-04,COMPANY-2451366-04,USA,1075.96,JPMC-CLIENT-2451355-04,USA,WIRE,jpm_aml,compliance_transaction,FALSE,banking,synthetic_research
16/09/2022 5:20,BAD,T-1655534-00,COMPANY-1655517-00,USA,0,JPMC-CUSTOMER-1655349-00,USA,KYC-ADD-ACCOUNT-OWNER,jpm_aml,compliance_transaction,TRUE,banking,synthetic_research
16/09/2022 6:11,GOOD,T-1592304-06,JPMC-BILLING-COMPANY-1592108-06,USA,2107.36,JPMC-CLIENT-1592105-06,USA,WIRE,jpm_aml,compliance_transaction,FALSE,banking,synthetic_research
16/09/2022 10:05,GOOD,T-1070608-11,JPMC-BILLING-COMPANY-1070371-11,USA,646.81,JPMC-CLIENT-1070368-11,USA,WIRE,jpm_aml,compliance_transaction,FALSE,banking,synthetic_research
16/09/2022 14:00,GOOD,T-238563-07,JPMC-CLIENT-238308-07,UNITED-KINGDOM,100.78,OWNER-238351-07,USA,WIRE,jpm_aml,compliance_transaction,FALSE,banking,synthetic_research
16/09/2022 19:46,GOOD,T-897853-11,JPMC-CLIENT-897641-11,USA,114.83,BILLING-COMPANY-897644-11,USA,PAYMENT,jpm_aml,compliance_transaction,FALSE,banking,synthetic_research
16/09/2022 22:02,GOOD,T-2709992-04,JPMC-CLIENT-2709728-04,USA,299.94,JPMC-BILLING-COMPANY-2709731-04,USA,PAYMENT,jpm_aml,compliance_transaction,FALSE,banking,synthetic_research
16/09/2022 22:45,GOOD,T-1619536-06,,,1260.06,JPMC-CLIENT-1619129-06,UNITED-KINGDOM,CASH-DEPOSIT,jpm_aml,compliance_transaction,FALSE,banking,synthetic_research
17/09/2022 1:23,GOOD,T-241896-03,JPMC-CLIENT-241665-03,USA,380.57,BILLING-COMPANY-241668-03,USA,PAYMENT,jpm_aml,compliance_transaction,FALSE,banking,synthetic_research
17/09/2022 6:21,BAD,T-425453-00,COMPANY-425436-00,USA,0,CUSTOMER-425263-00,USA,KYC-ADD-ACCOUNT-OWNER,jpm_aml,compliance_transaction,TRUE,banking,synthetic_research
17/09/2022 9:08,GOOD,T-238602-04,BILLING-COMPANY-238335-04,USA,2033.81,JPMC-CLIENT-238332-04,USA,WIRE,jpm_aml,compliance_transaction,FALSE,banking,synthetic_research
17/09/2022 11:12,GOOD,T-424263-11,JPMC-CLIENT-424059-11,USA,22155.95,OWNER-424101-11,USA,WIRE,jpm_aml,compliance_transaction,FALSE,banking,synthetic_research
17/09/2022 13:37,GOOD,T-766603-04,JPMC-CLIENT-766347-04,UNITED-KINGDOM,813.4,BILLING-COMPANY-766350-04,USA,PAYMENT,jpm_aml,compliance_transaction,FALSE,banking,synthetic_research
17/09/2022 15:10,BAD,T-581836-00,JPMC-CLIENT-581527-00,USA,3598851,BILLING-COMPANY-581530-00,USA,PAYMENT,jpm_aml,compliance_transaction,TRUE,banking,synthetic_research
17/09/2022 18:10,GOOD,T-595477-14,JPMC-BILLING-COMPANY-595295-14,USA,3634.84,JPMC-CLIENT-595292-14,USA,WIRE,jpm_aml,compliance_transaction,FALSE,banking,synthetic_research
17/09/2022 20:01,GOOD,T-596348-06,JPMC-CLIENT-596065-06,USA,8766.35,,,WITHDRAWL,jpm_aml,compliance_transaction,FALSE,banking,synthetic_research
17/09/2022 21:47,GOOD,T-1345258-06,,,2201.56,JPMC-CLIENT-1344905-06,USA,CASH-DEPOSIT,jpm_aml,compliance_transaction,FALSE,banking,synthetic_research
17/09/2022 23:42,GOOD,T-305530-05,JPMC-CLIENT-305214-05,USA,2299.77,CHECKING-305229-05,,WIRE,jpm_aml,compliance_transaction,FALSE,banking,synthetic_research
18/09/2022 0:51,GOOD,T-86614-10,JPMC-CLIENT-86368-10,USA,56.02,OWNER-86412-10,USA,WIRE,jpm_aml,compliance_transaction,FALSE,banking,synthetic_research
18/09/2022 2:46,GOOD,T-262800-06,JPMC-CLIENT-262517-06,UNITED-KINGDOM,5000.75,,,WITHDRAWL,jpm_aml,compliance_transaction,FALSE,banking,synthetic_research
18/09/2022 6:28,GOOD,T-55571-09,JPMC-CLIENT-55299-09,USA,420.89,BILLING-COMPANY-55302-09,USA,PAYMENT,jpm_aml,compliance_transaction,FALSE,banking,synthetic_research
18/09/2022 8:53,GOOD,T-200208-04,JPMC-CLIENT-199885-04,USA,227.9,BILLING-COMPANY-199888-04,USA,PAYMENT,jpm_aml,compliance_transaction,FALSE,banking,synthetic_research
18/09/2022 8:53,GOOD,T-261495-08,BILLING-COMPANY-261293-08,USA,4488.23,JPMC-CLIENT-261290-08,USA,WIRE,jpm_aml,compliance_transaction,FALSE,banking,synthetic_research
18/09/2022 16:34,GOOD,T-91361-09,COMPANY-90994-09,UNITED-KINGDOM,1330.5701,JPMC-CLIENT-90987-09,USA,WIRE,jpm_aml,compliance_transaction,FALSE,banking,synthetic_research
18/09/2022 16:55,GOOD,T-20240-03,JPMC-CLIENT-19998-03,UNITED-KINGDOM,5000.6,,,WITHDRAWL,jpm_aml,compliance_transaction,FALSE,banking,synthetic_research
19/09/2022 0:57,GOOD,T-1644-14,,,9053.71,JPMC-CLIENT-1371-14,USA,CASH-DEPOSIT,jpm_aml,compliance_transaction,FALSE,banking,synthetic_research
19/09/2022 2:01,GOOD,T-256359-10,JPMC-CLIENT-256070-10,USA,11.6,OWNER-256134-10,USA,WIRE,jpm_aml,compliance_transaction,FALSE,banking,synthetic_research
19/09/2022 4:22,GOOD,T-539713-05,BILLING-COMPANY-539450-05,USA,500.18,JPMC-CLIENT-539447-05,USA,WIRE,jpm_aml,compliance_transaction,FALSE,banking,synthetic_research
19/09/2022 9:50,GOOD,T-2374310-04,,,6934.48,JPMC-CLIENT-2374015-04,USA,CASH-DEPOSIT,jpm_aml,compliance_transaction,FALSE,banking,synthetic_research
19/09/2022 11:50,GOOD,T-250731-05,COMPANY-250508-05,USA,4200.92,JPMC-CLIENT-250500-05,USA,WIRE,jpm_aml,compliance_transaction,FALSE,banking,synthetic_research
19/09/2022 12:50,GOOD,T-6881-13,COMPANY-6669-13,USA,4303.47,JPMC-CLIENT-6661-13,USA,WIRE,jpm_aml,compliance_transaction,FALSE,banking,synthetic_research
19/09/2022 13:54,GOOD,T-915433-11,JPMC-STANDARD-COMPANY-915234-11,USA,3420.12,JPMC-CLIENT-915230-11,USA,WIRE,jpm_aml,compliance_transaction,FALSE,banking,synthetic_research
19/09/2022 15:15,GOOD,T-84267-14,JPMC-CLIENT-84003-14,USA,5000.2,CHECKING-84015-14,,WIRE,jpm_aml,compliance_transaction,FALSE,banking,synthetic_research
19/09/2022 16:27,GOOD,T-321551-14,COMPANY-321333-14,UNITED-KINGDOM,1726.6,JPMC-CLIENT-321328-14,USA,WIRE,jpm_aml,compliance_transaction,FALSE,banking,synthetic_research
19/09/2022 16:57,GOOD,T-384702-02,JPMC-CLIENT-384445-02,USA,893.62,OWNER-384494-02,USA,WIRE,jpm_aml,compliance_transaction,FALSE,banking,synthetic_research
19/09/2022 17:14,GOOD,T-880132-11,STANDARD-COMPANY-879899-11,USA,599.81,JPMC-CLIENT-879895-11,USA,WIRE,jpm_aml,compliance_transaction,FALSE,banking,synthetic_research
19/09/2022 17:31,GOOD,T-589405-14,JPMC-CLIENT-589001-14,UNITED-KINGDOM,647.23,BILLING-COMPANY-589004-14,USA,PAYMENT,jpm_aml,compliance_transaction,FALSE,banking,synthetic_research
20/09/2022 1:55,GOOD,T-1302260-04,JPMC-CLIENT-1302016-04,UNITED-KINGDOM,8825.75,,,WITHDRAWL,jpm_aml,compliance_transaction,FALSE,banking,synthetic_research
20/09/2022 6:53,GOOD,T-336167-07,JPMC-CLIENT-335890-07,USA,436.77,BILLING-COMPANY-335893-07,USA,PAYMENT,jpm_aml,compliance_transaction,FALSE,banking,synthetic_research
20/09/2022 10:57,GOOD,T-1731287-04,JPMC-CLIENT-1731041-04,USA,692.28,JPMC-BILLING-COMPANY-1731044-04,USA,PAYMENT,jpm_aml,compliance_transaction,FALSE,banking,synthetic_research
20/09/2022 19:46,GOOD,T-57732-12,JPMC-CLIENT-57358-12,USA,5000.3,CHECKING-57367-12,,WIRE,jpm_aml,compliance_transaction,FALSE,banking,synthetic_research
20/09/2022 23:10,GOOD,T-807780-06,JPMC-CLIENT-807456-06,USA,5000.7,,,WITHDRAWL,jpm_aml,compliance_transaction,FALSE,banking,synthetic_research
21/09/2022 1:27,GOOD,T-2415069-04,JPMC-CLIENT-2414823-04,USA,10.59,OWNER-2414871-04,USA,WIRE,jpm_aml,compliance_transaction,FALSE,banking,synthetic_research
21/09/2022 2:22,GOOD,T-2186685-04,JPMC-CLIENT-2186411-04,USA,364.51,JPMC-BILLING-COMPANY-2186414-04,USA,PAYMENT,jpm_aml,compliance_transaction,FALSE,banking,synthetic_research
21/09/2022 2:44,BAD,T-293685-00,COMPANY-293672-00,USA,0,JPMC-CLIENT-293501-00,USA,KYC-ADD-ACCOUNT-OWNER,jpm_aml,compliance_transaction,TRUE,banking,synthetic_research
21/09/2022 3:44,GOOD,T-12493-03,JPMC-CLIENT-12233-03,USA,342.93,BILLING-COMPANY-12236-03,USA,PAYMENT,jpm_aml,compliance_transaction,FALSE,banking,synthetic_research
21/09/2022 12:37,GOOD,T-297666-14,COMPANY-297412-14,USA,1192.66,JPMC-CLIENT-297404-14,UNITED-KINGDOM,WIRE,jpm_aml,compliance_transaction,FALSE,banking,synthetic_research
21/09/2022 13:32,BAD,T-221979-00,COMPANY-221960-00,USA,0,JPMC-CLIENT-221796-00,USA,KYC-ADD-ACCOUNT-OWNER,jpm_aml,compliance_transaction,TRUE,banking,synthetic_research
21/09/2022 14:11,GOOD,T-746540-10,BILLING-COMPANY-746262-10,USA,1648.85,JPMC-CLIENT-746259-10,USA,WIRE,jpm_aml,compliance_transaction,FALSE,banking,synthetic_research
21/09/2022 15:15,BAD,T-1741224-00,COMPANY-1741211-00,USA,0,JPMC-CLIENT-1741054-00,USA,KYC-ADD-ACCOUNT-OWNER,jpm_aml,compliance_transaction,TRUE,banking,synthetic_research
21/09/2022 15:40,GOOD,T-891738-06,,,9500.64,JPMC-CLIENT-891449-06,USA,CASH-DEPOSIT,jpm_aml,compliance_transaction,FALSE,banking,synthetic_research
21/09/2022 20:48,BAD,T-30674-00,COMPANY-30661-00,UNITED-KINGDOM,0,JPMC-CLIENT-30486-00,UNITED-KINGDOM,KYC-ADD-ACCOUNT-OWNER,jpm_aml,compliance_transaction,TRUE,banking,synthetic_research
21/09/2022 21:56,GOOD,T-991527-11,JPMC-CLIENT-991298-11,USA,343.12,OWNER-991339-11,USA,WIRE,jpm_aml,compliance_transaction,FALSE,banking,synthetic_research
21/09/2022 22:51,BAD,T-2348026-00,COMPANY-2348001-00,USA,0,JPMC-CLIENT-2347830-00,USA,KYC-ADD-ACCOUNT-OWNER,jpm_aml,compliance_transaction,TRUE,banking,synthetic_research
22/09/2022 2:08,GOOD,T-63725-02,BILLING-COMPANY-63463-02,USA,4953.81,JPMC-CLIENT-63460-02,USA,WIRE,jpm_aml,compliance_transaction,FALSE,banking,synthetic_research
22/09/2022 9:06,BAD,T-1631857-00,COMPANY-1631844-00,SPAIN,0,JPMC-CLIENT-1631690-00,SPAIN,KYC-ADD-ACCOUNT-OWNER,jpm_aml,compliance_transaction,TRUE,banking,synthetic_research
22/09/2022 13:17,BAD,T-1056407-00,COMPANY-1056394-00,USA,0,JPMC-CLIENT-1056235-00,USA,KYC-ADD-ACCOUNT-OWNER,jpm_aml,compliance_transaction,TRUE,banking,synthetic_research
22/09/2022 14:09,GOOD,T-866483-04,COMPANY-866153-04,UNITED-KINGDOM,4634.18,JPMC-CLIENT-866146-04,USA,WIRE,jpm_aml,compliance_transaction,FALSE,banking,synthetic_research
22/09/2022 14:26,GOOD,T-1386180-04,JPMC-CLIENT-1385923-04,USA,131.53,JPMC-BILLING-COMPANY-1385926-04,USA,PAYMENT,jpm_aml,compliance_transaction,FALSE,banking,synthetic_research
22/09/2022 19:20,BAD,T-2896356-00,COMPANY-2896331-00,USA,0,JPMC-CLIENT-2896152-00,USA,KYC-ADD-ACCOUNT-OWNER,jpm_aml,compliance_transaction,TRUE,banking,synthetic_research
22/09/2022 19:41,GOOD,T-132940-11,JPMC-CLIENT-132616-11,UNITED-KINGDOM,5000.48,,,WITHDRAWL,jpm_aml,compliance_transaction,FALSE,banking,synthetic_research
22/09/2022 22:53,GOOD,T-139524-01,JPMC-CLIENT-139204-01,USA,47.09,CHECKING-139212-01,,WIRE,jpm_aml,compliance_transaction,FALSE,banking,synthetic_research
22/09/2022 23:19,GOOD,T-532620-06,JPMC-CLIENT-532375-06,USA,672.7,BILLING-COMPANY-532378-06,USA,PAYMENT,jpm_aml,compliance_transaction,FALSE,banking,synthetic_research
23/09/2022 4:09,BAD,T-567704-00,COMPANY-567679-00,UNITED-KINGDOM,0,JPMC-CLIENT-567522-00,UNITED-KINGDOM,KYC-ADD-ACCOUNT-OWNER,jpm_aml,compliance_transaction,TRUE,banking,synthetic_research
23/09/2022 4:43,GOOD,T-2270-09,JPMC-CLIENT-2036-09,UNITED-KINGDOM,7162.58,,,WITHDRAWL,jpm_aml,compliance_transaction,FALSE,banking,synthetic_research
23/09/2022 5:30,GOOD,T-193059-02,JPMC-CLIENT-192784-02,USA,780.64,OWNER-192831-02,USA,WIRE,jpm_aml,compliance_transaction,FALSE,banking,synthetic_research
23/09/2022 15:10,GOOD,T-249909-05,STANDARD-COMPANY-249657-05,USA,2249.67,JPMC-CLIENT-249653-05,USA,WIRE,jpm_aml,compliance_transaction,FALSE,banking,synthetic_research
23/09/2022 18:14,GOOD,T-60292-13,JPMC-CLIENT-60030-13,USA,1337.51,CHECKING-60041-13,,WIRE,jpm_aml,compliance_transaction,FALSE,banking,synthetic_research
23/09/2022 21:13,GOOD,T-570071-11,JPMC-CLIENT-569794-11,NICARAGUA,59.62,OWNER-569848-11,USA,WIRE,jpm_aml,compliance_transaction,FALSE,banking,synthetic_research
23/09/2022 21:39,GOOD,T-115703-13,JPMC-CLIENT-115418-13,USA,978.35,BILLING-COMPANY-115421-13,USA,PAYMENT,jpm_aml,compliance_transaction,FALSE,banking,synthetic_research
24/09/2022 8:44,GOOD,T-577667-11,JPMC-BILLING-COMPANY-577426-11,USA,1298.92,JPMC-CLIENT-577423-11,USA,WIRE,jpm_aml,compliance_transaction,FALSE,banking,synthetic_research
24/09/2022 18:54,GOOD,T-1617589-04,JPMC-CLIENT-1617313-04,USA,310.23,BILLING-COMPANY-1617316-04,USA,PAYMENT,jpm_aml,compliance_transaction,FALSE,banking,synthetic_research
25/09/2022 3:31,GOOD,T-280835-06,BILLING-COMPANY-280509-06,USA,2617.28,JPMC-CLIENT-280506-06,UNITED-KINGDOM,WIRE,jpm_aml,compliance_transaction,FALSE,banking,synthetic_research
25/09/2022 3:48,GOOD,T-141272-14,JPMC-CLIENT-140949-14,USA,8803.26,,,WITHDRAWL,jpm_aml,compliance_transaction,FALSE,banking,synthetic_research
25/09/2022 6:00,GOOD,T-113580-10,JPMC-CLIENT-113306-10,USA,9281.11,CHECKING-113314-10,,WIRE,jpm_aml,compliance_transaction,FALSE,banking,synthetic_research
25/09/2022 9:29,BAD,T-2388703-00,,,0,COMPANY-2388688-00,USA,KYC-CREATE-ACCOUNT,jpm_aml,compliance_transaction,TRUE,banking,synthetic_research
25/09/2022 11:54,GOOD,T-1535222-04,JPMC-CLIENT-1534947-04,USA,6338.81,CHECKING-1534958-04,,WIRE,jpm_aml,compliance_transaction,FALSE,banking,synthetic_research
25/09/2022 16:53,BAD,T-1952415-00,JPMC-CLIENT-1952156-00,USA,3615114,STANDARD-COMPANY-1952210-00,NORTH-KOREA,WIRE,jpm_aml,compliance_transaction,TRUE,banking,synthetic_research
26/09/2022 3:29,GOOD,T-291793-01,JPMC-CLIENT-291504-01,USA,6898.3,CHECKING-291511-01,,WIRE,jpm_aml,compliance_transaction,FALSE,banking,synthetic_research
26/09/2022 4:37,GOOD,T-1589001-06,COMPANY-1588632-06,UNITED-KINGDOM,2894.66,JPMC-CLIENT-1588625-06,USA,WIRE,jpm_aml,compliance_transaction,FALSE,banking,synthetic_research
26/09/2022 9:40,GOOD,T-1997827-04,BILLING-COMPANY-1997565-04,USA,2340.6199,JPMC-CLIENT-1997562-04,USA,WIRE,jpm_aml,compliance_transaction,FALSE,banking,synthetic_research
26/09/2022 14:34,BAD,T-2123295-00,COMPANY-2123282-00,USA,0,JPMC-CLIENT-2123112-00,USA,KYC-ADD-ACCOUNT-OWNER,jpm_aml,compliance_transaction,TRUE,banking,synthetic_research
26/09/2022 16:29,GOOD,T-229811-11,JPMC-BILLING-COMPANY-229558-11,USA,4157.02,JPMC-CLIENT-229555-11,USA,WIRE,jpm_aml,compliance_transaction,FALSE,banking,synthetic_research
26/09/2022 18:37,GOOD,T-1895891-04,BILLING-COMPANY-1895619-04,USA,1205.28,JPMC-CLIENT-1895616-04,USA,WIRE,jpm_aml,compliance_transaction,FALSE,banking,synthetic_research
26/09/2022 21:28,GOOD,T-2539367-04,BILLING-COMPANY-2539054-04,USA,3429.58,JPMC-CLIENT-2539051-04,VENEZUELA,WIRE,jpm_aml,compliance_transaction,FALSE,banking,synthetic_research
26/09/2022 22:36,GOOD,T-164525-05,COMPANY-164265-05,USA,686.15,JPMC-CLIENT-164260-05,USA,WIRE,jpm_aml,compliance_transaction,FALSE,banking,synthetic_research
26/09/2022 22:58,GOOD,T-1488561-10,JPMC-CLIENT-1488270-10,UNITED-KINGDOM,6353.51,,,WITHDRAWL,jpm_aml,compliance_transaction,FALSE,banking,synthetic_research
27/09/2022 0:57,GOOD,T-867051-06,JPMC-CLIENT-866763-06,SINGAPORE,6251.84,CHECKING-866777-06,,WIRE,jpm_aml,compliance_transaction,FALSE,banking,synthetic_research
27/09/2022 3:35,GOOD,T-807442-10,,,7821.77,JPMC-CLIENT-807152-10,USA,CASH-DEPOSIT,jpm_aml,compliance_transaction,FALSE,banking,synthetic_research
27/09/2022 8:00,GOOD,T-1624892-06,JPMC-CLIENT-1624640-06,UNITED-KINGDOM,726.43,JPMC-BILLING-COMPANY-1624643-06,USA,PAYMENT,jpm_aml,compliance_transaction,FALSE,banking,synthetic_research
27/09/2022 12:11,BAD,T-302459-00,JPMC-CLIENT-302214-00,USA,1000012,STANDARD-COMPANY-302244-00,SYRIA,WIRE,jpm_aml,compliance_transaction,TRUE,banking,synthetic_research
27/09/2022 20:30,BAD,T-1831889-00,,,0,COMPANY-1831874-00,UNITED-KINGDOM,KYC-CREATE-ACCOUNT,jpm_aml,compliance_transaction,TRUE,banking,synthetic_research
27/09/2022 23:00,GOOD,T-322798-06,,,9500.14,JPMC-CLIENT-322507-06,USA,CASH-DEPOSIT,jpm_aml,compliance_transaction,FALSE,banking,synthetic_research
28/09/2022 0:21,GOOD,T-31637-05,BILLING-COMPANY-31319-05,USA,859.94006,JPMC-CLIENT-31316-05,USA,WIRE,jpm_aml,compliance_transaction,FALSE,banking,synthetic_research
28/09/2022 1:21,GOOD,T-426133-04,JPMC-CLIENT-425718-04,USA,5000.11,,,WITHDRAWL,jpm_aml,compliance_transaction,FALSE,banking,synthetic_research
28/09/2022 5:45,GOOD,T-564711-10,JPMC-CLIENT-564443-10,UNITED-KINGDOM,921.78,BILLING-COMPANY-564446-10,USA,PAYMENT,jpm_aml,compliance_transaction,FALSE,banking,synthetic_research
28/09/2022 6:58,GOOD,T-98684-07,JPMC-CLIENT-98379-07,USA,5000.16,CHECKING-98391-07,,WIRE,jpm_aml,compliance_transaction,FALSE,banking,synthetic_research
28/09/2022 7:49,GOOD,T-1368178-10,BILLING-COMPANY-1367933-10,USA,2111.58,JPMC-CLIENT-1367930-10,USA,WIRE,jpm_aml,compliance_transaction,FALSE,banking,synthetic_research
28/09/2022 10:05,GOOD,T-1122075-04,JPMC-CLIENT-1121812-04,USA,344.69,BILLING-COMPANY-1121815-04,USA,PAYMENT,jpm_aml,compliance_transaction,FALSE,banking,synthetic_research
28/09/2022 10:14,GOOD,T-1922054-04,JPMC-CLIENT-1921813-04,UNITED-KINGDOM,237.06,OWNER-1921857-04,USA,WIRE,jpm_aml,compliance_transaction,FALSE,banking,synthetic_research
28/09/2022 13:13,GOOD,T-73176-05,JPMC-CLIENT-72895-05,USA,4317.11,,,WITHDRAWL,jpm_aml,compliance_transaction,FALSE,banking,synthetic_research
28/09/2022 18:20,GOOD,T-1221926-11,JPMC-CLIENT-1221659-11,USA,525.52,BILLING-COMPANY-1221662-11,USA,PAYMENT,jpm_aml,compliance_transaction,FALSE,banking,synthetic_research
28/09/2022 20:28,GOOD,T-456024-07,,,9500.59,JPMC-CLIENT-455716-07,USA,CASH-DEPOSIT,jpm_aml,compliance_transaction,FALSE,banking,synthetic_research
28/09/2022 23:45,GOOD,T-936008-06,STANDARD-COMPANY-935719-06,USA,1273.96,JPMC-CLIENT-935715-06,USA,WIRE,jpm_aml,compliance_transaction,FALSE,banking,synthetic_research
29/09/2022 2:18,GOOD,T-438554-11,JPMC-CLIENT-438264-11,USA,6667.11,,,WITHDRAWL,jpm_aml,compliance_transaction,FALSE,banking,synthetic_research
29/09/2022 4:13,GOOD,T-1130500-04,,,9500.27,JPMC-CLIENT-1130122-04,USA,CASH-DEPOSIT,jpm_aml,compliance_transaction,FALSE,banking,synthetic_research
29/09/2022 8:59,GOOD,T-2498521-04,JPMC-CLIENT-2498251-04,USA,70.13,OWNER-2498298-04,USA,WIRE,jpm_aml,compliance_transaction,FALSE,banking,synthetic_research
29/09/2022 10:03,GOOD,T-1351889-06,JPMC-CLIENT-1351609-06,USA,915.05,OWNER-1351653-06,USA,WIRE,jpm_aml,compliance_transaction,FALSE,banking,synthetic_research
29/09/2022 10:20,BAD,T-2175221-00,,,0,COMPANY-2175206-00,USA,KYC-CREATE-ACCOUNT,jpm_aml,compliance_transaction,TRUE,banking,synthetic_research
29/09/2022 14:45,GOOD,T-40246-01,JPMC-CLIENT-39958-01,UNITED-KINGDOM,100.94,OWNER-40007-01,USA,WIRE,jpm_aml,compliance_transaction,FALSE,banking,synthetic_research
29/09/2022 15:15,GOOD,T-796712-04,JPMC-BILLING-COMPANY-796432-04,USA,2037.91,JPMC-CLIENT-796429-04,USA,WIRE,jpm_aml,compliance_transaction,FALSE,banking,synthetic_research
29/09/2022 17:31,GOOD,T-988583-06,JPMC-CLIENT-988333-06,USA,481.33,BILLING-COMPANY-988336-06,USA,PAYMENT,jpm_aml,compliance_transaction,FALSE,banking,synthetic_research
29/09/2022 19:01,GOOD,T-1399604-06,BILLING-COMPANY-1399344-06,USA,1501.26,JPMC-CLIENT-1399341-06,USA,WIRE,jpm_aml,compliance_transaction,FALSE,banking,synthetic_research
29/09/2022 19:18,GOOD,T-1528019-06,JPMC-CLIENT-1527740-06,USA,5000.98,CHECKING-1527749-06,,WIRE,jpm_aml,compliance_transaction,FALSE,banking,synthetic_research
29/09/2022 23:34,BAD,T-2416319-00,,,266496,JPMC-CLIENT-2416131-00,USA,CASH-DEPOSIT,jpm_aml,compliance_transaction,TRUE,banking,synthetic_research
30/09/2022 2:59,GOOD,T-990454-04,BILLING-COMPANY-990127-04,USA,500.54,JPMC-CLIENT-990124-04,USA,WIRE,jpm_aml,compliance_transaction,FALSE,banking,synthetic_research
30/09/2022 3:03,GOOD,T-82106-04,JPMC-CLIENT-81821-04,USA,248.42,BILLING-COMPANY-81824-04,USA,PAYMENT,jpm_aml,compliance_transaction,FALSE,banking,synthetic_research
30/09/2022 7:06,GOOD,T-261752-10,STANDARD-COMPANY-261504-10,USA,1344.08,JPMC-CLIENT-261500-10,USA,WIRE,jpm_aml,compliance_transaction,FALSE,banking,synthetic_research
30/09/2022 9:10,GOOD,T-1192541-10,BILLING-COMPANY-1192319-10,USA,4639.04,JPMC-CLIENT-1192316-10,USA,WIRE,jpm_aml,compliance_transaction,FALSE,banking,synthetic_research
30/09/2022 10:18,GOOD,T-445741-01,COMPANY-445476-01,ARGENTINA,633.5,JPMC-CLIENT-445469-01,USA,WIRE,jpm_aml,compliance_transaction,FALSE,banking,synthetic_research
30/09/2022 10:57,GOOD,T-277699-02,JPMC-CLIENT-277358-02,USA,102.68,JPMC-BILLING-COMPANY-277361-02,USA,PAYMENT,jpm_aml,compliance_transaction,FALSE,banking,synthetic_research
30/09/2022 19:33,BAD,T-2658738-00,JPMC-CLIENT-2658541-00,UNITED-KINGDOM,556363,JPMC-CUSTOMER-2658546-00,USA,CRYPTO-TRANSFER,jpm_aml,compliance_transaction,TRUE,banking,synthetic_research
07/10/2022 3:33,GOOD,T-97658-11,JPMC-CLIENT-97496-11,USA,970.7,OWNER-97521-11,USA,WIRE,jpm_aml,compliance_transaction,FALSE,banking,synthetic_research
07/10/2022 3:37,GOOD,T-400073-01,JPMC-CLIENT-399930-01,USA,100.57,BILLING-COMPANY-399933-01,USA,PAYMENT,jpm_aml,compliance_transaction,FALSE,banking,synthetic_research
07/10/2022 4:20,GOOD,T-128217-04,COMPANY-128092-04,USA,4013.3801,JPMC-CLIENT-128083-04,USA,WIRE,jpm_aml,compliance_transaction,FALSE,banking,synthetic_research
07/10/2022 8:53,GOOD,T-511502-07,,,0,COMPANY-511264-07,USA,KYC-CREATE-ACCOUNT,jpm_aml,compliance_transaction,FALSE,banking,synthetic_research
07/10/2022 8:53,GOOD,T-65848-07,JPMC-CLIENT-65735-07,USA,0,CUSTOMER-65741-07,USA,KYC-ADD-ACCOUNT-OWNER,jpm_aml,compliance_transaction,FALSE,banking,synthetic_research
07/10/2022 9:44,GOOD,T-902635-11,JPMC-CLIENT-902511-11,SOUTH-AFRICA,100.71,BILLING-COMPANY-902514-11,USA,PAYMENT,jpm_aml,compliance_transaction,FALSE,banking,synthetic_research
07/10/2022 16:25,GOOD,T-163849-06,COMPANY-163615-06,USA,0,JPMC-CLIENT-163610-06,USA,KYC-ADD-ACCOUNT-OWNER,jpm_aml,compliance_transaction,FALSE,banking,synthetic_research
07/10/2022 22:49,GOOD,T-980823-11,,,0,JPMC-CLIENT-980716-11,USA,KYC-CREATE-ACCOUNT,jpm_aml,compliance_transaction,FALSE,banking,synthetic_research
08/10/2022 3:01,GOOD,T-175213-14,,,0,COMPANY-174960-14,USA,KYC-CREATE-ACCOUNT,jpm_aml,compliance_transaction,FALSE,banking,synthetic_research
08/10/2022 8:04,GOOD,T-382974-10,JPMC-BILLING-COMPANY-382821-10,USA,1412.63,JPMC-CLIENT-382818-10,USA,WIRE,jpm_aml,compliance_transaction,FALSE,banking,synthetic_research
08/10/2022 10:50,GOOD,T-154579-07,JPMC-CLIENT-154342-07,USA,2314.72,,,WITHDRAWL,jpm_aml,compliance_transaction,FALSE,banking,synthetic_research
08/10/2022 18:31,GOOD,T-678327-10,COMPANY-678105-10,USA,0,JPMC-CLIENT-678100-10,USA,KYC-ADD-ACCOUNT-OWNER,jpm_aml,compliance_transaction,FALSE,banking,synthetic_research
08/10/2022 18:31,GOOD,T-94264-11,JPMC-CLIENT-94026-11,USA,17611.66,OWNER-94073-11,USA,WIRE,jpm_aml,compliance_transaction,FALSE,banking,synthetic_research
09/10/2022 3:41,GOOD,T-1155425-10,BILLING-COMPANY-1155170-10,USA,4921.0903,JPMC-CLIENT-1155167-10,VENEZUELA,WIRE,jpm_aml,compliance_transaction,FALSE,banking,synthetic_research
09/10/2022 13:00,GOOD,T-371576-10,JPMC-CLIENT-371350-10,USA,51.84,OWNER-371382-10,USA,WIRE,jpm_aml,compliance_transaction,FALSE,banking,synthetic_research
09/10/2022 19:50,GOOD,T-720329-04,JPMC-CLIENT-720076-04,USA,5000.29,,,WITHDRAWL,jpm_aml,compliance_transaction,FALSE,banking,synthetic_research
09/10/2022 21:07,GOOD,T-356264-02,COMPANY-355897-02,USA,2105.9102,JPMC-CLIENT-355887-02,USA,WIRE,jpm_aml,compliance_transaction,FALSE,banking,synthetic_research
09/10/2022 21:07,GOOD,T-30147-13,BILLING-COMPANY-29918-13,USA,526.85,JPMC-CLIENT-29915-13,USA,WIRE,jpm_aml,compliance_transaction,FALSE,banking,synthetic_research
09/10/2022 22:41,GOOD,T-33991-14,STANDARD-COMPANY-33782-14,USA,3571.84,JPMC-CLIENT-33778-14,USA,WIRE,jpm_aml,compliance_transaction,FALSE,banking,synthetic_research
09/10/2022 23:10,GOOD,T-204094-11,JPMC-CLIENT-203890-11,USA,932.46,JPMC-BILLING-COMPANY-203893-11,USA,PAYMENT,jpm_aml,compliance_transaction,FALSE,banking,synthetic_research
10/10/2022 3:03,GOOD,T-434802-10,COMPANY-434533-10,USA,1422.89,JPMC-CLIENT-434525-10,USA,WIRE,jpm_aml,compliance_transaction,FALSE,banking,synthetic_research
10/10/2022 6:24,GOOD,T-34287-04,COMPANY-33985-04,USA,2231.84,JPMC-CLIENT-33980-04,USA,WIRE,jpm_aml,compliance_transaction,FALSE,banking,synthetic_research
10/10/2022 6:36,GOOD,T-152020-10,JPMC-CLIENT-151758-10,USA,100.13,BILLING-COMPANY-151761-10,USA,PAYMENT,jpm_aml,compliance_transaction,FALSE,banking,synthetic_research
10/10/2022 9:18,GOOD,T-216780-04,BILLING-COMPANY-216461-04,USA,905.73004,JPMC-CLIENT-216458-04,USA,WIRE,jpm_aml,compliance_transaction,FALSE,banking,synthetic_research
10/10/2022 13:22,GOOD,T-9829-13,JPMC-CLIENT-9524-13,USA,7228.94,CHECKING-9534-13,,WIRE,jpm_aml,compliance_transaction,FALSE,banking,synthetic_research
10/10/2022 13:22,GOOD,T-843874-04,JPMC-CLIENT-843583-04,USA,5014.13,,,WITHDRAWL,jpm_aml,compliance_transaction,FALSE,banking,synthetic_research
10/10/2022 13:30,GOOD,T-9817-05,JPMC-CLIENT-9554-05,UNITED-KINGDOM,757.23,JPMC-BILLING-COMPANY-9557-05,USA,PAYMENT,jpm_aml,compliance_transaction,FALSE,banking,synthetic_research
10/10/2022 16:17,GOOD,T-318182-11,COMPANY-317942-11,USA,5411.64,JPMC-CLIENT-317932-11,USA,WIRE,jpm_aml,compliance_transaction,FALSE,banking,synthetic_research
10/10/2022 20:41,BAD,T-469919-00,JPMC-CLIENT-469719-00,USA,901926,JPMC-CUSTOMER-469724-00,ITALY,CRYPTO-TRANSFER,jpm_aml,compliance_transaction,TRUE,banking,synthetic_research
10/10/2022 22:15,BAD,T-1662761-00,COMPANY-1662737-00,USA,0,JPMC-CLIENT-1662580-00,USA,KYC-ADD-ACCOUNT-OWNER,jpm_aml,compliance_transaction,TRUE,banking,synthetic_research
10/10/2022 23:19,BAD,T-1706929-00,,,250058,JPMC-CLIENT-1706709-00,USA,CASH-DEPOSIT,jpm_aml,compliance_transaction,TRUE,banking,synthetic_research
11/10/2022 1:27,GOOD,T-399228-10,JPMC-CLIENT-398949-10,USA,5000.16,CHECKING-398963-10,,WIRE,jpm_aml,compliance_transaction,FALSE,banking,synthetic_research
11/10/2022 4:22,GOOD,T-234964-06,COMPANY-234603-06,USA,2090.83,JPMC-CLIENT-234593-06,UNITED-KINGDOM,WIRE,jpm_aml,compliance_transaction,FALSE,banking,synthetic_research
11/10/2022 12:16,GOOD,T-1487463-06,JPMC-CLIENT-1487093-06,USA,649.31,BILLING-COMPANY-1487096-06,USA,PAYMENT,jpm_aml,compliance_transaction,FALSE,banking,synthetic_research
11/10/2022 13:45,GOOD,T-33072-03,JPMC-CLIENT-32712-03,USA,5000.48,CHECKING-32719-03,,WIRE,jpm_aml,compliance_transaction,FALSE,banking,synthetic_research
11/10/2022 13:49,GOOD,T-145767-02,COMPANY-145368-02,USA,2083.8801,JPMC-CLIENT-145357-02,MAROCCO,WIRE,jpm_aml,compliance_transaction,FALSE,banking,synthetic_research
11/10/2022 13:58,BAD,T-2941382-00,JPMC-CLIENT-2941181-00,USA,681097,CUSTOMER-2941186-00,USA,CRYPTO-TRANSFER,jpm_aml,compliance_transaction,TRUE,banking,synthetic_research
11/10/2022 14:11,GOOD,T-89804-12,JPMC-CLIENT-89530-12,USA,26.62,OWNER-89593-12,USA,WIRE,jpm_aml,compliance_transaction,FALSE,banking,synthetic_research
11/10/2022 16:02,GOOD,T-585903-04,JPMC-CLIENT-585547-04,USA,995.21,OWNER-585620-04,USA,WIRE,jpm_aml,compliance_transaction,FALSE,banking,synthetic_research
11/10/2022 17:48,GOOD,T-202936-07,COMPANY-202598-07,USA,3238.4202,JPMC-CLIENT-202589-07,USA,WIRE,jpm_aml,compliance_transaction,FALSE,banking,synthetic_research
11/10/2022 20:09,BAD,T-995939-00,,,73368,JPMC-CLIENT-995733-00,USA,CASH-DEPOSIT,jpm_aml,compliance_transaction,TRUE,banking,synthetic_research
11/10/2022 21:13,GOOD,T-1653016-06,JPMC-BILLING-COMPANY-1652642-06,USA,3686.78,JPMC-CLIENT-1652639-06,USA,WIRE,jpm_aml,compliance_transaction,FALSE,banking,synthetic_research
11/10/2022 21:43,GOOD,T-1012612-10,JPMC-CLIENT-1012256-10,USA,140.64,JPMC-BILLING-COMPANY-1012259-10,USA,PAYMENT,jpm_aml,compliance_transaction,FALSE,banking,synthetic_research
11/10/2022 23:34,BAD,T-1203490-00,,,18633,JPMC-CLIENT-1203295-00,USA,CASH-DEPOSIT,jpm_aml,compliance_transaction,TRUE,banking,synthetic_research
12/10/2022 1:57,GOOD,T-326871-04,JPMC-CLIENT-326481-04,USA,591.35,JPMC-BILLING-COMPANY-326484-04,USA,PAYMENT,jpm_aml,compliance_transaction,FALSE,banking,synthetic_research
12/10/2022 4:18,GOOD,T-1429913-04,BILLING-COMPANY-1429492-04,USA,584.72003,JPMC-CLIENT-1429489-04,ITALY,WIRE,jpm_aml,compliance_transaction,FALSE,banking,synthetic_research
12/10/2022 5:22,GOOD,T-41037-02,JPMC-CLIENT-40636-02,UNITED-KINGDOM,190.17,OWNER-40721-02,USA,WIRE,jpm_aml,compliance_transaction,FALSE,banking,synthetic_research
12/10/2022 8:08,GOOD,T-1416428-10,STANDARD-COMPANY-1416058-10,USA,2985.67,JPMC-CLIENT-1416054-10,USA,WIRE,jpm_aml,compliance_transaction,FALSE,banking,synthetic_research
12/10/2022 8:08,GOOD,T-1955988-04,COMPANY-1955619-04,SOUTH-AFRICA,993.62006,JPMC-CLIENT-1955612-04,USA,WIRE,jpm_aml,compliance_transaction,FALSE,banking,synthetic_research
12/10/2022 8:25,BAD,T-1472823-00,,,500086,JPMC-CLIENT-1472614-00,USA,CASH-DEPOSIT,jpm_aml,compliance_transaction,TRUE,banking,synthetic_research
12/10/2022 9:16,GOOD,T-1044118-04,JPMC-CLIENT-1043714-04,UNITED-KINGDOM,362.97,BILLING-COMPANY-1043717-04,USA,PAYMENT,jpm_aml,compliance_transaction,FALSE,banking,synthetic_research
12/10/2022 12:58,GOOD,T-76381-13,BILLING-COMPANY-76015-13,USA,1803.34,JPMC-CLIENT-76012-13,USA,WIRE,jpm_aml,compliance_transaction,FALSE,banking,synthetic_research
12/10/2022 15:19,GOOD,T-181340-10,JPMC-CLIENT-180823-10,USA,75.65,,,WITHDRAWL,jpm_aml,compliance_transaction,FALSE,banking,synthetic_research
12/10/2022 15:53,GOOD,T-822171-05,,,9228.98,JPMC-CLIENT-821827-05,UNITED-KINGDOM,CASH-DEPOSIT,jpm_aml,compliance_transaction,FALSE,banking,synthetic_research
12/10/2022 16:10,GOOD,T-169333-11,,,4312.17,JPMC-CLIENT-169026-11,USA,CASH-DEPOSIT,jpm_aml,compliance_transaction,FALSE,banking,synthetic_research
12/10/2022 23:17,GOOD,T-1284120-06,JPMC-CLIENT-1283820-06,USA,6441.71,CHECKING-1283828-06,,WIRE,jpm_aml,compliance_transaction,FALSE,banking,synthetic_research
13/10/2022 1:06,GOOD,T-559272-06,JPMC-CLIENT-558974-06,USA,10.05,OWNER-559031-06,USA,WIRE,jpm_aml,compliance_transaction,FALSE,banking,synthetic_research
13/10/2022 2:18,GOOD,T-2412222-04,JPMC-CLIENT-2411930-04,USA,645.82,BILLING-COMPANY-2411933-04,USA,PAYMENT,jpm_aml,compliance_transaction,FALSE,banking,synthetic_research
13/10/2022 4:22,GOOD,T-108711-14,JPMC-CLIENT-108436-14,INDIA,7209.27,OWNER-108486-14,USA,WIRE,jpm_aml,compliance_transaction,FALSE,banking,synthetic_research
13/10/2022 4:48,GOOD,T-581508-14,,,5580.59,JPMC-CLIENT-581186-14,PANAMA,CASH-DEPOSIT,jpm_aml,compliance_transaction,FALSE,banking,synthetic_research
13/10/2022 6:51,GOOD,T-723434-14,JPMC-CLIENT-723164-14,USA,441.32,OWNER-723216-14,USA,WIRE,jpm_aml,compliance_transaction,FALSE,banking,synthetic_research
13/10/2022 12:41,GOOD,T-1994317-04,,,9500.09,JPMC-CLIENT-1993949-04,USA,CASH-DEPOSIT,jpm_aml,compliance_transaction,FALSE,banking,synthetic_research
13/10/2022 22:04,GOOD,T-32254-10,BILLING-COMPANY-31883-10,USA,550.27,JPMC-CLIENT-31880-10,USA,WIRE,jpm_aml,compliance_transaction,FALSE,banking,synthetic_research
13/10/2022 22:13,GOOD,T-247926-14,COMPANY-247671-14,UNITED-KINGDOM,4975.95,JPMC-CLIENT-247666-14,MEXICO,WIRE,jpm_aml,compliance_transaction,FALSE,banking,synthetic_research
13/10/2022 22:47,GOOD,T-186399-02,JPMC-CLIENT-186035-02,USA,100.03,BILLING-COMPANY-186038-02,USA,PAYMENT,jpm_aml,compliance_transaction,FALSE,banking,synthetic_research
14/10/2022 1:59,BAD,T-1841252-00,JPMC-CLIENT-1840889-00,USA,228350,JPMC-BILLING-COMPANY-1840892-00,USA,PAYMENT,jpm_aml,compliance_transaction,TRUE,banking,synthetic_research
14/10/2022 2:25,GOOD,T-611148-04,JPMC-CLIENT-610709-04,USA,832.71,CHECKING-610718-04,,WIRE,jpm_aml,compliance_transaction,FALSE,banking,synthetic_research
14/10/2022 3:03,GOOD,T-1133422-11,JPMC-CLIENT-1133095-11,USA,7831.04,,,WITHDRAWL,jpm_aml,compliance_transaction,FALSE,banking,synthetic_research
14/10/2022 6:28,GOOD,T-98920-13,JPMC-CLIENT-98621-13,USA,6838.55,CHECKING-98630-13,,WIRE,jpm_aml,compliance_transaction,FALSE,banking,synthetic_research
14/10/2022 12:05,BAD,T-740037-00,COMPANY-740013-00,USA,0,JPMC-CLIENT-739844-00,USA,KYC-ADD-ACCOUNT-OWNER,jpm_aml,compliance_transaction,TRUE,banking,synthetic_research
14/10/2022 15:21,GOOD,T-1742747-04,JPMC-CLIENT-1742426-04,USA,99.05,OWNER-1742493-04,USA,WIRE,jpm_aml,compliance_transaction,FALSE,banking,synthetic_research
14/10/2022 15:38,GOOD,T-440064-14,JPMC-CLIENT-439816-14,USA,5397.26,,,WITHDRAWL,jpm_aml,compliance_transaction,FALSE,banking,synthetic_research
14/10/2022 16:55,GOOD,T-1000122-05,JPMC-CLIENT-999834-05,UNITED-KINGDOM,70.8,OWNER-999890-05,USA,WIRE,jpm_aml,compliance_transaction,FALSE,banking,synthetic_research
14/10/2022 17:21,GOOD,T-55159-04,JPMC-CLIENT-54825-04,USA,1617.87,,,WITHDRAWL,jpm_aml,compliance_transaction,FALSE,banking,synthetic_research
14/10/2022 21:02,GOOD,T-540877-07,JPMC-STANDARD-COMPANY-540592-07,USA,4811.24,JPMC-CLIENT-540588-07,USA,WIRE,jpm_aml,compliance_transaction,FALSE,banking,synthetic_research
14/10/2022 21:49,BAD,T-582687-00,,,120563,JPMC-CLIENT-582497-00,USA,CASH-DEPOSIT,jpm_aml,compliance_transaction,TRUE,banking,synthetic_research
15/10/2022 1:27,GOOD,T-670440-10,JPMC-CLIENT-670130-10,UNITED-KINGDOM,6439.51,,,WITHDRAWL,jpm_aml,compliance_transaction,FALSE,banking,synthetic_research
15/10/2022 9:21,GOOD,T-210881-11,JPMC-CLIENT-210568-11,USA,5000.49,CHECKING-210578-11,,WIRE,jpm_aml,compliance_transaction,FALSE,banking,synthetic_research
15/10/2022 11:41,BAD,T-2296190-00,,,0,COMPANY-2296170-00,USA,KYC-CREATE-ACCOUNT,jpm_aml,compliance_transaction,TRUE,banking,synthetic_research
15/10/2022 11:54,GOOD,T-214712-06,JPMC-CLIENT-214424-06,USA,758.97,OWNER-214484-06,USA,WIRE,jpm_aml,compliance_transaction,FALSE,banking,synthetic_research
15/10/2022 23:38,GOOD,T-450136-05,JPMC-BILLING-COMPANY-449866-05,USA,4681.11,JPMC-CLIENT-449863-05,USA,WIRE,jpm_aml,compliance_transaction,FALSE,banking,synthetic_research
16/10/2022 1:21,GOOD,T-215133-02,BILLING-COMPANY-214844-02,USA,1824.04,JPMC-CLIENT-214841-02,USA,WIRE,jpm_aml,compliance_transaction,FALSE,banking,synthetic_research
16/10/2022 3:37,BAD,T-1561897-00,JPMC-CLIENT-1561662-00,USA,1000048,JPMC-BILLING-COMPANY-1561665-00,USA,PAYMENT,jpm_aml,compliance_transaction,TRUE,banking,synthetic_research
16/10/2022 6:41,BAD,T-817643-00,JPMC-CLIENT-817429-00,USA,52419,,,WITHDRAWL,jpm_aml,compliance_transaction,TRUE,banking,synthetic_research
16/10/2022 7:45,GOOD,T-216504-10,JPMC-CLIENT-216225-10,USA,779.46,OWNER-216290-10,USA,WIRE,jpm_aml,compliance_transaction,FALSE,banking,synthetic_research
16/10/2022 7:45,BAD,T-111511-00,COMPANY-111493-00,USA,0,JPMC-CLIENT-111325-00,USA,KYC-ADD-ACCOUNT-OWNER,jpm_aml,compliance_transaction,TRUE,banking,synthetic_research
16/10/2022 8:44,GOOD,T-1016136-06,COMPANY-1015833-06,USA,3397.36,JPMC-CLIENT-1015822-06,PANAMA,WIRE,jpm_aml,compliance_transaction,FALSE,banking,synthetic_research
16/10/2022 17:42,BAD,T-1773704-00,JPMC-CLIENT-1773502-00,USA,63503,,,WITHDRAWL,jpm_aml,compliance_transaction,TRUE,banking,synthetic_research
16/10/2022 18:03,GOOD,T-97777-07,BILLING-COMPANY-97489-07,USA,4736.81,JPMC-CLIENT-97486-07,USA,WIRE,jpm_aml,compliance_transaction,FALSE,banking,synthetic_research
16/10/2022 21:15,BAD,T-1240724-00,,,0,COMPANY-1240704-00,USA,KYC-CREATE-ACCOUNT,jpm_aml,compliance_transaction,TRUE,banking,synthetic_research
17/10/2022 0:44,GOOD,T-571032-11,,,6476.19,JPMC-CLIENT-570737-11,USA,CASH-DEPOSIT,jpm_aml,compliance_transaction,FALSE,banking,synthetic_research
17/10/2022 1:57,GOOD,T-2799776-04,JPMC-BILLING-COMPANY-2799445-04,USA,2422.29,JPMC-CLIENT-2799442-04,UNITED-KINGDOM,WIRE,jpm_aml,compliance_transaction,FALSE,banking,synthetic_research
17/10/2022 12:24,GOOD,T-2588713-04,STANDARD-COMPANY-2588413-04,USA,3303.51,JPMC-CLIENT-2588409-04,USA,WIRE,jpm_aml,compliance_transaction,FALSE,banking,synthetic_research
17/10/2022 12:58,GOOD,T-90796-06,JPMC-CLIENT-90514-06,USA,830.13,JPMC-BILLING-COMPANY-90517-06,USA,PAYMENT,jpm_aml,compliance_transaction,FALSE,banking,synthetic_research
17/10/2022 17:31,BAD,T-826494-00,JPMC-CLIENT-826182-00,UNITED-KINGDOM,90599,CUSTOMER-826187-00,USA,CRYPTO-TRANSFER,jpm_aml,compliance_transaction,TRUE,banking,synthetic_research
17/10/2022 17:36,GOOD,T-307736-07,,,9500.82,JPMC-CLIENT-307424-07,USA,CASH-DEPOSIT,jpm_aml,compliance_transaction,FALSE,banking,synthetic_research
17/10/2022 18:48,GOOD,T-1830060-04,STANDARD-COMPANY-1829741-04,USA,1527.0801,JPMC-CLIENT-1829737-04,USA,WIRE,jpm_aml,compliance_transaction,FALSE,banking,synthetic_research
17/10/2022 20:48,GOOD,T-1104375-10,JPMC-CLIENT-1104124-10,USA,925.79,BILLING-COMPANY-1104127-10,USA,PAYMENT,jpm_aml,compliance_transaction,FALSE,banking,synthetic_research
17/10/2022 23:42,GOOD,T-1441270-10,JPMC-CLIENT-1440978-10,USA,840.36,OWNER-1441046-10,USA,WIRE,jpm_aml,compliance_transaction,FALSE,banking,synthetic_research
18/10/2022 2:37,GOOD,T-238649-04,JPMC-CLIENT-238332-04,USA,310.31,BILLING-COMPANY-238335-04,USA,PAYMENT,jpm_aml,compliance_transaction,FALSE,banking,synthetic_research
18/10/2022 3:50,BAD,T-384317-00,,,145719,JPMC-CLIENT-384122-00,USA,CASH-DEPOSIT,jpm_aml,compliance_transaction,TRUE,banking,synthetic_research
18/10/2022 4:16,GOOD,T-1972639-04,JPMC-CLIENT-1972341-04,UNITED-KINGDOM,684.52,CHECKING-1972352-04,,WIRE,jpm_aml,compliance_transaction,FALSE,banking,synthetic_research
18/10/2022 5:07,GOOD,T-995443-06,JPMC-CLIENT-995133-06,USA,917.94,BILLING-COMPANY-995136-06,USA,PAYMENT,jpm_aml,compliance_transaction,FALSE,banking,synthetic_research
18/10/2022 6:32,GOOD,T-205307-14,JPMC-CLIENT-205035-14,UNITED-KINGDOM,43.35,OWNER-205097-14,USA,WIRE,jpm_aml,compliance_transaction,FALSE,banking,synthetic_research
18/10/2022 7:49,GOOD,T-758024-04,COMPANY-757712-04,USA,550.69,JPMC-CLIENT-757703-04,UNITED-KINGDOM,WIRE,jpm_aml,compliance_transaction,FALSE,banking,synthetic_research
18/10/2022 9:01,GOOD,T-476325-14,STANDARD-COMPANY-475944-14,USA,2375.6501,JPMC-CLIENT-475940-14,USA,WIRE,jpm_aml,compliance_transaction,FALSE,banking,synthetic_research
18/10/2022 9:36,GOOD,T-79841-04,JPMC-CLIENT-79551-04,UNITED-KINGDOM,7670.91,,,WITHDRAWL,jpm_aml,compliance_transaction,FALSE,banking,synthetic_research
18/10/2022 14:43,GOOD,T-1132184-10,BILLING-COMPANY-1131932-10,USA,4985.34,JPMC-CLIENT-1131929-10,USA,WIRE,jpm_aml,compliance_transaction,FALSE,banking,synthetic_research
18/10/2022 14:43,BAD,T-1023010-00,,,582058,JPMC-CLIENT-1022827-00,USA,CASH-DEPOSIT,jpm_aml,compliance_transaction,TRUE,banking,synthetic_research
18/10/2022 17:42,GOOD,T-172194-08,JPMC-CLIENT-171885-08,USA,62.95,OWNER-171947-08,USA,WIRE,jpm_aml,compliance_transaction,FALSE,banking,synthetic_research
18/10/2022 18:16,GOOD,T-2062304-04,JPMC-CLIENT-2062029-04,USA,5000.09,CHECKING-2062044-04,,WIRE,jpm_aml,compliance_transaction,FALSE,banking,synthetic_research
18/10/2022 19:58,BAD,T-887078-00,JPMC-CLIENT-886817-00,USA,190713,,,WITHDRAWL,jpm_aml,compliance_transaction,TRUE,banking,synthetic_research
18/10/2022 23:02,GOOD,T-2074352-04,JPMC-CLIENT-2074056-04,USA,334.63,JPMC-BILLING-COMPANY-2074059-04,USA,PAYMENT,jpm_aml,compliance_transaction,FALSE,banking,synthetic_research
19/10/2022 0:32,BAD,T-699426-00,JPMC-CLIENT-699222-00,USA,500005,CUSTOMER-699227-00,USA,CRYPTO-TRANSFER,jpm_aml,compliance_transaction,TRUE,banking,synthetic_research
19/10/2022 7:30,GOOD,T-54224-05,JPMC-CLIENT-53909-05,USA,4032.52,CHECKING-53918-05,,WIRE,jpm_aml,compliance_transaction,FALSE,banking,synthetic_research
19/10/2022 12:20,GOOD,T-787471-06,JPMC-CLIENT-787081-06,USA,14.84,OWNER-787172-06,USA,WIRE,jpm_aml,compliance_transaction,FALSE,banking,synthetic_research
19/10/2022 16:44,BAD,T-1825083-00,COMPANY-1825065-00,USA,0,JPMC-CLIENT-1824901-00,USA,KYC-ADD-ACCOUNT-OWNER,jpm_aml,compliance_transaction,TRUE,banking,synthetic_research
19/10/2022 16:57,BAD,T-2061915-00,JPMC-CLIENT-2061693-00,USA,500076,,,WITHDRAWL,jpm_aml,compliance_transaction,TRUE,banking,synthetic_research
19/10/2022 21:34,GOOD,T-215678-04,JPMC-CLIENT-215355-04,USA,5000.7,CHECKING-215367-04,,WIRE,jpm_aml,compliance_transaction,FALSE,banking,synthetic_research
19/10/2022 22:26,GOOD,T-1623862-06,JPMC-CLIENT-1623502-06,UNITED-KINGDOM,5678.92,,,WITHDRAWL,jpm_aml,compliance_transaction,FALSE,banking,synthetic_research
20/10/2022 1:29,BAD,T-923330-00,,,335478,JPMC-CLIENT-923138-00,USA,CASH-DEPOSIT,jpm_aml,compliance_transaction,TRUE,banking,synthetic_research
20/10/2022 3:20,GOOD,T-500901-04,,,9500.31,JPMC-CLIENT-500598-04,USA,CASH-DEPOSIT,jpm_aml,compliance_transaction,FALSE,banking,synthetic_research
20/10/2022 8:06,GOOD,T-459268-04,BILLING-COMPANY-458949-04,USA,3392.59,JPMC-CLIENT-458946-04,UNITED-KINGDOM,WIRE,jpm_aml,compliance_transaction,FALSE,banking,synthetic_research
20/10/2022 11:39,GOOD,T-119850-12,,,1764.59,JPMC-CLIENT-119566-12,USA,CASH-DEPOSIT,jpm_aml,compliance_transaction,FALSE,banking,synthetic_research
20/10/2022 12:52,GOOD,T-446173-10,JPMC-CLIENT-445848-10,USA,609.16,JPMC-BILLING-COMPANY-445851-10,USA,PAYMENT,jpm_aml,compliance_transaction,FALSE,banking,synthetic_research
20/10/2022 13:43,BAD,T-733738-00,JPMC-CLIENT-733525-00,USA,1716568,STANDARD-COMPANY-733541-00,IRAN,WIRE,jpm_aml,compliance_transaction,TRUE,banking,synthetic_research
20/10/2022 19:12,BAD,T-1563301-00,,,950043,JPMC-CLIENT-1563099-00,USA,CASH-DEPOSIT,jpm_aml,compliance_transaction,TRUE,banking,synthetic_research
20/10/2022 21:58,GOOD,T-2190738-04,JPMC-CLIENT-2190461-04,USA,256.09,JPMC-BILLING-COMPANY-2190464-04,USA,PAYMENT,jpm_aml,compliance_transaction,FALSE,banking,synthetic_research
21/10/2022 1:06,GOOD,T-2467595-04,,,9500.81,JPMC-CLIENT-2467317-04,USA,CASH-DEPOSIT,jpm_aml,compliance_transaction,FALSE,banking,synthetic_research
21/10/2022 1:23,BAD,T-1050564-00,,,0,COMPANY-1050544-00,USA,KYC-CREATE-ACCOUNT,jpm_aml,compliance_transaction,TRUE,banking,synthetic_research
21/10/2022 6:09,GOOD,T-340192-10,JPMC-CLIENT-339924-10,USA,1177.02,CHECKING-339932-10,,WIRE,jpm_aml,compliance_transaction,FALSE,banking,synthetic_research
21/10/2022 7:08,BAD,T-2030945-00,JPMC-CLIENT-2030629-00,USA,697375,CUSTOMER-2030634-00,USA,CRYPTO-TRANSFER,jpm_aml,compliance_transaction,TRUE,banking,synthetic_research
21/10/2022 7:21,GOOD,T-869812-10,,,1763.9,JPMC-CLIENT-869482-10,USA,CASH-DEPOSIT,jpm_aml,compliance_transaction,FALSE,banking,synthetic_research
21/10/2022 9:50,BAD,T-1669535-00,,,500072,JPMC-CLIENT-1669330-00,USA,CASH-DEPOSIT,jpm_aml,compliance_transaction,TRUE,banking,synthetic_research
21/10/2022 13:02,GOOD,T-1559815-04,,,9500.87,JPMC-CLIENT-1559547-04,USA,CASH-DEPOSIT,jpm_aml,compliance_transaction,FALSE,banking,synthetic_research
21/10/2022 15:49,GOOD,T-80902-01,JPMC-CLIENT-80609-01,USA,447.79,BILLING-COMPANY-80612-01,USA,PAYMENT,jpm_aml,compliance_transaction,FALSE,banking,synthetic_research
21/10/2022 16:40,GOOD,T-1456579-04,COMPANY-1456204-04,USA,1416.0101,JPMC-CLIENT-1456197-04,UNITED-KINGDOM,WIRE,jpm_aml,compliance_transaction,FALSE,banking,synthetic_research
21/10/2022 18:31,GOOD,T-59227-13,JPMC-CLIENT-58925-13,UNITED-KINGDOM,835.92,,,WITHDRAWL,jpm_aml,compliance_transaction,FALSE,banking,synthetic_research
21/10/2022 18:44,GOOD,T-1666139-06,JPMC-STANDARD-COMPANY-1665835-06,USA,2980.78,JPMC-CLIENT-1665831-06,USA,WIRE,jpm_aml,compliance_transaction,FALSE,banking,synthetic_research
21/10/2022 19:56,GOOD,T-405588-06,JPMC-CLIENT-405263-06,UNITED-KINGDOM,9140.4,,,WITHDRAWL,jpm_aml,compliance_transaction,FALSE,banking,synthetic_research
21/10/2022 20:13,GOOD,T-1544433-04,JPMC-CLIENT-1544086-04,UNITED-KINGDOM,100.98,OWNER-1544151-04,USA,WIRE,jpm_aml,compliance_transaction,FALSE,banking,synthetic_research
21/10/2022 22:00,GOOD,T-1431074-06,JPMC-CLIENT-1430805-06,USA,217.95,OWNER-1430865-06,USA,WIRE,jpm_aml,compliance_transaction,FALSE,banking,synthetic_research
21/10/2022 22:13,GOOD,T-410181-05,JPMC-CLIENT-409875-05,USA,6811.16,CHECKING-409885-05,,WIRE,jpm_aml,compliance_transaction,FALSE,banking,synthetic_research
22/10/2022 8:23,GOOD,T-452051-02,JPMC-CLIENT-451722-02,USA,100.54,JPMC-BILLING-COMPANY-451725-02,USA,PAYMENT,jpm_aml,compliance_transaction,FALSE,banking,synthetic_research
22/10/2022 10:27,GOOD,T-183554-12,JPMC-CLIENT-183295-12,USA,459.9,BILLING-COMPANY-183298-12,USA,PAYMENT,jpm_aml,compliance_transaction,FALSE,banking,synthetic_research
22/10/2022 11:48,GOOD,T-1065880-11,JPMC-BILLING-COMPANY-1065593-11,USA,2812.54,JPMC-CLIENT-1065590-11,USA,WIRE,jpm_aml,compliance_transaction,FALSE,banking,synthetic_research
22/10/2022 15:51,GOOD,T-402556-06,JPMC-CLIENT-402282-06,NIGERIA,5000.32,,,WITHDRAWL,jpm_aml,compliance_transaction,FALSE,banking,synthetic_research
22/10/2022 17:08,GOOD,T-985239-04,COMPANY-984934-04,USA,1084.21,JPMC-CLIENT-984929-04,UNITED-KINGDOM,WIRE,jpm_aml,compliance_transaction,FALSE,banking,synthetic_research
22/10/2022 19:29,GOOD,T-2161506-04,JPMC-BILLING-COMPANY-2161135-04,USA,2819.34,JPMC-CLIENT-2161132-04,USA,WIRE,jpm_aml,compliance_transaction,FALSE,banking,synthetic_research
22/10/2022 19:58,GOOD,T-941700-06,JPMC-CLIENT-941388-06,SINGAPORE,574.76,OWNER-941454-06,USA,WIRE,jpm_aml,compliance_transaction,FALSE,banking,synthetic_research
22/10/2022 20:33,GOOD,T-846290-04,JPMC-CLIENT-845957-04,USA,3612.36,CHECKING-845967-04,,WIRE,jpm_aml,compliance_transaction,FALSE,banking,synthetic_research
22/10/2022 23:45,GOOD,T-1451460-10,BILLING-COMPANY-1451145-10,USA,859.73004,JPMC-CLIENT-1451142-10,USA,WIRE,jpm_aml,compliance_transaction,FALSE,banking,synthetic_research
23/10/2022 4:39,GOOD,T-282077-04,COMPANY-281759-04,USA,5107.02,JPMC-CLIENT-281752-04,USA,WIRE,jpm_aml,compliance_transaction,FALSE,banking,synthetic_research
23/10/2022 6:43,GOOD,T-29665-09,BILLING-COMPANY-29331-09,USA,1258.62,JPMC-CLIENT-29328-09,USA,WIRE,jpm_aml,compliance_transaction,FALSE,banking,synthetic_research
23/10/2022 12:11,GOOD,T-313549-05,JPMC-CLIENT-313252-05,SPAIN,3155.93,,,WITHDRAWL,jpm_aml,compliance_transaction,FALSE,banking,synthetic_research
23/10/2022 15:32,GOOD,T-1101666-04,JPMC-CLIENT-1101351-04,USA,458.13,BILLING-COMPANY-1101354-04,USA,PAYMENT,jpm_aml,compliance_transaction,FALSE,banking,synthetic_research
23/10/2022 17:14,GOOD,T-700414-04,JPMC-BILLING-COMPANY-700080-04,USA,3916.07,JPMC-CLIENT-700077-04,USA,WIRE,jpm_aml,compliance_transaction,FALSE,banking,synthetic_research
23/10/2022 19:14,GOOD,T-78364-05,JPMC-CLIENT-78020-05,USA,993.21,BILLING-COMPANY-78023-05,USA,PAYMENT,jpm_aml,compliance_transaction,FALSE,banking,synthetic_research
23/10/2022 19:44,GOOD,T-6382-13,JPMC-CLIENT-6084-13,USA,1773.87,CHECKING-6097-13,,WIRE,jpm_aml,compliance_transaction,FALSE,banking,synthetic_research
23/10/2022 20:35,BAD,T-623974-00,,,73675,JPMC-CLIENT-623749-00,NIGERIA,CASH-DEPOSIT,jpm_aml,compliance_transaction,TRUE,banking,synthetic_research
23/10/2022 22:13,GOOD,T-1309782-04,JPMC-CLIENT-1309477-04,UNITED-KINGDOM,693.11,OWNER-1309541-04,USA,WIRE,jpm_aml,compliance_transaction,FALSE,banking,synthetic_research
24/10/2022 0:08,GOOD,T-15180-13,JPMC-CLIENT-14910-13,USA,927.17,OWNER-14972-13,USA,WIRE,jpm_aml,compliance_transaction,FALSE,banking,synthetic_research
24/10/2022 3:16,GOOD,T-103699-14,JPMC-CLIENT-103410-14,USA,7105.23,CHECKING-103422-14,,WIRE,jpm_aml,compliance_transaction,FALSE,banking,synthetic_research
24/10/2022 5:07,GOOD,T-1465432-04,JPMC-CLIENT-1465136-04,UNITED-KINGDOM,8119.45,CHECKING-1465146-04,,WIRE,jpm_aml,compliance_transaction,FALSE,banking,synthetic_research
24/10/2022 5:11,GOOD,T-606044-10,JPMC-CLIENT-605725-10,UNITED-KINGDOM,152.31,JPMC-BILLING-COMPANY-605728-10,USA,PAYMENT,jpm_aml,compliance_transaction,FALSE,banking,synthetic_research
24/10/2022 9:44,GOOD,T-83127-07,JPMC-CLIENT-82870-07,USA,455.11,BILLING-COMPANY-82873-07,USA,PAYMENT,jpm_aml,compliance_transaction,FALSE,banking,synthetic_research
24/10/2022 10:05,GOOD,T-400277-07,BILLING-COMPANY-399941-07,USA,3921.2703,JPMC-CLIENT-399938-07,USA,WIRE,jpm_aml,compliance_transaction,FALSE,banking,synthetic_research
24/10/2022 11:56,BAD,T-15672-00,JPMC-CLIENT-15447-00,USA,534926,CUSTOMER-15452-00,UNITED-KINGDOM,CRYPTO-TRANSFER,jpm_aml,compliance_transaction,TRUE,banking,synthetic_research
24/10/2022 13:09,GOOD,T-152960-13,JPMC-BILLING-COMPANY-152648-13,USA,3396.34,JPMC-CLIENT-152645-13,USA,WIRE,jpm_aml,compliance_transaction,FALSE,banking,synthetic_research
24/10/2022 21:45,BAD,T-791484-00,JPMC-CLIENT-791265-00,SINGAPORE,166729,,,WITHDRAWL,jpm_aml,compliance_transaction,TRUE,banking,synthetic_research
25/10/2022 5:52,BAD,T-2944298-00,COMPANY-2944277-00,USA,0,JPMC-CUSTOMER-2944115-00,USA,KYC-ADD-ACCOUNT-OWNER,jpm_aml,compliance_transaction,TRUE,banking,synthetic_research
25/10/2022 7:38,BAD,T-341691-00,JPMC-CLIENT-341452-00,USA,824607,,,WITHDRAWL,jpm_aml,compliance_transaction,TRUE,banking,synthetic_research
25/10/2022 8:38,BAD,T-2184406-00,,,87438,JPMC-CLIENT-2184198-00,USA,CASH-DEPOSIT,jpm_aml,compliance_transaction,TRUE,banking,synthetic_research
25/10/2022 10:59,GOOD,T-66277-05,COMPANY-66000-05,USA,823.73,JPMC-CLIENT-65993-05,USA,WIRE,jpm_aml,compliance_transaction,FALSE,banking,synthetic_research
25/10/2022 12:54,GOOD,T-198871-01,JPMC-CLIENT-198559-01,USA,21.34,OWNER-198624-01,USA,WIRE,jpm_aml,compliance_transaction,FALSE,banking,synthetic_research
25/10/2022 13:20,BAD,T-1997412-00,JPMC-CLIENT-1997201-00,USA,547522,CUSTOMER-1997206-00,USA,CRYPTO-TRANSFER,jpm_aml,compliance_transaction,TRUE,banking,synthetic_research
25/10/2022 15:40,GOOD,T-181989-03,JPMC-BILLING-COMPANY-181687-03,USA,708.27997,JPMC-CLIENT-181684-03,UNITED-KINGDOM,WIRE,jpm_aml,compliance_transaction,FALSE,banking,synthetic_research
25/10/2022 17:27,BAD,T-2176711-00,JPMC-CLIENT-2176488-00,USA,500047,JPMC-CUSTOMER-2176493-00,USA,CRYPTO-TRANSFER,jpm_aml,compliance_transaction,TRUE,banking,synthetic_research
25/10/2022 17:40,BAD,T-1816401-00,,,950015,JPMC-CLIENT-1816200-00,USA,CASH-DEPOSIT,jpm_aml,compliance_transaction,TRUE,banking,synthetic_research
25/10/2022 18:01,GOOD,T-1404664-10,JPMC-CLIENT-1404354-10,UNITED-KINGDOM,72.78,OWNER-1404422-10,USA,WIRE,jpm_aml,compliance_transaction,FALSE,banking,synthetic_research
25/10/2022 18:01,GOOD,T-2827382-04,JPMC-CLIENT-2827060-04,USA,870.84,BILLING-COMPANY-2827063-04,USA,PAYMENT,jpm_aml,compliance_transaction,FALSE,banking,synthetic_research
25/10/2022 18:31,BAD,T-80035-00,,,250091,JPMC-CLIENT-79819-00,USA,CASH-DEPOSIT,jpm_aml,compliance_transaction,TRUE,banking,synthetic_research
25/10/2022 19:18,GOOD,T-812560-10,COMPANY-812260-10,USA,2547.76,JPMC-CLIENT-812255-10,UNITED-KINGDOM,WIRE,jpm_aml,compliance_transaction,FALSE,banking,synthetic_research
25/10/2022 21:39,GOOD,T-44732-08,JPMC-CLIENT-44372-08,USA,432.66,BILLING-COMPANY-44375-08,USA,PAYMENT,jpm_aml,compliance_transaction,FALSE,banking,synthetic_research
26/10/2022 1:21,BAD,T-2819890-00,,,250062,JPMC-CLIENT-2819675-00,USA,CASH-DEPOSIT,jpm_aml,compliance_transaction,TRUE,banking,synthetic_research
26/10/2022 2:29,GOOD,T-456008-14,JPMC-CLIENT-455687-14,UNITED-KINGDOM,784.31,OWNER-455748-14,USA,WIRE,jpm_aml,compliance_transaction,FALSE,banking,synthetic_research
26/10/2022 3:16,GOOD,T-156902-01,JPMC-CLIENT-156599-01,USA,100.39,OWNER-156661-01,USA,WIRE,jpm_aml,compliance_transaction,FALSE,banking,synthetic_research
26/10/2022 4:33,BAD,T-805525-00,JPMC-CLIENT-805292-00,ITALY,2452855,BILLING-COMPANY-805295-00,USA,PAYMENT,jpm_aml,compliance_transaction,TRUE,banking,synthetic_research
26/10/2022 6:41,GOOD,T-306358-04,JPMC-BILLING-COMPANY-306028-04,USA,4206.1904,JPMC-CLIENT-306025-04,USA,WIRE,jpm_aml,compliance_transaction,FALSE,banking,synthetic_research
26/10/2022 7:57,GOOD,T-842199-10,JPMC-CLIENT-841874-10,USA,31.4,OWNER-841931-10,USA,WIRE,jpm_aml,compliance_transaction,FALSE,banking,synthetic_research
26/10/2022 11:31,GOOD,T-2629851-04,BILLING-COMPANY-2629531-04,USA,1266.78,JPMC-CLIENT-2629528-04,UNITED-KINGDOM,WIRE,jpm_aml,compliance_transaction,FALSE,banking,synthetic_research
26/10/2022 15:51,GOOD,T-536392-06,JPMC-BILLING-COMPANY-536075-06,USA,2627.61,JPMC-CLIENT-536072-06,USA,WIRE,jpm_aml,compliance_transaction,FALSE,banking,synthetic_research
26/10/2022 17:21,GOOD,T-77964-14,,,8775.24,JPMC-CLIENT-77674-14,ISLE-OF-MAN,CASH-DEPOSIT,jpm_aml,compliance_transaction,FALSE,banking,synthetic_research
26/10/2022 21:24,GOOD,T-337983-04,JPMC-CLIENT-337683-04,USA,96.81,OWNER-337748-04,USA,WIRE,jpm_aml,compliance_transaction,FALSE,banking,synthetic_research
27/10/2022 3:31,GOOD,T-182662-05,JPMC-CLIENT-182363-05,USA,359.37,OWNER-182425-05,USA,WIRE,jpm_aml,compliance_transaction,FALSE,banking,synthetic_research
27/10/2022 6:38,GOOD,T-961188-10,BILLING-COMPANY-960870-10,USA,959.44,JPMC-CLIENT-960867-10,USA,WIRE,jpm_aml,compliance_transaction,FALSE,banking,synthetic_research
27/10/2022 13:15,GOOD,T-1731823-04,JPMC-BILLING-COMPANY-1731473-04,USA,2983.47,JPMC-CLIENT-1731470-04,USA,WIRE,jpm_aml,compliance_transaction,FALSE,banking,synthetic_research
27/10/2022 16:14,GOOD,T-417460-14,JPMC-CLIENT-417134-14,USA,10.7,OWNER-417202-14,USA,WIRE,jpm_aml,compliance_transaction,FALSE,banking,synthetic_research
27/10/2022 23:38,GOOD,T-126482-13,JPMC-CLIENT-126098-13,USA,346.6,,,WITHDRAWL,jpm_aml,compliance_transaction,FALSE,banking,synthetic_research
28/10/2022 2:16,GOOD,T-120182-07,JPMC-CLIENT-119902-07,USA,438.23,BILLING-COMPANY-119905-07,USA,PAYMENT,jpm_aml,compliance_transaction,FALSE,banking,synthetic_research
28/10/2022 2:46,GOOD,T-1356391-06,BILLING-COMPANY-1356036-06,USA,1314.64,JPMC-CLIENT-1356033-06,USA,WIRE,jpm_aml,compliance_transaction,FALSE,banking,synthetic_research
28/10/2022 4:50,GOOD,T-448573-02,JPMC-CLIENT-448249-02,USA,11.97,OWNER-448323-02,USA,WIRE,jpm_aml,compliance_transaction,FALSE,banking,synthetic_research
28/10/2022 7:10,BAD,T-2617208-00,,,323197,JPMC-CLIENT-2616971-00,USA,CASH-DEPOSIT,jpm_aml,compliance_transaction,TRUE,banking,synthetic_research
28/10/2022 14:21,GOOD,T-2777533-04,COMPANY-2777221-04,USA,1247.63,JPMC-CLIENT-2777211-04,USA,WIRE,jpm_aml,compliance_transaction,FALSE,banking,synthetic_research
28/10/2022 23:23,GOOD,T-1169939-11,JPMC-CLIENT-1169610-11,USA,99.25,OWNER-1169681-11,USA,WIRE,jpm_aml,compliance_transaction,FALSE,banking,synthetic_research
29/10/2022 5:09,GOOD,T-117069-13,,,251.21,JPMC-CLIENT-116696-13,UNITED-KINGDOM,CASH-DEPOSIT,jpm_aml,compliance_transaction,FALSE,banking,synthetic_research
29/10/2022 6:43,GOOD,T-495134-10,BILLING-COMPANY-494789-10,USA,1765.42,JPMC-CLIENT-494786-10,UNITED-KINGDOM,WIRE,jpm_aml,compliance_transaction,FALSE,banking,synthetic_research
29/10/2022 11:03,GOOD,T-737981-11,JPMC-CLIENT-737730-11,USA,588.67,BILLING-COMPANY-737733-11,USA,PAYMENT,jpm_aml,compliance_transaction,FALSE,banking,synthetic_research
29/10/2022 15:49,GOOD,T-352519-02,JPMC-CLIENT-352180-02,USA,7248.04,CHECKING-352192-02,,WIRE,jpm_aml,compliance_transaction,FALSE,banking,synthetic_research
29/10/2022 21:39,GOOD,T-49486-13,JPMC-CLIENT-49065-13,USA,8218.67,,,WITHDRAWL,jpm_aml,compliance_transaction,FALSE,banking,synthetic_research
30/10/2022 7:10,GOOD,T-844022-10,JPMC-BILLING-COMPANY-843699-10,USA,550.99,JPMC-CLIENT-843696-10,USA,WIRE,jpm_aml,compliance_transaction,FALSE,banking,synthetic_research
30/10/2022 8:14,GOOD,T-165396-14,COMPANY-164972-14,USA,5029.89,JPMC-CLIENT-164961-14,USA,WIRE,jpm_aml,compliance_transaction,FALSE,banking,synthetic_research
30/10/2022 11:05,GOOD,T-78673-06,BILLING-COMPANY-78357-06,USA,550.68,JPMC-CLIENT-78354-06,USA,WIRE,jpm_aml,compliance_transaction,FALSE,banking,synthetic_research
30/10/2022 14:21,GOOD,T-507543-14,JPMC-CLIENT-507223-14,USA,4580.78,,,WITHDRAWL,jpm_aml,compliance_transaction,FALSE,banking,synthetic_research
30/10/2022 15:17,GOOD,T-483334-10,JPMC-CLIENT-482978-10,USA,8575.25,CHECKING-482989-10,,WIRE,jpm_aml,compliance_transaction,FALSE,banking,synthetic_research
30/10/2022 16:34,GOOD,T-305718-06,JPMC-CLIENT-305391-06,USA,80.19,OWNER-305465-06,USA,WIRE,jpm_aml,compliance_transaction,FALSE,banking,synthetic_research
30/10/2022 16:34,BAD,T-172966-00,COMPANY-172943-00,USA,0,JPMC-CLIENT-172765-00,USA,KYC-ADD-ACCOUNT-OWNER,jpm_aml,compliance_transaction,TRUE,banking,synthetic_research
30/10/2022 17:12,GOOD,T-68561-02,JPMC-CLIENT-68225-02,USA,317.15,OWNER-68296-02,USA,WIRE,jpm_aml,compliance_transaction,FALSE,banking,synthetic_research
30/10/2022 18:37,GOOD,T-315253-06,JPMC-CLIENT-314901-06,USA,158.79,BILLING-COMPANY-314904-06,USA,PAYMENT,jpm_aml,compliance_transaction,FALSE,banking,synthetic_research
31/10/2022 0:53,GOOD,T-297093-10,JPMC-CLIENT-296739-10,USA,6015.33,CHECKING-296753-10,,WIRE,jpm_aml,compliance_transaction,FALSE,banking,synthetic_research
31/10/2022 0:57,GOOD,T-809157-05,COMPANY-808840-05,USA,3840.1301,JPMC-CLIENT-808829-05,USA,WIRE,jpm_aml,compliance_transaction,FALSE,banking,synthetic_research
31/10/2022 6:43,BAD,T-362982-00,,,114686,JPMC-CLIENT-362788-00,USA,CASH-DEPOSIT,jpm_aml,compliance_transaction,TRUE,banking,synthetic_research
31/10/2022 7:30,BAD,T-2923928-00,JPMC-CLIENT-2923727-00,USA,56057,,,WITHDRAWL,jpm_aml,compliance_transaction,TRUE,banking,synthetic_research
31/10/2022 12:45,GOOD,T-431854-07,,,2034.11,JPMC-CLIENT-431442-07,USA,CASH-DEPOSIT,jpm_aml,compliance_transaction,FALSE,banking,synthetic_research
31/10/2022 17:36,GOOD,T-116201-02,STANDARD-COMPANY-115898-02,USA,3104.29,JPMC-CLIENT-115894-02,USA,WIRE,jpm_aml,compliance_transaction,FALSE,banking,synthetic_research
31/10/2022 18:52,BAD,T-2184407-00,,,87492,JPMC-CLIENT-2184198-00,USA,CASH-DEPOSIT,jpm_aml,compliance_transaction,TRUE,banking,synthetic_research
31/10/2022 20:01,GOOD,T-1465437-10,COMPANY-1465116-10,USA,4770.55,JPMC-CLIENT-1465108-10,USA,WIRE,jpm_aml,compliance_transaction,FALSE,banking,synthetic_research
31/10/2022 22:26,GOOD,T-76949-01,BILLING-COMPANY-76635-01,USA,2125.25,JPMC-CLIENT-76632-01,USA,WIRE,jpm_aml,compliance_transaction,FALSE,banking,synthetic_research
07/11/2022 2:27,GOOD,T-535703-11,CUSTOMER-535467-11,USA,0,JPMC-CLIENT-535461-11,USA,KYC-ADD-ACCOUNT-OWNER,jpm_aml,compliance_transaction,FALSE,banking,synthetic_research
07/11/2022 4:01,GOOD,T-405454-07,JPMC-CLIENT-405341-07,USA,937.72,OWNER-405351-07,USA,WIRE,jpm_aml,compliance_transaction,FALSE,banking,synthetic_research
07/11/2022 7:25,GOOD,T-2594654-04,COMPANY-2594576-04,USA,4912.24,JPMC-CLIENT-2594571-04,USA,WIRE,jpm_aml,compliance_transaction,FALSE,banking,synthetic_research
07/11/2022 12:24,GOOD,T-50004-03,BILLING-COMPANY-49788-03,USA,550.2,JPMC-CLIENT-49785-03,USA,WIRE,jpm_aml,compliance_transaction,FALSE,banking,synthetic_research
07/11/2022 14:28,GOOD,T-458956-05,JPMC-CLIENT-458808-05,USA,447.71,JPMC-BILLING-COMPANY-458811-05,USA,PAYMENT,jpm_aml,compliance_transaction,FALSE,banking,synthetic_research
07/11/2022 21:56,GOOD,T-365136-01,JPMC-CLIENT-364881-01,USA,5000.38,CHECKING-364891-01,,WIRE,jpm_aml,compliance_transaction,FALSE,banking,synthetic_research
08/11/2022 0:38,GOOD,T-559548-05,JPMC-CLIENT-559271-05,USA,0,CUSTOMER-559277-05,USA,KYC-ADD-ACCOUNT-OWNER,jpm_aml,compliance_transaction,FALSE,banking,synthetic_research
08/11/2022 1:04,GOOD,T-40433-12,JPMC-BILLING-COMPANY-40264-12,USA,3278.62,JPMC-CLIENT-40261-12,USA,WIRE,jpm_aml,compliance_transaction,FALSE,banking,synthetic_research
08/11/2022 5:15,GOOD,T-414182-11,JPMC-CLIENT-413951-11,USA,68.69,OWNER-413994-11,USA,WIRE,jpm_aml,compliance_transaction,FALSE,banking,synthetic_research
08/11/2022 6:58,GOOD,T-693694-04,JPMC-CLIENT-693496-04,UNITED-KINGDOM,121.81,BILLING-COMPANY-693499-04,USA,PAYMENT,jpm_aml,compliance_transaction,FALSE,banking,synthetic_research
08/11/2022 14:13,GOOD,T-1730290-04,COMPANY-1730066-04,USA,2231.91,JPMC-CLIENT-1730061-04,USA,WIRE,jpm_aml,compliance_transaction,FALSE,banking,synthetic_research
08/11/2022 18:50,GOOD,T-1127528-06,JPMC-CLIENT-1127306-06,USA,0,CUSTOMER-1127312-06,USA,KYC-ADD-ACCOUNT-OWNER,jpm_aml,compliance_transaction,FALSE,banking,synthetic_research
08/11/2022 21:11,GOOD,T-328636-11,JPMC-CLIENT-328466-11,USA,584.92,OWNER-328492-11,USA,WIRE,jpm_aml,compliance_transaction,FALSE,banking,synthetic_research
09/11/2022 0:02,GOOD,T-329489-11,BILLING-COMPANY-329309-11,USA,5134.6704,JPMC-CLIENT-329306-11,USA,WIRE,jpm_aml,compliance_transaction,FALSE,banking,synthetic_research
09/11/2022 1:23,GOOD,T-347274-10,BILLING-COMPANY-347028-10,USA,4008.18,JPMC-CLIENT-347025-10,USA,WIRE,jpm_aml,compliance_transaction,FALSE,banking,synthetic_research
09/11/2022 3:14,GOOD,T-1196629-04,BILLING-COMPANY-1196375-04,USA,1612.31,JPMC-CLIENT-1196372-04,USA,WIRE,jpm_aml,compliance_transaction,FALSE,banking,synthetic_research
09/11/2022 10:03,GOOD,T-535409-10,JPMC-CLIENT-535148-10,USA,53.74,OWNER-535194-10,USA,WIRE,jpm_aml,compliance_transaction,FALSE,banking,synthetic_research
09/11/2022 10:50,GOOD,T-819858-11,JPMC-CLIENT-819618-11,USA,5000.93,CHECKING-819630-11,,WIRE,jpm_aml,compliance_transaction,FALSE,banking,synthetic_research
09/11/2022 11:33,GOOD,T-673299-14,BILLING-COMPANY-673035-14,USA,4872.17,JPMC-CLIENT-673032-14,USA,WIRE,jpm_aml,compliance_transaction,FALSE,banking,synthetic_research
09/11/2022 14:58,GOOD,T-2182896-04,JPMC-BILLING-COMPANY-2182654-04,USA,1907.1901,JPMC-CLIENT-2182651-04,USA,WIRE,jpm_aml,compliance_transaction,FALSE,banking,synthetic_research
09/11/2022 15:57,GOOD,T-102711-05,JPMC-CLIENT-102465-05,UNITED-KINGDOM,914.86,BILLING-COMPANY-102468-05,USA,PAYMENT,jpm_aml,compliance_transaction,FALSE,banking,synthetic_research
09/11/2022 20:48,GOOD,T-428357-05,,,9500.09,JPMC-CLIENT-428086-05,USA,CASH-DEPOSIT,jpm_aml,compliance_transaction,FALSE,banking,synthetic_research
09/11/2022 20:52,GOOD,T-293485-03,JPMC-CLIENT-293188-03,USA,1015.8,,,WITHDRAWL,jpm_aml,compliance_transaction,FALSE,banking,synthetic_research
10/11/2022 1:23,GOOD,T-458917-06,JPMC-CLIENT-458618-06,UNITED-KINGDOM,1325.97,CHECKING-458628-06,,WIRE,jpm_aml,compliance_transaction,FALSE,banking,synthetic_research
10/11/2022 5:09,GOOD,T-967512-06,BILLING-COMPANY-967180-06,USA,4106.56,JPMC-CLIENT-967177-06,USA,WIRE,jpm_aml,compliance_transaction,FALSE,banking,synthetic_research
10/11/2022 5:47,GOOD,T-1473529-04,JPMC-CLIENT-1473242-04,USA,100.57,OWNER-1473298-04,USA,WIRE,jpm_aml,compliance_transaction,FALSE,banking,synthetic_research
10/11/2022 6:56,GOOD,T-76917-07,JPMC-CLIENT-76639-07,USA,961.76,BILLING-COMPANY-76642-07,USA,PAYMENT,jpm_aml,compliance_transaction,FALSE,banking,synthetic_research
10/11/2022 8:17,GOOD,T-160481-13,JPMC-CLIENT-160211-13,USA,192.04,OWNER-160264-13,USA,WIRE,jpm_aml,compliance_transaction,FALSE,banking,synthetic_research
10/11/2022 11:41,BAD,T-1357240-00,COMPANY-1357222-00,USA,0,JPMC-CLIENT-1357055-00,USA,KYC-ADD-ACCOUNT-OWNER,jpm_aml,compliance_transaction,TRUE,banking,synthetic_research
10/11/2022 17:18,BAD,T-543470-00,COMPANY-543446-00,USA,0,JPMC-CLIENT-543278-00,USA,KYC-ADD-ACCOUNT-OWNER,jpm_aml,compliance_transaction,TRUE,banking,synthetic_research
10/11/2022 20:18,GOOD,T-328180-11,JPMC-CLIENT-327884-11,USA,143.21,CHECKING-327897-11,,WIRE,jpm_aml,compliance_transaction,FALSE,banking,synthetic_research
10/11/2022 20:52,GOOD,T-189263-12,COMPANY-188911-12,USA,4589.41,JPMC-CLIENT-188904-12,USA,WIRE,jpm_aml,compliance_transaction,FALSE,banking,synthetic_research
10/11/2022 21:47,GOOD,T-794228-05,BILLING-COMPANY-793917-05,USA,2930.9202,JPMC-CLIENT-793914-05,USA,WIRE,jpm_aml,compliance_transaction,FALSE,banking,synthetic_research
10/11/2022 23:21,BAD,T-459298-00,COMPANY-459280-00,USA,0,JPMC-CLIENT-459116-00,USA,KYC-ADD-ACCOUNT-OWNER,jpm_aml,compliance_transaction,TRUE,banking,synthetic_research
10/11/2022 23:51,GOOD,T-190520-06,JPMC-CLIENT-190261-06,USA,183.26,BILLING-COMPANY-190264-06,USA,PAYMENT,jpm_aml,compliance_transaction,FALSE,banking,synthetic_research
11/11/2022 1:12,GOOD,T-302749-03,JPMC-CLIENT-302429-03,FRANCE,68.12,OWNER-302507-03,USA,WIRE,jpm_aml,compliance_transaction,FALSE,banking,synthetic_research
11/11/2022 2:03,GOOD,T-799006-10,COMPANY-798653-10,USA,2852.1199,JPMC-CLIENT-798648-10,USA,WIRE,jpm_aml,compliance_transaction,FALSE,banking,synthetic_research
11/11/2022 2:46,GOOD,T-290907-06,,,9500.41,JPMC-CLIENT-290593-06,SOUTH-KOREA,CASH-DEPOSIT,jpm_aml,compliance_transaction,FALSE,banking,synthetic_research
11/11/2022 3:54,BAD,T-2522326-00,,,166784,JPMC-CLIENT-2522120-00,UNITED-KINGDOM,CASH-DEPOSIT,jpm_aml,compliance_transaction,TRUE,banking,synthetic_research
11/11/2022 6:36,GOOD,T-69743-09,JPMC-BILLING-COMPANY-69432-09,USA,4316.53,JPMC-CLIENT-69429-09,SWEDEN,WIRE,jpm_aml,compliance_transaction,FALSE,banking,synthetic_research
11/11/2022 6:49,GOOD,T-1226857-11,COMPANY-1226558-11,USA,500.56,JPMC-CLIENT-1226551-11,USA,WIRE,jpm_aml,compliance_transaction,FALSE,banking,synthetic_research
11/11/2022 7:36,GOOD,T-410801-05,JPMC-BILLING-COMPANY-410442-05,USA,3801.9602,JPMC-CLIENT-410439-05,USA,WIRE,jpm_aml,compliance_transaction,FALSE,banking,synthetic_research
11/11/2022 12:56,GOOD,T-38274-08,,,9500.09,JPMC-CLIENT-37968-08,UNITED-KINGDOM,CASH-DEPOSIT,jpm_aml,compliance_transaction,FALSE,banking,synthetic_research
11/11/2022 13:17,BAD,T-599214-00,,,500029,JPMC-CLIENT-598992-00,USA,CASH-DEPOSIT,jpm_aml,compliance_transaction,TRUE,banking,synthetic_research
11/11/2022 17:04,BAD,T-2059485-00,JPMC-CLIENT-2059276-00,USA,105281,CUSTOMER-2059292-00,IRAN,WIRE,jpm_aml,compliance_transaction,TRUE,banking,synthetic_research
11/11/2022 22:06,GOOD,T-803717-11,JPMC-CLIENT-803440-11,USA,383.79,BILLING-COMPANY-803443-11,USA,PAYMENT,jpm_aml,compliance_transaction,FALSE,banking,synthetic_research
11/11/2022 23:06,GOOD,T-177874-06,JPMC-CLIENT-177543-06,USA,9007.71,CHECKING-177555-06,,WIRE,jpm_aml,compliance_transaction,FALSE,banking,synthetic_research
12/11/2022 1:59,BAD,T-1832515-00,JPMC-CLIENT-1832189-00,UNITED-KINGDOM,872439,JPMC-CUSTOMER-1832194-00,USA,CRYPTO-TRANSFER,jpm_aml,compliance_transaction,TRUE,banking,synthetic_research
12/11/2022 3:03,GOOD,T-1252397-04,COMPANY-1252016-04,USA,1116.51,JPMC-CLIENT-1252007-04,USA,WIRE,jpm_aml,compliance_transaction,FALSE,banking,synthetic_research
12/11/2022 7:36,BAD,T-44700-00,JPMC-CLIENT-44490-00,USA,627696,,,WITHDRAWL,jpm_aml,compliance_transaction,TRUE,banking,synthetic_research
12/11/2022 8:36,BAD,T-2207088-00,JPMC-CLIENT-2206875-00,USA,591334,,,WITHDRAWL,jpm_aml,compliance_transaction,TRUE,banking,synthetic_research
12/11/2022 14:26,BAD,T-2882519-00,JPMC-CLIENT-2882120-00,USA,500008,CUSTOMER-2882125-00,USA,CRYPTO-TRANSFER,jpm_aml,compliance_transaction,TRUE,banking,synthetic_research
12/11/2022 18:03,GOOD,T-615510-05,JPMC-CLIENT-615134-05,USA,5000.83,CHECKING-615143-05,,WIRE,jpm_aml,compliance_transaction,FALSE,banking,synthetic_research
12/11/2022 18:03,GOOD,T-365736-02,BILLING-COMPANY-365343-02,USA,4065.35,JPMC-CLIENT-365340-02,USA,WIRE,jpm_aml,compliance_transaction,FALSE,banking,synthetic_research
12/11/2022 20:11,GOOD,T-587496-05,JPMC-CLIENT-587143-05,USA,6089.96,,,WITHDRAWL,jpm_aml,compliance_transaction,FALSE,banking,synthetic_research
12/11/2022 22:02,GOOD,T-165152-13,JPMC-CLIENT-164733-13,USA,344.96,BILLING-COMPANY-164736-13,USA,PAYMENT,jpm_aml,compliance_transaction,FALSE,banking,synthetic_research
12/11/2022 22:15,BAD,T-1648399-00,,,166711,JPMC-CLIENT-1648077-00,UNITED-KINGDOM,CASH-DEPOSIT,jpm_aml,compliance_transaction,TRUE,banking,synthetic_research
13/11/2022 6:53,BAD,T-2980183-00,JPMC-CLIENT-2979938-00,USA,867093,,,WITHDRAWL,jpm_aml,compliance_transaction,TRUE,banking,synthetic_research
13/11/2022 7:40,GOOD,T-1203044-11,COMPANY-1202732-11,USA,4260.02,JPMC-CLIENT-1202724-11,USA,WIRE,jpm_aml,compliance_transaction,FALSE,banking,synthetic_research
13/11/2022 11:48,GOOD,T-1032371-10,,,2033.44,JPMC-CLIENT-1032125-10,USA,CASH-DEPOSIT,jpm_aml,compliance_transaction,FALSE,banking,synthetic_research
13/11/2022 14:38,GOOD,T-805367-05,JPMC-CLIENT-804968-05,UNITED-KINGDOM,4396.4,CHECKING-804980-05,,WIRE,jpm_aml,compliance_transaction,FALSE,banking,synthetic_research
13/11/2022 15:34,GOOD,T-1520850-10,BILLING-COMPANY-1520504-10,USA,2902.01,JPMC-CLIENT-1520501-10,UNITED-KINGDOM,WIRE,jpm_aml,compliance_transaction,FALSE,banking,synthetic_research
13/11/2022 15:38,GOOD,T-415711-11,,,8313.84,JPMC-CLIENT-415253-11,USA,CASH-DEPOSIT,jpm_aml,compliance_transaction,FALSE,banking,synthetic_research
13/11/2022 22:19,BAD,T-973254-00,JPMC-CLIENT-973036-00,USA,817768,CUSTOMER-973041-00,USA,CRYPTO-TRANSFER,jpm_aml,compliance_transaction,TRUE,banking,synthetic_research
14/11/2022 1:44,GOOD,T-934600-06,,,9500.46,JPMC-CLIENT-934273-06,UNITED-KINGDOM,CASH-DEPOSIT,jpm_aml,compliance_transaction,FALSE,banking,synthetic_research
14/11/2022 14:24,GOOD,T-700448-14,JPMC-CLIENT-700134-14,CHINA,790.13,OWNER-700202-14,USA,WIRE,jpm_aml,compliance_transaction,FALSE,banking,synthetic_research
14/11/2022 17:18,BAD,T-1138648-00,JPMC-CLIENT-1138409-00,USA,753651,,,WITHDRAWL,jpm_aml,compliance_transaction,TRUE,banking,synthetic_research
14/11/2022 17:48,BAD,T-2205605-00,,,95007,JPMC-CLIENT-2205407-00,USA,CASH-DEPOSIT,jpm_aml,compliance_transaction,TRUE,banking,synthetic_research
14/11/2022 19:52,GOOD,T-2407735-04,JPMC-CLIENT-2407368-04,UNITED-KINGDOM,439.65,OWNER-2407442-04,USA,WIRE,jpm_aml,compliance_transaction,FALSE,banking,synthetic_research
15/11/2022 0:29,GOOD,T-86923-02,JPMC-CLIENT-86516-02,USA,317.43,OWNER-86612-02,USA,WIRE,jpm_aml,compliance_transaction,FALSE,banking,synthetic_research
15/11/2022 2:54,GOOD,T-71262-02,JPMC-BILLING-COMPANY-70882-02,USA,4599.19,JPMC-CLIENT-70879-02,RUSSIA,WIRE,jpm_aml,compliance_transaction,FALSE,banking,synthetic_research
15/11/2022 3:20,GOOD,T-176288-05,JPMC-CLIENT-175873-05,UNITED-KINGDOM,11.64,OWNER-175957-05,USA,WIRE,jpm_aml,compliance_transaction,FALSE,banking,synthetic_research
15/11/2022 7:02,BAD,T-1483422-00,JPMC-CLIENT-1483219-00,CHINA,1053319,BILLING-COMPANY-1483222-00,USA,PAYMENT,jpm_aml,compliance_transaction,TRUE,banking,synthetic_research
15/11/2022 11:31,GOOD,T-906706-04,,,141.2,JPMC-CLIENT-906383-04,USA,CASH-DEPOSIT,jpm_aml,compliance_transaction,FALSE,banking,synthetic_research
15/11/2022 16:21,GOOD,T-122083-13,STANDARD-COMPANY-121766-13,USA,3925.3,JPMC-CLIENT-121762-13,UNITED-KINGDOM,WIRE,jpm_aml,compliance_transaction,FALSE,banking,synthetic_research
15/11/2022 20:58,BAD,T-2797104-00,,,950057,JPMC-CLIENT-2796870-00,USA,CASH-DEPOSIT,jpm_aml,compliance_transaction,TRUE,banking,synthetic_research
15/11/2022 22:15,GOOD,T-659762-06,JPMC-CLIENT-659436-06,USA,594.03,OWNER-659510-06,USA,WIRE,jpm_aml,compliance_transaction,FALSE,banking,synthetic_research
16/11/2022 1:44,GOOD,T-1249157-10,JPMC-CLIENT-1248818-10,USA,339.56,OWNER-1248891-10,USA,WIRE,jpm_aml,compliance_transaction,FALSE,banking,synthetic_research
16/11/2022 18:01,GOOD,T-75899-11,JPMC-BILLING-COMPANY-75502-11,USA,1911.49,JPMC-CLIENT-75499-11,USA,WIRE,jpm_aml,compliance_transaction,FALSE,banking,synthetic_research
17/11/2022 2:46,GOOD,T-687496-04,JPMC-CLIENT-687131-04,USA,5269.54,CHECKING-687144-04,,WIRE,jpm_aml,compliance_transaction,FALSE,banking,synthetic_research
17/11/2022 3:03,GOOD,T-1218703-06,JPMC-CLIENT-1218378-06,USA,294.12,OWNER-1218451-06,USA,WIRE,jpm_aml,compliance_transaction,FALSE,banking,synthetic_research
17/11/2022 5:32,GOOD,T-446273-04,,,6006.85,JPMC-CLIENT-446022-04,USA,CASH-DEPOSIT,jpm_aml,compliance_transaction,FALSE,banking,synthetic_research
17/11/2022 5:45,GOOD,T-1406250-10,JPMC-CLIENT-1405904-10,USA,511.14,BILLING-COMPANY-1405907-10,USA,PAYMENT,jpm_aml,compliance_transaction,FALSE,banking,synthetic_research
17/11/2022 11:22,BAD,T-515960-00,,,446395,JPMC-CLIENT-515749-00,USA,CASH-DEPOSIT,jpm_aml,compliance_transaction,TRUE,banking,synthetic_research
17/11/2022 12:13,GOOD,T-901098-04,JPMC-CLIENT-900767-04,USA,877.09,BILLING-COMPANY-900770-04,USA,PAYMENT,jpm_aml,compliance_transaction,FALSE,banking,synthetic_research
17/11/2022 12:30,GOOD,T-775272-04,JPMC-CLIENT-774922-04,USA,938.29,JPMC-BILLING-COMPANY-774925-04,USA,PAYMENT,jpm_aml,compliance_transaction,FALSE,banking,synthetic_research
17/11/2022 16:21,GOOD,T-987299-04,BILLING-COMPANY-986931-04,USA,2832.11,JPMC-CLIENT-986928-04,UNITED-KINGDOM,WIRE,jpm_aml,compliance_transaction,FALSE,banking,synthetic_research
17/11/2022 20:03,BAD,T-1804783-00,JPMC-CLIENT-1804567-00,USA,500094,,,WITHDRAWL,jpm_aml,compliance_transaction,TRUE,banking,synthetic_research
17/11/2022 21:24,GOOD,T-625373-10,,,5673.1,JPMC-CLIENT-625070-10,USA,CASH-DEPOSIT,jpm_aml,compliance_transaction,FALSE,banking,synthetic_research
18/11/2022 1:48,GOOD,T-1388706-04,,,9500.94,JPMC-CLIENT-1388388-04,USA,CASH-DEPOSIT,jpm_aml,compliance_transaction,FALSE,banking,synthetic_research
18/11/2022 5:26,GOOD,T-1656719-06,COMPANY-1656318-06,USA,633.65,JPMC-CLIENT-1656311-06,USA,WIRE,jpm_aml,compliance_transaction,FALSE,banking,synthetic_research
18/11/2022 6:13,GOOD,T-911880-06,JPMC-CLIENT-911375-06,USA,1498.32,,,WITHDRAWL,jpm_aml,compliance_transaction,FALSE,banking,synthetic_research
18/11/2022 7:21,BAD,T-2396471-00,JPMC-CLIENT-2396237-00,USA,500015,JPMC-CUSTOMER-2396242-00,USA,CRYPTO-TRANSFER,jpm_aml,compliance_transaction,TRUE,banking,synthetic_research
18/11/2022 11:12,GOOD,T-459182-05,JPMC-BILLING-COMPANY-458811-05,USA,2167.92,JPMC-CLIENT-458808-05,USA,WIRE,jpm_aml,compliance_transaction,FALSE,banking,synthetic_research
18/11/2022 12:11,GOOD,T-1788026-04,BILLING-COMPANY-1787652-04,USA,2360.04,JPMC-CLIENT-1787649-04,UNITED-KINGDOM,WIRE,jpm_aml,compliance_transaction,FALSE,banking,synthetic_research
18/11/2022 15:40,BAD,T-1440608-00,JPMC-CLIENT-1440419-00,INDIA,50001,CUSTOMER-1440424-00,USA,CRYPTO-TRANSFER,jpm_aml,compliance_transaction,TRUE,banking,synthetic_research
18/11/2022 18:35,GOOD,T-237990-11,JPMC-CLIENT-237599-11,USA,181.16,BILLING-COMPANY-237602-11,USA,PAYMENT,jpm_aml,compliance_transaction,FALSE,banking,synthetic_research
19/11/2022 3:37,GOOD,T-389726-05,JPMC-CLIENT-389401-05,USA,408.4,BILLING-COMPANY-389404-05,USA,PAYMENT,jpm_aml,compliance_transaction,FALSE,banking,synthetic_research
19/11/2022 4:24,GOOD,T-172784-01,JPMC-CLIENT-172408-01,INDIA,5000.68,,,WITHDRAWL,jpm_aml,compliance_transaction,FALSE,banking,synthetic_research
19/11/2022 20:33,GOOD,T-514426-10,JPMC-CLIENT-514096-10,USA,9132.62,CHECKING-514106-10,,WIRE,jpm_aml,compliance_transaction,FALSE,banking,synthetic_research
19/11/2022 22:41,BAD,T-1565269-00,JPMC-CLIENT-1565058-00,ARGENTINA,688292,CUSTOMER-1565063-00,USA,CRYPTO-TRANSFER,jpm_aml,compliance_transaction,TRUE,banking,synthetic_research
20/11/2022 8:46,GOOD,T-1168927-06,COMPANY-1168574-06,USA,500.74,JPMC-CLIENT-1168569-06,UNITED-KINGDOM,WIRE,jpm_aml,compliance_transaction,FALSE,banking,synthetic_research
20/11/2022 9:29,GOOD,T-1196736-04,BILLING-COMPANY-1196375-04,USA,4181.17,JPMC-CLIENT-1196372-04,USA,WIRE,jpm_aml,compliance_transaction,FALSE,banking,synthetic_research
20/11/2022 11:20,GOOD,T-1256774-11,JPMC-CLIENT-1256448-11,USA,100.4,OWNER-1256522-11,USA,WIRE,jpm_aml,compliance_transaction,FALSE,banking,synthetic_research
20/11/2022 19:56,GOOD,T-958979-06,COMPANY-958571-06,USA,1626.51,JPMC-CLIENT-958564-06,UNITED-KINGDOM,WIRE,jpm_aml,compliance_transaction,FALSE,banking,synthetic_research
20/11/2022 23:13,GOOD,T-381630-11,JPMC-BILLING-COMPANY-381214-11,USA,4537.75,JPMC-CLIENT-381211-11,USA,WIRE,jpm_aml,compliance_transaction,FALSE,banking,synthetic_research
21/11/2022 5:49,GOOD,T-220921-03,JPMC-BILLING-COMPANY-220558-03,USA,3388,JPMC-CLIENT-220555-03,UNITED-KINGDOM,WIRE,jpm_aml,compliance_transaction,FALSE,banking,synthetic_research
21/11/2022 9:14,GOOD,T-564370-04,JPMC-CLIENT-563986-04,USA,5679.94,,,WITHDRAWL,jpm_aml,compliance_transaction,FALSE,banking,synthetic_research
21/11/2022 17:04,GOOD,T-888174-05,JPMC-CLIENT-887797-05,USA,87.44,OWNER-887875-05,USA,WIRE,jpm_aml,compliance_transaction,FALSE,banking,synthetic_research
21/11/2022 17:29,GOOD,T-109428-09,JPMC-CLIENT-109086-09,USA,100.46,BILLING-COMPANY-109089-09,USA,PAYMENT,jpm_aml,compliance_transaction,FALSE,banking,synthetic_research
21/11/2022 17:50,GOOD,T-254412-05,JPMC-CLIENT-254116-05,UNITED-KINGDOM,6137.35,,,WITHDRAWL,jpm_aml,compliance_transaction,FALSE,banking,synthetic_research
21/11/2022 17:55,GOOD,T-385433-04,JPMC-CLIENT-385166-04,NIGERIA,6956.86,CHECKING-385174-04,,WIRE,jpm_aml,compliance_transaction,FALSE,banking,synthetic_research
21/11/2022 18:08,GOOD,T-516223-04,JPMC-CLIENT-515901-04,USA,1000.5,OWNER-515974-04,USA,WIRE,jpm_aml,compliance_transaction,FALSE,banking,synthetic_research
21/11/2022 21:49,GOOD,T-2693-12,BILLING-COMPANY-2341-12,USA,570.17,JPMC-CLIENT-2338-12,USA,WIRE,jpm_aml,compliance_transaction,FALSE,banking,synthetic_research
22/11/2022 1:48,GOOD,T-140852-02,JPMC-CLIENT-140467-02,USA,100.97,JPMC-BILLING-COMPANY-140470-02,USA,PAYMENT,jpm_aml,compliance_transaction,FALSE,banking,synthetic_research
22/11/2022 2:35,BAD,T-2592446-00,,,56904,JPMC-CLIENT-2592230-00,USA,CASH-DEPOSIT,jpm_aml,compliance_transaction,TRUE,banking,synthetic_research
22/11/2022 7:21,GOOD,T-539379-04,BILLING-COMPANY-538970-04,USA,550.38,JPMC-CLIENT-538967-04,USA,WIRE,jpm_aml,compliance_transaction,FALSE,banking,synthetic_research
22/11/2022 8:42,GOOD,T-127575-10,JPMC-CLIENT-127238-10,UNITED-KINGDOM,6226.49,CHECKING-127247-10,,WIRE,jpm_aml,compliance_transaction,FALSE,banking,synthetic_research
22/11/2022 8:46,GOOD,T-2597652-04,JPMC-CLIENT-2597349-04,USA,8317.52,CHECKING-2597357-04,,WIRE,jpm_aml,compliance_transaction,FALSE,banking,synthetic_research
22/11/2022 11:29,GOOD,T-224206-05,JPMC-BILLING-COMPANY-223837-05,USA,550.44,JPMC-CLIENT-223834-05,USA,WIRE,jpm_aml,compliance_transaction,FALSE,banking,synthetic_research
22/11/2022 11:46,GOOD,T-663898-07,JPMC-CLIENT-663596-07,UNITED-KINGDOM,1902.64,,,WITHDRAWL,jpm_aml,compliance_transaction,FALSE,banking,synthetic_research
22/11/2022 11:58,BAD,T-268530-00,JPMC-CLIENT-268304-00,USA,500088,CUSTOMER-268309-00,SWEDEN,CRYPTO-TRANSFER,jpm_aml,compliance_transaction,TRUE,banking,synthetic_research
22/11/2022 19:44,GOOD,T-206002-02,JPMC-BILLING-COMPANY-205656-02,USA,780.06,JPMC-CLIENT-205653-02,USA,WIRE,jpm_aml,compliance_transaction,FALSE,banking,synthetic_research
23/11/2022 8:10,GOOD,T-823770-10,COMPANY-823432-10,USA,3858.6301,JPMC-CLIENT-823425-10,USA,WIRE,jpm_aml,compliance_transaction,FALSE,banking,synthetic_research
23/11/2022 21:58,GOOD,T-443307-02,JPMC-CLIENT-442973-02,USA,9355.47,CHECKING-442983-02,,WIRE,jpm_aml,compliance_transaction,FALSE,banking,synthetic_research
24/11/2022 2:44,BAD,T-2051238-00,JPMC-CLIENT-2050998-00,UNITED-KINGDOM,500041,,,WITHDRAWL,jpm_aml,compliance_transaction,TRUE,banking,synthetic_research
24/11/2022 2:48,GOOD,T-1419833-04,,,328.56,JPMC-CLIENT-1419577-04,USA,CASH-DEPOSIT,jpm_aml,compliance_transaction,FALSE,banking,synthetic_research
24/11/2022 4:52,GOOD,T-1729112-04,BILLING-COMPANY-1728750-04,USA,500.24,JPMC-CLIENT-1728747-04,USA,WIRE,jpm_aml,compliance_transaction,FALSE,banking,synthetic_research
24/11/2022 6:00,GOOD,T-1013394-04,JPMC-CLIENT-1013012-04,USA,1000.76,OWNER-1013094-04,USA,WIRE,jpm_aml,compliance_transaction,FALSE,banking,synthetic_research
24/11/2022 7:42,BAD,T-1935004-00,,,841338,JPMC-CLIENT-1934754-00,USA,CASH-DEPOSIT,jpm_aml,compliance_transaction,TRUE,banking,synthetic_research
24/11/2022 8:55,BAD,T-2723706-00,,,69693,JPMC-CLIENT-2723481-00,USA,CASH-DEPOSIT,jpm_aml,compliance_transaction,TRUE,banking,synthetic_research
24/11/2022 12:45,BAD,T-21029-00,JPMC-CLIENT-20797-00,USA,658159,CUSTOMER-20802-00,USA,CRYPTO-TRANSFER,jpm_aml,compliance_transaction,TRUE,banking,synthetic_research
24/11/2022 15:19,BAD,T-716857-00,,,778136,JPMC-CLIENT-716623-00,UNITED-KINGDOM,CASH-DEPOSIT,jpm_aml,compliance_transaction,TRUE,banking,synthetic_research
24/11/2022 17:57,BAD,T-229268-00,,,500082,JPMC-CLIENT-229080-00,USA,CASH-DEPOSIT,jpm_aml,compliance_transaction,TRUE,banking,synthetic_research
24/11/2022 18:35,GOOD,T-1380545-10,COMPANY-1380222-10,USA,1784.3,JPMC-CLIENT-1380215-10,USA,WIRE,jpm_aml,compliance_transaction,FALSE,banking,synthetic_research
24/11/2022 19:31,GOOD,T-1265570-04,COMPANY-1265219-04,USA,550.38,JPMC-CLIENT-1265209-04,USA,WIRE,jpm_aml,compliance_transaction,FALSE,banking,synthetic_research
24/11/2022 19:52,GOOD,T-829033-05,JPMC-CLIENT-828676-05,USA,366.77,OWNER-828760-05,USA,WIRE,jpm_aml,compliance_transaction,FALSE,banking,synthetic_research
24/11/2022 22:00,BAD,T-2156801-00,,,19931,JPMC-CLIENT-2156544-00,USA,CASH-DEPOSIT,jpm_aml,compliance_transaction,TRUE,banking,synthetic_research
25/11/2022 0:55,GOOD,T-193274-12,JPMC-CLIENT-192929-12,USA,5000.96,,,WITHDRAWL,jpm_aml,compliance_transaction,FALSE,banking,synthetic_research
25/11/2022 1:42,GOOD,T-330468-10,COMPANY-330114-10,USA,3640.78,JPMC-CLIENT-330106-10,CHINA,WIRE,jpm_aml,compliance_transaction,FALSE,banking,synthetic_research
25/11/2022 5:20,GOOD,T-734987-05,JPMC-CLIENT-734719-05,USA,3721.21,,,WITHDRAWL,jpm_aml,compliance_transaction,FALSE,banking,synthetic_research
25/11/2022 5:45,GOOD,T-1244344-11,JPMC-CLIENT-1243956-11,USA,6577.4,CHECKING-1243968-11,,WIRE,jpm_aml,compliance_transaction,FALSE,banking,synthetic_research
25/11/2022 8:40,GOOD,T-282451-11,JPMC-CLIENT-282104-11,UNITED-KINGDOM,868.66,BILLING-COMPANY-282107-11,USA,PAYMENT,jpm_aml,compliance_transaction,FALSE,banking,synthetic_research
25/11/2022 10:40,GOOD,T-1391182-04,JPMC-CLIENT-1390831-04,USA,9041.06,CHECKING-1390840-04,,WIRE,jpm_aml,compliance_transaction,FALSE,banking,synthetic_research
25/11/2022 15:38,GOOD,T-1996565-04,JPMC-CLIENT-1996228-04,USA,807.76,BILLING-COMPANY-1996231-04,USA,PAYMENT,jpm_aml,compliance_transaction,FALSE,banking,synthetic_research
25/11/2022 16:17,GOOD,T-29236-06,BILLING-COMPANY-28822-06,USA,4950.87,JPMC-CLIENT-28819-06,USA,WIRE,jpm_aml,compliance_transaction,FALSE,banking,synthetic_research
25/11/2022 21:02,GOOD,T-96669-14,JPMC-CLIENT-96326-14,USA,6461.36,CHECKING-96337-14,,WIRE,jpm_aml,compliance_transaction,FALSE,banking,synthetic_research
26/11/2022 1:18,GOOD,T-61062-09,JPMC-CLIENT-60733-09,UNITED-KINGDOM,818,BILLING-COMPANY-60736-09,USA,PAYMENT,jpm_aml,compliance_transaction,FALSE,banking,synthetic_research
26/11/2022 13:49,GOOD,T-207854-11,COMPANY-207523-11,USA,550.56,JPMC-CLIENT-207518-11,USA,WIRE,jpm_aml,compliance_transaction,FALSE,banking,synthetic_research
26/11/2022 14:02,BAD,T-1249952-00,,,500056,JPMC-CLIENT-1249724-00,UNITED-KINGDOM,CASH-DEPOSIT,jpm_aml,compliance_transaction,TRUE,banking,synthetic_research
26/11/2022 14:19,GOOD,T-75638-01,JPMC-CLIENT-75277-01,USA,2763.5,CHECKING-75289-01,,WIRE,jpm_aml,compliance_transaction,FALSE,banking,synthetic_research
26/11/2022 14:49,GOOD,T-167876-03,JPMC-CLIENT-167520-03,USA,675.58,JPMC-BILLING-COMPANY-167523-03,USA,PAYMENT,jpm_aml,compliance_transaction,FALSE,banking,synthetic_research
26/11/2022 15:19,GOOD,T-52123-12,JPMC-CLIENT-51755-12,USA,2144.85,CHECKING-51763-12,,WIRE,jpm_aml,compliance_transaction,FALSE,banking,synthetic_research
26/11/2022 15:23,BAD,T-1818384-00,JPMC-CLIENT-1818139-00,USA,1033934,BILLING-COMPANY-1818142-00,USA,PAYMENT,jpm_aml,compliance_transaction,TRUE,banking,synthetic_research
26/11/2022 20:52,GOOD,T-347374-05,JPMC-CLIENT-347048-05,USA,6658.69,,,WITHDRAWL,jpm_aml,compliance_transaction,FALSE,banking,synthetic_research
26/11/2022 21:34,BAD,T-2319082-00,JPMC-CLIENT-2318750-00,USA,1585394,BILLING-COMPANY-2318753-00,USA,PAYMENT,jpm_aml,compliance_transaction,TRUE,banking,synthetic_research
26/11/2022 22:30,GOOD,T-321873-02,JPMC-CLIENT-321414-02,USA,1972.22,,,WITHDRAWL,jpm_aml,compliance_transaction,FALSE,banking,synthetic_research
27/11/2022 6:06,BAD,T-1996470-00,,,950096,JPMC-CLIENT-1996240-00,USA,CASH-DEPOSIT,jpm_aml,compliance_transaction,TRUE,banking,synthetic_research
27/11/2022 7:06,GOOD,T-257807-14,JPMC-CLIENT-257515-14,USA,3664.2,CHECKING-257523-14,,WIRE,jpm_aml,compliance_transaction,FALSE,banking,synthetic_research
27/11/2022 7:10,GOOD,T-593815-14,JPMC-BILLING-COMPANY-593436-14,USA,550.01,JPMC-CLIENT-593433-14,USA,WIRE,jpm_aml,compliance_transaction,FALSE,banking,synthetic_research
27/11/2022 8:32,GOOD,T-119033-12,COMPANY-118696-12,USA,4478.24,JPMC-CLIENT-118691-12,UNITED-KINGDOM,WIRE,jpm_aml,compliance_transaction,FALSE,banking,synthetic_research
27/11/2022 10:14,GOOD,T-1530335-06,JPMC-CLIENT-1530044-06,USA,5000.46,,,WITHDRAWL,jpm_aml,compliance_transaction,FALSE,banking,synthetic_research
27/11/2022 13:30,BAD,T-219591-00,JPMC-CLIENT-219364-00,USA,815131,CUSTOMER-219369-00,USA,CRYPTO-TRANSFER,jpm_aml,compliance_transaction,TRUE,banking,synthetic_research
27/11/2022 16:38,GOOD,T-390769-10,JPMC-CLIENT-390420-10,UNITED-KINGDOM,611.78,BILLING-COMPANY-390423-10,USA,PAYMENT,jpm_aml,compliance_transaction,FALSE,banking,synthetic_research
27/11/2022 17:25,GOOD,T-1464988-06,JPMC-CLIENT-1464675-06,USA,5000.17,CHECKING-1464685-06,,WIRE,jpm_aml,compliance_transaction,FALSE,banking,synthetic_research
27/11/2022 17:46,BAD,T-2369860-00,,,50002,JPMC-CLIENT-2369615-00,USA,CASH-DEPOSIT,jpm_aml,compliance_transaction,TRUE,banking,synthetic_research
27/11/2022 18:12,GOOD,T-634381-10,COMPANY-634075-10,USA,1345.6,JPMC-CLIENT-634068-10,USA,WIRE,jpm_aml,compliance_transaction,FALSE,banking,synthetic_research
27/11/2022 18:50,BAD,T-2764795-00,,,73757,JPMC-CLIENT-2764527-00,USA,CASH-DEPOSIT,jpm_aml,compliance_transaction,TRUE,banking,synthetic_research
27/11/2022 22:11,GOOD,T-1080677-06,JPMC-CLIENT-1080338-06,USA,925.89,OWNER-1080418-06,USA,WIRE,jpm_aml,compliance_transaction,FALSE,banking,synthetic_research
27/11/2022 22:49,GOOD,T-838874-05,JPMC-CLIENT-838517-05,USA,8749.7,CHECKING-838527-05,,WIRE,jpm_aml,compliance_transaction,FALSE,banking,synthetic_research
28/11/2022 7:34,GOOD,T-733207-06,,,7694.05,JPMC-CLIENT-732883-06,UNITED-KINGDOM,CASH-DEPOSIT,jpm_aml,compliance_transaction,FALSE,banking,synthetic_research
28/11/2022 8:17,BAD,T-350441-00,JPMC-CLIENT-350166-00,USA,649758,,,WITHDRAWL,jpm_aml,compliance_transaction,TRUE,banking,synthetic_research
28/11/2022 11:20,GOOD,T-1017485-11,JPMC-CLIENT-1017199-11,USA,5000.75,,,WITHDRAWL,jpm_aml,compliance_transaction,FALSE,banking,synthetic_research
28/11/2022 11:50,BAD,T-1154075-00,JPMC-CLIENT-1153854-00,USA,500039,JPMC-CUSTOMER-1153859-00,USA,CRYPTO-TRANSFER,jpm_aml,compliance_transaction,TRUE,banking,synthetic_research
28/11/2022 13:07,GOOD,T-282805-11,JPMC-CLIENT-282513-11,USA,7992.19,CHECKING-282525-11,,WIRE,jpm_aml,compliance_transaction,FALSE,banking,synthetic_research
28/11/2022 13:15,BAD,T-2555144-00,JPMC-CLIENT-2554893-00,USA,896993,JPMC-CUSTOMER-2554898-00,USA,CRYPTO-TRANSFER,jpm_aml,compliance_transaction,TRUE,banking,synthetic_research
28/11/2022 13:32,BAD,T-2525273-00,,,372058,JPMC-CLIENT-2525039-00,USA,CASH-DEPOSIT,jpm_aml,compliance_transaction,TRUE,banking,synthetic_research
28/11/2022 17:06,BAD,T-320370-00,JPMC-CLIENT-320127-00,USA,182022,CUSTOMER-320132-00,USA,CRYPTO-TRANSFER,jpm_aml,compliance_transaction,TRUE,banking,synthetic_research
28/11/2022 18:22,BAD,T-738608-00,,,881032,JPMC-CLIENT-738388-00,USA,CASH-DEPOSIT,jpm_aml,compliance_transaction,TRUE,banking,synthetic_research
28/11/2022 19:22,GOOD,T-599928-07,JPMC-CLIENT-599616-07,USA,806.91,OWNER-599694-07,USA,WIRE,jpm_aml,compliance_transaction,FALSE,banking,synthetic_research
28/11/2022 21:17,BAD,T-2750328-00,JPMC-CLIENT-2750046-00,UNITED-KINGDOM,1091001,JPMC-BILLING-COMPANY-2750049-00,USA,PAYMENT,jpm_aml,compliance_transaction,TRUE,banking,synthetic_research
29/11/2022 1:38,GOOD,T-990588-11,JPMC-CLIENT-990281-11,RUSSIA,4752.24,,,WITHDRAWL,jpm_aml,compliance_transaction,FALSE,banking,synthetic_research
29/11/2022 6:15,GOOD,T-50617-12,JPMC-CLIENT-50297-12,USA,9357.71,,,WITHDRAWL,jpm_aml,compliance_transaction,FALSE,banking,synthetic_research
29/11/2022 23:10,GOOD,T-3743-01,JPMC-CLIENT-3343-01,USA,1464.16,,,WITHDRAWL,jpm_aml,compliance_transaction,FALSE,banking,synthetic_research
30/11/2022 2:35,GOOD,T-489598-14,JPMC-CLIENT-488998-14,USA,6195.18,COMPANY-489006-14,USA,WIRE,jpm_aml,compliance_transaction,FALSE,banking,synthetic_research
30/11/2022 4:09,GOOD,T-160543-10,,,4.77,JPMC-CLIENT-160248-10,USA,CASH-DEPOSIT,jpm_aml,compliance_transaction,FALSE,banking,synthetic_research
30/11/2022 9:25,GOOD,T-1420254-06,JPMC-CLIENT-1419930-06,USA,5192.29,,,WITHDRAWL,jpm_aml,compliance_transaction,FALSE,banking,synthetic_research
30/11/2022 21:43,GOOD,T-162068-04,JPMC-CLIENT-161618-04,USA,558.87,JPMC-BILLING-COMPANY-161621-04,USA,PAYMENT,jpm_aml,compliance_transaction,FALSE,banking,synthetic_research
30/11/2022 23:08,GOOD,T-1093239-06,JPMC-CLIENT-1092832-06,USA,990.91,BILLING-COMPANY-1092835-06,USA,PAYMENT,jpm_aml,compliance_transaction,FALSE,banking,synthetic_research
30/11/2022 23:34,GOOD,T-969520-06,BILLING-COMPANY-969132-06,USA,2839.78,JPMC-CLIENT-969129-06,USA,WIRE,jpm_aml,compliance_transaction,FALSE,banking,synthetic_research
07/12/2022 0:59,GOOD,T-153566-05,STANDARD-COMPANY-153412-05,USA,4067.42,JPMC-CLIENT-153408-05,UNITED-KINGDOM,WIRE,jpm_aml,compliance_transaction,FALSE,banking,synthetic_research
07/12/2022 2:54,GOOD,T-1081779-11,COMPANY-1081671-11,USA,5286.45,JPMC-CLIENT-1081662-11,USA,WIRE,jpm_aml,compliance_transaction,FALSE,banking,synthetic_research
07/12/2022 6:45,GOOD,T-414520-07,BILLING-COMPANY-414382-07,USA,3305.3801,JPMC-CLIENT-414379-07,USA,WIRE,jpm_aml,compliance_transaction,FALSE,banking,synthetic_research
07/12/2022 11:09,GOOD,T-232220-07,JPMC-CLIENT-231953-07,USA,3678.63,CHECKING-231963-07,,WIRE,jpm_aml,compliance_transaction,FALSE,banking,synthetic_research
07/12/2022 12:18,GOOD,T-413091-14,COMPANY-412959-14,UNITED-KINGDOM,4730.04,JPMC-CLIENT-412954-14,USA,WIRE,jpm_aml,compliance_transaction,FALSE,banking,synthetic_research
07/12/2022 19:50,GOOD,T-45796-13,CUSTOMER-45554-13,USA,0,JPMC-CLIENT-45548-13,USA,KYC-ADD-ACCOUNT-OWNER,jpm_aml,compliance_transaction,FALSE,banking,synthetic_research
07/12/2022 19:58,GOOD,T-542933-10,JPMC-CLIENT-542790-10,UNITED-KINGDOM,18.87,OWNER-542804-10,USA,WIRE,jpm_aml,compliance_transaction,FALSE,banking,synthetic_research
07/12/2022 22:28,GOOD,T-315648-14,,,2418.93,JPMC-CLIENT-315368-14,USA,CASH-DEPOSIT,jpm_aml,compliance_transaction,FALSE,banking,synthetic_research
08/12/2022 3:48,GOOD,T-606608-04,JPMC-CLIENT-606434-04,PORTUGAL,4072.54,OWNER-606456-04,USA,WIRE,jpm_aml,compliance_transaction,FALSE,banking,synthetic_research
08/12/2022 12:28,GOOD,T-1530484-04,JPMC-CLIENT-1530339-04,USA,84.93,OWNER-1530373-04,USA,WIRE,jpm_aml,compliance_transaction,FALSE,banking,synthetic_research
08/12/2022 14:58,GOOD,T-371517-10,JPMC-CLIENT-371350-10,USA,936.19,BILLING-COMPANY-371353-10,USA,PAYMENT,jpm_aml,compliance_transaction,FALSE,banking,synthetic_research
08/12/2022 15:40,GOOD,T-501705-07,COMPANY-501518-07,USA,1451.01,JPMC-CLIENT-501510-07,ARGENTINA,WIRE,jpm_aml,compliance_transaction,FALSE,banking,synthetic_research
08/12/2022 16:36,GOOD,T-1655698-06,BILLING-COMPANY-1655468-06,USA,4220.29,JPMC-CLIENT-1655465-06,UNITED-KINGDOM,WIRE,jpm_aml,compliance_transaction,FALSE,banking,synthetic_research
08/12/2022 17:44,GOOD,T-1157014-04,JPMC-CLIENT-1156803-04,USA,147.01,BILLING-COMPANY-1156806-04,USA,PAYMENT,jpm_aml,compliance_transaction,FALSE,banking,synthetic_research
08/12/2022 18:10,GOOD,T-1372455-06,,,9500.85,JPMC-CLIENT-1372205-06,UNITED-KINGDOM,CASH-DEPOSIT,jpm_aml,compliance_transaction,FALSE,banking,synthetic_research
08/12/2022 22:13,GOOD,T-629189-14,JPMC-CLIENT-628994-14,USA,919.84,BILLING-COMPANY-628997-14,USA,PAYMENT,jpm_aml,compliance_transaction,FALSE,banking,synthetic_research
09/12/2022 1:59,GOOD,T-219815-14,JPMC-CLIENT-219597-14,USA,945.22,OWNER-219629-14,USA,WIRE,jpm_aml,compliance_transaction,FALSE,banking,synthetic_research
09/12/2022 6:06,GOOD,T-2075778-04,JPMC-CLIENT-2075523-04,UNITED-KINGDOM,855.96,BILLING-COMPANY-2075526-04,USA,PAYMENT,jpm_aml,compliance_transaction,FALSE,banking,synthetic_research
09/12/2022 8:19,GOOD,T-213921-14,JPMC-CLIENT-213561-14,USA,5000.35,,,WITHDRAWL,jpm_aml,compliance_transaction,FALSE,banking,synthetic_research
09/12/2022 8:49,GOOD,T-486349-05,JPMC-CLIENT-486093-05,NICARAGUA,1457.85,,,WITHDRAWL,jpm_aml,compliance_transaction,FALSE,banking,synthetic_research
09/12/2022 10:14,GOOD,T-2334616-04,JPMC-CLIENT-2334317-04,USA,5000.16,CHECKING-2334325-04,,WIRE,jpm_aml,compliance_transaction,FALSE,banking,synthetic_research
09/12/2022 13:00,GOOD,T-477328-04,BILLING-COMPANY-476950-04,USA,1087.02,JPMC-CLIENT-476947-04,USA,WIRE,jpm_aml,compliance_transaction,FALSE,banking,synthetic_research
09/12/2022 20:03,GOOD,T-429886-02,JPMC-CLIENT-429612-02,USA,4656.69,,,WITHDRAWL,jpm_aml,compliance_transaction,FALSE,banking,synthetic_research
09/12/2022 22:36,GOOD,T-1349966-10,JPMC-CLIENT-1349735-10,UNITED-KINGDOM,576.04,JPMC-BILLING-COMPANY-1349738-10,USA,PAYMENT,jpm_aml,compliance_transaction,FALSE,banking,synthetic_research
10/12/2022 0:46,BAD,T-1480043-00,COMPANY-1480019-00,USA,0,JPMC-CLIENT-1479845-00,USA,KYC-ADD-ACCOUNT-OWNER,jpm_aml,compliance_transaction,TRUE,banking,synthetic_research
10/12/2022 12:52,GOOD,T-354692-10,,,3294.2,JPMC-CLIENT-354309-10,USA,CASH-DEPOSIT,jpm_aml,compliance_transaction,FALSE,banking,synthetic_research
10/12/2022 17:21,GOOD,T-22055-07,,,3379.13,JPMC-CLIENT-21747-07,UNITED-KINGDOM,CASH-DEPOSIT,jpm_aml,compliance_transaction,FALSE,banking,synthetic_research
10/12/2022 17:29,GOOD,T-1508429-10,COMPANY-1508136-10,UNITED-KINGDOM,2170.99,JPMC-CLIENT-1508131-10,USA,WIRE,jpm_aml,compliance_transaction,FALSE,banking,synthetic_research
10/12/2022 17:59,GOOD,T-82212-10,JPMC-CLIENT-81948-10,USA,3257.55,,,WITHDRAWL,jpm_aml,compliance_transaction,FALSE,banking,synthetic_research
10/12/2022 18:16,GOOD,T-169518-04,JPMC-CLIENT-169269-04,USA,5000.32,CHECKING-169280-04,,WIRE,jpm_aml,compliance_transaction,FALSE,banking,synthetic_research
10/12/2022 20:45,GOOD,T-129429-03,COMPANY-129140-03,USA,3693.68,JPMC-CLIENT-129133-03,UNITED-KINGDOM,WIRE,jpm_aml,compliance_transaction,FALSE,banking,synthetic_research
11/12/2022 1:18,GOOD,T-213034-14,BILLING-COMPANY-212693-14,USA,2633.7302,JPMC-CLIENT-212690-14,USA,WIRE,jpm_aml,compliance_transaction,FALSE,banking,synthetic_research
11/12/2022 1:23,BAD,T-967461-00,,,182094,JPMC-CLIENT-967249-00,USA,CASH-DEPOSIT,jpm_aml,compliance_transaction,TRUE,banking,synthetic_research
11/12/2022 2:05,GOOD,T-1406248-10,BILLING-COMPANY-1405907-10,USA,4228.42,JPMC-CLIENT-1405904-10,USA,WIRE,jpm_aml,compliance_transaction,FALSE,banking,synthetic_research
11/12/2022 8:04,BAD,T-2672801-00,,,538994,JPMC-CLIENT-2672594-00,USA,CASH-DEPOSIT,jpm_aml,compliance_transaction,TRUE,banking,synthetic_research
11/12/2022 17:44,BAD,T-2481708-00,JPMC-CLIENT-2481512-00,USA,768622,JPMC-CUSTOMER-2481517-00,USA,CRYPTO-TRANSFER,jpm_aml,compliance_transaction,TRUE,banking,synthetic_research
11/12/2022 19:52,GOOD,T-485380-07,JPMC-CLIENT-485034-07,USA,5338.95,CHECKING-485043-07,,WIRE,jpm_aml,compliance_transaction,FALSE,banking,synthetic_research
11/12/2022 20:43,GOOD,T-2169584-04,BILLING-COMPANY-2169193-04,USA,1188.19,JPMC-CLIENT-2169190-04,USA,WIRE,jpm_aml,compliance_transaction,FALSE,banking,synthetic_research
11/12/2022 22:30,BAD,T-814728-00,JPMC-CLIENT-814508-00,USA,381736,JPMC-CUSTOMER-814513-00,USA,CRYPTO-TRANSFER,jpm_aml,compliance_transaction,TRUE,banking,synthetic_research
12/12/2022 1:23,GOOD,T-786787-10,JPMC-STANDARD-COMPANY-786383-10,USA,2738.6802,JPMC-CLIENT-786379-10,USA,WIRE,jpm_aml,compliance_transaction,FALSE,banking,synthetic_research
12/12/2022 2:35,BAD,T-1651691-00,,,500044,JPMC-CLIENT-1651469-00,USA,CASH-DEPOSIT,jpm_aml,compliance_transaction,TRUE,banking,synthetic_research
12/12/2022 8:29,GOOD,T-89499-02,BILLING-COMPANY-89117-02,USA,2976.46,JPMC-CLIENT-89114-02,USA,WIRE,jpm_aml,compliance_transaction,FALSE,banking,synthetic_research
12/12/2022 9:21,BAD,T-1070502-00,JPMC-CLIENT-1070248-00,USA,1655326,CUSTOMER-1070279-00,UNITED-KINGDOM,WIRE,jpm_aml,compliance_transaction,TRUE,banking,synthetic_research
12/12/2022 12:16,GOOD,T-366232-07,JPMC-CLIENT-365967-07,USA,5000.85,,,WITHDRAWL,jpm_aml,compliance_transaction,FALSE,banking,synthetic_research
12/12/2022 18:01,GOOD,T-857165-05,JPMC-CLIENT-856803-05,USA,484.77,JPMC-BILLING-COMPANY-856806-05,USA,PAYMENT,jpm_aml,compliance_transaction,FALSE,banking,synthetic_research
12/12/2022 22:00,GOOD,T-1503879-06,,,9500.48,JPMC-CLIENT-1503556-06,USA,CASH-DEPOSIT,jpm_aml,compliance_transaction,FALSE,banking,synthetic_research
12/12/2022 22:09,GOOD,T-532847-05,STANDARD-COMPANY-532402-05,USA,2662.91,JPMC-CLIENT-532398-05,USA,WIRE,jpm_aml,compliance_transaction,FALSE,banking,synthetic_research
12/12/2022 22:09,GOOD,T-1730772-04,JPMC-CLIENT-1730475-04,USA,1441.34,,,WITHDRAWL,jpm_aml,compliance_transaction,FALSE,banking,synthetic_research
12/12/2022 23:21,GOOD,T-1493012-10,JPMC-CLIENT-1492654-10,USA,336.09,BILLING-COMPANY-1492657-10,USA,PAYMENT,jpm_aml,compliance_transaction,FALSE,banking,synthetic_research
13/12/2022 0:25,GOOD,T-1294502-04,JPMC-CLIENT-1294056-04,USA,45.49,OWNER-1294164-04,USA,WIRE,jpm_aml,compliance_transaction,FALSE,banking,synthetic_research
13/12/2022 4:58,GOOD,T-126132-06,JPMC-CLIENT-125742-06,USA,167.87,,,WITHDRAWL,jpm_aml,compliance_transaction,FALSE,banking,synthetic_research
13/12/2022 12:22,BAD,T-2647259-00,JPMC-CLIENT-2646938-00,USA,665004,JPMC-CUSTOMER-2646943-00,USA,CRYPTO-TRANSFER,jpm_aml,compliance_transaction,TRUE,banking,synthetic_research
13/12/2022 15:04,GOOD,T-953820-04,JPMC-CLIENT-953373-04,USA,21.84,OWNER-953484-04,USA,WIRE,jpm_aml,compliance_transaction,FALSE,banking,synthetic_research
13/12/2022 18:08,GOOD,T-171963-12,JPMC-CLIENT-171606-12,USA,83.72,OWNER-171689-12,USA,WIRE,jpm_aml,compliance_transaction,FALSE,banking,synthetic_research
13/12/2022 21:37,GOOD,T-213901-11,JPMC-CLIENT-213479-11,SWITZERLAND,971.19,JPMC-BILLING-COMPANY-213482-11,USA,PAYMENT,jpm_aml,compliance_transaction,FALSE,banking,synthetic_research
14/12/2022 2:10,GOOD,T-262233-14,JPMC-CLIENT-261884-14,USA,85.03,OWNER-261956-14,USA,WIRE,jpm_aml,compliance_transaction,FALSE,banking,synthetic_research
14/12/2022 4:52,GOOD,T-68352-08,,,9500.94,JPMC-CLIENT-68011-08,USA,CASH-DEPOSIT,jpm_aml,compliance_transaction,FALSE,banking,synthetic_research
14/12/2022 8:42,GOOD,T-630084-04,JPMC-CLIENT-629640-04,USA,434.75,BILLING-COMPANY-629643-04,USA,PAYMENT,jpm_aml,compliance_transaction,FALSE,banking,synthetic_research
14/12/2022 9:29,GOOD,T-912670-06,BILLING-COMPANY-912343-06,USA,4309.6,JPMC-CLIENT-912340-06,USA,WIRE,jpm_aml,compliance_transaction,FALSE,banking,synthetic_research
14/12/2022 12:11,BAD,T-2161202-00,JPMC-CLIENT-2160951-00,USA,696248,CUSTOMER-2160956-00,USA,CRYPTO-TRANSFER,jpm_aml,compliance_transaction,TRUE,banking,synthetic_research
14/12/2022 18:57,GOOD,T-157309-14,JPMC-CLIENT-156959-14,USA,590.6,OWNER-157044-14,USA,WIRE,jpm_aml,compliance_transaction,FALSE,banking,synthetic_research
14/12/2022 19:18,GOOD,T-453634-10,,,9500.6,JPMC-CLIENT-453254-10,UNITED-KINGDOM,CASH-DEPOSIT,jpm_aml,compliance_transaction,FALSE,banking,synthetic_research
14/12/2022 21:13,GOOD,T-1180042-04,,,9500.07,JPMC-CLIENT-1179710-04,USA,CASH-DEPOSIT,jpm_aml,compliance_transaction,FALSE,banking,synthetic_research
15/12/2022 2:37,GOOD,T-898378-05,JPMC-CLIENT-897987-05,USA,88.01,OWNER-898074-05,USA,WIRE,jpm_aml,compliance_transaction,FALSE,banking,synthetic_research
15/12/2022 7:28,BAD,T-2629433-00,JPMC-CLIENT-2629088-00,USA,655481,CUSTOMER-2629093-00,USA,CRYPTO-TRANSFER,jpm_aml,compliance_transaction,TRUE,banking,synthetic_research
15/12/2022 12:35,GOOD,T-235061-02,COMPANY-234664-02,USA,4189.38,JPMC-CLIENT-234656-02,USA,WIRE,jpm_aml,compliance_transaction,FALSE,banking,synthetic_research
15/12/2022 13:43,GOOD,T-72214-08,JPMC-CLIENT-71928-08,USA,155.4,,,WITHDRAWL,jpm_aml,compliance_transaction,FALSE,banking,synthetic_research
15/12/2022 15:47,GOOD,T-52540-11,BILLING-COMPANY-52187-11,USA,1182.64,JPMC-CLIENT-52184-11,USA,WIRE,jpm_aml,compliance_transaction,FALSE,banking,synthetic_research
16/12/2022 4:56,GOOD,T-52732-07,JPMC-CLIENT-52430-07,USA,5708.94,,,WITHDRAWL,jpm_aml,compliance_transaction,FALSE,banking,synthetic_research
16/12/2022 7:04,GOOD,T-1242149-06,JPMC-CLIENT-1241827-06,USA,8481.23,,,WITHDRAWL,jpm_aml,compliance_transaction,FALSE,banking,synthetic_research
16/12/2022 7:47,GOOD,T-394257-02,JPMC-CLIENT-393865-02,USA,10,OWNER-393948-02,USA,WIRE,jpm_aml,compliance_transaction,FALSE,banking,synthetic_research
16/12/2022 8:25,BAD,T-2779722-00,JPMC-CLIENT-2779527-00,USA,2597957,STANDARD-COMPANY-2779544-00,NICARAGUA,WIRE,jpm_aml,compliance_transaction,TRUE,banking,synthetic_research
16/12/2022 10:42,BAD,T-1720171-00,JPMC-CLIENT-1719807-00,USA,3233878,STANDARD-COMPANY-1719913-00,SYRIA,WIRE,jpm_aml,compliance_transaction,TRUE,banking,synthetic_research
16/12/2022 16:19,GOOD,T-21907-13,,,9500.15,JPMC-CLIENT-21623-13,USA,CASH-DEPOSIT,jpm_aml,compliance_transaction,FALSE,banking,synthetic_research
16/12/2022 18:10,GOOD,T-35460-01,JPMC-CLIENT-35118-01,UNITED-KINGDOM,293.28,BILLING-COMPANY-35121-01,USA,PAYMENT,jpm_aml,compliance_transaction,FALSE,banking,synthetic_research
16/12/2022 19:01,GOOD,T-131788-08,BILLING-COMPANY-131437-08,USA,1706.9501,JPMC-CLIENT-131434-08,USA,WIRE,jpm_aml,compliance_transaction,FALSE,banking,synthetic_research
16/12/2022 20:35,GOOD,T-372805-04,JPMC-CLIENT-372395-04,USA,6225.41,,,WITHDRAWL,jpm_aml,compliance_transaction,FALSE,banking,synthetic_research
16/12/2022 20:56,BAD,T-1054519-00,JPMC-CLIENT-1054255-00,USA,500085,CUSTOMER-1054260-00,USA,CRYPTO-TRANSFER,jpm_aml,compliance_transaction,TRUE,banking,synthetic_research
17/12/2022 2:54,GOOD,T-1147472-11,JPMC-CLIENT-1147105-11,USA,93.5,OWNER-1147183-11,USA,WIRE,jpm_aml,compliance_transaction,FALSE,banking,synthetic_research
17/12/2022 4:54,GOOD,T-841546-11,COMPANY-841168-11,USA,2382.45,JPMC-CLIENT-841158-11,UNITED-KINGDOM,WIRE,jpm_aml,compliance_transaction,FALSE,banking,synthetic_research
17/12/2022 15:34,GOOD,T-702425-05,,,2221.36,JPMC-CLIENT-702115-05,USA,CASH-DEPOSIT,jpm_aml,compliance_transaction,FALSE,banking,synthetic_research
17/12/2022 15:47,BAD,T-169122-00,JPMC-CLIENT-168925-00,NIGERIA,930995,,,WITHDRAWL,jpm_aml,compliance_transaction,TRUE,banking,synthetic_research
17/12/2022 16:29,GOOD,T-37772-06,JPMC-CLIENT-37424-06,USA,10.61,OWNER-37505-06,USA,WIRE,jpm_aml,compliance_transaction,FALSE,banking,synthetic_research
17/12/2022 17:21,GOOD,T-1400336-04,BILLING-COMPANY-1399975-04,USA,1495.37,JPMC-CLIENT-1399972-04,USA,WIRE,jpm_aml,compliance_transaction,FALSE,banking,synthetic_research
17/12/2022 20:07,GOOD,T-96695-14,JPMC-CLIENT-96326-14,USA,5535.76,,,WITHDRAWL,jpm_aml,compliance_transaction,FALSE,banking,synthetic_research
17/12/2022 21:20,GOOD,T-788662-04,JPMC-CLIENT-788330-04,USA,383.43,,,WITHDRAWL,jpm_aml,compliance_transaction,FALSE,banking,synthetic_research
18/12/2022 2:01,BAD,T-750263-00,JPMC-CLIENT-750016-00,USA,906219,JPMC-CUSTOMER-750021-00,USA,CRYPTO-TRANSFER,jpm_aml,compliance_transaction,TRUE,banking,synthetic_research
18/12/2022 9:29,GOOD,T-2814369-04,JPMC-CLIENT-2814061-04,USA,5666.36,,,WITHDRAWL,jpm_aml,compliance_transaction,FALSE,banking,synthetic_research
18/12/2022 12:24,GOOD,T-1682335-04,JPMC-CLIENT-1681936-04,USA,565.95,BILLING-COMPANY-1681939-04,USA,PAYMENT,jpm_aml,compliance_transaction,FALSE,banking,synthetic_research
18/12/2022 12:45,GOOD,T-2310150-04,JPMC-CLIENT-2309765-04,NIGERIA,104.67,BILLING-COMPANY-2309768-04,USA,PAYMENT,jpm_aml,compliance_transaction,FALSE,banking,synthetic_research
18/12/2022 13:37,BAD,T-1103856-00,JPMC-CLIENT-1103610-00,USA,2911415,CUSTOMER-1103651-00,IRAN,WIRE,jpm_aml,compliance_transaction,TRUE,banking,synthetic_research
19/12/2022 4:50,GOOD,T-1612665-04,JPMC-BILLING-COMPANY-1612284-04,USA,4592.19,JPMC-CLIENT-1612281-04,UNITED-KINGDOM,WIRE,jpm_aml,compliance_transaction,FALSE,banking,synthetic_research
19/12/2022 5:07,GOOD,T-40705-01,,,9500.36,JPMC-CLIENT-40360-01,USA,CASH-DEPOSIT,jpm_aml,compliance_transaction,FALSE,banking,synthetic_research
19/12/2022 22:41,GOOD,T-356131-05,JPMC-CLIENT-355822-05,USA,1941.59,,,WITHDRAWL,jpm_aml,compliance_transaction,FALSE,banking,synthetic_research
19/12/2022 23:28,GOOD,T-1693886-04,JPMC-CLIENT-1693470-04,USA,1332.72,,,WITHDRAWL,jpm_aml,compliance_transaction,FALSE,banking,synthetic_research
20/12/2022 6:17,GOOD,T-673845-07,JPMC-CLIENT-673521-07,USA,4966.38,CHECKING-673533-07,,WIRE,jpm_aml,compliance_transaction,FALSE,banking,synthetic_research
20/12/2022 11:20,GOOD,T-94636-05,JPMC-CLIENT-94316-05,USA,6475.5,CHECKING-94331-05,,WIRE,jpm_aml,compliance_transaction,FALSE,banking,synthetic_research
21/12/2022 0:08,BAD,T-2221661-00,,,238571,JPMC-CLIENT-2221387-00,USA,CASH-DEPOSIT,jpm_aml,compliance_transaction,TRUE,banking,synthetic_research
21/12/2022 7:28,GOOD,T-614521-06,COMPANY-614131-06,USA,5278.5303,JPMC-CLIENT-614122-06,USA,WIRE,jpm_aml,compliance_transaction,FALSE,banking,synthetic_research
21/12/2022 11:26,GOOD,T-595962-04,JPMC-STANDARD-COMPANY-595543-04,USA,3710.3901,JPMC-CLIENT-595539-04,USA,WIRE,jpm_aml,compliance_transaction,FALSE,banking,synthetic_research
21/12/2022 17:08,GOOD,T-369433-05,JPMC-CLIENT-369008-05,USA,100.72,OWNER-369108-05,USA,WIRE,jpm_aml,compliance_transaction,FALSE,banking,synthetic_research
21/12/2022 21:28,BAD,T-544048-00,,,250004,JPMC-CLIENT-543760-00,USA,CASH-DEPOSIT,jpm_aml,compliance_transaction,TRUE,banking,synthetic_research
21/12/2022 21:32,GOOD,T-1164576-06,JPMC-CLIENT-1164205-06,USA,454.68,JPMC-BILLING-COMPANY-1164208-06,USA,PAYMENT,jpm_aml,compliance_transaction,FALSE,banking,synthetic_research
21/12/2022 23:15,BAD,T-736713-00,,,267953,JPMC-CLIENT-736441-00,USA,CASH-DEPOSIT,jpm_aml,compliance_transaction,TRUE,banking,synthetic_research
22/12/2022 7:55,BAD,T-611360-00,JPMC-CLIENT-611114-00,USA,500043,,,WITHDRAWL,jpm_aml,compliance_transaction,TRUE,banking,synthetic_research
22/12/2022 18:52,GOOD,T-404514-02,JPMC-CLIENT-404095-02,MAROCCO,3328.51,CHECKING-404107-02,,WIRE,jpm_aml,compliance_transaction,FALSE,banking,synthetic_research
23/12/2022 0:59,GOOD,T-4721-01,,,5000.39,JPMC-CLIENT-4421-01,USA,CASH-DEPOSIT,jpm_aml,compliance_transaction,FALSE,banking,synthetic_research
23/12/2022 4:24,GOOD,T-178650-01,COMPANY-178249-01,USA,4213.54,JPMC-CLIENT-178242-01,USA,WIRE,jpm_aml,compliance_transaction,FALSE,banking,synthetic_research
23/12/2022 4:24,GOOD,T-658198-11,COMPANY-657804-11,INDIA,1432.67,JPMC-CLIENT-657799-11,USA,WIRE,jpm_aml,compliance_transaction,FALSE,banking,synthetic_research
23/12/2022 8:40,BAD,T-1686592-00,JPMC-CLIENT-1686339-00,USA,264811,CUSTOMER-1686344-00,USA,CRYPTO-TRANSFER,jpm_aml,compliance_transaction,TRUE,banking,synthetic_research
23/12/2022 16:21,GOOD,T-777361-04,JPMC-BILLING-COMPANY-776951-04,USA,1254.4,JPMC-CLIENT-776948-04,USA,WIRE,jpm_aml,compliance_transaction,FALSE,banking,synthetic_research
23/12/2022 17:55,GOOD,T-429900-10,COMPANY-429505-10,USA,2200.1,JPMC-CLIENT-429500-10,USA,WIRE,jpm_aml,compliance_transaction,FALSE,banking,synthetic_research
23/12/2022 22:53,GOOD,T-163913-13,COMPANY-163511-13,FRANCE,2011.2301,JPMC-CLIENT-163506-13,USA,WIRE,jpm_aml,compliance_transaction,FALSE,banking,synthetic_research
23/12/2022 23:15,GOOD,T-376460-10,JPMC-CLIENT-376063-10,USA,592.33,OWNER-376166-10,USA,WIRE,jpm_aml,compliance_transaction,FALSE,banking,synthetic_research
24/12/2022 7:34,BAD,T-711032-00,,,500005,JPMC-CLIENT-710788-00,UNITED-KINGDOM,CASH-DEPOSIT,jpm_aml,compliance_transaction,TRUE,banking,synthetic_research
24/12/2022 13:15,BAD,T-2196526-00,JPMC-CLIENT-2196219-00,UNITED-KINGDOM,725065,,,WITHDRAWL,jpm_aml,compliance_transaction,TRUE,banking,synthetic_research
24/12/2022 16:06,GOOD,T-250120-11,BILLING-COMPANY-249769-11,USA,2572.33,JPMC-CLIENT-249766-11,USA,WIRE,jpm_aml,compliance_transaction,FALSE,banking,synthetic_research
24/12/2022 17:36,GOOD,T-264834-06,JPMC-CLIENT-264488-06,USA,7752.08,,,WITHDRAWL,jpm_aml,compliance_transaction,FALSE,banking,synthetic_research
25/12/2022 4:16,BAD,T-2603626-00,,,235739,JPMC-CLIENT-2603358-00,USA,CASH-DEPOSIT,jpm_aml,compliance_transaction,TRUE,banking,synthetic_research
25/12/2022 18:50,GOOD,T-130294-01,JPMC-CLIENT-130015-01,UNITED-KINGDOM,6653.64,CHECKING-130024-01,,WIRE,jpm_aml,compliance_transaction,FALSE,banking,synthetic_research
25/12/2022 19:24,GOOD,T-975506-06,JPMC-CLIENT-975055-06,USA,5000.54,CHECKING-975067-06,,WIRE,jpm_aml,compliance_transaction,FALSE,banking,synthetic_research
25/12/2022 23:23,GOOD,T-4795-02,COMPANY-4406-02,USA,795.63,JPMC-CLIENT-4397-02,USA,WIRE,jpm_aml,compliance_transaction,FALSE,banking,synthetic_research
26/12/2022 0:14,GOOD,T-517843-11,JPMC-CLIENT-517465-11,USA,456.85,BILLING-COMPANY-517468-11,USA,PAYMENT,jpm_aml,compliance_transaction,FALSE,banking,synthetic_research
26/12/2022 3:39,GOOD,T-1038442-06,JPMC-CLIENT-1038012-06,USA,7284.7,CHECKING-1038021-06,,WIRE,jpm_aml,compliance_transaction,FALSE,banking,synthetic_research
26/12/2022 4:05,GOOD,T-1210970-11,JPMC-CLIENT-1210588-11,USA,100.51,JPMC-BILLING-COMPANY-1210591-11,USA,PAYMENT,jpm_aml,compliance_transaction,FALSE,banking,synthetic_research
26/12/2022 6:51,GOOD,T-467808-10,,,466.4,JPMC-CLIENT-467525-10,UNITED-KINGDOM,CASH-DEPOSIT,jpm_aml,compliance_transaction,FALSE,banking,synthetic_research
26/12/2022 8:08,GOOD,T-182848-13,,,8507.94,JPMC-CLIENT-182544-13,USA,CASH-DEPOSIT,jpm_aml,compliance_transaction,FALSE,banking,synthetic_research
26/12/2022 12:07,BAD,T-885643-00,JPMC-CLIENT-885367-00,USA,2978248,BILLING-COMPANY-885370-00,USA,PAYMENT,jpm_aml,compliance_transaction,TRUE,banking,synthetic_research
26/12/2022 21:56,BAD,T-1399033-00,JPMC-CLIENT-1398758-00,RUSSIA,691617,CUSTOMER-1398763-00,USA,CRYPTO-TRANSFER,jpm_aml,compliance_transaction,TRUE,banking,synthetic_research
27/12/2022 3:16,GOOD,T-1275607-10,JPMC-CLIENT-1275240-10,USA,19.89,OWNER-1275326-10,USA,WIRE,jpm_aml,compliance_transaction,FALSE,banking,synthetic_research
27/12/2022 3:24,BAD,T-2411980-00,JPMC-CLIENT-2411742-00,USA,1000063,CUSTOMER-2411775-00,IRAN,WIRE,jpm_aml,compliance_transaction,TRUE,banking,synthetic_research
27/12/2022 3:33,GOOD,T-281380-06,JPMC-BILLING-COMPANY-280963-06,USA,4788.35,JPMC-CLIENT-280960-06,USA,WIRE,jpm_aml,compliance_transaction,FALSE,banking,synthetic_research
27/12/2022 4:58,GOOD,T-4418-04,JPMC-CLIENT-4094-04,USA,7930.3,CHECKING-4105-04,,WIRE,jpm_aml,compliance_transaction,FALSE,banking,synthetic_research
27/12/2022 6:06,GOOD,T-2226640-04,JPMC-CLIENT-2226227-04,ARGENTINA,627.2,CHECKING-2226237-04,,WIRE,jpm_aml,compliance_transaction,FALSE,banking,synthetic_research
27/12/2022 11:18,GOOD,T-261514-03,JPMC-CLIENT-261112-03,USA,2901.79,OWNER-261216-03,USA,WIRE,jpm_aml,compliance_transaction,FALSE,banking,synthetic_research
27/12/2022 11:22,GOOD,T-828661-11,COMPANY-828297-11,USA,2620.4,JPMC-CLIENT-828290-11,USA,WIRE,jpm_aml,compliance_transaction,FALSE,banking,synthetic_research
27/12/2022 13:34,GOOD,T-95041-12,JPMC-CLIENT-94632-12,USA,346.42,BILLING-COMPANY-94635-12,USA,PAYMENT,jpm_aml,compliance_transaction,FALSE,banking,synthetic_research
27/12/2022 13:56,BAD,T-2726209-00,JPMC-CLIENT-2725887-00,UNITED-KINGDOM,751657,,,WITHDRAWL,jpm_aml,compliance_transaction,TRUE,banking,synthetic_research
27/12/2022 16:21,GOOD,T-38402-05,JPMC-CLIENT-37990-05,USA,753.7,BILLING-COMPANY-37993-05,USA,PAYMENT,jpm_aml,compliance_transaction,FALSE,banking,synthetic_research
27/12/2022 16:59,BAD,T-1403379-00,,,765897,JPMC-CLIENT-1403108-00,USA,CASH-DEPOSIT,jpm_aml,compliance_transaction,TRUE,banking,synthetic_research
27/12/2022 21:58,GOOD,T-342742-14,,,9500.7,JPMC-CLIENT-342441-14,USA,CASH-DEPOSIT,jpm_aml,compliance_transaction,FALSE,banking,synthetic_research
28/12/2022 1:57,GOOD,T-219762-03,JPMC-CLIENT-219435-03,USA,5000.33,,,WITHDRAWL,jpm_aml,compliance_transaction,FALSE,banking,synthetic_research
28/12/2022 3:18,BAD,T-2912353-00,JPMC-CLIENT-2912106-00,UNITED-KINGDOM,948279,CUSTOMER-2912111-00,USA,CRYPTO-TRANSFER,jpm_aml,compliance_transaction,TRUE,banking,synthetic_research
28/12/2022 3:48,BAD,T-1127528-00,JPMC-CLIENT-1127316-00,USA,500018,CUSTOMER-1127321-00,USA,CRYPTO-TRANSFER,jpm_aml,compliance_transaction,TRUE,banking,synthetic_research
28/12/2022 7:47,GOOD,T-374886-01,JPMC-CLIENT-374565-01,USA,7839.57,CHECKING-374573-01,,WIRE,jpm_aml,compliance_transaction,FALSE,banking,synthetic_research
28/12/2022 16:06,GOOD,T-1395869-06,JPMC-BILLING-COMPANY-1395438-06,USA,1221.73,JPMC-CLIENT-1395435-06,USA,WIRE,jpm_aml,compliance_transaction,FALSE,banking,synthetic_research
28/12/2022 22:38,GOOD,T-647161-06,,,9500.35,JPMC-CLIENT-646856-06,USA,CASH-DEPOSIT,jpm_aml,compliance_transaction,FALSE,banking,synthetic_research
29/12/2022 2:54,GOOD,T-963543-05,JPMC-BILLING-COMPANY-963137-05,USA,3392.5203,JPMC-CLIENT-963134-05,USA,WIRE,jpm_aml,compliance_transaction,FALSE,banking,synthetic_research
29/12/2022 3:20,GOOD,T-637106-14,JPMC-CLIENT-636789-14,USA,7848.43,CHECKING-636800-14,,WIRE,jpm_aml,compliance_transaction,FALSE,banking,synthetic_research
29/12/2022 3:58,GOOD,T-1329080-10,JPMC-CLIENT-1328660-10,USA,214.51,OWNER-1328764-10,USA,WIRE,jpm_aml,compliance_transaction,FALSE,banking,synthetic_research
29/12/2022 14:47,GOOD,T-1422405-04,JPMC-CLIENT-1422005-04,USA,878.78,OWNER-1422088-04,USA,WIRE,jpm_aml,compliance_transaction,FALSE,banking,synthetic_research
29/12/2022 14:56,GOOD,T-182313-07,JPMC-CLIENT-182041-07,USA,8645.48,,,WITHDRAWL,jpm_aml,compliance_transaction,FALSE,banking,synthetic_research
29/12/2022 16:00,GOOD,T-489973-06,,,9500.14,JPMC-CLIENT-489626-06,USA,CASH-DEPOSIT,jpm_aml,compliance_transaction,FALSE,banking,synthetic_research
29/12/2022 19:12,BAD,T-517455-00,,,470558,JPMC-CLIENT-517177-00,UNITED-KINGDOM,CASH-DEPOSIT,jpm_aml,compliance_transaction,TRUE,banking,synthetic_research
29/12/2022 20:41,BAD,T-2395498-00,JPMC-CLIENT-2395275-00,USA,3859567,BILLING-COMPANY-2395278-00,USA,PAYMENT,jpm_aml,compliance_transaction,TRUE,banking,synthetic_research
29/12/2022 20:58,BAD,T-542155-00,JPMC-CLIENT-541827-00,USA,500074,,,WITHDRAWL,jpm_aml,compliance_transaction,TRUE,banking,synthetic_research
30/12/2022 1:10,GOOD,T-944003-10,COMPANY-943608-10,UNITED-KINGDOM,3985.27,JPMC-CLIENT-943601-10,USA,WIRE,jpm_aml,compliance_transaction,FALSE,banking,synthetic_research
30/12/2022 9:12,GOOD,T-760998-06,JPMC-CLIENT-760655-06,LUXEMBOURG,5000.45,,,WITHDRAWL,jpm_aml,compliance_transaction,FALSE,banking,synthetic_research
30/12/2022 10:12,GOOD,T-7721-12,BILLING-COMPANY-7331-12,USA,1564.81,JPMC-CLIENT-7328-12,USA,WIRE,jpm_aml,compliance_transaction,FALSE,banking,synthetic_research
30/12/2022 11:37,GOOD,T-1228693-10,JPMC-CLIENT-1228375-10,USA,7416.59,CHECKING-1228384-10,,WIRE,jpm_aml,compliance_transaction,FALSE,banking,synthetic_research
30/12/2022 12:20,GOOD,T-386933-11,,,9500.93,JPMC-CLIENT-386527-11,USA,CASH-DEPOSIT,jpm_aml,compliance_transaction,FALSE,banking,synthetic_research
30/12/2022 16:27,BAD,T-805068-00,,,529967,JPMC-CLIENT-804811-00,USA,CASH-DEPOSIT,jpm_aml,compliance_transaction,TRUE,banking,synthetic_research
30/12/2022 20:35,BAD,T-207967-00,JPMC-CLIENT-207718-00,USA,500096,,,WITHDRAWL,jpm_aml,compliance_transaction,TRUE,banking,synthetic_research
30/12/2022 22:21,GOOD,T-301651-08,JPMC-CLIENT-301300-08,USA,5000.03,CHECKING-301312-08,,WIRE,jpm_aml,compliance_transaction,FALSE,banking,synthetic_research
30/12/2022 22:43,GOOD,T-2438278-04,JPMC-CLIENT-2437963-04,USA,8406.91,CHECKING-2437977-04,,WIRE,jpm_aml,compliance_transaction,FALSE,banking,synthetic_research
31/12/2022 1:21,GOOD,T-2223139-04,JPMC-CLIENT-2222769-04,USA,5000.05,CHECKING-2222781-04,,WIRE,jpm_aml,compliance_transaction,FALSE,banking,synthetic_research
31/12/2022 1:50,GOOD,T-845114-04,JPMC-CLIENT-844692-04,USA,784.99,BILLING-COMPANY-844695-04,USA,PAYMENT,jpm_aml,compliance_transaction,FALSE,banking,synthetic_research
31/12/2022 5:20,GOOD,T-2703117-04,JPMC-CLIENT-2702768-04,USA,2554.56,,,WITHDRAWL,jpm_aml,compliance_transaction,FALSE,banking,synthetic_research
31/12/2022 7:02,GOOD,T-264617-07,JPMC-BILLING-COMPANY-264231-07,USA,2092.5999,JPMC-CLIENT-264228-07,UNITED-KINGDOM,WIRE,jpm_aml,compliance_transaction,FALSE,banking,synthetic_research
31/12/2022 15:47,BAD,T-404261-00,,,177662,JPMC-CLIENT-403991-00,USA,CASH-DEPOSIT,jpm_aml,compliance_transaction,TRUE,banking,synthetic_research
31/12/2022 23:19,GOOD,T-164452-07,,,9500.87,JPMC-CLIENT-164111-07,USA,CASH-DEPOSIT,jpm_aml,compliance_transaction,FALSE,banking,synthetic_research
01/01/2023 8:04,GOOD,T-48431-04,BILLING-COMPANY-48010-04,USA,3368.73,JPMC-CLIENT-48007-04,USA,WIRE,jpm_aml,compliance_transaction,FALSE,banking,synthetic_research
01/01/2023 11:33,GOOD,T-70281-04,JPMC-CLIENT-69886-04,USA,8401.83,CHECKING-69896-04,,WIRE,jpm_aml,compliance_transaction,FALSE,banking,synthetic_research
02/01/2023 3:20,GOOD,T-13350-11,JPMC-CLIENT-12951-11,USA,91.28,OWNER-13052-11,USA,WIRE,jpm_aml,compliance_transaction,FALSE,banking,synthetic_research
02/01/2023 5:54,BAD,T-819173-00,JPMC-CLIENT-818893-00,UNITED-KINGDOM,1857154,STANDARD-COMPANY-818946-00,USA,WIRE,jpm_aml,compliance_transaction,TRUE,banking,synthetic_research
02/01/2023 6:19,GOOD,T-52176-12,JPMC-CLIENT-51755-12,USA,8563.64,,,WITHDRAWL,jpm_aml,compliance_transaction,FALSE,banking,synthetic_research
02/01/2023 8:06,GOOD,T-2233076-04,JPMC-CLIENT-2232718-04,USA,7765.62,,,WITHDRAWL,jpm_aml,compliance_transaction,FALSE,banking,synthetic_research
02/01/2023 11:39,BAD,T-2715604-00,JPMC-CLIENT-2715212-00,UNITED-KINGDOM,2827585,STANDARD-COMPANY-2715327-00,IRAN,WIRE,jpm_aml,compliance_transaction,TRUE,banking,synthetic_research
02/01/2023 11:44,GOOD,T-213379-08,JPMC-CLIENT-213033-08,USA,235.15,CHECKING-213045-08,,WIRE,jpm_aml,compliance_transaction,FALSE,banking,synthetic_research
03/01/2023 0:12,GOOD,T-216105-12,JPMC-CLIENT-215722-12,USA,5680.13,CHECKING-215735-12,,WIRE,jpm_aml,compliance_transaction,FALSE,banking,synthetic_research
03/01/2023 9:27,GOOD,T-313331-07,JPMC-CLIENT-312985-07,USA,40.56,,,WITHDRAWL,jpm_aml,compliance_transaction,FALSE,banking,synthetic_research
03/01/2023 9:31,BAD,T-166324-00,,,581387,JPMC-CLIENT-166025-00,USA,CASH-DEPOSIT,jpm_aml,compliance_transaction,TRUE,banking,synthetic_research
03/01/2023 18:03,GOOD,T-1626065-04,JPMC-CLIENT-1625715-04,USA,4529.91,CHECKING-1625727-04,,WIRE,jpm_aml,compliance_transaction,FALSE,banking,synthetic_research
03/01/2023 21:32,BAD,T-1782513-00,,,250051,JPMC-CLIENT-1782244-00,USA,CASH-DEPOSIT,jpm_aml,compliance_transaction,TRUE,banking,synthetic_research
04/01/2023 4:13,BAD,T-141145-00,,,260291,JPMC-CLIENT-140863-00,USA,CASH-DEPOSIT,jpm_aml,compliance_transaction,TRUE,banking,synthetic_research
04/01/2023 5:05,GOOD,T-98744-10,,,429.26,JPMC-CLIENT-98362-10,USA,CASH-DEPOSIT,jpm_aml,compliance_transaction,FALSE,banking,synthetic_research
04/01/2023 20:05,GOOD,T-295062-06,JPMC-CLIENT-294597-06,UNITED-KINGDOM,545.21,,,WITHDRAWL,jpm_aml,compliance_transaction,FALSE,banking,synthetic_research
05/01/2023 2:48,BAD,T-1928353-00,,,91737,JPMC-CLIENT-1927987-00,UNITED-KINGDOM,CASH-DEPOSIT,jpm_aml,compliance_transaction,TRUE,banking,synthetic_research
05/01/2023 9:59,GOOD,T-145397-11,,,2786.56,JPMC-CLIENT-145112-11,UNITED-KINGDOM,CASH-DEPOSIT,jpm_aml,compliance_transaction,FALSE,banking,synthetic_research
05/01/2023 10:59,BAD,T-1468122-00,JPMC-CLIENT-1467818-00,USA,500085,JPMC-CUSTOMER-1467823-00,USA,CRYPTO-TRANSFER,jpm_aml,compliance_transaction,TRUE,banking,synthetic_research
05/01/2023 15:40,GOOD,T-406164-05,,,9500.6,JPMC-CLIENT-405828-05,USA,CASH-DEPOSIT,jpm_aml,compliance_transaction,FALSE,banking,synthetic_research
05/01/2023 22:47,BAD,T-2034306-00,JPMC-CLIENT-2034022-00,USA,29893,,,WITHDRAWL,jpm_aml,compliance_transaction,TRUE,banking,synthetic_research
06/01/2023 10:44,BAD,T-1595301-00,JPMC-CLIENT-1595016-00,USA,500086,CUSTOMER-1595021-00,USA,CRYPTO-TRANSFER,jpm_aml,compliance_transaction,TRUE,banking,synthetic_research
06/01/2023 12:18,BAD,T-101922-00,JPMC-CLIENT-101619-00,USA,232855,,,WITHDRAWL,jpm_aml,compliance_transaction,TRUE,banking,synthetic_research
06/01/2023 15:51,GOOD,T-2104614-04,,,5808.91,JPMC-CLIENT-2104211-04,USA,CASH-DEPOSIT,jpm_aml,compliance_transaction,FALSE,banking,synthetic_research
06/01/2023 17:59,GOOD,T-1301889-06,,,7753.07,JPMC-CLIENT-1301514-06,USA,CASH-DEPOSIT,jpm_aml,compliance_transaction,FALSE,banking,synthetic_research
08/01/2023 3:18,BAD,T-917720-00,JPMC-CLIENT-917309-00,USA,765339,CUSTOMER-917314-00,USA,CRYPTO-TRANSFER,jpm_aml,compliance_transaction,TRUE,banking,synthetic_research
09/01/2023 9:53,BAD,T-2111884-00,JPMC-CLIENT-2111516-00,USA,50000,,,WITHDRAWL,jpm_aml,compliance_transaction,TRUE,banking,synthetic_research
09/01/2023 22:19,GOOD,T-57785-10,JPMC-CLIENT-57356-10,UNITED-KINGDOM,8319.82,,,WITHDRAWL,jpm_aml,compliance_transaction,FALSE,banking,synthetic_research
10/01/2023 8:49,GOOD,T-225540-04,JPMC-CLIENT-225024-04,UNITED-KINGDOM,5000.07,,,WITHDRAWL,jpm_aml,compliance_transaction,FALSE,banking,synthetic_research
10/01/2023 11:14,GOOD,T-72687-05,JPMC-CLIENT-72315-05,USA,5000.38,,,WITHDRAWL,jpm_aml,compliance_transaction,FALSE,banking,synthetic_research
10/01/2023 12:01,GOOD,T-1186698-10,,,9500.15,JPMC-CLIENT-1186264-10,UNITED-KINGDOM,CASH-DEPOSIT,jpm_aml,compliance_transaction,FALSE,banking,synthetic_research
10/01/2023 15:38,GOOD,T-293577-07,JPMC-CLIENT-293160-07,USA,464.79,,,WITHDRAWL,jpm_aml,compliance_transaction,FALSE,banking,synthetic_research
10/01/2023 22:24,GOOD,T-804889-06,JPMC-CLIENT-804509-06,USA,5000.29,CHECKING-804516-06,,WIRE,jpm_aml,compliance_transaction,FALSE,banking,synthetic_research
11/01/2023 3:35,GOOD,T-159715-14,JPMC-CLIENT-159230-14,USA,1799.45,CHECKING-159240-14,,WIRE,jpm_aml,compliance_transaction,FALSE,banking,synthetic_research
11/01/2023 14:24,BAD,T-2806489-00,JPMC-CLIENT-2806070-00,USA,514502,CUSTOMER-2806075-00,USA,CRYPTO-TRANSFER,jpm_aml,compliance_transaction,TRUE,banking,synthetic_research
11/01/2023 18:48,BAD,T-152936-00,JPMC-CLIENT-152554-00,USA,2474563,STANDARD-COMPANY-152665-00,IRAN,WIRE,jpm_aml,compliance_transaction,TRUE,banking,synthetic_research
13/01/2023 0:36,GOOD,T-2513941-04,JPMC-CLIENT-2513551-04,USA,7468.96,CHECKING-2513561-04,,WIRE,jpm_aml,compliance_transaction,FALSE,banking,synthetic_research
13/01/2023 0:44,GOOD,T-1942480-04,JPMC-CLIENT-1942140-04,UNITED-KINGDOM,5000.23,CHECKING-1942147-04,,WIRE,jpm_aml,compliance_transaction,FALSE,banking,synthetic_research
13/01/2023 6:09,BAD,T-518414-00,JPMC-CLIENT-518139-00,USA,540038,JPMC-CUSTOMER-518144-00,GERMANY,CRYPTO-TRANSFER,jpm_aml,compliance_transaction,TRUE,banking,synthetic_research
13/01/2023 8:34,BAD,T-427938-00,,,221097,JPMC-CLIENT-427684-00,USA,CASH-DEPOSIT,jpm_aml,compliance_transaction,TRUE,banking,synthetic_research
13/01/2023 10:29,GOOD,T-1506777-06,JPMC-CLIENT-1506493-06,UNITED-KINGDOM,2681.18,,,WITHDRAWL,jpm_aml,compliance_transaction,FALSE,banking,synthetic_research
13/01/2023 11:41,BAD,T-1056984-00,JPMC-CLIENT-1056708-00,USA,3612938,CUSTOMER-1056758-00,SYRIA,WIRE,jpm_aml,compliance_transaction,TRUE,banking,synthetic_research
13/01/2023 18:22,GOOD,T-43890-04,JPMC-CLIENT-43537-04,UNITED-KINGDOM,5000.1,,,WITHDRAWL,jpm_aml,compliance_transaction,FALSE,banking,synthetic_research
13/01/2023 19:05,BAD,T-1725962-00,JPMC-CLIENT-1725616-00,USA,500035,CUSTOMER-1725621-00,USA,CRYPTO-TRANSFER,jpm_aml,compliance_transaction,TRUE,banking,synthetic_research
14/01/2023 0:04,GOOD,T-515721-06,,,9500.47,JPMC-CLIENT-515371-06,USA,CASH-DEPOSIT,jpm_aml,compliance_transaction,FALSE,banking,synthetic_research
14/01/2023 0:59,GOOD,T-773025-11,JPMC-CLIENT-772590-11,USA,100.64,OWNER-772697-11,USA,WIRE,jpm_aml,compliance_transaction,FALSE,banking,synthetic_research
14/01/2023 14:56,BAD,T-180366-00,JPMC-CLIENT-180072-00,USA,67009,CUSTOMER-180077-00,USA,CRYPTO-TRANSFER,jpm_aml,compliance_transaction,TRUE,banking,synthetic_research
14/01/2023 15:21,GOOD,T-750272-11,JPMC-BILLING-COMPANY-749861-11,USA,3209.26,JPMC-CLIENT-749858-11,USA,WIRE,jpm_aml,compliance_transaction,FALSE,banking,synthetic_research
14/01/2023 17:33,BAD,T-816860-00,JPMC-CLIENT-816440-00,USA,50005,CUSTOMER-816445-00,UNITED-KINGDOM,CRYPTO-TRANSFER,jpm_aml,compliance_transaction,TRUE,banking,synthetic_research
14/01/2023 23:32,GOOD,T-724903-06,JPMC-CLIENT-724470-06,CANADA,681.38,BILLING-COMPANY-724473-06,USA,PAYMENT,jpm_aml,compliance_transaction,FALSE,banking,synthetic_research
15/01/2023 4:48,GOOD,T-1144307-10,JPMC-CLIENT-1143982-10,USA,5727.31,,,WITHDRAWL,jpm_aml,compliance_transaction,FALSE,banking,synthetic_research
15/01/2023 5:22,GOOD,T-489405-11,JPMC-CLIENT-488996-11,USA,100.69,OWNER-489099-11,USA,WIRE,jpm_aml,compliance_transaction,FALSE,banking,synthetic_research
15/01/2023 7:34,BAD,T-1633881-00,,,386939,JPMC-CLIENT-1633609-00,UNITED-KINGDOM,CASH-DEPOSIT,jpm_aml,compliance_transaction,TRUE,banking,synthetic_research
15/01/2023 10:03,BAD,T-552335-00,JPMC-CLIENT-552031-00,USA,500057,CUSTOMER-552036-00,USA,CRYPTO-TRANSFER,jpm_aml,compliance_transaction,TRUE,banking,synthetic_research
15/01/2023 10:12,GOOD,T-470234-04,JPMC-CLIENT-469825-04,USA,373.55,BILLING-COMPANY-469828-04,USA,PAYMENT,jpm_aml,compliance_transaction,FALSE,banking,synthetic_research
15/01/2023 15:32,GOOD,T-372353-01,COMPANY-371937-01,USA,2957.31,JPMC-CLIENT-371932-01,USA,WIRE,jpm_aml,compliance_transaction,FALSE,banking,synthetic_research
16/01/2023 4:20,GOOD,T-381397-07,JPMC-CLIENT-381042-07,USA,6298.35,,,WITHDRAWL,jpm_aml,compliance_transaction,FALSE,banking,synthetic_research
16/01/2023 7:23,GOOD,T-499667-11,JPMC-CLIENT-499220-11,USA,766.07,BILLING-COMPANY-499223-11,USA,PAYMENT,jpm_aml,compliance_transaction,FALSE,banking,synthetic_research
16/01/2023 12:05,GOOD,T-424052-10,JPMC-CLIENT-423793-10,USA,31.63,CHECKING-423806-10,,WIRE,jpm_aml,compliance_transaction,FALSE,banking,synthetic_research
16/01/2023 14:04,GOOD,T-199116-11,JPMC-CLIENT-198813-11,USA,273.1,CHECKING-198822-11,,WIRE,jpm_aml,compliance_transaction,FALSE,banking,synthetic_research
16/01/2023 14:17,GOOD,T-5523-12,,,7812.94,JPMC-CLIENT-5185-12,UNITED-KINGDOM,CASH-DEPOSIT,jpm_aml,compliance_transaction,FALSE,banking,synthetic_research
16/01/2023 18:20,BAD,T-1270296-00,,,500047,JPMC-CLIENT-1270073-00,SINGAPORE,CASH-DEPOSIT,jpm_aml,compliance_transaction,TRUE,banking,synthetic_research
17/01/2023 1:23,GOOD,T-1442408-06,JPMC-CLIENT-1442091-06,UNITED-KINGDOM,9189.1,CHECKING-1442102-06,,WIRE,jpm_aml,compliance_transaction,FALSE,banking,synthetic_research
17/01/2023 1:44,GOOD,T-434953-10,COMPANY-434533-10,USA,5042.9097,JPMC-CLIENT-434525-10,USA,WIRE,jpm_aml,compliance_transaction,FALSE,banking,synthetic_research
17/01/2023 2:18,GOOD,T-177025-01,,,894.63,JPMC-CLIENT-176580-01,USA,CASH-DEPOSIT,jpm_aml,compliance_transaction,FALSE,banking,synthetic_research
17/01/2023 4:18,BAD,T-2363631-00,JPMC-CLIENT-2363381-00,USA,871429,CUSTOMER-2363386-00,INDIA,CRYPTO-TRANSFER,jpm_aml,compliance_transaction,TRUE,banking,synthetic_research
17/01/2023 6:17,BAD,T-541152-00,JPMC-CLIENT-540835-00,USA,282328,BILLING-COMPANY-540838-00,USA,PAYMENT,jpm_aml,compliance_transaction,TRUE,banking,synthetic_research
17/01/2023 10:20,GOOD,T-249458-07,JPMC-CLIENT-249107-07,CHILE,5000.92,CHECKING-249117-07,,WIRE,jpm_aml,compliance_transaction,FALSE,banking,synthetic_research
17/01/2023 20:52,GOOD,T-110238-06,JPMC-CLIENT-109882-06,USA,6510.67,CHECKING-109893-06,,WIRE,jpm_aml,compliance_transaction,FALSE,banking,synthetic_research
18/01/2023 1:12,GOOD,T-296057-07,JPMC-CLIENT-295744-07,USA,926.31,CHECKING-295754-07,,WIRE,jpm_aml,compliance_transaction,FALSE,banking,synthetic_research
18/01/2023 3:20,GOOD,T-538562-05,JPMC-CLIENT-538158-05,USA,802.39,JPMC-BILLING-COMPANY-538161-05,USA,PAYMENT,jpm_aml,compliance_transaction,FALSE,banking,synthetic_research
18/01/2023 7:28,BAD,T-2837340-00,,,750894,JPMC-CLIENT-2837071-00,USA,CASH-DEPOSIT,jpm_aml,compliance_transaction,TRUE,banking,synthetic_research
18/01/2023 14:51,GOOD,T-2238309-04,JPMC-CLIENT-2237933-04,USA,7891.2,,,WITHDRAWL,jpm_aml,compliance_transaction,FALSE,banking,synthetic_research
18/01/2023 18:54,GOOD,T-1493931-04,JPMC-CLIENT-1493503-04,ISRAEL,250.91,JPMC-BILLING-COMPANY-1493506-04,USA,PAYMENT,jpm_aml,compliance_transaction,FALSE,banking,synthetic_research
18/01/2023 23:06,GOOD,T-1746266-04,JPMC-CLIENT-1745754-04,USA,8766.1,,,WITHDRAWL,jpm_aml,compliance_transaction,FALSE,banking,synthetic_research
19/01/2023 12:41,GOOD,T-843937-04,JPMC-CLIENT-843583-04,USA,3430.7,CHECKING-843596-04,,WIRE,jpm_aml,compliance_transaction,FALSE,banking,synthetic_research
19/01/2023 13:02,GOOD,T-67424-01,JPMC-CLIENT-67032-01,UNITED-KINGDOM,949.73,OWNER-67127-01,USA,WIRE,jpm_aml,compliance_transaction,FALSE,banking,synthetic_research
20/01/2023 7:19,BAD,T-555227-00,,,500056,JPMC-CLIENT-554945-00,USA,CASH-DEPOSIT,jpm_aml,compliance_transaction,TRUE,banking,synthetic_research
20/01/2023 7:36,GOOD,T-269461-01,,,730.98,JPMC-CLIENT-269144-01,USA,CASH-DEPOSIT,jpm_aml,compliance_transaction,FALSE,banking,synthetic_research
20/01/2023 11:56,GOOD,T-1017158-11,JPMC-CLIENT-1016660-11,UNITED-KINGDOM,3374.45,CHECKING-1016668-11,,WIRE,jpm_aml,compliance_transaction,FALSE,banking,synthetic_research
20/01/2023 12:09,GOOD,T-2426464-04,JPMC-CLIENT-2426141-04,UNITED-KINGDOM,5000.69,,,WITHDRAWL,jpm_aml,compliance_transaction,FALSE,banking,synthetic_research
20/01/2023 12:35,BAD,T-952984-00,,,447977,JPMC-CLIENT-952667-00,USA,CASH-DEPOSIT,jpm_aml,compliance_transaction,TRUE,banking,synthetic_research
20/01/2023 15:34,GOOD,T-2456520-04,STANDARD-COMPANY-2456077-04,USA,1341.7001,JPMC-CLIENT-2456073-04,USA,WIRE,jpm_aml,compliance_transaction,FALSE,banking,synthetic_research
20/01/2023 18:50,GOOD,T-536649-05,,,9500.32,JPMC-CLIENT-536307-05,USA,CASH-DEPOSIT,jpm_aml,compliance_transaction,FALSE,banking,synthetic_research
20/01/2023 19:07,GOOD,T-402624-06,JPMC-CLIENT-402282-06,NIGERIA,7218.61,,,WITHDRAWL,jpm_aml,compliance_transaction,FALSE,banking,synthetic_research
20/01/2023 20:33,GOOD,T-396194-10,JPMC-CLIENT-395767-10,USA,324.4,BILLING-COMPANY-395770-10,USA,PAYMENT,jpm_aml,compliance_transaction,FALSE,banking,synthetic_research
21/01/2023 3:31,GOOD,T-1001630-05,,,772.23,JPMC-CLIENT-1001145-05,USA,CASH-DEPOSIT,jpm_aml,compliance_transaction,FALSE,banking,synthetic_research
21/01/2023 6:30,GOOD,T-802599-10,JPMC-CLIENT-802271-10,USA,246.8,,,WITHDRAWL,jpm_aml,compliance_transaction,FALSE,banking,synthetic_research
21/01/2023 7:21,GOOD,T-485834-10,JPMC-CLIENT-485431-10,USA,5000.11,,,WITHDRAWL,jpm_aml,compliance_transaction,FALSE,banking,synthetic_research
21/01/2023 10:08,BAD,T-14270-00,JPMC-CLIENT-13993-00,USA,675006,CUSTOMER-13998-00,USA,CRYPTO-TRANSFER,jpm_aml,compliance_transaction,TRUE,banking,synthetic_research
21/01/2023 12:07,BAD,T-1118849-00,JPMC-CLIENT-1118605-00,USA,212371,,,WITHDRAWL,jpm_aml,compliance_transaction,TRUE,banking,synthetic_research
21/01/2023 17:10,BAD,T-1262145-00,JPMC-CLIENT-1261824-00,USA,500016,,,WITHDRAWL,jpm_aml,compliance_transaction,TRUE,banking,synthetic_research
21/01/2023 18:22,GOOD,T-1262818-06,COMPANY-1262406-06,USA,3589.68,JPMC-CLIENT-1262397-06,USA,WIRE,jpm_aml,compliance_transaction,FALSE,banking,synthetic_research
21/01/2023 19:39,GOOD,T-414563-10,,,2630.59,JPMC-CLIENT-414260-10,USA,CASH-DEPOSIT,jpm_aml,compliance_transaction,FALSE,banking,synthetic_research
22/01/2023 0:25,GOOD,T-682210-04,JPMC-CLIENT-681708-04,USA,5233.77,CHECKING-681717-04,,WIRE,jpm_aml,compliance_transaction,FALSE,banking,synthetic_research
22/01/2023 6:06,BAD,T-162416-00,JPMC-CLIENT-162196-00,USA,1322539,STANDARD-COMPANY-162221-00,IRAN,WIRE,jpm_aml,compliance_transaction,TRUE,banking,synthetic_research
22/01/2023 8:36,BAD,T-19091-00,JPMC-CLIENT-18862-00,UNITED-KINGDOM,834469,,,WITHDRAWL,jpm_aml,compliance_transaction,TRUE,banking,synthetic_research
22/01/2023 9:14,BAD,T-1960278-00,JPMC-CLIENT-1959909-00,USA,50009,JPMC-CUSTOMER-1959914-00,USA,CRYPTO-TRANSFER,jpm_aml,compliance_transaction,TRUE,banking,synthetic_research
22/01/2023 13:30,BAD,T-2619139-00,JPMC-CLIENT-2618911-00,USA,3623118,BILLING-COMPANY-2618914-00,USA,PAYMENT,jpm_aml,compliance_transaction,TRUE,banking,synthetic_research
22/01/2023 17:59,GOOD,T-282377-14,JPMC-CLIENT-281973-14,USA,327.77,BILLING-COMPANY-281976-14,USA,PAYMENT,jpm_aml,compliance_transaction,FALSE,banking,synthetic_research
22/01/2023 19:12,GOOD,T-1405554-04,,,1489.43,JPMC-CLIENT-1405101-04,USA,CASH-DEPOSIT,jpm_aml,compliance_transaction,FALSE,banking,synthetic_research
22/01/2023 20:41,BAD,T-1546844-00,,,500074,JPMC-CLIENT-1546594-00,USA,CASH-DEPOSIT,jpm_aml,compliance_transaction,TRUE,banking,synthetic_research
22/01/2023 21:11,GOOD,T-162420-10,STANDARD-COMPANY-161988-10,USA,500.02,JPMC-CLIENT-161984-10,USA,WIRE,jpm_aml,compliance_transaction,FALSE,banking,synthetic_research
23/01/2023 3:31,GOOD,T-580224-10,JPMC-CLIENT-579812-10,USA,325.61,OWNER-579898-10,USA,WIRE,jpm_aml,compliance_transaction,FALSE,banking,synthetic_research
23/01/2023 5:00,GOOD,T-271217-03,JPMC-CLIENT-270687-03,UNITED-KINGDOM,5332.96,,,WITHDRAWL,jpm_aml,compliance_transaction,FALSE,banking,synthetic_research
23/01/2023 8:46,GOOD,T-221943-14,,,9500.79,JPMC-CLIENT-221574-14,USA,CASH-DEPOSIT,jpm_aml,compliance_transaction,FALSE,banking,synthetic_research
23/01/2023 13:20,BAD,T-1867232-00,,,950063,JPMC-CLIENT-1866994-00,USA,CASH-DEPOSIT,jpm_aml,compliance_transaction,TRUE,banking,synthetic_research
23/01/2023 13:20,BAD,T-1683174-00,,,250076,JPMC-CLIENT-1682933-00,USA,CASH-DEPOSIT,jpm_aml,compliance_transaction,TRUE,banking,synthetic_research
23/01/2023 13:49,GOOD,T-429925-05,JPMC-CLIENT-429509-05,USA,10.06,OWNER-429604-05,USA,WIRE,jpm_aml,compliance_transaction,FALSE,banking,synthetic_research
23/01/2023 14:28,GOOD,T-726095-11,COMPANY-725680-11,USA,3153.8699,JPMC-CLIENT-725675-11,USA,WIRE,jpm_aml,compliance_transaction,FALSE,banking,synthetic_research
24/01/2023 2:37,BAD,T-2427940-00,,,888906,JPMC-CLIENT-2427681-00,USA,CASH-DEPOSIT,jpm_aml,compliance_transaction,TRUE,banking,synthetic_research
24/01/2023 4:54,GOOD,T-532396-05,JPMC-CLIENT-531959-05,USA,586.94,BILLING-COMPANY-531962-05,USA,PAYMENT,jpm_aml,compliance_transaction,FALSE,banking,synthetic_research
24/01/2023 11:48,GOOD,T-183619-05,JPMC-CLIENT-183257-05,USA,1969.17,CHECKING-183270-05,,WIRE,jpm_aml,compliance_transaction,FALSE,banking,synthetic_research
24/01/2023 12:43,GOOD,T-17898-09,COMPANY-17470-09,USA,1282.85,JPMC-CLIENT-17463-09,USA,WIRE,jpm_aml,compliance_transaction,FALSE,banking,synthetic_research
24/01/2023 16:12,GOOD,T-1084589-11,JPMC-CLIENT-1084266-11,USA,5365.29,,,WITHDRAWL,jpm_aml,compliance_transaction,FALSE,banking,synthetic_research
24/01/2023 21:11,GOOD,T-960617-04,JPMC-CLIENT-960302-04,USA,6311.85,CHECKING-960309-04,,WIRE,jpm_aml,compliance_transaction,FALSE,banking,synthetic_research
24/01/2023 23:32,GOOD,T-158903-08,,,9056.57,JPMC-CLIENT-158575-08,UNITED-KINGDOM,CASH-DEPOSIT,jpm_aml,compliance_transaction,FALSE,banking,synthetic_research
25/01/2023 1:23,GOOD,T-166615-02,,,9500.53,JPMC-CLIENT-166254-02,QATAR,CASH-DEPOSIT,jpm_aml,compliance_transaction,FALSE,banking,synthetic_research
25/01/2023 5:34,BAD,T-1208848-00,JPMC-CLIENT-1208613-00,USA,602936,,,WITHDRAWL,jpm_aml,compliance_transaction,TRUE,banking,synthetic_research
25/01/2023 18:10,GOOD,T-599272-10,BILLING-COMPANY-598854-10,USA,4748.75,JPMC-CLIENT-598851-10,USA,WIRE,jpm_aml,compliance_transaction,FALSE,banking,synthetic_research
25/01/2023 18:52,BAD,T-202119-00,JPMC-CLIENT-201879-00,USA,50004,CUSTOMER-201884-00,USA,CRYPTO-TRANSFER,jpm_aml,compliance_transaction,TRUE,banking,synthetic_research
26/01/2023 6:58,GOOD,T-112593-01,,,919.23,JPMC-CLIENT-112190-01,USA,CASH-DEPOSIT,jpm_aml,compliance_transaction,FALSE,banking,synthetic_research
26/01/2023 13:26,BAD,T-2837367-00,JPMC-CLIENT-2837071-00,USA,25008,,,WITHDRAWL,jpm_aml,compliance_transaction,TRUE,banking,synthetic_research
26/01/2023 20:28,GOOD,T-504387-10,JPMC-CLIENT-503956-10,USA,914.41,OWNER-504068-10,USA,WIRE,jpm_aml,compliance_transaction,FALSE,banking,synthetic_research
26/01/2023 22:15,GOOD,T-1156604-10,COMPANY-1156186-10,USA,579.06006,JPMC-CLIENT-1156176-10,USA,WIRE,jpm_aml,compliance_transaction,FALSE,banking,synthetic_research
27/01/2023 0:19,GOOD,T-133862-01,JPMC-CLIENT-133559-01,USA,3095.29,,,WITHDRAWL,jpm_aml,compliance_transaction,FALSE,banking,synthetic_research
27/01/2023 2:27,GOOD,T-345934-01,,,9500.11,JPMC-CLIENT-345578-01,USA,CASH-DEPOSIT,jpm_aml,compliance_transaction,FALSE,banking,synthetic_research
27/01/2023 6:00,GOOD,T-508653-06,JPMC-CLIENT-508318-06,UNITED-KINGDOM,5027.53,CHECKING-508329-06,,WIRE,jpm_aml,compliance_transaction,FALSE,banking,synthetic_research
27/01/2023 11:37,GOOD,T-592782-05,JPMC-CLIENT-592302-05,USA,1028.05,,,WITHDRAWL,jpm_aml,compliance_transaction,FALSE,banking,synthetic_research
27/01/2023 15:28,GOOD,T-85157-12,COMPANY-84738-12,USA,711.96,JPMC-CLIENT-84728-12,USA,WIRE,jpm_aml,compliance_transaction,FALSE,banking,synthetic_research
27/01/2023 15:45,GOOD,T-179984-13,JPMC-CLIENT-179553-13,USA,536.99,BILLING-COMPANY-179556-13,USA,PAYMENT,jpm_aml,compliance_transaction,FALSE,banking,synthetic_research
27/01/2023 16:19,GOOD,T-99352-10,JPMC-CLIENT-98929-10,USA,300.26,BILLING-COMPANY-98932-10,USA,PAYMENT,jpm_aml,compliance_transaction,FALSE,banking,synthetic_research
28/01/2023 3:54,BAD,T-1906026-00,,,246825,JPMC-CLIENT-1905777-00,USA,CASH-DEPOSIT,jpm_aml,compliance_transaction,TRUE,banking,synthetic_research
28/01/2023 5:20,BAD,T-746486-00,JPMC-CLIENT-746152-00,USA,913157,,,WITHDRAWL,jpm_aml,compliance_transaction,TRUE,banking,synthetic_research
28/01/2023 9:06,GOOD,T-1670313-06,JPMC-CLIENT-1669999-06,UNITED-KINGDOM,5000.72,CHECKING-1670013-06,,WIRE,jpm_aml,compliance_transaction,FALSE,banking,synthetic_research
28/01/2023 12:43,BAD,T-2826285-00,,,68508,JPMC-CLIENT-2825988-00,USA,CASH-DEPOSIT,jpm_aml,compliance_transaction,TRUE,banking,synthetic_research
29/01/2023 22:17,GOOD,T-515056-04,JPMC-CLIENT-514775-04,USA,2535.27,CHECKING-514784-04,,WIRE,jpm_aml,compliance_transaction,FALSE,banking,synthetic_research
30/01/2023 0:21,GOOD,T-368396-02,JPMC-CLIENT-368090-02,USA,138.35,,,WITHDRAWL,jpm_aml,compliance_transaction,FALSE,banking,synthetic_research
30/01/2023 13:26,BAD,T-2447513-00,JPMC-CLIENT-2447084-00,USA,608717,CUSTOMER-2447089-00,UNITED-KINGDOM,CRYPTO-TRANSFER,jpm_aml,compliance_transaction,TRUE,banking,synthetic_research
30/01/2023 18:37,BAD,T-2521405-00,JPMC-CLIENT-2521160-00,USA,1598041,CUSTOMER-2521200-00,NORTH-KOREA,WIRE,jpm_aml,compliance_transaction,TRUE,banking,synthetic_research
30/01/2023 21:49,GOOD,T-559653-10,JPMC-CLIENT-559352-10,USA,2150.21,,,WITHDRAWL,jpm_aml,compliance_transaction,FALSE,banking,synthetic_research
31/01/2023 4:30,BAD,T-1032769-00,JPMC-CLIENT-1032524-00,UNITED-KINGDOM,500027,,,WITHDRAWL,jpm_aml,compliance_transaction,TRUE,banking,synthetic_research
31/01/2023 17:36,GOOD,T-168365-11,JPMC-CLIENT-167832-11,USA,3582.47,,,WITHDRAWL,jpm_aml,compliance_transaction,FALSE,banking,synthetic_research
31/01/2023 22:09,BAD,T-2098153-00,,,465221,JPMC-CLIENT-2097924-00,USA,CASH-DEPOSIT,jpm_aml,compliance_transaction,TRUE,banking,synthetic_research
01/02/2023 7:45,BAD,T-769703-00,JPMC-CLIENT-769419-00,UNITED-KINGDOM,2698221,STANDARD-COMPANY-769471-00,SYRIA,WIRE,jpm_aml,compliance_transaction,TRUE,banking,synthetic_research
01/02/2023 19:03,BAD,T-653031-00,,,500053,JPMC-CLIENT-652810-00,USA,CASH-DEPOSIT,jpm_aml,compliance_transaction,TRUE,banking,synthetic_research
01/02/2023 19:46,BAD,T-157212-00,JPMC-CLIENT-156926-00,USA,500061,CUSTOMER-156931-00,USA,CRYPTO-TRANSFER,jpm_aml,compliance_transaction,TRUE,banking,synthetic_research
01/02/2023 20:07,GOOD,T-1676862-04,,,2314.73,JPMC-CLIENT-1676563-04,MAROCCO,CASH-DEPOSIT,jpm_aml,compliance_transaction,FALSE,banking,synthetic_research
01/02/2023 20:37,GOOD,T-1401612-06,BILLING-COMPANY-1401186-06,USA,886.68,JPMC-CLIENT-1401183-06,USA,WIRE,jpm_aml,compliance_transaction,FALSE,banking,synthetic_research
01/02/2023 22:02,GOOD,T-618349-10,JPMC-CLIENT-618033-10,USA,5000.78,CHECKING-618044-10,,WIRE,jpm_aml,compliance_transaction,FALSE,banking,synthetic_research
02/02/2023 6:09,GOOD,T-434425-07,,,9500.76,JPMC-CLIENT-434107-07,USA,CASH-DEPOSIT,jpm_aml,compliance_transaction,FALSE,banking,synthetic_research
02/02/2023 17:27,GOOD,T-215331-03,JPMC-CLIENT-214899-03,USA,744.85,OWNER-215017-03,USA,WIRE,jpm_aml,compliance_transaction,FALSE,banking,synthetic_research
02/02/2023 18:31,GOOD,T-168758-11,,,2210.36,JPMC-CLIENT-168424-11,USA,CASH-DEPOSIT,jpm_aml,compliance_transaction,FALSE,banking,synthetic_research
03/02/2023 3:35,BAD,T-1821818-00,JPMC-CLIENT-1821544-00,UNITED-KINGDOM,547478,,,WITHDRAWL,jpm_aml,compliance_transaction,TRUE,banking,synthetic_research
03/02/2023 10:33,GOOD,T-445369-11,JPMC-CLIENT-445050-11,USA,5000.26,CHECKING-445064-11,,WIRE,jpm_aml,compliance_transaction,FALSE,banking,synthetic_research
03/02/2023 20:18,BAD,T-268584-00,,,500085,JPMC-CLIENT-268304-00,SWEDEN,CASH-DEPOSIT,jpm_aml,compliance_transaction,TRUE,banking,synthetic_research
04/02/2023 7:45,BAD,T-1799116-00,JPMC-CLIENT-1798701-00,UNITED-KINGDOM,500015,CUSTOMER-1798706-00,USA,CRYPTO-TRANSFER,jpm_aml,compliance_transaction,TRUE,banking,synthetic_research
04/02/2023 8:32,BAD,T-3164-00,JPMC-CLIENT-2885-00,USA,1000056,JPMC-BILLING-COMPANY-2888-00,USA,PAYMENT,jpm_aml,compliance_transaction,TRUE,banking,synthetic_research
05/02/2023 5:20,GOOD,T-1088743-06,JPMC-CLIENT-1088294-06,UNITED-KINGDOM,5143.26,,,WITHDRAWL,jpm_aml,compliance_transaction,FALSE,banking,synthetic_research
05/02/2023 17:16,BAD,T-1305618-00,JPMC-CLIENT-1305306-00,USA,500069,JPMC-CUSTOMER-1305311-00,USA,CRYPTO-TRANSFER,jpm_aml,compliance_transaction,TRUE,banking,synthetic_research
05/02/2023 17:42,BAD,T-189208-00,JPMC-CLIENT-188806-00,USA,3401259,STANDARD-COMPANY-188930-00,SYRIA,WIRE,jpm_aml,compliance_transaction,TRUE,banking,synthetic_research
06/02/2023 14:45,GOOD,T-107099-10,,,22.74,JPMC-CLIENT-106686-10,USA,CASH-DEPOSIT,jpm_aml,compliance_transaction,FALSE,banking,synthetic_research
06/02/2023 17:18,BAD,T-2744647-00,,,558477,JPMC-CLIENT-2744254-00,PORTUGAL,CASH-DEPOSIT,jpm_aml,compliance_transaction,TRUE,banking,synthetic_research
06/02/2023 22:09,BAD,T-1601067-00,JPMC-CLIENT-1600775-00,USA,440048,,,WITHDRAWL,jpm_aml,compliance_transaction,TRUE,banking,synthetic_research
06/02/2023 23:34,GOOD,T-730499-14,JPMC-CLIENT-730160-14,USA,8438.38,CHECKING-730173-14,,WIRE,jpm_aml,compliance_transaction,FALSE,banking,synthetic_research
07/02/2023 5:05,GOOD,T-19209-06,,,5226.9,JPMC-CLIENT-18800-06,USA,CASH-DEPOSIT,jpm_aml,compliance_transaction,FALSE,banking,synthetic_research
07/02/2023 12:24,BAD,T-2630949-00,JPMC-CLIENT-2630524-00,USA,500067,JPMC-CUSTOMER-2630529-00,USA,CRYPTO-TRANSFER,jpm_aml,compliance_transaction,TRUE,banking,synthetic_research
07/02/2023 22:47,BAD,T-279776-00,JPMC-CLIENT-279443-00,USA,500084,,,WITHDRAWL,jpm_aml,compliance_transaction,TRUE,banking,synthetic_research
08/02/2023 2:12,BAD,T-1913954-00,,,783218,JPMC-CLIENT-1913540-00,USA,CASH-DEPOSIT,jpm_aml,compliance_transaction,TRUE,banking,synthetic_research
08/02/2023 4:11,GOOD,T-1622873-06,JPMC-CLIENT-1622516-06,UNITED-KINGDOM,5000.14,CHECKING-1622526-06,,WIRE,jpm_aml,compliance_transaction,FALSE,banking,synthetic_research
08/02/2023 15:55,GOOD,T-912895-10,JPMC-CLIENT-912422-10,USA,4876.14,CHECKING-912430-10,,WIRE,jpm_aml,compliance_transaction,FALSE,banking,synthetic_research
08/02/2023 15:55,GOOD,T-1318586-10,JPMC-CLIENT-1318162-10,USA,8598.57,CHECKING-1318172-10,,WIRE,jpm_aml,compliance_transaction,FALSE,banking,synthetic_research
08/02/2023 16:29,BAD,T-1956018-00,,,25002,JPMC-CLIENT-1955571-00,FRANCE,CASH-DEPOSIT,jpm_aml,compliance_transaction,TRUE,banking,synthetic_research
08/02/2023 16:34,GOOD,T-126334-03,,,7873.11,JPMC-CLIENT-125936-03,UNITED-KINGDOM,CASH-DEPOSIT,jpm_aml,compliance_transaction,FALSE,banking,synthetic_research
08/02/2023 20:28,BAD,T-992683-00,JPMC-CLIENT-992352-00,USA,1176944,JPMC-BILLING-COMPANY-992355-00,USA,PAYMENT,jpm_aml,compliance_transaction,TRUE,banking,synthetic_research
10/02/2023 2:01,GOOD,T-64640-13,JPMC-CLIENT-64244-13,USA,5000.27,,,WITHDRAWL,jpm_aml,compliance_transaction,FALSE,banking,synthetic_research
10/02/2023 17:23,GOOD,T-276361-02,JPMC-CLIENT-275937-02,USA,6590.76,CHECKING-275944-02,,WIRE,jpm_aml,compliance_transaction,FALSE,banking,synthetic_research
10/02/2023 22:34,GOOD,T-226447-01,JPMC-CLIENT-226013-01,UNITED-KINGDOM,108.81,,,WITHDRAWL,jpm_aml,compliance_transaction,FALSE,banking,synthetic_research
11/02/2023 13:00,GOOD,T-2665956-04,JPMC-CLIENT-2665525-04,USA,7637.06,CHECKING-2665536-04,,WIRE,jpm_aml,compliance_transaction,FALSE,banking,synthetic_research
13/02/2023 17:08,GOOD,T-163198-03,JPMC-CLIENT-162874-03,USA,7695.1,CHECKING-162886-03,,WIRE,jpm_aml,compliance_transaction,FALSE,banking,synthetic_research
14/02/2023 2:40,GOOD,T-1404912-04,,,4013.28,JPMC-CLIENT-1404527-04,USA,CASH-DEPOSIT,jpm_aml,compliance_transaction,FALSE,banking,synthetic_research
14/02/2023 3:48,GOOD,T-318760-11,JPMC-CLIENT-318367-11,UNITED-KINGDOM,2168.08,CHECKING-318379-11,,WIRE,jpm_aml,compliance_transaction,FALSE,banking,synthetic_research
14/02/2023 21:22,BAD,T-2003389-00,,,18168,JPMC-CLIENT-2003052-00,USA,CASH-DEPOSIT,jpm_aml,compliance_transaction,TRUE,banking,synthetic_research
15/02/2023 1:25,GOOD,T-850575-05,JPMC-CLIENT-850242-05,USA,5000.42,CHECKING-850250-05,,WIRE,jpm_aml,compliance_transaction,FALSE,banking,synthetic_research
15/02/2023 3:24,GOOD,T-1522300-06,JPMC-CLIENT-1521904-06,USA,8781.6,,,WITHDRAWL,jpm_aml,compliance_transaction,FALSE,banking,synthetic_research
15/02/2023 4:50,GOOD,T-1961947-04,,,264.82,JPMC-CLIENT-1961515-04,USA,CASH-DEPOSIT,jpm_aml,compliance_transaction,FALSE,banking,synthetic_research
15/02/2023 5:41,BAD,T-1592939-00,JPMC-CLIENT-1592568-00,USA,1000094,CUSTOMER-1592669-00,NORTH-KOREA,WIRE,jpm_aml,compliance_transaction,TRUE,banking,synthetic_research
15/02/2023 5:58,BAD,T-2545521-00,,,852748,JPMC-CLIENT-2545269-00,USA,CASH-DEPOSIT,jpm_aml,compliance_transaction,TRUE,banking,synthetic_research
15/02/2023 8:02,BAD,T-748446-00,JPMC-CLIENT-748083-00,USA,500037,JPMC-CUSTOMER-748088-00,USA,CRYPTO-TRANSFER,jpm_aml,compliance_transaction,TRUE,banking,synthetic_research
15/02/2023 9:18,BAD,T-2307462-00,,,888393,JPMC-CLIENT-2307143-00,USA,CASH-DEPOSIT,jpm_aml,compliance_transaction,TRUE,banking,synthetic_research
15/02/2023 11:26,GOOD,T-119633-14,,,9500.89,JPMC-CLIENT-119317-14,USA,CASH-DEPOSIT,jpm_aml,compliance_transaction,FALSE,banking,synthetic_research
15/02/2023 14:09,BAD,T-220639-00,JPMC-CLIENT-220327-00,USA,25002,,,WITHDRAWL,jpm_aml,compliance_transaction,TRUE,banking,synthetic_research
15/02/2023 14:21,GOOD,T-564369-07,JPMC-CLIENT-564037-07,USA,5944.58,,,WITHDRAWL,jpm_aml,compliance_transaction,FALSE,banking,synthetic_research
15/02/2023 21:11,BAD,T-2126281-00,,,50009,JPMC-CLIENT-2126037-00,UNITED-KINGDOM,CASH-DEPOSIT,jpm_aml,compliance_transaction,TRUE,banking,synthetic_research
15/02/2023 22:49,GOOD,T-831505-11,JPMC-CLIENT-831136-11,USA,8694.75,,,WITHDRAWL,jpm_aml,compliance_transaction,FALSE,banking,synthetic_research
15/02/2023 23:49,BAD,T-2747372-00,JPMC-CLIENT-2747146-00,USA,130007,,,WITHDRAWL,jpm_aml,compliance_transaction,TRUE,banking,synthetic_research
16/02/2023 1:06,BAD,T-2901750-00,JPMC-CLIENT-2901494-00,PORTUGAL,500016,,,WITHDRAWL,jpm_aml,compliance_transaction,TRUE,banking,synthetic_research
16/02/2023 7:04,BAD,T-927398-00,JPMC-CLIENT-927013-00,USA,500073,CUSTOMER-927018-00,USA,CRYPTO-TRANSFER,jpm_aml,compliance_transaction,TRUE,banking,synthetic_research
16/02/2023 11:50,GOOD,T-661045-05,JPMC-CLIENT-660664-05,UNITED-KINGDOM,1853.23,CHECKING-660673-05,,WIRE,jpm_aml,compliance_transaction,FALSE,banking,synthetic_research
16/02/2023 16:44,GOOD,T-2805754-04,JPMC-CLIENT-2805329-04,USA,3864.58,CHECKING-2805338-04,,WIRE,jpm_aml,compliance_transaction,FALSE,banking,synthetic_research
16/02/2023 20:13,BAD,T-1855654-00,JPMC-CLIENT-1855406-00,USA,1206281,BILLING-COMPANY-1855409-00,USA,PAYMENT,jpm_aml,compliance_transaction,TRUE,banking,synthetic_research
16/02/2023 20:18,GOOD,T-414568-10,,,9500.85,JPMC-CLIENT-414260-10,USA,CASH-DEPOSIT,jpm_aml,compliance_transaction,FALSE,banking,synthetic_research
16/02/2023 20:35,GOOD,T-897485-10,JPMC-CLIENT-897076-10,USA,462.97,,,WITHDRAWL,jpm_aml,compliance_transaction,FALSE,banking,synthetic_research
16/02/2023 21:43,GOOD,T-69634-11,JPMC-CLIENT-69165-11,USA,2760.09,,,WITHDRAWL,jpm_aml,compliance_transaction,FALSE,banking,synthetic_research
16/02/2023 23:34,GOOD,T-145204-08,JPMC-CLIENT-144922-08,USA,7904.32,CHECKING-144933-08,,WIRE,jpm_aml,compliance_transaction,FALSE,banking,synthetic_research
17/02/2023 0:55,GOOD,T-983177-06,JPMC-CLIENT-982899-06,USA,1765.45,CHECKING-982908-06,,WIRE,jpm_aml,compliance_transaction,FALSE,banking,synthetic_research
17/02/2023 4:07,BAD,T-1524576-00,JPMC-CLIENT-1524295-00,USA,597087,,,WITHDRAWL,jpm_aml,compliance_transaction,TRUE,banking,synthetic_research
17/02/2023 4:37,GOOD,T-807912-06,JPMC-CLIENT-807456-06,USA,3334.1,CHECKING-807465-06,,WIRE,jpm_aml,compliance_transaction,FALSE,banking,synthetic_research
17/02/2023 5:11,BAD,T-1384595-00,,,941902,JPMC-CLIENT-1384264-00,USA,CASH-DEPOSIT,jpm_aml,compliance_transaction,TRUE,banking,synthetic_research
17/02/2023 6:49,GOOD,T-870603-05,JPMC-CLIENT-870198-05,USA,1715.95,,,WITHDRAWL,jpm_aml,compliance_transaction,FALSE,banking,synthetic_research
17/02/2023 15:34,GOOD,T-585314-06,JPMC-CLIENT-585032-06,USA,415.23,,,WITHDRAWL,jpm_aml,compliance_transaction,FALSE,banking,synthetic_research
17/02/2023 20:03,BAD,T-1206951-00,,,500062,JPMC-CLIENT-1206687-00,USA,CASH-DEPOSIT,jpm_aml,compliance_transaction,TRUE,banking,synthetic_research
17/02/2023 22:15,BAD,T-2163206-00,JPMC-CLIENT-2162906-00,USA,113924,,,WITHDRAWL,jpm_aml,compliance_transaction,TRUE,banking,synthetic_research
17/02/2023 23:23,BAD,T-1819980-00,JPMC-CLIENT-1819590-00,USA,591186,,,WITHDRAWL,jpm_aml,compliance_transaction,TRUE,banking,synthetic_research
18/02/2023 0:36,GOOD,T-195085-10,JPMC-CLIENT-194725-10,USA,5000.83,CHECKING-194733-10,,WIRE,jpm_aml,compliance_transaction,FALSE,banking,synthetic_research
18/02/2023 4:01,GOOD,T-1043472-04,,,9500.77,JPMC-CLIENT-1043101-04,USA,CASH-DEPOSIT,jpm_aml,compliance_transaction,FALSE,banking,synthetic_research
18/02/2023 10:03,GOOD,T-1232892-06,JPMC-CLIENT-1232318-06,USA,5059.05,,,WITHDRAWL,jpm_aml,compliance_transaction,FALSE,banking,synthetic_research
18/02/2023 15:32,BAD,T-1099509-00,JPMC-CLIENT-1099240-00,USA,652273,CUSTOMER-1099245-00,USA,CRYPTO-TRANSFER,jpm_aml,compliance_transaction,TRUE,banking,synthetic_research
19/02/2023 4:20,GOOD,T-233158-14,,,465.79,JPMC-CLIENT-232881-14,USA,CASH-DEPOSIT,jpm_aml,compliance_transaction,FALSE,banking,synthetic_research
19/02/2023 4:58,GOOD,T-2723682-04,JPMC-CLIENT-2723349-04,USA,2232.7,CHECKING-2723361-04,,WIRE,jpm_aml,compliance_transaction,FALSE,banking,synthetic_research
19/02/2023 4:58,BAD,T-1639741-00,JPMC-CLIENT-1639417-00,GERMANY,767763,,,WITHDRAWL,jpm_aml,compliance_transaction,TRUE,banking,synthetic_research
19/02/2023 10:01,GOOD,T-1505339-06,JPMC-CLIENT-1505028-06,USA,4864.41,CHECKING-1505035-06,,WIRE,jpm_aml,compliance_transaction,FALSE,banking,synthetic_research
19/02/2023 17:12,GOOD,T-458560-14,JPMC-CLIENT-458265-14,USA,5000.96,,,WITHDRAWL,jpm_aml,compliance_transaction,FALSE,banking,synthetic_research
19/02/2023 18:12,BAD,T-1040265-00,JPMC-CLIENT-1039785-00,UNITED-KINGDOM,814918,CUSTOMER-1039790-00,USA,CRYPTO-TRANSFER,jpm_aml,compliance_transaction,TRUE,banking,synthetic_research
19/02/2023 19:07,BAD,T-470532-00,JPMC-CLIENT-470203-00,UNITED-KINGDOM,685931,CUSTOMER-470208-00,USA,CRYPTO-TRANSFER,jpm_aml,compliance_transaction,TRUE,banking,synthetic_research
20/02/2023 3:18,BAD,T-1861922-00,,,50009,JPMC-CLIENT-1861685-00,UNITED-KINGDOM,CASH-DEPOSIT,jpm_aml,compliance_transaction,TRUE,banking,synthetic_research
20/02/2023 7:04,BAD,T-132354-00,JPMC-CLIENT-132103-00,USA,66403,,,WITHDRAWL,jpm_aml,compliance_transaction,TRUE,banking,synthetic_research
20/02/2023 9:38,GOOD,T-811501-10,,,6857.92,JPMC-CLIENT-811134-10,USA,CASH-DEPOSIT,jpm_aml,compliance_transaction,FALSE,banking,synthetic_research
20/02/2023 12:33,BAD,T-1162366-00,JPMC-CLIENT-1162072-00,USA,74385,,,WITHDRAWL,jpm_aml,compliance_transaction,TRUE,banking,synthetic_research
20/02/2023 22:09,GOOD,T-134306-02,JPMC-CLIENT-133990-02,USA,3588.81,,,WITHDRAWL,jpm_aml,compliance_transaction,FALSE,banking,synthetic_research
21/02/2023 4:50,GOOD,T-962914-06,,,713.96,JPMC-CLIENT-962584-06,USA,CASH-DEPOSIT,jpm_aml,compliance_transaction,FALSE,banking,synthetic_research
21/02/2023 8:14,GOOD,T-256847-04,JPMC-CLIENT-256371-04,UNITED-KINGDOM,9264.36,,,WITHDRAWL,jpm_aml,compliance_transaction,FALSE,banking,synthetic_research
21/02/2023 15:04,BAD,T-2664152-00,,,815694,JPMC-CLIENT-2663831-00,USA,CASH-DEPOSIT,jpm_aml,compliance_transaction,TRUE,banking,synthetic_research
21/02/2023 21:28,GOOD,T-1816136-04,JPMC-CLIENT-1815812-04,USA,1617.49,CHECKING-1815823-04,,WIRE,jpm_aml,compliance_transaction,FALSE,banking,synthetic_research
21/02/2023 23:28,GOOD,T-2436030-04,,,1221.79,JPMC-CLIENT-2435727-04,USA,CASH-DEPOSIT,jpm_aml,compliance_transaction,FALSE,banking,synthetic_research
22/02/2023 3:48,BAD,T-408582-00,,,752591,JPMC-CLIENT-408330-00,INDIA,CASH-DEPOSIT,jpm_aml,compliance_transaction,TRUE,banking,synthetic_research
22/02/2023 5:17,BAD,T-234774-00,JPMC-CLIENT-234368-00,USA,801239,,,WITHDRAWL,jpm_aml,compliance_transaction,TRUE,banking,synthetic_research
22/02/2023 5:39,BAD,T-809967-00,,,57882,JPMC-CLIENT-809645-00,USA,CASH-DEPOSIT,jpm_aml,compliance_transaction,TRUE,banking,synthetic_research
22/02/2023 5:43,GOOD,T-684952-06,JPMC-CLIENT-684527-06,USA,5000.59,CHECKING-684536-06,,WIRE,jpm_aml,compliance_transaction,FALSE,banking,synthetic_research
22/02/2023 6:47,BAD,T-2175874-00,JPMC-CLIENT-2175521-00,USA,764618,JPMC-CUSTOMER-2175526-00,USA,CRYPTO-TRANSFER,jpm_aml,compliance_transaction,TRUE,banking,synthetic_research
22/02/2023 8:12,GOOD,T-72847-13,,,1092.26,JPMC-CLIENT-72484-13,UNITED-KINGDOM,CASH-DEPOSIT,jpm_aml,compliance_transaction,FALSE,banking,synthetic_research
22/02/2023 8:46,BAD,T-316535-00,JPMC-CLIENT-316191-00,USA,500081,,,WITHDRAWL,jpm_aml,compliance_transaction,TRUE,banking,synthetic_research
22/02/2023 12:24,GOOD,T-350634-02,JPMC-CLIENT-350237-02,USA,5313.61,,,WITHDRAWL,jpm_aml,compliance_transaction,FALSE,banking,synthetic_research
22/02/2023 16:02,GOOD,T-2070261-04,JPMC-CLIENT-2069901-04,USA,5157.33,CHECKING-2069912-04,,WIRE,jpm_aml,compliance_transaction,FALSE,banking,synthetic_research
22/02/2023 20:43,GOOD,T-58233-09,,,5554.49,JPMC-CLIENT-57869-09,USA,CASH-DEPOSIT,jpm_aml,compliance_transaction,FALSE,banking,synthetic_research
22/02/2023 23:47,GOOD,T-1359336-04,,,4169.13,JPMC-CLIENT-1358990-04,USA,CASH-DEPOSIT,jpm_aml,compliance_transaction,FALSE,banking,synthetic_research
23/02/2023 3:24,BAD,T-2223140-00,JPMC-CLIENT-2222844-00,USA,840778,CUSTOMER-2222849-00,USA,CRYPTO-TRANSFER,jpm_aml,compliance_transaction,TRUE,banking,synthetic_research
23/02/2023 10:44,BAD,T-1138390-00,JPMC-CLIENT-1137913-00,USA,500095,CUSTOMER-1137918-00,UNITED-KINGDOM,CRYPTO-TRANSFER,jpm_aml,compliance_transaction,TRUE,banking,synthetic_research
23/02/2023 13:13,GOOD,T-2840116-04,,,9500.66,JPMC-CLIENT-2839663-04,UNITED-KINGDOM,CASH-DEPOSIT,jpm_aml,compliance_transaction,FALSE,banking,synthetic_research
23/02/2023 18:37,GOOD,T-104780-05,,,898.78,JPMC-CLIENT-104449-05,USA,CASH-DEPOSIT,jpm_aml,compliance_transaction,FALSE,banking,synthetic_research
25/02/2023 2:25,GOOD,T-481273-05,JPMC-CLIENT-480894-05,UNITED-KINGDOM,1457.03,CHECKING-480904-05,,WIRE,jpm_aml,compliance_transaction,FALSE,banking,synthetic_research
25/02/2023 14:13,GOOD,T-1331313-10,JPMC-CLIENT-1330983-10,UNITED-KINGDOM,8317.32,,,WITHDRAWL,jpm_aml,compliance_transaction,FALSE,banking,synthetic_research
25/02/2023 18:29,GOOD,T-116262-01,,,1854.4,JPMC-CLIENT-115947-01,USA,CASH-DEPOSIT,jpm_aml,compliance_transaction,FALSE,banking,synthetic_research
26/02/2023 0:32,GOOD,T-431227-07,JPMC-CLIENT-430889-07,USA,7423.78,,,WITHDRAWL,jpm_aml,compliance_transaction,FALSE,banking,synthetic_research
27/02/2023 5:49,GOOD,T-1205164-04,,,6876.11,JPMC-CLIENT-1204776-04,USA,CASH-DEPOSIT,jpm_aml,compliance_transaction,FALSE,banking,synthetic_research
27/02/2023 9:01,GOOD,T-1953559-04,JPMC-CLIENT-1953115-04,USA,987.43,BILLING-COMPANY-1953118-04,USA,PAYMENT,jpm_aml,compliance_transaction,FALSE,banking,synthetic_research
27/02/2023 10:14,BAD,T-28332-00,JPMC-CLIENT-28053-00,USA,535057,CUSTOMER-28058-00,USA,CRYPTO-TRANSFER,jpm_aml,compliance_transaction,TRUE,banking,synthetic_research
27/02/2023 18:08,BAD,T-96660-00,JPMC-CLIENT-96325-00,USA,2975246,BILLING-COMPANY-96328-00,USA,PAYMENT,jpm_aml,compliance_transaction,TRUE,banking,synthetic_research
27/02/2023 18:50,GOOD,T-161756-08,JPMC-CLIENT-161409-08,UNITED-KINGDOM,1150.74,,,WITHDRAWL,jpm_aml,compliance_transaction,FALSE,banking,synthetic_research
27/02/2023 22:24,GOOD,T-1465110-06,JPMC-CLIENT-1464675-06,USA,336.31,,,WITHDRAWL,jpm_aml,compliance_transaction,FALSE,banking,synthetic_research
28/02/2023 0:02,BAD,T-1272347-00,,,500065,JPMC-CLIENT-1272016-00,USA,CASH-DEPOSIT,jpm_aml,compliance_transaction,TRUE,banking,synthetic_research
28/02/2023 6:30,BAD,T-2343329-00,JPMC-CLIENT-2342941-00,USA,883952,,,WITHDRAWL,jpm_aml,compliance_transaction,TRUE,banking,synthetic_research
28/02/2023 8:00,GOOD,T-974808-06,JPMC-CLIENT-974493-06,USA,5000.32,CHECKING-974503-06,,WIRE,jpm_aml,compliance_transaction,FALSE,banking,synthetic_research
28/02/2023 13:45,BAD,T-1548812-00,JPMC-CLIENT-1548518-00,GERMANY,288125,CUSTOMER-1548523-00,USA,CRYPTO-TRANSFER,jpm_aml,compliance_transaction,TRUE,banking,synthetic_research
28/02/2023 18:22,GOOD,T-1571400-06,JPMC-CLIENT-1571045-06,USA,7268.04,,,WITHDRAWL,jpm_aml,compliance_transaction,FALSE,banking,synthetic_research
01/03/2023 1:18,GOOD,T-40324-05,JPMC-CLIENT-39962-05,USA,6062.42,CHECKING-39975-05,,WIRE,jpm_aml,compliance_transaction,FALSE,banking,synthetic_research
01/03/2023 2:27,BAD,T-2431898-00,JPMC-CLIENT-2431551-00,USA,628241,,,WITHDRAWL,jpm_aml,compliance_transaction,TRUE,banking,synthetic_research
01/03/2023 3:44,GOOD,T-2084022-04,JPMC-CLIENT-2083736-04,USA,7915.51,,,WITHDRAWL,jpm_aml,compliance_transaction,FALSE,banking,synthetic_research
01/03/2023 6:21,GOOD,T-1453370-06,JPMC-CLIENT-1452879-06,USA,5000.35,CHECKING-1452889-06,,WIRE,jpm_aml,compliance_transaction,FALSE,banking,synthetic_research
01/03/2023 6:43,GOOD,T-1386175-10,,,9500.17,JPMC-CLIENT-1385895-10,USA,CASH-DEPOSIT,jpm_aml,compliance_transaction,FALSE,banking,synthetic_research
01/03/2023 11:20,GOOD,T-2612194-04,JPMC-CLIENT-2611796-04,USA,551.24,BILLING-COMPANY-2611799-04,USA,PAYMENT,jpm_aml,compliance_transaction,FALSE,banking,synthetic_research
01/03/2023 14:53,GOOD,T-952557-11,,,9500.32,JPMC-CLIENT-952254-11,USA,CASH-DEPOSIT,jpm_aml,compliance_transaction,FALSE,banking,synthetic_research
01/03/2023 16:57,GOOD,T-9190-09,JPMC-CLIENT-8699-09,UNITED-KINGDOM,5000.48,CHECKING-8713-09,,WIRE,jpm_aml,compliance_transaction,FALSE,banking,synthetic_research
02/03/2023 2:37,GOOD,T-1694580-06,COMPANY-1694157-06,USA,1802.3,JPMC-CLIENT-1694150-06,USA,WIRE,jpm_aml,compliance_transaction,FALSE,banking,synthetic_research
02/03/2023 2:50,BAD,T-160119-00,JPMC-CLIENT-159801-00,USA,250093,,,WITHDRAWL,jpm_aml,compliance_transaction,TRUE,banking,synthetic_research
02/03/2023 20:58,GOOD,T-132304-07,JPMC-CLIENT-131876-07,USA,609.04,BILLING-COMPANY-131879-07,USA,PAYMENT,jpm_aml,compliance_transaction,FALSE,banking,synthetic_research
02/03/2023 23:36,GOOD,T-347322-14,BILLING-COMPANY-346878-14,USA,4761.14,JPMC-CLIENT-346875-14,UNITED-KINGDOM,WIRE,jpm_aml,compliance_transaction,FALSE,banking,synthetic_research
03/03/2023 16:25,BAD,T-1963540-00,,,500001,JPMC-CLIENT-1963264-00,UNITED-KINGDOM,CASH-DEPOSIT,jpm_aml,compliance_transaction,TRUE,banking,synthetic_research
03/03/2023 16:29,GOOD,T-968152-11,JPMC-CLIENT-967842-11,USA,5997.78,,,WITHDRAWL,jpm_aml,compliance_transaction,FALSE,banking,synthetic_research
04/03/2023 8:51,GOOD,T-2055518-04,JPMC-CLIENT-2055188-04,USA,5000.23,CHECKING-2055197-04,,WIRE,jpm_aml,compliance_transaction,FALSE,banking,synthetic_research
05/03/2023 2:05,BAD,T-1474918-00,,,950071,JPMC-CLIENT-1474550-00,USA,CASH-DEPOSIT,jpm_aml,compliance_transaction,TRUE,banking,synthetic_research
05/03/2023 4:43,BAD,T-1792291-00,,,500095,JPMC-CLIENT-1791916-00,USA,CASH-DEPOSIT,jpm_aml,compliance_transaction,TRUE,banking,synthetic_research
05/03/2023 6:51,BAD,T-119864-00,JPMC-CLIENT-119559-00,USA,500056,JPMC-CUSTOMER-119564-00,USA,CRYPTO-TRANSFER,jpm_aml,compliance_transaction,TRUE,banking,synthetic_research
05/03/2023 18:14,GOOD,T-118694-02,JPMC-CLIENT-118332-02,USA,2845.49,CHECKING-118343-02,,WIRE,jpm_aml,compliance_transaction,FALSE,banking,synthetic_research
05/03/2023 23:42,BAD,T-1673489-00,,,613498,JPMC-CLIENT-1673202-00,USA,CASH-DEPOSIT,jpm_aml,compliance_transaction,TRUE,banking,synthetic_research
06/03/2023 11:39,GOOD,T-70308-04,JPMC-CLIENT-69886-04,USA,5000.46,CHECKING-69896-04,,WIRE,jpm_aml,compliance_transaction,FALSE,banking,synthetic_research
06/03/2023 14:17,BAD,T-36660-00,,,95006,JPMC-CLIENT-36276-00,USA,CASH-DEPOSIT,jpm_aml,compliance_transaction,TRUE,banking,synthetic_research
06/03/2023 16:59,GOOD,T-16411-08,JPMC-CLIENT-15997-08,USA,5000.61,CHECKING-16008-08,,WIRE,jpm_aml,compliance_transaction,FALSE,banking,synthetic_research
06/03/2023 18:50,GOOD,T-1442564-04,JPMC-CLIENT-1442132-04,UNITED-KINGDOM,3713.92,,,WITHDRAWL,jpm_aml,compliance_transaction,FALSE,banking,synthetic_research
07/03/2023 1:12,GOOD,T-979833-06,JPMC-CLIENT-979482-06,USA,9125.77,,,WITHDRAWL,jpm_aml,compliance_transaction,FALSE,banking,synthetic_research
07/03/2023 1:42,GOOD,T-1483934-04,JPMC-CLIENT-1483590-04,USA,7796.16,,,WITHDRAWL,jpm_aml,compliance_transaction,FALSE,banking,synthetic_research
07/03/2023 1:46,GOOD,T-1661307-04,JPMC-CLIENT-1660965-04,USA,5000.2,,,WITHDRAWL,jpm_aml,compliance_transaction,FALSE,banking,synthetic_research
07/03/2023 7:32,BAD,T-349033-00,,,540738,JPMC-CLIENT-348749-00,USA,CASH-DEPOSIT,jpm_aml,compliance_transaction,TRUE,banking,synthetic_research
07/03/2023 10:01,GOOD,T-248018-07,JPMC-CLIENT-247571-07,USA,5681.21,,,WITHDRAWL,jpm_aml,compliance_transaction,FALSE,banking,synthetic_research
08/03/2023 0:14,GOOD,T-825573-10,JPMC-CLIENT-825234-10,SWITZERLAND,5000.65,CHECKING-825243-10,,WIRE,jpm_aml,compliance_transaction,FALSE,banking,synthetic_research
08/03/2023 0:27,GOOD,T-1243188-10,,,1174.04,JPMC-CLIENT-1242789-10,USA,CASH-DEPOSIT,jpm_aml,compliance_transaction,FALSE,banking,synthetic_research
08/03/2023 17:48,BAD,T-1651801-00,,,885145,JPMC-CLIENT-1651469-00,USA,CASH-DEPOSIT,jpm_aml,compliance_transaction,TRUE,banking,synthetic_research
08/03/2023 19:48,GOOD,T-622435-05,JPMC-CLIENT-622059-05,USA,6182.75,,,WITHDRAWL,jpm_aml,compliance_transaction,FALSE,banking,synthetic_research
08/03/2023 21:39,BAD,T-829518-00,JPMC-CLIENT-829102-00,USA,1000046,JPMC-BILLING-COMPANY-829105-00,USA,PAYMENT,jpm_aml,compliance_transaction,TRUE,banking,synthetic_research
09/03/2023 4:45,BAD,T-2163352-00,JPMC-CLIENT-2162906-00,USA,500054,CUSTOMER-2162911-00,USA,CRYPTO-TRANSFER,jpm_aml,compliance_transaction,TRUE,banking,synthetic_research
10/03/2023 1:38,GOOD,T-10717-12,JPMC-CLIENT-10301-12,USA,5000.65,,,WITHDRAWL,jpm_aml,compliance_transaction,FALSE,banking,synthetic_research
10/03/2023 15:04,GOOD,T-2240181-04,JPMC-CLIENT-2239816-04,USA,7761.46,CHECKING-2239828-04,,WIRE,jpm_aml,compliance_transaction,FALSE,banking,synthetic_research
11/03/2023 2:57,BAD,T-2567021-00,JPMC-CLIENT-2566547-00,USA,710983,CUSTOMER-2566552-00,UNITED-KINGDOM,CRYPTO-TRANSFER,jpm_aml,compliance_transaction,TRUE,banking,synthetic_research
11/03/2023 7:25,GOOD,T-677090-10,JPMC-CLIENT-676615-10,USA,166.62,CHECKING-676625-10,,WIRE,jpm_aml,compliance_transaction,FALSE,banking,synthetic_research
11/03/2023 15:10,GOOD,T-1878866-04,,,7068.07,JPMC-CLIENT-1878360-04,USA,CASH-DEPOSIT,jpm_aml,compliance_transaction,FALSE,banking,synthetic_research
11/03/2023 23:17,GOOD,T-243368-10,,,295.98,JPMC-CLIENT-242900-10,UNITED-KINGDOM,CASH-DEPOSIT,jpm_aml,compliance_transaction,FALSE,banking,synthetic_research
12/03/2023 2:10,GOOD,T-931996-11,JPMC-CLIENT-931613-11,USA,5000.11,,,WITHDRAWL,jpm_aml,compliance_transaction,FALSE,banking,synthetic_research
12/03/2023 4:39,GOOD,T-728903-06,JPMC-CLIENT-728489-06,USA,426,,,WITHDRAWL,jpm_aml,compliance_transaction,FALSE,banking,synthetic_research
12/03/2023 6:09,BAD,T-879430-00,JPMC-CLIENT-879032-00,USA,500027,,,WITHDRAWL,jpm_aml,compliance_transaction,TRUE,banking,synthetic_research
12/03/2023 15:23,BAD,T-451764-00,JPMC-CLIENT-451365-00,USA,143871,STANDARD-COMPANY-451479-00,SWITZERLAND,WIRE,jpm_aml,compliance_transaction,TRUE,banking,synthetic_research
12/03/2023 17:31,GOOD,T-118697-11,JPMC-CLIENT-118270-11,USA,5000.25,BILLING-COMPANY-118273-11,USA,WIRE,jpm_aml,compliance_transaction,FALSE,banking,synthetic_research
13/03/2023 0:51,GOOD,T-2041998-04,JPMC-CLIENT-2041588-04,USA,8776.52,CHECKING-2041596-04,,WIRE,jpm_aml,compliance_transaction,FALSE,banking,synthetic_research
13/03/2023 15:08,BAD,T-690825-00,,,500043,JPMC-CLIENT-690511-00,USA,CASH-DEPOSIT,jpm_aml,compliance_transaction,TRUE,banking,synthetic_research
13/03/2023 15:30,GOOD,T-1436154-06,JPMC-CLIENT-1435824-06,USA,7857.89,CHECKING-1435836-06,,WIRE,jpm_aml,compliance_transaction,FALSE,banking,synthetic_research
13/03/2023 23:45,GOOD,T-1957017-04,JPMC-CLIENT-1956489-04,USA,5580.06,CHECKING-1956500-04,,WIRE,jpm_aml,compliance_transaction,FALSE,banking,synthetic_research
14/03/2023 6:38,GOOD,T-384420-07,,,9500.03,JPMC-CLIENT-384038-07,USA,CASH-DEPOSIT,jpm_aml,compliance_transaction,FALSE,banking,synthetic_research
14/03/2023 9:59,GOOD,T-237713-14,JPMC-CLIENT-237236-14,USA,239.8,,,WITHDRAWL,jpm_aml,compliance_transaction,FALSE,banking,synthetic_research
14/03/2023 10:16,BAD,T-1886163-00,JPMC-CLIENT-1885902-00,UNITED-KINGDOM,500024,,,WITHDRAWL,jpm_aml,compliance_transaction,TRUE,banking,synthetic_research
14/03/2023 10:29,GOOD,T-553058-06,,,99.37,JPMC-CLIENT-552616-06,USA,CASH-DEPOSIT,jpm_aml,compliance_transaction,FALSE,banking,synthetic_research
14/03/2023 11:33,BAD,T-736752-00,,,589164,JPMC-CLIENT-736441-00,USA,CASH-DEPOSIT,jpm_aml,compliance_transaction,TRUE,banking,synthetic_research
14/03/2023 15:45,GOOD,T-1938309-04,JPMC-CLIENT-1938024-04,USA,41.32,CHECKING-1938032-04,,WIRE,jpm_aml,compliance_transaction,FALSE,banking,synthetic_research
14/03/2023 23:38,BAD,T-2885771-00,JPMC-CLIENT-2885503-00,USA,500048,CUSTOMER-2885508-00,USA,CRYPTO-TRANSFER,jpm_aml,compliance_transaction,TRUE,banking,synthetic_research
15/03/2023 5:45,BAD,T-133421-00,JPMC-CLIENT-133065-00,USA,3288964,BILLING-COMPANY-133068-00,USA,PAYMENT,jpm_aml,compliance_transaction,TRUE,banking,synthetic_research
15/03/2023 11:52,GOOD,T-248191-04,JPMC-CLIENT-247836-04,UNITED-KINGDOM,5929.08,CHECKING-247843-04,,WIRE,jpm_aml,compliance_transaction,FALSE,banking,synthetic_research
15/03/2023 14:56,BAD,T-2167037-00,JPMC-CLIENT-2166769-00,UNITED-KINGDOM,500051,JPMC-CUSTOMER-2166774-00,USA,CRYPTO-TRANSFER,jpm_aml,compliance_transaction,TRUE,banking,synthetic_research
16/03/2023 5:26,GOOD,T-319250-02,JPMC-CLIENT-318910-02,NIGERIA,8020.12,CHECKING-318921-02,,WIRE,jpm_aml,compliance_transaction,FALSE,banking,synthetic_research
16/03/2023 13:02,GOOD,T-60656-07,JPMC-CLIENT-60139-07,USA,8902.08,CHECKING-60151-07,,WIRE,jpm_aml,compliance_transaction,FALSE,banking,synthetic_research
16/03/2023 14:45,BAD,T-1837320-00,JPMC-CLIENT-1837019-00,SWITZERLAND,593839,CUSTOMER-1837024-00,SPAIN,CRYPTO-TRANSFER,jpm_aml,compliance_transaction,TRUE,banking,synthetic_research
16/03/2023 16:32,BAD,T-2664595-00,,,282834,JPMC-CLIENT-2664323-00,USA,CASH-DEPOSIT,jpm_aml,compliance_transaction,TRUE,banking,synthetic_research
17/03/2023 8:32,GOOD,T-727912-05,JPMC-CLIENT-727608-05,USA,5000.14,CHECKING-727618-05,,WIRE,jpm_aml,compliance_transaction,FALSE,banking,synthetic_research
17/03/2023 16:38,BAD,T-2899935-00,,,517795,JPMC-CLIENT-2899557-00,USA,CASH-DEPOSIT,jpm_aml,compliance_transaction,TRUE,banking,synthetic_research
17/03/2023 22:36,GOOD,T-56408-08,,,9214.72,JPMC-CLIENT-55968-08,USA,CASH-DEPOSIT,jpm_aml,compliance_transaction,FALSE,banking,synthetic_research
17/03/2023 23:53,GOOD,T-333092-14,JPMC-CLIENT-332702-14,USA,6664.24,,,WITHDRAWL,jpm_aml,compliance_transaction,FALSE,banking,synthetic_research
18/03/2023 6:51,BAD,T-1579889-00,JPMC-CLIENT-1579532-00,USA,500082,JPMC-CUSTOMER-1579537-00,USA,CRYPTO-TRANSFER,jpm_aml,compliance_transaction,TRUE,banking,synthetic_research
18/03/2023 11:12,BAD,T-485548-00,,,950075,JPMC-CLIENT-485170-00,USA,CASH-DEPOSIT,jpm_aml,compliance_transaction,TRUE,banking,synthetic_research
19/03/2023 15:17,GOOD,T-2304643-04,,,237.17,JPMC-CLIENT-2304300-04,USA,CASH-DEPOSIT,jpm_aml,compliance_transaction,FALSE,banking,synthetic_research
19/03/2023 21:58,BAD,T-2923024-00,,,95007,JPMC-CLIENT-2922754-00,ARGENTINA,CASH-DEPOSIT,jpm_aml,compliance_transaction,TRUE,banking,synthetic_research
20/03/2023 6:56,GOOD,T-1061288-10,JPMC-CLIENT-1060864-10,USA,3710.93,CHECKING-1060874-10,,WIRE,jpm_aml,compliance_transaction,FALSE,banking,synthetic_research
20/03/2023 8:04,GOOD,T-1601005-04,,,9500.75,JPMC-CLIENT-1600688-04,USA,CASH-DEPOSIT,jpm_aml,compliance_transaction,FALSE,banking,synthetic_research
20/03/2023 19:22,BAD,T-1045383-00,JPMC-CLIENT-1045061-00,PORTUGAL,500045,,,WITHDRAWL,jpm_aml,compliance_transaction,TRUE,banking,synthetic_research
20/03/2023 19:44,BAD,T-2985631-00,JPMC-CLIENT-2985277-00,USA,205536,JPMC-CUSTOMER-2985282-00,USA,CRYPTO-TRANSFER,jpm_aml,compliance_transaction,TRUE,banking,synthetic_research
20/03/2023 23:34,BAD,T-600298-00,JPMC-CLIENT-599959-00,USA,3932988,CUSTOMER-600048-00,NORTH-KOREA,WIRE,jpm_aml,compliance_transaction,TRUE,banking,synthetic_research
21/03/2023 0:46,BAD,T-2997237-00,,,250052,JPMC-CLIENT-2996915-00,USA,CASH-DEPOSIT,jpm_aml,compliance_transaction,TRUE,banking,synthetic_research
21/03/2023 3:33,BAD,T-1078752-00,,,179091,JPMC-CLIENT-1078465-00,USA,CASH-DEPOSIT,jpm_aml,compliance_transaction,TRUE,banking,synthetic_research
22/03/2023 8:08,GOOD,T-547092-10,,,2976.35,JPMC-CLIENT-546617-10,USA,CASH-DEPOSIT,jpm_aml,compliance_transaction,FALSE,banking,synthetic_research
22/03/2023 14:28,GOOD,T-46391-10,JPMC-CLIENT-46027-10,USA,7107.12,CHECKING-46037-10,,WIRE,jpm_aml,compliance_transaction,FALSE,banking,synthetic_research
23/03/2023 2:03,GOOD,T-388360-02,JPMC-CLIENT-388058-02,USA,786.87,,,WITHDRAWL,jpm_aml,compliance_transaction,FALSE,banking,synthetic_research
23/03/2023 16:17,GOOD,T-131320-14,JPMC-CLIENT-130898-14,USA,3848.03,CHECKING-130907-14,,WIRE,jpm_aml,compliance_transaction,FALSE,banking,synthetic_research
23/03/2023 18:25,BAD,T-43880-00,JPMC-CLIENT-43529-00,USA,500072,,,WITHDRAWL,jpm_aml,compliance_transaction,TRUE,banking,synthetic_research
23/03/2023 18:59,GOOD,T-210063-12,,,1135.64,JPMC-CLIENT-209657-12,USA,CASH-DEPOSIT,jpm_aml,compliance_transaction,FALSE,banking,synthetic_research
24/03/2023 0:14,BAD,T-1527587-00,,,95002,JPMC-CLIENT-1527203-00,USA,CASH-DEPOSIT,jpm_aml,compliance_transaction,TRUE,banking,synthetic_research
24/03/2023 1:36,BAD,T-2248370-00,JPMC-CLIENT-2248014-00,UNITED-KINGDOM,2384451,JPMC-BILLING-COMPANY-2248017-00,USA,PAYMENT,jpm_aml,compliance_transaction,TRUE,banking,synthetic_research
24/03/2023 5:22,GOOD,T-18674-11,JPMC-CLIENT-18295-11,UNITED-KINGDOM,7809.62,CHECKING-18304-11,,WIRE,jpm_aml,compliance_transaction,FALSE,banking,synthetic_research
24/03/2023 6:17,BAD,T-2274919-00,,,941072,JPMC-CLIENT-2274593-00,USA,CASH-DEPOSIT,jpm_aml,compliance_transaction,TRUE,banking,synthetic_research
24/03/2023 17:40,GOOD,T-1018095-04,,,9500.67,JPMC-CLIENT-1017717-04,USA,CASH-DEPOSIT,jpm_aml,compliance_transaction,FALSE,banking,synthetic_research
24/03/2023 23:21,BAD,T-1468639-00,,,950013,JPMC-CLIENT-1468306-00,UNITED-KINGDOM,CASH-DEPOSIT,jpm_aml,compliance_transaction,TRUE,banking,synthetic_research
25/03/2023 1:12,GOOD,T-71943-13,,,1322.55,JPMC-CLIENT-71508-13,UNITED-KINGDOM,CASH-DEPOSIT,jpm_aml,compliance_transaction,FALSE,banking,synthetic_research
25/03/2023 7:10,BAD,T-345744-00,JPMC-CLIENT-345342-00,USA,1000089,BILLING-COMPANY-345345-00,USA,PAYMENT,jpm_aml,compliance_transaction,TRUE,banking,synthetic_research
25/03/2023 21:11,BAD,T-2373252-00,JPMC-CLIENT-2372996-00,USA,500035,,,WITHDRAWL,jpm_aml,compliance_transaction,TRUE,banking,synthetic_research
25/03/2023 21:28,GOOD,T-425302-01,JPMC-CLIENT-424942-01,USA,885.98,CHECKING-424955-01,,WIRE,jpm_aml,compliance_transaction,FALSE,banking,synthetic_research
26/03/2023 0:06,GOOD,T-128483-07,JPMC-CLIENT-128032-07,USA,616.67,,,WITHDRAWL,jpm_aml,compliance_transaction,FALSE,banking,synthetic_research
26/03/2023 3:52,GOOD,T-382370-07,JPMC-CLIENT-382040-07,USA,5224.94,,,WITHDRAWL,jpm_aml,compliance_transaction,FALSE,banking,synthetic_research
26/03/2023 22:56,BAD,T-52487-00,JPMC-CLIENT-52217-00,USA,500041,JPMC-CUSTOMER-52222-00,USA,CRYPTO-TRANSFER,jpm_aml,compliance_transaction,TRUE,banking,synthetic_research
27/03/2023 1:42,GOOD,T-246307-10,JPMC-CLIENT-245984-10,VIRGIN-ISLANDS-US,5000.66,CHECKING-245996-10,,WIRE,jpm_aml,compliance_transaction,FALSE,banking,synthetic_research
27/03/2023 8:57,GOOD,T-103414-06,JPMC-CLIENT-103120-06,USA,2026.75,,,WITHDRAWL,jpm_aml,compliance_transaction,FALSE,banking,synthetic_research
27/03/2023 13:22,GOOD,T-589330-04,JPMC-CLIENT-588854-04,USA,6492.03,,,WITHDRAWL,jpm_aml,compliance_transaction,FALSE,banking,synthetic_research
27/03/2023 14:43,BAD,T-1113548-00,,,950048,JPMC-CLIENT-1113251-00,USA,CASH-DEPOSIT,jpm_aml,compliance_transaction,TRUE,banking,synthetic_research
27/03/2023 18:33,GOOD,T-1289943-10,JPMC-CLIENT-1289502-10,USA,2503.38,CHECKING-1289514-10,,WIRE,jpm_aml,compliance_transaction,FALSE,banking,synthetic_research
27/03/2023 18:46,BAD,T-2618804-00,JPMC-CLIENT-2618422-00,USA,500033,,,WITHDRAWL,jpm_aml,compliance_transaction,TRUE,banking,synthetic_research
28/03/2023 1:36,GOOD,T-788945-11,JPMC-CLIENT-788598-11,USA,5000.45,,,WITHDRAWL,jpm_aml,compliance_transaction,FALSE,banking,synthetic_research
28/03/2023 13:02,GOOD,T-134862-14,,,614.12,JPMC-CLIENT-134498-14,USA,CASH-DEPOSIT,jpm_aml,compliance_transaction,FALSE,banking,synthetic_research
28/03/2023 13:41,GOOD,T-123145-03,JPMC-CLIENT-122781-03,UNITED-KINGDOM,8719.49,,,WITHDRAWL,jpm_aml,compliance_transaction,FALSE,banking,synthetic_research
28/03/2023 18:27,BAD,T-2267617-00,,,25001,JPMC-CLIENT-2267299-00,USA,CASH-DEPOSIT,jpm_aml,compliance_transaction,TRUE,banking,synthetic_research
29/03/2023 3:37,GOOD,T-571065-11,,,5000.57,JPMC-CLIENT-570737-11,USA,CASH-DEPOSIT,jpm_aml,compliance_transaction,FALSE,banking,synthetic_research
29/03/2023 15:08,BAD,T-9048-00,,,950032,JPMC-CLIENT-8678-00,USA,CASH-DEPOSIT,jpm_aml,compliance_transaction,TRUE,banking,synthetic_research
29/03/2023 18:50,BAD,T-1276623-00,JPMC-CLIENT-1276372-00,USA,500067,,,WITHDRAWL,jpm_aml,compliance_transaction,TRUE,banking,synthetic_research
30/03/2023 7:17,GOOD,T-1489687-10,JPMC-CLIENT-1489276-10,USA,5000.89,CHECKING-1489288-10,,WIRE,jpm_aml,compliance_transaction,FALSE,banking,synthetic_research
30/03/2023 21:09,BAD,T-784295-00,,,785687,JPMC-CLIENT-783986-00,USA,CASH-DEPOSIT,jpm_aml,compliance_transaction,TRUE,banking,synthetic_research
31/03/2023 9:14,GOOD,T-311577-08,JPMC-CLIENT-311217-08,USA,2839.71,CHECKING-311224-08,,WIRE,jpm_aml,compliance_transaction,FALSE,banking,synthetic_research
31/03/2023 11:48,BAD,T-628364-00,JPMC-CLIENT-628104-00,USA,2704406,CUSTOMER-628154-00,SYRIA,WIRE,jpm_aml,compliance_transaction,TRUE,banking,synthetic_research
31/03/2023 12:22,BAD,T-1421836-00,JPMC-CLIENT-1421515-00,UNITED-KINGDOM,500063,,,WITHDRAWL,jpm_aml,compliance_transaction,TRUE,banking,synthetic_research
31/03/2023 12:52,GOOD,T-2695919-04,,,8785.38,JPMC-CLIENT-2695482-04,UNITED-KINGDOM,CASH-DEPOSIT,jpm_aml,compliance_transaction,FALSE,banking,synthetic_research
31/03/2023 19:20,GOOD,T-72667-10,JPMC-CLIENT-72281-10,USA,4734.61,,,WITHDRAWL,jpm_aml,compliance_transaction,FALSE,banking,synthetic_research
31/03/2023 20:03,BAD,T-1889609-00,JPMC-CLIENT-1889305-00,UNITED-KINGDOM,728652,,,WITHDRAWL,jpm_aml,compliance_transaction,TRUE,banking,synthetic_research
31/03/2023 21:54,BAD,T-710614-00,JPMC-CLIENT-710306-00,UNITED-KINGDOM,3333534,JPMC-BILLING-COMPANY-710309-00,USA,PAYMENT,jpm_aml,compliance_transaction,TRUE,banking,synthetic_research
01/04/2023 0:51,GOOD,T-1075646-04,STANDARD-COMPANY-1075247-04,USA,1655.81,JPMC-CLIENT-1075243-04,USA,WIRE,jpm_aml,compliance_transaction,FALSE,banking,synthetic_research
01/04/2023 0:55,BAD,T-1235949-00,,,88103,JPMC-CLIENT-1235676-00,USA,CASH-DEPOSIT,jpm_aml,compliance_transaction,TRUE,banking,synthetic_research
01/04/2023 2:50,BAD,T-2159769-00,JPMC-CLIENT-2159464-00,USA,500015,,,WITHDRAWL,jpm_aml,compliance_transaction,TRUE,banking,synthetic_research
01/04/2023 20:11,GOOD,T-1114407-04,JPMC-CLIENT-1114099-04,USA,8783.74,,,WITHDRAWL,jpm_aml,compliance_transaction,FALSE,banking,synthetic_research
02/04/2023 12:24,BAD,T-1603934-00,JPMC-CLIENT-1603670-00,USA,500018,CUSTOMER-1603675-00,RUSSIA,CRYPTO-TRANSFER,jpm_aml,compliance_transaction,TRUE,banking,synthetic_research
02/04/2023 16:57,GOOD,T-324374-14,STANDARD-COMPANY-323933-14,USA,4969.13,JPMC-CLIENT-323929-14,USA,WIRE,jpm_aml,compliance_transaction,FALSE,banking,synthetic_research
03/04/2023 7:21,GOOD,T-59313-08,,,1785.76,JPMC-CLIENT-59002-08,UNITED-KINGDOM,CASH-DEPOSIT,jpm_aml,compliance_transaction,FALSE,banking,synthetic_research
03/04/2023 12:11,GOOD,T-508902-07,,,1653.39,JPMC-CLIENT-508544-07,UNITED-KINGDOM,CASH-DEPOSIT,jpm_aml,compliance_transaction,FALSE,banking,synthetic_research
03/04/2023 18:48,BAD,T-2743601-00,,,620149,JPMC-CLIENT-2743290-00,UNITED-KINGDOM,CASH-DEPOSIT,jpm_aml,compliance_transaction,TRUE,banking,synthetic_research
04/04/2023 1:59,BAD,T-1422818-00,,,296758,JPMC-CLIENT-1422480-00,USA,CASH-DEPOSIT,jpm_aml,compliance_transaction,TRUE,banking,synthetic_research
04/04/2023 10:22,GOOD,T-2447506-04,JPMC-CLIENT-2446970-04,USA,5000.89,,,WITHDRAWL,jpm_aml,compliance_transaction,FALSE,banking,synthetic_research
04/04/2023 11:14,GOOD,T-2595541-04,JPMC-CLIENT-2595215-04,USA,5000.94,,,WITHDRAWL,jpm_aml,compliance_transaction,FALSE,banking,synthetic_research
04/04/2023 13:22,BAD,T-277842-00,,,500035,JPMC-CLIENT-277492-00,UNITED-KINGDOM,CASH-DEPOSIT,jpm_aml,compliance_transaction,TRUE,banking,synthetic_research
04/04/2023 18:33,BAD,T-1510212-00,,,472466,JPMC-CLIENT-1509830-00,USA,CASH-DEPOSIT,jpm_aml,compliance_transaction,TRUE,banking,synthetic_research
04/04/2023 22:58,GOOD,T-599727-06,JPMC-CLIENT-599371-06,USA,5883.77,CHECKING-599385-06,,WIRE,jpm_aml,compliance_transaction,FALSE,banking,synthetic_research
05/04/2023 16:17,GOOD,T-642224-04,JPMC-CLIENT-641698-04,USA,3265.28,CHECKING-641710-04,,WIRE,jpm_aml,compliance_transaction,FALSE,banking,synthetic_research
05/04/2023 18:16,GOOD,T-399368-04,,,9500.16,JPMC-CLIENT-398886-04,UNITED-KINGDOM,CASH-DEPOSIT,jpm_aml,compliance_transaction,FALSE,banking,synthetic_research
05/04/2023 18:33,BAD,T-2361862-00,JPMC-CLIENT-2361466-00,USA,833157,,,WITHDRAWL,jpm_aml,compliance_transaction,TRUE,banking,synthetic_research
05/04/2023 18:42,GOOD,T-1335243-10,JPMC-CLIENT-1334741-10,USA,3679.47,,,WITHDRAWL,jpm_aml,compliance_transaction,FALSE,banking,synthetic_research
05/04/2023 22:45,GOOD,T-183431-08,JPMC-CLIENT-182909-08,CHILE,811.05,,,WITHDRAWL,jpm_aml,compliance_transaction,FALSE,banking,synthetic_research
06/04/2023 1:14,GOOD,T-2408564-04,,,267.7,JPMC-CLIENT-2408213-04,USA,CASH-DEPOSIT,jpm_aml,compliance_transaction,FALSE,banking,synthetic_research
06/04/2023 6:04,BAD,T-2488161-00,JPMC-CLIENT-2487842-00,USA,636397,,,WITHDRAWL,jpm_aml,compliance_transaction,TRUE,banking,synthetic_research
06/04/2023 16:40,GOOD,T-10248-04,,,9500.69,JPMC-CLIENT-9874-04,USA,CASH-DEPOSIT,jpm_aml,compliance_transaction,FALSE,banking,synthetic_research
06/04/2023 21:22,GOOD,T-596268-10,JPMC-CLIENT-595915-10,USA,6828.3,CHECKING-595925-10,,WIRE,jpm_aml,compliance_transaction,FALSE,banking,synthetic_research
07/04/2023 4:18,GOOD,T-220771-06,JPMC-CLIENT-220415-06,USA,5229.33,CHECKING-220426-06,,WIRE,jpm_aml,compliance_transaction,FALSE,banking,synthetic_research
07/04/2023 9:29,BAD,T-190607-00,JPMC-CLIENT-190259-00,USA,916477,,,WITHDRAWL,jpm_aml,compliance_transaction,TRUE,banking,synthetic_research
07/04/2023 13:07,BAD,T-178537-00,,,950021,JPMC-CLIENT-178116-00,USA,CASH-DEPOSIT,jpm_aml,compliance_transaction,TRUE,banking,synthetic_research
07/04/2023 15:45,GOOD,T-87203-07,JPMC-CLIENT-86838-07,USA,4052.14,,,WITHDRAWL,jpm_aml,compliance_transaction,FALSE,banking,synthetic_research
08/04/2023 1:59,GOOD,T-163700-08,JPMC-CLIENT-163282-08,USA,5000.54,CHECKING-163294-08,,WIRE,jpm_aml,compliance_transaction,FALSE,banking,synthetic_research
08/04/2023 3:50,GOOD,T-1269055-04,JPMC-CLIENT-1268667-04,SPAIN,5000.44,,,WITHDRAWL,jpm_aml,compliance_transaction,FALSE,banking,synthetic_research
08/04/2023 19:12,GOOD,T-133673-13,JPMC-CLIENT-133223-13,UNITED-KINGDOM,2480.24,,,WITHDRAWL,jpm_aml,compliance_transaction,FALSE,banking,synthetic_research
08/04/2023 23:40,BAD,T-998165-00,JPMC-CLIENT-997696-00,USA,610419,JPMC-CUSTOMER-997701-00,USA,CRYPTO-TRANSFER,jpm_aml,compliance_transaction,TRUE,banking,synthetic_research
09/04/2023 14:53,GOOD,T-94771-13,,,413.01,JPMC-CLIENT-94298-13,USA,CASH-DEPOSIT,jpm_aml,compliance_transaction,FALSE,banking,synthetic_research
09/04/2023 21:00,BAD,T-1665812-00,JPMC-CLIENT-1665471-00,USA,865103,,,WITHDRAWL,jpm_aml,compliance_transaction,TRUE,banking,synthetic_research
09/04/2023 21:56,BAD,T-2197173-00,JPMC-CLIENT-2196711-00,UNITED-KINGDOM,843354,CUSTOMER-2196716-00,UNITED-KINGDOM,CRYPTO-TRANSFER,jpm_aml,compliance_transaction,TRUE,banking,synthetic_research
10/04/2023 3:31,GOOD,T-1990107-04,,,9500.76,JPMC-CLIENT-1989733-04,USA,CASH-DEPOSIT,jpm_aml,compliance_transaction,FALSE,banking,synthetic_research
10/04/2023 10:59,GOOD,T-435922-10,JPMC-CLIENT-435415-10,USA,6539.6,,,WITHDRAWL,jpm_aml,compliance_transaction,FALSE,banking,synthetic_research
10/04/2023 14:06,BAD,T-653671-00,,,435967,JPMC-CLIENT-653297-00,USA,CASH-DEPOSIT,jpm_aml,compliance_transaction,TRUE,banking,synthetic_research
10/04/2023 16:44,GOOD,T-266755-06,JPMC-CLIENT-266417-06,USA,8507.14,CHECKING-266429-06,,WIRE,jpm_aml,compliance_transaction,FALSE,banking,synthetic_research
10/04/2023 23:04,GOOD,T-189545-08,,,6820.47,JPMC-CLIENT-189059-08,USA,CASH-DEPOSIT,jpm_aml,compliance_transaction,FALSE,banking,synthetic_research
11/04/2023 0:21,BAD,T-1734689-00,JPMC-CLIENT-1734288-00,USA,2311729,BILLING-COMPANY-1734291-00,USA,PAYMENT,jpm_aml,compliance_transaction,TRUE,banking,synthetic_research
11/04/2023 3:41,GOOD,T-667113-14,JPMC-CLIENT-666641-14,USA,8666.24,CHECKING-666655-14,,WIRE,jpm_aml,compliance_transaction,FALSE,banking,synthetic_research
11/04/2023 5:49,BAD,T-2315228-00,,,72020,JPMC-CLIENT-2314856-00,ISRAEL,CASH-DEPOSIT,jpm_aml,compliance_transaction,TRUE,banking,synthetic_research
11/04/2023 10:22,BAD,T-2412124-00,JPMC-CLIENT-2411742-00,USA,500069,,,WITHDRAWL,jpm_aml,compliance_transaction,TRUE,banking,synthetic_research
12/04/2023 2:59,GOOD,T-1571548-06,,,1757.69,JPMC-CLIENT-1571045-06,USA,CASH-DEPOSIT,jpm_aml,compliance_transaction,FALSE,banking,synthetic_research
12/04/2023 6:19,GOOD,T-302930-14,,,9500.92,JPMC-CLIENT-302421-14,USA,CASH-DEPOSIT,jpm_aml,compliance_transaction,FALSE,banking,synthetic_research
12/04/2023 11:22,GOOD,T-389269-05,JPMC-CLIENT-388821-05,USA,808.75,,,WITHDRAWL,jpm_aml,compliance_transaction,FALSE,banking,synthetic_research
12/04/2023 11:48,GOOD,T-267498-03,JPMC-CLIENT-267084-03,UNITED-KINGDOM,5000.76,,,WITHDRAWL,jpm_aml,compliance_transaction,FALSE,banking,synthetic_research
13/04/2023 0:36,GOOD,T-860386-10,JPMC-CLIENT-860103-10,USA,1656.79,CHECKING-860116-10,,WIRE,jpm_aml,compliance_transaction,FALSE,banking,synthetic_research
13/04/2023 0:40,GOOD,T-129855-05,JPMC-CLIENT-129474-05,USA,8572.49,CHECKING-129482-05,,WIRE,jpm_aml,compliance_transaction,FALSE,banking,synthetic_research
13/04/2023 4:52,BAD,T-2612485-00,,,109762,JPMC-CLIENT-2612148-00,USA,CASH-DEPOSIT,jpm_aml,compliance_transaction,TRUE,banking,synthetic_research
13/04/2023 7:04,GOOD,T-1692074-06,JPMC-CLIENT-1691689-06,USA,2088.38,,,WITHDRAWL,jpm_aml,compliance_transaction,FALSE,banking,synthetic_research
13/04/2023 10:37,GOOD,T-1388629-06,,,5315.87,JPMC-CLIENT-1388304-06,USA,CASH-DEPOSIT,jpm_aml,compliance_transaction,FALSE,banking,synthetic_research
13/04/2023 12:37,GOOD,T-352382-05,,,1620.52,JPMC-CLIENT-351948-05,USA,CASH-DEPOSIT,jpm_aml,compliance_transaction,FALSE,banking,synthetic_research
13/04/2023 13:32,BAD,T-2652056-00,,,50005,JPMC-CLIENT-2651772-00,USA,CASH-DEPOSIT,jpm_aml,compliance_transaction,TRUE,banking,synthetic_research
13/04/2023 13:32,GOOD,T-331972-02,JPMC-CLIENT-331604-02,USA,5533.09,CHECKING-331616-02,,WIRE,jpm_aml,compliance_transaction,FALSE,banking,synthetic_research
13/04/2023 14:45,BAD,T-2131191-00,,,374784,JPMC-CLIENT-2130878-00,USA,CASH-DEPOSIT,jpm_aml,compliance_transaction,TRUE,banking,synthetic_research
13/04/2023 18:27,BAD,T-355335-00,,,500083,JPMC-CLIENT-355009-00,USA,CASH-DEPOSIT,jpm_aml,compliance_transaction,TRUE,banking,synthetic_research
13/04/2023 22:21,GOOD,T-34934-11,JPMC-CLIENT-34619-11,USA,5045.56,,,WITHDRAWL,jpm_aml,compliance_transaction,FALSE,banking,synthetic_research
14/04/2023 0:29,BAD,T-1720665-00,JPMC-CLIENT-1720289-00,USA,500026,,,WITHDRAWL,jpm_aml,compliance_transaction,TRUE,banking,synthetic_research
14/04/2023 10:40,GOOD,T-420321-02,,,3149.63,JPMC-CLIENT-419937-02,USA,CASH-DEPOSIT,jpm_aml,compliance_transaction,FALSE,banking,synthetic_research
15/04/2023 7:55,BAD,T-2337918-00,JPMC-CLIENT-2337596-00,USA,50006,,,WITHDRAWL,jpm_aml,compliance_transaction,TRUE,banking,synthetic_research
15/04/2023 11:46,BAD,T-2893595-00,JPMC-CLIENT-2893242-00,USA,500071,CUSTOMER-2893247-00,USA,CRYPTO-TRANSFER,jpm_aml,compliance_transaction,TRUE,banking,synthetic_research
16/04/2023 1:55,BAD,T-2119171-00,JPMC-CLIENT-2118736-00,UNITED-KINGDOM,3203323,STANDARD-COMPANY-2118880-00,SYRIA,WIRE,jpm_aml,compliance_transaction,TRUE,banking,synthetic_research
16/04/2023 10:01,GOOD,T-1150480-06,JPMC-CLIENT-1150116-06,USA,1565.86,CHECKING-1150128-06,,WIRE,jpm_aml,compliance_transaction,FALSE,banking,synthetic_research
16/04/2023 11:22,BAD,T-1101458-00,,,950043,JPMC-CLIENT-1101178-00,USA,CASH-DEPOSIT,jpm_aml,compliance_transaction,TRUE,banking,synthetic_research
16/04/2023 18:08,GOOD,T-306498-08,JPMC-CLIENT-306166-08,USA,3577.4,,,WITHDRAWL,jpm_aml,compliance_transaction,FALSE,banking,synthetic_research
17/04/2023 15:28,GOOD,T-415677-01,JPMC-CLIENT-415334-01,UNITED-KINGDOM,9211.25,,,WITHDRAWL,jpm_aml,compliance_transaction,FALSE,banking,synthetic_research
17/04/2023 16:19,GOOD,T-211196-05,JPMC-CLIENT-210873-05,UNITED-KINGDOM,22.88,,,WITHDRAWL,jpm_aml,compliance_transaction,FALSE,banking,synthetic_research
18/04/2023 11:22,GOOD,T-1163481-04,JPMC-CLIENT-1163164-04,USA,5000.01,,,WITHDRAWL,jpm_aml,compliance_transaction,FALSE,banking,synthetic_research
18/04/2023 12:56,GOOD,T-44463-04,JPMC-CLIENT-44113-04,USA,8329.18,CHECKING-44120-04,,WIRE,jpm_aml,compliance_transaction,FALSE,banking,synthetic_research
18/04/2023 21:11,BAD,T-1242877-00,JPMC-CLIENT-1242459-00,USA,500053,CUSTOMER-1242464-00,USA,CRYPTO-TRANSFER,jpm_aml,compliance_transaction,TRUE,banking,synthetic_research
19/04/2023 3:31,BAD,T-1241781-00,,,150103,JPMC-CLIENT-1241500-00,USA,CASH-DEPOSIT,jpm_aml,compliance_transaction,TRUE,banking,synthetic_research
19/04/2023 6:34,BAD,T-1229679-00,,,500034,JPMC-CLIENT-1229381-00,USA,CASH-DEPOSIT,jpm_aml,compliance_transaction,TRUE,banking,synthetic_research
19/04/2023 6:34,GOOD,T-254009-01,JPMC-CLIENT-253673-01,USA,7416.35,,,WITHDRAWL,jpm_aml,compliance_transaction,FALSE,banking,synthetic_research
19/04/2023 19:48,BAD,T-827416-00,JPMC-CLIENT-827147-00,USA,500091,JPMC-CUSTOMER-827152-00,USA,CRYPTO-TRANSFER,jpm_aml,compliance_transaction,TRUE,banking,synthetic_research
20/04/2023 17:12,BAD,T-1783579-00,JPMC-CLIENT-1783205-00,PANAMA,335933,,,WITHDRAWL,jpm_aml,compliance_transaction,TRUE,banking,synthetic_research
21/04/2023 0:53,GOOD,T-1304844-06,JPMC-CLIENT-1304518-06,USA,4120.66,CHECKING-1304529-06,,WIRE,jpm_aml,compliance_transaction,FALSE,banking,synthetic_research
21/04/2023 2:48,BAD,T-2182204-00,JPMC-CLIENT-2181830-00,USA,500032,,,WITHDRAWL,jpm_aml,compliance_transaction,TRUE,banking,synthetic_research
21/04/2023 13:41,GOOD,T-395026-04,JPMC-CLIENT-394528-04,USA,3231.8,,,WITHDRAWL,jpm_aml,compliance_transaction,FALSE,banking,synthetic_research
21/04/2023 16:27,GOOD,T-2031332-04,,,3076.91,JPMC-CLIENT-2030990-04,USA,CASH-DEPOSIT,jpm_aml,compliance_transaction,FALSE,banking,synthetic_research
21/04/2023 19:31,BAD,T-2755694-00,JPMC-CLIENT-2755338-00,USA,1936544,CUSTOMER-2755434-00,IRAN,WIRE,jpm_aml,compliance_transaction,TRUE,banking,synthetic_research
22/04/2023 3:24,GOOD,T-6533-12,JPMC-CLIENT-6177-12,USA,5000.44,,,WITHDRAWL,jpm_aml,compliance_transaction,FALSE,banking,synthetic_research
22/04/2023 4:41,BAD,T-945235-00,,,889169,JPMC-CLIENT-944909-00,USA,CASH-DEPOSIT,jpm_aml,compliance_transaction,TRUE,banking,synthetic_research
22/04/2023 5:45,BAD,T-758189-00,JPMC-CLIENT-757802-00,USA,500007,CUSTOMER-757807-00,UNITED-KINGDOM,CRYPTO-TRANSFER,jpm_aml,compliance_transaction,TRUE,banking,synthetic_research
22/04/2023 14:38,BAD,T-470122-00,,,602192,JPMC-CLIENT-469719-00,ITALY,CASH-DEPOSIT,jpm_aml,compliance_transaction,TRUE,banking,synthetic_research
22/04/2023 21:11,GOOD,T-40929-03,JPMC-CLIENT-40564-03,LUXEMBOURG,5000.36,CHECKING-40574-03,,WIRE,jpm_aml,compliance_transaction,FALSE,banking,synthetic_research
22/04/2023 22:11,GOOD,T-2167954-04,JPMC-CLIENT-2167619-04,USA,5000.71,CHECKING-2167626-04,,WIRE,jpm_aml,compliance_transaction,FALSE,banking,synthetic_research
22/04/2023 23:45,GOOD,T-117227-02,JPMC-CLIENT-116773-02,USA,608.43,CHECKING-116782-02,,WIRE,jpm_aml,compliance_transaction,FALSE,banking,synthetic_research
23/04/2023 2:57,BAD,T-407776-00,JPMC-CLIENT-407358-00,USA,207699,,,WITHDRAWL,jpm_aml,compliance_transaction,TRUE,banking,synthetic_research
23/04/2023 5:43,BAD,T-1373397-00,JPMC-CLIENT-1373083-00,USA,2220734,BILLING-COMPANY-1373086-00,USA,PAYMENT,jpm_aml,compliance_transaction,TRUE,banking,synthetic_research
23/04/2023 11:54,GOOD,T-1700396-06,JPMC-CLIENT-1700031-06,USA,5000.8,CHECKING-1700040-06,,WIRE,jpm_aml,compliance_transaction,FALSE,banking,synthetic_research
23/04/2023 18:57,GOOD,T-451302-10,JPMC-CLIENT-450982-10,UNITED-KINGDOM,7086.29,,,WITHDRAWL,jpm_aml,compliance_transaction,FALSE,banking,synthetic_research
24/04/2023 3:12,GOOD,T-870-09,JPMC-CLIENT-488-09,USA,111.59,CHECKING-496-09,,WIRE,jpm_aml,compliance_transaction,FALSE,banking,synthetic_research
24/04/2023 7:36,GOOD,T-40002-03,JPMC-CLIENT-39518-03,USA,4564.72,CHECKING-39528-03,,WIRE,jpm_aml,compliance_transaction,FALSE,banking,synthetic_research
24/04/2023 23:23,GOOD,T-674842-11,JPMC-CLIENT-674467-11,USA,3735.15,CHECKING-674476-11,,WIRE,jpm_aml,compliance_transaction,FALSE,banking,synthetic_research
25/04/2023 0:14,BAD,T-1340000-00,,,749756,JPMC-CLIENT-1339665-00,USA,CASH-DEPOSIT,jpm_aml,compliance_transaction,TRUE,banking,synthetic_research
25/04/2023 4:26,BAD,T-2584353-00,,,500036,JPMC-CLIENT-2584010-00,USA,CASH-DEPOSIT,jpm_aml,compliance_transaction,TRUE,banking,synthetic_research
25/04/2023 10:16,BAD,T-1413189-00,JPMC-CLIENT-1412779-00,USA,100007,CUSTOMER-1412902-00,SYRIA,WIRE,jpm_aml,compliance_transaction,TRUE,banking,synthetic_research
25/04/2023 17:23,GOOD,T-1812004-04,JPMC-CLIENT-1811609-04,USA,8775.12,,,WITHDRAWL,jpm_aml,compliance_transaction,FALSE,banking,synthetic_research
26/04/2023 0:34,GOOD,T-576294-14,JPMC-CLIENT-575900-14,USA,7861.76,,,WITHDRAWL,jpm_aml,compliance_transaction,FALSE,banking,synthetic_research
26/04/2023 1:08,GOOD,T-120757-08,JPMC-CLIENT-120209-08,USA,5000.43,,,WITHDRAWL,jpm_aml,compliance_transaction,FALSE,banking,synthetic_research
26/04/2023 8:32,GOOD,T-899539-10,,,9500.2,JPMC-CLIENT-899166-10,USA,CASH-DEPOSIT,jpm_aml,compliance_transaction,FALSE,banking,synthetic_research
26/04/2023 18:16,GOOD,T-39190-10,JPMC-CLIENT-38689-10,USA,587.84,CHECKING-38697-10,,WIRE,jpm_aml,compliance_transaction,FALSE,banking,synthetic_research
27/04/2023 0:44,GOOD,T-2604057-04,JPMC-CLIENT-2603712-04,USA,4467.81,,,WITHDRAWL,jpm_aml,compliance_transaction,FALSE,banking,synthetic_research
27/04/2023 1:36,BAD,T-1726955-00,JPMC-CLIENT-1726603-00,USA,50007,JPMC-CUSTOMER-1726608-00,USA,CRYPTO-TRANSFER,jpm_aml,compliance_transaction,TRUE,banking,synthetic_research
27/04/2023 8:04,GOOD,T-459020-10,,,9500.13,JPMC-CLIENT-458671-10,USA,CASH-DEPOSIT,jpm_aml,compliance_transaction,FALSE,banking,synthetic_research
27/04/2023 9:42,GOOD,T-79899-04,,,6574.11,JPMC-CLIENT-79551-04,UNITED-KINGDOM,CASH-DEPOSIT,jpm_aml,compliance_transaction,FALSE,banking,synthetic_research
27/04/2023 9:59,BAD,T-57412-00,JPMC-CLIENT-57049-00,UNITED-KINGDOM,50006,CUSTOMER-57054-00,USA,CRYPTO-TRANSFER,jpm_aml,compliance_transaction,TRUE,banking,synthetic_research
27/04/2023 10:29,GOOD,T-713785-14,JPMC-CLIENT-713410-14,USA,5000.07,,,WITHDRAWL,jpm_aml,compliance_transaction,FALSE,banking,synthetic_research
27/04/2023 17:10,GOOD,T-1068896-04,JPMC-CLIENT-1068524-04,USA,5792.86,,,WITHDRAWL,jpm_aml,compliance_transaction,FALSE,banking,synthetic_research
28/04/2023 2:20,GOOD,T-2225284-04,JPMC-CLIENT-2224767-04,USA,8455.7,,,WITHDRAWL,jpm_aml,compliance_transaction,FALSE,banking,synthetic_research
28/04/2023 6:02,GOOD,T-196101-11,JPMC-CLIENT-195651-11,USA,5000.12,CHECKING-195663-11,,WIRE,jpm_aml,compliance_transaction,FALSE,banking,synthetic_research
28/04/2023 6:49,GOOD,T-1089177-06,JPMC-CLIENT-1088864-06,USA,5885.23,CHECKING-1088873-06,,WIRE,jpm_aml,compliance_transaction,FALSE,banking,synthetic_research
28/04/2023 13:09,GOOD,T-1615211-06,JPMC-CLIENT-1614881-06,UNITED-KINGDOM,1110.01,CHECKING-1614892-06,,WIRE,jpm_aml,compliance_transaction,FALSE,banking,synthetic_research
29/04/2023 10:25,GOOD,T-808013-06,,,2112.2,JPMC-CLIENT-807456-06,USA,CASH-DEPOSIT,jpm_aml,compliance_transaction,FALSE,banking,synthetic_research
30/04/2023 4:28,GOOD,T-367460-07,,,8670.68,JPMC-CLIENT-366924-07,USA,CASH-DEPOSIT,jpm_aml,compliance_transaction,FALSE,banking,synthetic_research
30/04/2023 9:14,GOOD,T-620038-10,JPMC-CLIENT-619626-10,USA,4140.52,,,WITHDRAWL,jpm_aml,compliance_transaction,FALSE,banking,synthetic_research
30/04/2023 18:08,GOOD,T-2763670-04,JPMC-CLIENT-2763243-04,USA,5000.82,,,WITHDRAWL,jpm_aml,compliance_transaction,FALSE,banking,synthetic_research
30/04/2023 18:16,BAD,T-1467299-00,,,16022,JPMC-CLIENT-1466871-00,USA,CASH-DEPOSIT,jpm_aml,compliance_transaction,TRUE,banking,synthetic_research
01/05/2023 6:17,GOOD,T-80825-03,JPMC-CLIENT-80440-03,USA,6528.92,,,WITHDRAWL,jpm_aml,compliance_transaction,FALSE,banking,synthetic_research
01/05/2023 7:38,BAD,T-1351519-00,JPMC-CLIENT-1351294-00,UNITED-KINGDOM,91536,,,WITHDRAWL,jpm_aml,compliance_transaction,TRUE,banking,synthetic_research
01/05/2023 7:42,GOOD,T-41360-09,BILLING-COMPANY-40957-09,USA,500.82,JPMC-CLIENT-40954-09,USA,WIRE,jpm_aml,compliance_transaction,FALSE,banking,synthetic_research
01/05/2023 8:00,GOOD,T-451917-11,BILLING-COMPANY-451562-11,USA,3986.53,JPMC-CLIENT-451559-11,USA,WIRE,jpm_aml,compliance_transaction,FALSE,banking,synthetic_research
01/05/2023 9:21,GOOD,T-23224-10,,,9500.24,JPMC-CLIENT-22823-10,USA,CASH-DEPOSIT,jpm_aml,compliance_transaction,FALSE,banking,synthetic_research
01/05/2023 12:28,GOOD,T-309491-05,JPMC-CLIENT-309066-05,USA,377,JPMC-BILLING-COMPANY-309069-05,USA,PAYMENT,jpm_aml,compliance_transaction,FALSE,banking,synthetic_research
01/05/2023 16:10,BAD,T-267085-00,,,379486,JPMC-CLIENT-266841-00,UNITED-KINGDOM,CASH-DEPOSIT,jpm_aml,compliance_transaction,TRUE,banking,synthetic_research
01/05/2023 18:01,BAD,T-470486-00,JPMC-CLIENT-470203-00,USA,48747,,,WITHDRAWL,jpm_aml,compliance_transaction,TRUE,banking,synthetic_research
01/05/2023 18:35,BAD,T-1959187-00,,,177026,JPMC-CLIENT-1958960-00,USA,CASH-DEPOSIT,jpm_aml,compliance_transaction,TRUE,banking,synthetic_research
01/05/2023 19:01,GOOD,T-524541-05,,,1834.24,JPMC-CLIENT-524121-05,USA,CASH-DEPOSIT,jpm_aml,compliance_transaction,FALSE,banking,synthetic_research
01/05/2023 20:35,GOOD,T-1462635-10,JPMC-CLIENT-1462231-10,USA,354.98,OWNER-1462319-10,USA,WIRE,jpm_aml,compliance_transaction,FALSE,banking,synthetic_research
01/05/2023 23:25,BAD,T-2299220-00,,,720547,JPMC-CLIENT-2298925-00,LUXEMBOURG,CASH-DEPOSIT,jpm_aml,compliance_transaction,TRUE,banking,synthetic_research
02/05/2023 1:25,GOOD,T-918067-11,JPMC-CLIENT-917759-11,USA,5000.34,CHECKING-917768-11,,WIRE,jpm_aml,compliance_transaction,FALSE,banking,synthetic_research
02/05/2023 10:52,GOOD,T-1688748-04,JPMC-CLIENT-1688245-04,USA,1316.25,,,WITHDRAWL,jpm_aml,compliance_transaction,FALSE,banking,synthetic_research
02/05/2023 18:42,GOOD,T-584845-11,JPMC-CLIENT-584417-11,USA,636.11,BILLING-COMPANY-584420-11,USA,PAYMENT,jpm_aml,compliance_transaction,FALSE,banking,synthetic_research
02/05/2023 23:02,BAD,T-1579341-00,JPMC-CLIENT-1579050-00,USA,1346668,BILLING-COMPANY-1579053-00,USA,PAYMENT,jpm_aml,compliance_transaction,TRUE,banking,synthetic_research
03/05/2023 3:41,GOOD,T-170560-11,JPMC-CLIENT-170014-11,UNITED-KINGDOM,5684.71,,,WITHDRAWL,jpm_aml,compliance_transaction,FALSE,banking,synthetic_research
03/05/2023 5:28,BAD,T-1098547-00,JPMC-CLIENT-1098288-00,USA,500028,,,WITHDRAWL,jpm_aml,compliance_transaction,TRUE,banking,synthetic_research
03/05/2023 18:46,GOOD,T-698772-06,,,4571.62,JPMC-CLIENT-698296-06,USA,CASH-DEPOSIT,jpm_aml,compliance_transaction,FALSE,banking,synthetic_research
04/05/2023 15:02,BAD,T-1320108-00,,,950086,JPMC-CLIENT-1319832-00,USA,CASH-DEPOSIT,jpm_aml,compliance_transaction,TRUE,banking,synthetic_research
05/05/2023 16:53,GOOD,T-887441-10,JPMC-CLIENT-887086-10,UNITED-KINGDOM,7629.73,,,WITHDRAWL,jpm_aml,compliance_transaction,FALSE,banking,synthetic_research
06/05/2023 7:36,GOOD,T-514996-11,,,6753.67,JPMC-CLIENT-514489-11,USA,CASH-DEPOSIT,jpm_aml,compliance_transaction,FALSE,banking,synthetic_research
06/05/2023 23:19,BAD,T-680660-00,JPMC-CLIENT-680364-00,UNITED-KINGDOM,611303,JPMC-CUSTOMER-680369-00,MAROCCO,CRYPTO-TRANSFER,jpm_aml,compliance_transaction,TRUE,banking,synthetic_research
07/05/2023 20:28,GOOD,T-488362-11,,,808.38,JPMC-CLIENT-487942-11,USA,CASH-DEPOSIT,jpm_aml,compliance_transaction,FALSE,banking,synthetic_research
09/05/2023 0:34,GOOD,T-1563545-06,,,9500.31,JPMC-CLIENT-1563142-06,SPAIN,CASH-DEPOSIT,jpm_aml,compliance_transaction,FALSE,banking,synthetic_research
09/05/2023 2:42,GOOD,T-31348-01,JPMC-CLIENT-30936-01,USA,485.09,CHECKING-30950-01,,WIRE,jpm_aml,compliance_transaction,FALSE,banking,synthetic_research
09/05/2023 21:28,GOOD,T-1156250-04,,,8188.77,JPMC-CLIENT-1155770-04,USA,CASH-DEPOSIT,jpm_aml,compliance_transaction,FALSE,banking,synthetic_research
10/05/2023 3:33,BAD,T-1815621-00,JPMC-CLIENT-1815242-00,USA,500058,,,WITHDRAWL,jpm_aml,compliance_transaction,TRUE,banking,synthetic_research
10/05/2023 17:12,GOOD,T-1518375-04,JPMC-CLIENT-1517945-04,UNITED-KINGDOM,6198.02,CHECKING-1517953-04,,WIRE,jpm_aml,compliance_transaction,FALSE,banking,synthetic_research
10/05/2023 20:37,GOOD,T-1496519-06,JPMC-CLIENT-1496163-06,UNITED-KINGDOM,5000.2,,,WITHDRAWL,jpm_aml,compliance_transaction,FALSE,banking,synthetic_research
11/05/2023 1:01,GOOD,T-185549-13,,,55.35,JPMC-CLIENT-185112-13,USA,CASH-DEPOSIT,jpm_aml,compliance_transaction,FALSE,banking,synthetic_research
12/05/2023 0:53,GOOD,T-792806-04,,,9500.63,JPMC-CLIENT-792363-04,USA,CASH-DEPOSIT,jpm_aml,compliance_transaction,FALSE,banking,synthetic_research
12/05/2023 1:31,GOOD,T-2729128-04,JPMC-CLIENT-2728730-04,USA,6258.82,,,WITHDRAWL,jpm_aml,compliance_transaction,FALSE,banking,synthetic_research
12/05/2023 1:40,GOOD,T-2055581-04,JPMC-CLIENT-2055188-04,USA,8556.73,CHECKING-2055195-04,,WIRE,jpm_aml,compliance_transaction,FALSE,banking,synthetic_research
12/05/2023 3:26,GOOD,T-168859-01,JPMC-CLIENT-168395-01,USA,3644.94,CHECKING-168408-01,,WIRE,jpm_aml,compliance_transaction,FALSE,banking,synthetic_research
12/05/2023 8:17,BAD,T-792717-00,,,500078,JPMC-CLIENT-792241-00,USA,CASH-DEPOSIT,jpm_aml,compliance_transaction,TRUE,banking,synthetic_research
12/05/2023 10:33,GOOD,T-396217-14,JPMC-CLIENT-395787-14,UNITED-KINGDOM,5572.17,,,WITHDRAWL,jpm_aml,compliance_transaction,FALSE,banking,synthetic_research
13/05/2023 8:04,GOOD,T-379907-06,JPMC-CLIENT-379482-06,UNITED-KINGDOM,5000.26,CHECKING-379491-06,,WIRE,jpm_aml,compliance_transaction,FALSE,banking,synthetic_research
13/05/2023 17:14,GOOD,T-654363-07,JPMC-CLIENT-653969-07,USA,5000.04,,,WITHDRAWL,jpm_aml,compliance_transaction,FALSE,banking,synthetic_research
13/05/2023 22:21,BAD,T-1184332-00,JPMC-CLIENT-1183906-00,USA,500063,CUSTOMER-1183911-00,USA,CRYPTO-TRANSFER,jpm_aml,compliance_transaction,TRUE,banking,synthetic_research
14/05/2023 4:37,GOOD,T-524647-05,JPMC-CLIENT-524121-05,USA,1639.47,CHECKING-524131-05,,WIRE,jpm_aml,compliance_transaction,FALSE,banking,synthetic_research
14/05/2023 5:07,GOOD,T-12899-07,JPMC-CLIENT-12438-07,UNITED-KINGDOM,5000.81,,,WITHDRAWL,jpm_aml,compliance_transaction,FALSE,banking,synthetic_research
14/05/2023 16:42,GOOD,T-385679-14,,,9500.16,JPMC-CLIENT-385316-14,USA,CASH-DEPOSIT,jpm_aml,compliance_transaction,FALSE,banking,synthetic_research
14/05/2023 19:33,BAD,T-2943500-00,JPMC-CLIENT-2943130-00,USA,500096,,,WITHDRAWL,jpm_aml,compliance_transaction,TRUE,banking,synthetic_research
16/05/2023 0:55,GOOD,T-1507631-04,JPMC-CLIENT-1507108-04,USA,3417.38,CHECKING-1507118-04,,WIRE,jpm_aml,compliance_transaction,FALSE,banking,synthetic_research
16/05/2023 2:08,GOOD,T-451306-10,,,5005.11,JPMC-CLIENT-450982-10,UNITED-KINGDOM,CASH-DEPOSIT,jpm_aml,compliance_transaction,FALSE,banking,synthetic_research
16/05/2023 10:57,BAD,T-1579961-00,JPMC-CLIENT-1579532-00,USA,206179,,,WITHDRAWL,jpm_aml,compliance_transaction,TRUE,banking,synthetic_research
16/05/2023 15:55,BAD,T-2055751-00,JPMC-CLIENT-2055395-00,USA,878898,JPMC-CUSTOMER-2055400-00,USA,CRYPTO-TRANSFER,jpm_aml,compliance_transaction,TRUE,banking,synthetic_research
16/05/2023 20:03,GOOD,T-1213380-06,,,5103.08,JPMC-CLIENT-1212988-06,USA,CASH-DEPOSIT,jpm_aml,compliance_transaction,FALSE,banking,synthetic_research
17/05/2023 5:22,BAD,T-2985179-00,JPMC-CLIENT-2984794-00,USA,500042,,,WITHDRAWL,jpm_aml,compliance_transaction,TRUE,banking,synthetic_research
18/05/2023 4:41,GOOD,T-3562-03,JPMC-CLIENT-3054-03,USA,4599.12,CHECKING-3064-03,,WIRE,jpm_aml,compliance_transaction,FALSE,banking,synthetic_research
18/05/2023 9:23,BAD,T-2552896-00,JPMC-CLIENT-2552480-00,UNITED-KINGDOM,576959,,,WITHDRAWL,jpm_aml,compliance_transaction,TRUE,banking,synthetic_research
18/05/2023 12:13,BAD,T-2952270-00,,,250089,JPMC-CLIENT-2951850-00,USA,CASH-DEPOSIT,jpm_aml,compliance_transaction,TRUE,banking,synthetic_research
19/05/2023 2:35,BAD,T-2942531-00,JPMC-CLIENT-2942158-00,USA,2673552,BILLING-COMPANY-2942161-00,USA,PAYMENT,jpm_aml,compliance_transaction,TRUE,banking,synthetic_research
19/05/2023 4:22,BAD,T-2576702-00,,,606803,JPMC-CLIENT-2576238-00,USA,CASH-DEPOSIT,jpm_aml,compliance_transaction,TRUE,banking,synthetic_research
19/05/2023 13:28,GOOD,T-631264-11,JPMC-CLIENT-630899-11,QATAR,5000.18,CHECKING-630913-11,,WIRE,jpm_aml,compliance_transaction,FALSE,banking,synthetic_research
21/05/2023 2:18,BAD,T-2656544-00,,,167377,JPMC-CLIENT-2656147-00,USA,CASH-DEPOSIT,jpm_aml,compliance_transaction,TRUE,banking,synthetic_research
21/05/2023 6:34,BAD,T-2925518-00,JPMC-CLIENT-2925184-00,UNITED-KINGDOM,500041,CUSTOMER-2925189-00,USA,CRYPTO-TRANSFER,jpm_aml,compliance_transaction,TRUE,banking,synthetic_research
21/05/2023 13:58,GOOD,T-38065-01,,,779.75,JPMC-CLIENT-37626-01,USA,CASH-DEPOSIT,jpm_aml,compliance_transaction,FALSE,banking,synthetic_research
21/05/2023 14:45,BAD,T-2784297-00,JPMC-CLIENT-2783858-00,USA,500072,CUSTOMER-2783863-00,USA,CRYPTO-TRANSFER,jpm_aml,compliance_transaction,TRUE,banking,synthetic_research
21/05/2023 15:36,GOOD,T-130149-06,JPMC-CLIENT-129740-06,USA,9086.58,CHECKING-129752-06,,WIRE,jpm_aml,compliance_transaction,FALSE,banking,synthetic_research
21/05/2023 18:44,BAD,T-390337-00,,,500018,JPMC-CLIENT-389929-00,USA,CASH-DEPOSIT,jpm_aml,compliance_transaction,TRUE,banking,synthetic_research
21/05/2023 19:22,GOOD,T-2782770-04,JPMC-CLIENT-2782360-04,USA,4877.49,CHECKING-2782371-04,,WIRE,jpm_aml,compliance_transaction,FALSE,banking,synthetic_research
22/05/2023 3:03,GOOD,T-952584-10,JPMC-CLIENT-952230-10,USA,3857.17,,,WITHDRAWL,jpm_aml,compliance_transaction,FALSE,banking,synthetic_research
22/05/2023 11:52,GOOD,T-99484-13,JPMC-CLIENT-99182-13,USA,8728.77,CHECKING-99191-13,,WIRE,jpm_aml,compliance_transaction,FALSE,banking,synthetic_research
22/05/2023 13:47,GOOD,T-1430711-06,,,535.54,JPMC-CLIENT-1430282-06,NICARAGUA,CASH-DEPOSIT,jpm_aml,compliance_transaction,FALSE,banking,synthetic_research
22/05/2023 14:09,GOOD,T-195748-04,JPMC-CLIENT-195370-04,USA,1220.9,CHECKING-195384-04,,WIRE,jpm_aml,compliance_transaction,FALSE,banking,synthetic_research
23/05/2023 5:34,BAD,T-2493164-00,,,95008,JPMC-CLIENT-2492723-00,UNITED-KINGDOM,CASH-DEPOSIT,jpm_aml,compliance_transaction,TRUE,banking,synthetic_research
23/05/2023 6:17,BAD,T-1165833-00,JPMC-CLIENT-1165483-00,USA,250002,,,WITHDRAWL,jpm_aml,compliance_transaction,TRUE,banking,synthetic_research
23/05/2023 12:37,GOOD,T-1229262-11,,,9500.67,JPMC-CLIENT-1228877-11,USA,CASH-DEPOSIT,jpm_aml,compliance_transaction,FALSE,banking,synthetic_research
23/05/2023 14:06,BAD,T-2866425-00,,,50007,JPMC-CLIENT-2866148-00,USA,CASH-DEPOSIT,jpm_aml,compliance_transaction,TRUE,banking,synthetic_research
23/05/2023 23:08,BAD,T-2437190-00,JPMC-CLIENT-2436898-00,USA,880121,,,WITHDRAWL,jpm_aml,compliance_transaction,TRUE,banking,synthetic_research
24/05/2023 2:54,GOOD,T-621661-06,JPMC-CLIENT-621089-06,USA,6606.22,,,WITHDRAWL,jpm_aml,compliance_transaction,FALSE,banking,synthetic_research
25/05/2023 1:06,GOOD,T-740389-04,JPMC-CLIENT-740040-04,USA,1336.11,CHECKING-740052-04,,WIRE,jpm_aml,compliance_transaction,FALSE,banking,synthetic_research
25/05/2023 1:14,BAD,T-1222915-00,JPMC-CLIENT-1222613-00,USA,655769,CUSTOMER-1222618-00,UNITED-KINGDOM,CRYPTO-TRANSFER,jpm_aml,compliance_transaction,TRUE,banking,synthetic_research
25/05/2023 5:05,GOOD,T-2167466-04,JPMC-CLIENT-2167044-04,USA,5000.34,CHECKING-2167054-04,,WIRE,jpm_aml,compliance_transaction,FALSE,banking,synthetic_research
25/05/2023 7:13,GOOD,T-577053-14,JPMC-CLIENT-576495-14,UNITED-KINGDOM,5000.4,CHECKING-576504-14,,WIRE,jpm_aml,compliance_transaction,FALSE,banking,synthetic_research
25/05/2023 8:42,GOOD,T-175312-14,JPMC-CLIENT-174955-14,VIRGIN-ISLANDS-US,2208.93,,,WITHDRAWL,jpm_aml,compliance_transaction,FALSE,banking,synthetic_research
26/05/2023 2:12,GOOD,T-306541-03,,,9500.56,JPMC-CLIENT-306167-03,USA,CASH-DEPOSIT,jpm_aml,compliance_transaction,FALSE,banking,synthetic_research
26/05/2023 4:37,BAD,T-1808244-00,,,950026,JPMC-CLIENT-1807930-00,USA,CASH-DEPOSIT,jpm_aml,compliance_transaction,TRUE,banking,synthetic_research
26/05/2023 18:50,BAD,T-983971-00,,,500093,JPMC-CLIENT-983692-00,USA,CASH-DEPOSIT,jpm_aml,compliance_transaction,TRUE,banking,synthetic_research
26/05/2023 18:54,GOOD,T-291223-10,JPMC-CLIENT-290855-10,USA,655.84,CHECKING-290870-10,,WIRE,jpm_aml,compliance_transaction,FALSE,banking,synthetic_research
27/05/2023 5:56,GOOD,T-243538-08,JPMC-CLIENT-243199-08,USA,683.21,CHECKING-243211-08,,WIRE,jpm_aml,compliance_transaction,FALSE,banking,synthetic_research
27/05/2023 17:31,BAD,T-2361884-00,JPMC-CLIENT-2361466-00,USA,1000007,BILLING-COMPANY-2361469-00,USA,PAYMENT,jpm_aml,compliance_transaction,TRUE,banking,synthetic_research
27/05/2023 18:05,GOOD,T-463517-06,JPMC-CLIENT-463066-06,USA,6488.05,,,WITHDRAWL,jpm_aml,compliance_transaction,FALSE,banking,synthetic_research
28/05/2023 3:41,GOOD,T-122686-13,,,4022.09,JPMC-CLIENT-122224-13,USA,CASH-DEPOSIT,jpm_aml,compliance_transaction,FALSE,banking,synthetic_research
28/05/2023 10:57,GOOD,T-649806-04,JPMC-CLIENT-649425-04,USA,4951.02,CHECKING-649436-04,,WIRE,jpm_aml,compliance_transaction,FALSE,banking,synthetic_research
28/05/2023 14:21,GOOD,T-300156-05,JPMC-CLIENT-299778-05,USA,3738.69,CHECKING-299785-05,,WIRE,jpm_aml,compliance_transaction,FALSE,banking,synthetic_research
28/05/2023 16:08,GOOD,T-861124-04,JPMC-CLIENT-860765-04,USA,2534.68,,,WITHDRAWL,jpm_aml,compliance_transaction,FALSE,banking,synthetic_research
28/05/2023 21:24,GOOD,T-827029-10,,,465.32,JPMC-CLIENT-826672-10,USA,CASH-DEPOSIT,jpm_aml,compliance_transaction,FALSE,banking,synthetic_research
28/05/2023 23:19,BAD,T-1578977-00,JPMC-CLIENT-1578575-00,USA,210658,JPMC-CUSTOMER-1578580-00,USA,CRYPTO-TRANSFER,jpm_aml,compliance_transaction,TRUE,banking,synthetic_research
29/05/2023 1:31,GOOD,T-660500-10,,,9500.48,JPMC-CLIENT-660154-10,USA,CASH-DEPOSIT,jpm_aml,compliance_transaction,FALSE,banking,synthetic_research
29/05/2023 14:28,GOOD,T-868728-11,,,9500.04,JPMC-CLIENT-868375-11,USA,CASH-DEPOSIT,jpm_aml,compliance_transaction,FALSE,banking,synthetic_research
29/05/2023 18:40,GOOD,T-1186635-10,JPMC-CLIENT-1186264-10,USA,8293.03,,,WITHDRAWL,jpm_aml,compliance_transaction,FALSE,banking,synthetic_research
30/05/2023 3:54,BAD,T-1878059-00,JPMC-CLIENT-1877659-00,USA,529514,,,WITHDRAWL,jpm_aml,compliance_transaction,TRUE,banking,synthetic_research
30/05/2023 15:17,GOOD,T-125294-11,JPMC-CLIENT-124876-11,USA,7160.23,CHECKING-124888-11,,WIRE,jpm_aml,compliance_transaction,FALSE,banking,synthetic_research
31/05/2023 10:12,GOOD,T-2682354-04,JPMC-CLIENT-2682006-04,USA,1571,,,WITHDRAWL,jpm_aml,compliance_transaction,FALSE,banking,synthetic_research
31/05/2023 14:45,BAD,T-438229-00,,,500011,JPMC-CLIENT-437835-00,RUSSIA,CASH-DEPOSIT,jpm_aml,compliance_transaction,TRUE,banking,synthetic_research
31/05/2023 15:02,GOOD,T-679810-07,JPMC-CLIENT-679389-07,USA,5000.5,CHECKING-679401-07,,WIRE,jpm_aml,compliance_transaction,FALSE,banking,synthetic_research
31/05/2023 18:05,GOOD,T-468211-07,JPMC-CLIENT-467846-07,USA,5368.57,,,WITHDRAWL,jpm_aml,compliance_transaction,FALSE,banking,synthetic_research
01/06/2023 0:25,GOOD,T-612196-11,COMPANY-611763-11,USA,500.99,JPMC-CLIENT-611758-11,USA,WIRE,jpm_aml,compliance_transaction,FALSE,banking,synthetic_research
01/06/2023 0:59,BAD,T-1935967-00,JPMC-CLIENT-1935723-00,USA,25001,,,WITHDRAWL,jpm_aml,compliance_transaction,TRUE,banking,synthetic_research
01/06/2023 1:59,GOOD,T-55299-03,,,5000.86,JPMC-CLIENT-55003-03,USA,CASH-DEPOSIT,jpm_aml,compliance_transaction,FALSE,banking,synthetic_research
01/06/2023 2:03,GOOD,T-135535-08,JPMC-CLIENT-134947-08,USA,9479.52,CHECKING-134957-08,,WIRE,jpm_aml,compliance_transaction,FALSE,banking,synthetic_research
01/06/2023 2:37,GOOD,T-333037-11,JPMC-CLIENT-332754-11,USA,4761.35,CHECKING-332766-11,,WIRE,jpm_aml,compliance_transaction,FALSE,banking,synthetic_research
01/06/2023 3:33,GOOD,T-888155-06,JPMC-CLIENT-887763-06,USA,781.13,OWNER-887844-06,USA,WIRE,jpm_aml,compliance_transaction,FALSE,banking,synthetic_research
01/06/2023 10:27,GOOD,T-972597-06,,,9500.74,JPMC-CLIENT-972211-06,USA,CASH-DEPOSIT,jpm_aml,compliance_transaction,FALSE,banking,synthetic_research
01/06/2023 15:04,BAD,T-1045864-00,,,554481,JPMC-CLIENT-1045552-00,USA,CASH-DEPOSIT,jpm_aml,compliance_transaction,TRUE,banking,synthetic_research
01/06/2023 16:08,GOOD,T-961168-06,JPMC-CLIENT-960743-06,AUSTRALIA,784.4,BILLING-COMPANY-960746-06,USA,PAYMENT,jpm_aml,compliance_transaction,FALSE,banking,synthetic_research
01/06/2023 20:03,GOOD,T-1474856-06,BILLING-COMPANY-1474445-06,USA,550.53,JPMC-CLIENT-1474442-06,USA,WIRE,jpm_aml,compliance_transaction,FALSE,banking,synthetic_research
01/06/2023 20:58,GOOD,T-563262-06,JPMC-CLIENT-562942-06,USA,877.37,CHECKING-562952-06,,WIRE,jpm_aml,compliance_transaction,FALSE,banking,synthetic_research
01/06/2023 21:58,GOOD,T-614087-06,COMPANY-613687-06,USA,3921.56,JPMC-CLIENT-613682-06,UNITED-KINGDOM,WIRE,jpm_aml,compliance_transaction,FALSE,banking,synthetic_research
02/06/2023 1:01,BAD,T-151423-00,,,915418,JPMC-CLIENT-151107-00,UNITED-KINGDOM,CASH-DEPOSIT,jpm_aml,compliance_transaction,TRUE,banking,synthetic_research
02/06/2023 3:14,BAD,T-2117579-00,,,950095,JPMC-CLIENT-2117303-00,USA,CASH-DEPOSIT,jpm_aml,compliance_transaction,TRUE,banking,synthetic_research
02/06/2023 5:00,BAD,T-2871290-00,,,79694,JPMC-CLIENT-2870993-00,USA,CASH-DEPOSIT,jpm_aml,compliance_transaction,TRUE,banking,synthetic_research
02/06/2023 11:54,BAD,T-141102-00,,,500005,JPMC-CLIENT-140863-00,USA,CASH-DEPOSIT,jpm_aml,compliance_transaction,TRUE,banking,synthetic_research
02/06/2023 12:33,GOOD,T-654917-07,,,3048.45,JPMC-CLIENT-654596-07,USA,CASH-DEPOSIT,jpm_aml,compliance_transaction,FALSE,banking,synthetic_research
02/06/2023 18:14,BAD,T-1979050-00,JPMC-CLIENT-1978748-00,USA,2631471,STANDARD-COMPANY-1978812-00,NORTH-KOREA,WIRE,jpm_aml,compliance_transaction,TRUE,banking,synthetic_research
02/06/2023 20:01,GOOD,T-1041279-10,JPMC-CLIENT-1040861-10,CANADA,100.85,JPMC-BILLING-COMPANY-1040864-10,USA,PAYMENT,jpm_aml,compliance_transaction,FALSE,banking,synthetic_research
03/06/2023 10:03,GOOD,T-685939-10,JPMC-CLIENT-685598-10,UNITED-KINGDOM,4117.44,,,WITHDRAWL,jpm_aml,compliance_transaction,FALSE,banking,synthetic_research
03/06/2023 11:54,GOOD,T-907361-05,,,9500.62,JPMC-CLIENT-906937-05,SOUTH-AFRICA,CASH-DEPOSIT,jpm_aml,compliance_transaction,FALSE,banking,synthetic_research
04/06/2023 5:58,BAD,T-1949153-00,JPMC-CLIENT-1948801-00,USA,500058,JPMC-CUSTOMER-1948806-00,USA,CRYPTO-TRANSFER,jpm_aml,compliance_transaction,TRUE,banking,synthetic_research
04/06/2023 17:55,GOOD,T-23818-12,JPMC-CLIENT-23444-12,USA,5000.09,CHECKING-23457-12,,WIRE,jpm_aml,compliance_transaction,FALSE,banking,synthetic_research
05/06/2023 2:46,GOOD,T-832058-10,,,667.25,JPMC-CLIENT-831581-10,USA,CASH-DEPOSIT,jpm_aml,compliance_transaction,FALSE,banking,synthetic_research
05/06/2023 8:40,GOOD,T-278906-06,JPMC-CLIENT-278536-06,USA,5000.51,,,WITHDRAWL,jpm_aml,compliance_transaction,FALSE,banking,synthetic_research
05/06/2023 17:33,BAD,T-2642469-00,JPMC-CLIENT-2642086-00,NICARAGUA,500022,CUSTOMER-2642091-00,USA,CRYPTO-TRANSFER,jpm_aml,compliance_transaction,TRUE,banking,synthetic_research
06/06/2023 1:18,GOOD,T-1269037-04,JPMC-CLIENT-1268667-04,UNITED-KINGDOM,7818.04,CHECKING-1268680-04,,WIRE,jpm_aml,compliance_transaction,FALSE,banking,synthetic_research
06/06/2023 12:03,BAD,T-820251-00,JPMC-CLIENT-819868-00,USA,650266,CUSTOMER-819873-00,USA,CRYPTO-TRANSFER,jpm_aml,compliance_transaction,TRUE,banking,synthetic_research
06/06/2023 13:45,GOOD,T-972657-06,JPMC-CLIENT-972211-06,USA,5000.51,,,WITHDRAWL,jpm_aml,compliance_transaction,FALSE,banking,synthetic_research
06/06/2023 22:43,BAD,T-1036246-00,,,500091,JPMC-CLIENT-1035932-00,USA,CASH-DEPOSIT,jpm_aml,compliance_transaction,TRUE,banking,synthetic_research
06/06/2023 23:21,BAD,T-2908690-00,JPMC-CLIENT-2908255-00,ISRAEL,89359,JPMC-CUSTOMER-2908260-00,USA,CRYPTO-TRANSFER,jpm_aml,compliance_transaction,TRUE,banking,synthetic_research
07/06/2023 2:01,GOOD,T-1876845-04,JPMC-CLIENT-1876498-04,USA,5000.85,,,WITHDRAWL,jpm_aml,compliance_transaction,FALSE,banking,synthetic_research
07/06/2023 23:17,GOOD,T-2486268-04,JPMC-CLIENT-2485806-04,USA,8573.41,,,WITHDRAWL,jpm_aml,compliance_transaction,FALSE,banking,synthetic_research
08/06/2023 6:15,GOOD,T-194167-10,JPMC-CLIENT-193694-10,USA,4303.02,CHECKING-193706-10,,WIRE,jpm_aml,compliance_transaction,FALSE,banking,synthetic_research
08/06/2023 9:14,BAD,T-329156-00,,,95008,JPMC-CLIENT-328825-00,USA,CASH-DEPOSIT,jpm_aml,compliance_transaction,TRUE,banking,synthetic_research
08/06/2023 19:07,GOOD,T-1371654-06,JPMC-CLIENT-1371239-06,USA,124.78,CHECKING-1371249-06,,WIRE,jpm_aml,compliance_transaction,FALSE,banking,synthetic_research
09/06/2023 8:42,BAD,T-1562991-00,JPMC-CLIENT-1562622-00,UNITED-KINGDOM,464136,CUSTOMER-1562627-00,UNITED-KINGDOM,CRYPTO-TRANSFER,jpm_aml,compliance_transaction,TRUE,banking,synthetic_research
09/06/2023 9:29,GOOD,T-104259-05,,,9500.13,JPMC-CLIENT-103875-05,USA,CASH-DEPOSIT,jpm_aml,compliance_transaction,FALSE,banking,synthetic_research
10/06/2023 10:20,BAD,T-2363834-00,JPMC-CLIENT-2363381-00,UNITED-KINGDOM,1302385,JPMC-BILLING-COMPANY-2363384-00,USA,PAYMENT,jpm_aml,compliance_transaction,TRUE,banking,synthetic_research
10/06/2023 20:01,GOOD,T-253005-04,JPMC-CLIENT-252583-04,USA,9096.12,CHECKING-252593-04,,WIRE,jpm_aml,compliance_transaction,FALSE,banking,synthetic_research
10/06/2023 22:51,GOOD,T-301754-11,JPMC-CLIENT-301263-11,USA,5000.94,,,WITHDRAWL,jpm_aml,compliance_transaction,FALSE,banking,synthetic_research
11/06/2023 4:50,GOOD,T-1288322-04,,,2111.44,JPMC-CLIENT-1287935-04,USA,CASH-DEPOSIT,jpm_aml,compliance_transaction,FALSE,banking,synthetic_research
11/06/2023 16:04,GOOD,T-926594-10,JPMC-CLIENT-926185-10,UNITED-KINGDOM,4738.72,CHECKING-926197-10,,WIRE,jpm_aml,compliance_transaction,FALSE,banking,synthetic_research
12/06/2023 3:41,BAD,T-2356465-00,JPMC-CLIENT-2356067-00,USA,563166,,,WITHDRAWL,jpm_aml,compliance_transaction,TRUE,banking,synthetic_research
12/06/2023 5:07,GOOD,T-610443-10,,,4755.91,JPMC-CLIENT-610016-10,USA,CASH-DEPOSIT,jpm_aml,compliance_transaction,FALSE,banking,synthetic_research
13/06/2023 9:01,GOOD,T-1738272-04,JPMC-CLIENT-1737908-04,USA,4601.92,CHECKING-1737920-04,,WIRE,jpm_aml,compliance_transaction,FALSE,banking,synthetic_research
14/06/2023 0:44,BAD,T-505881-00,JPMC-CLIENT-505549-00,USA,438698,JPMC-CUSTOMER-505554-00,USA,CRYPTO-TRANSFER,jpm_aml,compliance_transaction,TRUE,banking,synthetic_research
14/06/2023 7:04,BAD,T-588251-00,JPMC-CLIENT-587867-00,USA,199623,,,WITHDRAWL,jpm_aml,compliance_transaction,TRUE,banking,synthetic_research
14/06/2023 19:14,BAD,T-2175355-00,,,355269,JPMC-CLIENT-2175030-00,USA,CASH-DEPOSIT,jpm_aml,compliance_transaction,TRUE,banking,synthetic_research
15/06/2023 2:29,BAD,T-2353048-00,JPMC-CLIENT-2352689-00,USA,1013076,BILLING-COMPANY-2352692-00,USA,PAYMENT,jpm_aml,compliance_transaction,TRUE,banking,synthetic_research
15/06/2023 3:46,BAD,T-2118689-00,JPMC-CLIENT-2118258-00,PORTUGAL,44104,,,WITHDRAWL,jpm_aml,compliance_transaction,TRUE,banking,synthetic_research
15/06/2023 22:49,BAD,T-231459-00,JPMC-CLIENT-231013-00,USA,53670,CUSTOMER-231018-00,UNITED-KINGDOM,CRYPTO-TRANSFER,jpm_aml,compliance_transaction,TRUE,banking,synthetic_research
16/06/2023 5:05,GOOD,T-102220-10,,,9500.73,JPMC-CLIENT-101823-10,USA,CASH-DEPOSIT,jpm_aml,compliance_transaction,FALSE,banking,synthetic_research
16/06/2023 7:25,BAD,T-72915-00,,,950076,JPMC-CLIENT-72602-00,UNITED-KINGDOM,CASH-DEPOSIT,jpm_aml,compliance_transaction,TRUE,banking,synthetic_research
16/06/2023 13:20,GOOD,T-908480-10,JPMC-CLIENT-908148-10,NIGERIA,142.92,CHECKING-908160-10,,WIRE,jpm_aml,compliance_transaction,FALSE,banking,synthetic_research
16/06/2023 13:28,GOOD,T-345468-01,,,5000.73,JPMC-CLIENT-345033-01,USA,CASH-DEPOSIT,jpm_aml,compliance_transaction,FALSE,banking,synthetic_research
16/06/2023 20:26,GOOD,T-1723287-04,JPMC-CLIENT-1722786-04,UNITED-KINGDOM,6897.1,,,WITHDRAWL,jpm_aml,compliance_transaction,FALSE,banking,synthetic_research
16/06/2023 20:48,GOOD,T-1712026-04,JPMC-CLIENT-1711668-04,USA,5000.27,CHECKING-1711677-04,,WIRE,jpm_aml,compliance_transaction,FALSE,banking,synthetic_research
16/06/2023 22:38,GOOD,T-331073-11,JPMC-CLIENT-330743-11,USA,9208.61,CHECKING-330751-11,,WIRE,jpm_aml,compliance_transaction,FALSE,banking,synthetic_research
17/06/2023 6:49,GOOD,T-77873-04,JPMC-CLIENT-77554-04,USA,5000.55,CHECKING-77567-04,,WIRE,jpm_aml,compliance_transaction,FALSE,banking,synthetic_research
17/06/2023 7:32,BAD,T-2154908-00,,,423671,JPMC-CLIENT-2154609-00,USA,CASH-DEPOSIT,jpm_aml,compliance_transaction,TRUE,banking,synthetic_research
17/06/2023 10:14,BAD,T-29850-00,JPMC-CLIENT-29509-00,ISLE-OF-MAN,25009,,,WITHDRAWL,jpm_aml,compliance_transaction,TRUE,banking,synthetic_research
17/06/2023 10:31,GOOD,T-1412159-06,JPMC-CLIENT-1411785-06,USA,5000.35,CHECKING-1411796-06,,WIRE,jpm_aml,compliance_transaction,FALSE,banking,synthetic_research
17/06/2023 11:18,GOOD,T-666028-06,JPMC-CLIENT-665692-06,USA,6975.31,CHECKING-665701-06,,WIRE,jpm_aml,compliance_transaction,FALSE,banking,synthetic_research
17/06/2023 13:05,BAD,T-1159570-00,JPMC-CLIENT-1159162-00,UNITED-KINGDOM,685788,,,WITHDRAWL,jpm_aml,compliance_transaction,TRUE,banking,synthetic_research
18/06/2023 3:48,BAD,T-30933-00,,,285708,JPMC-CLIENT-30486-00,UNITED-KINGDOM,CASH-DEPOSIT,jpm_aml,compliance_transaction,TRUE,banking,synthetic_research
18/06/2023 4:09,GOOD,T-391139-14,JPMC-CLIENT-390781-14,USA,4331.6,,,WITHDRAWL,jpm_aml,compliance_transaction,FALSE,banking,synthetic_research
18/06/2023 7:00,BAD,T-1453210-00,,,543263,JPMC-CLIENT-1452927-00,USA,CASH-DEPOSIT,jpm_aml,compliance_transaction,TRUE,banking,synthetic_research
18/06/2023 8:29,BAD,T-16880-00,,,653791,JPMC-CLIENT-16445-00,USA,CASH-DEPOSIT,jpm_aml,compliance_transaction,TRUE,banking,synthetic_research
18/06/2023 13:11,BAD,T-515151-00,,,891641,JPMC-CLIENT-514769-00,CANADA,CASH-DEPOSIT,jpm_aml,compliance_transaction,TRUE,banking,synthetic_research
18/06/2023 19:44,GOOD,T-302453-06,JPMC-CLIENT-302060-06,UNITED-KINGDOM,6112.27,CHECKING-302071-06,,WIRE,jpm_aml,compliance_transaction,FALSE,banking,synthetic_research
19/06/2023 1:38,GOOD,T-713795-14,JPMC-CLIENT-713410-14,USA,8292.7,CHECKING-713419-14,,WIRE,jpm_aml,compliance_transaction,FALSE,banking,synthetic_research
19/06/2023 5:37,BAD,T-658472-00,,,950087,JPMC-CLIENT-658135-00,USA,CASH-DEPOSIT,jpm_aml,compliance_transaction,TRUE,banking,synthetic_research
19/06/2023 7:02,BAD,T-1920607-00,JPMC-CLIENT-1920279-00,USA,205402,,,WITHDRAWL,jpm_aml,compliance_transaction,TRUE,banking,synthetic_research
19/06/2023 10:35,BAD,T-2059249-00,JPMC-CLIENT-2058785-00,UNITED-KINGDOM,500031,,,WITHDRAWL,jpm_aml,compliance_transaction,TRUE,banking,synthetic_research
19/06/2023 11:01,GOOD,T-57228-11,,,145.17,JPMC-CLIENT-56855-11,USA,CASH-DEPOSIT,jpm_aml,compliance_transaction,FALSE,banking,synthetic_research
19/06/2023 14:26,GOOD,T-249490-07,JPMC-CLIENT-249107-07,CHILE,5000.05,CHECKING-249117-07,,WIRE,jpm_aml,compliance_transaction,FALSE,banking,synthetic_research
19/06/2023 19:07,BAD,T-1435381-00,,,135452,JPMC-CLIENT-1435062-00,UNITED-KINGDOM,CASH-DEPOSIT,jpm_aml,compliance_transaction,TRUE,banking,synthetic_research
19/06/2023 20:58,GOOD,T-258486-06,JPMC-CLIENT-258124-06,USA,8685.42,,,WITHDRAWL,jpm_aml,compliance_transaction,FALSE,banking,synthetic_research
19/06/2023 23:45,GOOD,T-2406307-04,,,2541.83,JPMC-CLIENT-2405968-04,USA,CASH-DEPOSIT,jpm_aml,compliance_transaction,FALSE,banking,synthetic_research
20/06/2023 13:20,GOOD,T-2156411-04,JPMC-CLIENT-2155993-04,USA,5234.25,CHECKING-2156002-04,,WIRE,jpm_aml,compliance_transaction,FALSE,banking,synthetic_research
21/06/2023 0:55,GOOD,T-1419-03,JPMC-CLIENT-1051-03,USA,8923.69,CHECKING-1065-03,,WIRE,jpm_aml,compliance_transaction,FALSE,banking,synthetic_research
21/06/2023 1:42,GOOD,T-82270-10,JPMC-CLIENT-81948-10,USA,185.26,CHECKING-81958-10,,WIRE,jpm_aml,compliance_transaction,FALSE,banking,synthetic_research
22/06/2023 14:06,BAD,T-1922036-00,,,500066,JPMC-CLIENT-1921731-00,USA,CASH-DEPOSIT,jpm_aml,compliance_transaction,TRUE,banking,synthetic_research
22/06/2023 15:06,GOOD,T-1141970-04,JPMC-CLIENT-1141615-04,USA,5000.03,BILLING-COMPANY-1141618-04,USA,WIRE,jpm_aml,compliance_transaction,FALSE,banking,synthetic_research
22/06/2023 17:10,BAD,T-1384685-00,JPMC-CLIENT-1384264-00,USA,925664,CUSTOMER-1384269-00,USA,CRYPTO-TRANSFER,jpm_aml,compliance_transaction,TRUE,banking,synthetic_research
22/06/2023 18:22,BAD,T-202813-00,,,950072,JPMC-CLIENT-202376-00,USA,CASH-DEPOSIT,jpm_aml,compliance_transaction,TRUE,banking,synthetic_research
23/06/2023 13:22,GOOD,T-1375660-10,JPMC-CLIENT-1375278-10,USA,6075.46,,,WITHDRAWL,jpm_aml,compliance_transaction,FALSE,banking,synthetic_research
23/06/2023 16:04,BAD,T-1693933-00,JPMC-CLIENT-1693580-00,UNITED-KINGDOM,524249,CUSTOMER-1693585-00,USA,CRYPTO-TRANSFER,jpm_aml,compliance_transaction,TRUE,banking,synthetic_research
24/06/2023 5:17,GOOD,T-68771-13,JPMC-CLIENT-68397-13,USA,9282.37,,,WITHDRAWL,jpm_aml,compliance_transaction,FALSE,banking,synthetic_research
24/06/2023 7:08,GOOD,T-508798-11,JPMC-CLIENT-508466-11,USA,87.3,CHECKING-508477-11,,WIRE,jpm_aml,compliance_transaction,FALSE,banking,synthetic_research
24/06/2023 18:40,GOOD,T-126546-05,JPMC-CLIENT-126188-05,USA,4656.13,,,WITHDRAWL,jpm_aml,compliance_transaction,FALSE,banking,synthetic_research
24/06/2023 19:44,BAD,T-1910588-00,JPMC-CLIENT-1910166-00,UNITED-KINGDOM,1248361,STANDARD-COMPANY-1910294-00,NORTH-KOREA,WIRE,jpm_aml,compliance_transaction,TRUE,banking,synthetic_research
24/06/2023 19:44,GOOD,T-105084-01,JPMC-CLIENT-104737-01,SOUTH-AFRICA,4710.28,,,WITHDRAWL,jpm_aml,compliance_transaction,FALSE,banking,synthetic_research
24/06/2023 20:35,GOOD,T-1149520-04,JPMC-CLIENT-1149173-04,CHILE,6427.28,CHECKING-1149185-04,,WIRE,jpm_aml,compliance_transaction,FALSE,banking,synthetic_research
24/06/2023 20:39,GOOD,T-437342-14,,,863.03,JPMC-CLIENT-436897-14,USA,CASH-DEPOSIT,jpm_aml,compliance_transaction,FALSE,banking,synthetic_research
25/06/2023 1:08,GOOD,T-586511-04,JPMC-CLIENT-585984-04,UNITED-KINGDOM,9058.44,CHECKING-585995-04,,WIRE,jpm_aml,compliance_transaction,FALSE,banking,synthetic_research
25/06/2023 11:01,BAD,T-1445543-00,,,50003,JPMC-CLIENT-1445246-00,USA,CASH-DEPOSIT,jpm_aml,compliance_transaction,TRUE,banking,synthetic_research
25/06/2023 12:26,GOOD,T-248064-02,JPMC-CLIENT-247635-02,UNITED-KINGDOM,5000.69,CHECKING-247646-02,,WIRE,jpm_aml,compliance_transaction,FALSE,banking,synthetic_research
25/06/2023 17:25,GOOD,T-1749111-04,JPMC-CLIENT-1748626-04,USA,7830.07,,,WITHDRAWL,jpm_aml,compliance_transaction,FALSE,banking,synthetic_research
26/06/2023 0:06,BAD,T-2817718-00,,,950007,JPMC-CLIENT-2817249-00,USA,CASH-DEPOSIT,jpm_aml,compliance_transaction,TRUE,banking,synthetic_research
26/06/2023 6:17,GOOD,T-2108832-04,JPMC-CLIENT-2108495-04,FRANCE,5000.08,,,WITHDRAWL,jpm_aml,compliance_transaction,FALSE,banking,synthetic_research
26/06/2023 6:51,GOOD,T-287165-14,JPMC-CLIENT-286832-14,USA,6994.06,,,WITHDRAWL,jpm_aml,compliance_transaction,FALSE,banking,synthetic_research
26/06/2023 9:42,BAD,T-2893073-00,JPMC-CLIENT-2892758-00,USA,500016,JPMC-CUSTOMER-2892763-00,USA,CRYPTO-TRANSFER,jpm_aml,compliance_transaction,TRUE,banking,synthetic_research
26/06/2023 22:04,BAD,T-2086788-00,JPMC-CLIENT-2086352-00,USA,683438,,,WITHDRAWL,jpm_aml,compliance_transaction,TRUE,banking,synthetic_research
27/06/2023 2:12,GOOD,T-31687-09,JPMC-CLIENT-31301-09,USA,8272.11,,,WITHDRAWL,jpm_aml,compliance_transaction,FALSE,banking,synthetic_research
27/06/2023 3:54,GOOD,T-32893-06,,,3904.24,JPMC-CLIENT-32382-06,UNITED-KINGDOM,CASH-DEPOSIT,jpm_aml,compliance_transaction,FALSE,banking,synthetic_research
27/06/2023 12:09,BAD,T-2331273-00,,,854402,JPMC-CLIENT-2330805-00,USA,CASH-DEPOSIT,jpm_aml,compliance_transaction,TRUE,banking,synthetic_research
27/06/2023 12:22,BAD,T-2053774-00,,,121394,JPMC-CLIENT-2053447-00,UNITED-KINGDOM,CASH-DEPOSIT,jpm_aml,compliance_transaction,TRUE,banking,synthetic_research
27/06/2023 12:52,GOOD,T-1665130-06,JPMC-CLIENT-1664699-06,UNITED-KINGDOM,5615.53,,,WITHDRAWL,jpm_aml,compliance_transaction,FALSE,banking,synthetic_research
28/06/2023 0:19,BAD,T-2224223-00,JPMC-CLIENT-2223810-00,USA,50002,,,WITHDRAWL,jpm_aml,compliance_transaction,TRUE,banking,synthetic_research
28/06/2023 6:30,BAD,T-1969552-00,JPMC-CLIENT-1969080-00,USA,500023,,,WITHDRAWL,jpm_aml,compliance_transaction,TRUE,banking,synthetic_research
28/06/2023 13:20,GOOD,T-1318570-10,JPMC-CLIENT-1318162-10,USA,5000.34,,,WITHDRAWL,jpm_aml,compliance_transaction,FALSE,banking,synthetic_research
28/06/2023 23:38,BAD,T-2490645-00,JPMC-CLIENT-2490310-00,USA,250048,,,WITHDRAWL,jpm_aml,compliance_transaction,TRUE,banking,synthetic_research
29/06/2023 6:53,GOOD,T-1049205-04,JPMC-CLIENT-1048891-04,USA,5000.59,,,WITHDRAWL,jpm_aml,compliance_transaction,FALSE,banking,synthetic_research
29/06/2023 8:10,GOOD,T-127652-10,,,9472.19,JPMC-CLIENT-127238-10,UNITED-KINGDOM,CASH-DEPOSIT,jpm_aml,compliance_transaction,FALSE,banking,synthetic_research
29/06/2023 17:08,GOOD,T-161632-07,,,1493.55,JPMC-CLIENT-161274-07,UNITED-KINGDOM,CASH-DEPOSIT,jpm_aml,compliance_transaction,FALSE,banking,synthetic_research
30/06/2023 6:00,BAD,T-2315751-00,JPMC-CLIENT-2315337-00,UNITED-KINGDOM,500031,,,WITHDRAWL,jpm_aml,compliance_transaction,TRUE,banking,synthetic_research
30/06/2023 8:21,GOOD,T-1843575-04,JPMC-CLIENT-1843101-04,USA,3423.04,,,WITHDRAWL,jpm_aml,compliance_transaction,FALSE,banking,synthetic_research
01/07/2023 7:00,GOOD,T-2291012-04,,,6013.75,JPMC-CLIENT-2290677-04,USA,CASH-DEPOSIT,jpm_aml,compliance_transaction,FALSE,banking,synthetic_research
01/07/2023 14:32,BAD,T-1267382-00,,,500079,JPMC-CLIENT-1267161-00,USA,CASH-DEPOSIT,jpm_aml,compliance_transaction,TRUE,banking,synthetic_research
01/07/2023 18:35,GOOD,T-729469-05,BILLING-COMPANY-729041-05,USA,3179.03,JPMC-CLIENT-729038-05,USA,WIRE,jpm_aml,compliance_transaction,FALSE,banking,synthetic_research
01/07/2023 23:04,GOOD,T-59135-03,JPMC-CLIENT-58715-03,UNITED-KINGDOM,95.97,OWNER-58803-03,USA,WIRE,jpm_aml,compliance_transaction,FALSE,banking,synthetic_research
02/07/2023 0:21,GOOD,T-1258739-11,JPMC-CLIENT-1258322-11,USA,4773.32,,,WITHDRAWL,jpm_aml,compliance_transaction,FALSE,banking,synthetic_research
02/07/2023 1:21,BAD,T-1954937-00,JPMC-CLIENT-1954601-00,USA,1883692,BILLING-COMPANY-1954604-00,USA,PAYMENT,jpm_aml,compliance_transaction,TRUE,banking,synthetic_research
02/07/2023 4:03,GOOD,T-12082-11,JPMC-CLIENT-11650-11,USA,410.39,BILLING-COMPANY-11653-11,USA,PAYMENT,jpm_aml,compliance_transaction,FALSE,banking,synthetic_research
02/07/2023 4:54,BAD,T-2412005-00,JPMC-CLIENT-2411742-00,USA,599747,,,WITHDRAWL,jpm_aml,compliance_transaction,TRUE,banking,synthetic_research
02/07/2023 5:24,GOOD,T-480787-11,,,2176.67,JPMC-CLIENT-480425-11,USA,CASH-DEPOSIT,jpm_aml,compliance_transaction,FALSE,banking,synthetic_research
02/07/2023 10:52,GOOD,T-315628-06,,,9500.98,JPMC-CLIENT-315346-06,UNITED-KINGDOM,CASH-DEPOSIT,jpm_aml,compliance_transaction,FALSE,banking,synthetic_research
02/07/2023 14:51,GOOD,T-1503354-06,JPMC-CLIENT-1502999-06,USA,2366.63,CHECKING-1503009-06,,WIRE,jpm_aml,compliance_transaction,FALSE,banking,synthetic_research
02/07/2023 16:38,BAD,T-438124-00,,,76630,JPMC-CLIENT-437835-00,RUSSIA,CASH-DEPOSIT,jpm_aml,compliance_transaction,TRUE,banking,synthetic_research
03/07/2023 12:22,GOOD,T-142119-02,JPMC-CLIENT-141733-02,USA,1017.06,,,WITHDRAWL,jpm_aml,compliance_transaction,FALSE,banking,synthetic_research
03/07/2023 17:29,GOOD,T-534055-11,JPMC-CLIENT-533754-11,UNITED-KINGDOM,191.55,,,WITHDRAWL,jpm_aml,compliance_transaction,FALSE,banking,synthetic_research
04/07/2023 7:55,GOOD,T-1440673-04,,,9500.8,JPMC-CLIENT-1440153-04,USA,CASH-DEPOSIT,jpm_aml,compliance_transaction,FALSE,banking,synthetic_research
04/07/2023 11:33,GOOD,T-446316-04,JPMC-CLIENT-446022-04,USA,5000.48,CHECKING-446031-04,,WIRE,jpm_aml,compliance_transaction,FALSE,banking,synthetic_research
04/07/2023 11:46,GOOD,T-470368-10,,,1191.2,JPMC-CLIENT-469901-10,USA,CASH-DEPOSIT,jpm_aml,compliance_transaction,FALSE,banking,synthetic_research
05/07/2023 1:18,GOOD,T-2027299-04,JPMC-CLIENT-2026947-04,UNITED-KINGDOM,5000.05,,,WITHDRAWL,jpm_aml,compliance_transaction,FALSE,banking,synthetic_research
05/07/2023 5:56,GOOD,T-189805-11,JPMC-CLIENT-189373-11,USA,5633.81,,,WITHDRAWL,jpm_aml,compliance_transaction,FALSE,banking,synthetic_research
06/07/2023 21:28,BAD,T-2043524-00,,,67157,JPMC-CLIENT-2043227-00,USA,CASH-DEPOSIT,jpm_aml,compliance_transaction,TRUE,banking,synthetic_research
07/07/2023 5:58,GOOD,T-606342-07,,,9500.24,JPMC-CLIENT-605962-07,USA,CASH-DEPOSIT,jpm_aml,compliance_transaction,FALSE,banking,synthetic_research
07/07/2023 21:28,GOOD,T-625667-14,JPMC-CLIENT-625347-14,USA,5606.26,CHECKING-625358-14,,WIRE,jpm_aml,compliance_transaction,FALSE,banking,synthetic_research
07/07/2023 22:58,BAD,T-1939416-00,JPMC-CLIENT-1939098-00,USA,2025642,CUSTOMER-1939168-00,SPAIN,WIRE,jpm_aml,compliance_transaction,TRUE,banking,synthetic_research
08/07/2023 2:14,GOOD,T-663020-05,JPMC-CLIENT-662501-05,USA,5054.43,,,WITHDRAWL,jpm_aml,compliance_transaction,FALSE,banking,synthetic_research
08/07/2023 2:35,GOOD,T-102296-07,,,3355.43,JPMC-CLIENT-101936-07,USA,CASH-DEPOSIT,jpm_aml,compliance_transaction,FALSE,banking,synthetic_research
08/07/2023 3:39,GOOD,T-169603-04,JPMC-CLIENT-169269-04,UNITED-KINGDOM,809.93,,,WITHDRAWL,jpm_aml,compliance_transaction,FALSE,banking,synthetic_research
08/07/2023 17:18,GOOD,T-179964-05,JPMC-CLIENT-179521-05,USA,1671.62,CHECKING-179532-05,,WIRE,jpm_aml,compliance_transaction,FALSE,banking,synthetic_research
08/07/2023 18:18,GOOD,T-64854-03,,,166.35,JPMC-CLIENT-64275-03,USA,CASH-DEPOSIT,jpm_aml,compliance_transaction,FALSE,banking,synthetic_research
08/07/2023 21:39,BAD,T-2218409-00,JPMC-CLIENT-2217980-00,USA,514788,CUSTOMER-2217985-00,USA,CRYPTO-TRANSFER,jpm_aml,compliance_transaction,TRUE,banking,synthetic_research
09/07/2023 2:54,GOOD,T-1205644-11,JPMC-CLIENT-1205127-11,USA,1.09,,,WITHDRAWL,jpm_aml,compliance_transaction,FALSE,banking,synthetic_research
09/07/2023 5:02,BAD,T-2341835-00,JPMC-CLIENT-2341473-00,UNITED-KINGDOM,344427,CUSTOMER-2341478-00,USA,CRYPTO-TRANSFER,jpm_aml,compliance_transaction,TRUE,banking,synthetic_research
09/07/2023 12:22,GOOD,T-64470-08,,,9500.88,JPMC-CLIENT-64093-08,USA,CASH-DEPOSIT,jpm_aml,compliance_transaction,FALSE,banking,synthetic_research
09/07/2023 17:50,GOOD,T-203960-05,JPMC-CLIENT-203483-05,USA,8739.23,CHECKING-203492-05,,WIRE,jpm_aml,compliance_transaction,FALSE,banking,synthetic_research
09/07/2023 17:59,GOOD,T-716122-06,,,6175.16,JPMC-CLIENT-715754-06,USA,CASH-DEPOSIT,jpm_aml,compliance_transaction,FALSE,banking,synthetic_research
09/07/2023 19:41,BAD,T-2460560-00,JPMC-CLIENT-2460212-00,USA,166731,,,WITHDRAWL,jpm_aml,compliance_transaction,TRUE,banking,synthetic_research
10/07/2023 1:46,GOOD,T-292450-14,JPMC-CLIENT-292052-14,UNITED-KINGDOM,7346.25,CHECKING-292064-14,,WIRE,jpm_aml,compliance_transaction,FALSE,banking,synthetic_research
10/07/2023 6:19,BAD,T-2154961-00,,,909267,JPMC-CLIENT-2154609-00,USA,CASH-DEPOSIT,jpm_aml,compliance_transaction,TRUE,banking,synthetic_research
10/07/2023 11:52,BAD,T-1796662-00,JPMC-CLIENT-1796262-00,UNITED-KINGDOM,786471,,,WITHDRAWL,jpm_aml,compliance_transaction,TRUE,banking,synthetic_research
11/07/2023 0:02,GOOD,T-459063-06,,,8090.02,JPMC-CLIENT-458618-06,UNITED-KINGDOM,CASH-DEPOSIT,jpm_aml,compliance_transaction,FALSE,banking,synthetic_research
11/07/2023 7:38,GOOD,T-1146566-06,JPMC-CLIENT-1146152-06,USA,8965.49,,,WITHDRAWL,jpm_aml,compliance_transaction,FALSE,banking,synthetic_research
11/07/2023 10:03,BAD,T-1855794-00,,,249025,JPMC-CLIENT-1855406-00,USA,CASH-DEPOSIT,jpm_aml,compliance_transaction,TRUE,banking,synthetic_research
11/07/2023 20:01,BAD,T-2801593-00,JPMC-CLIENT-2801206-00,USA,500054,,,WITHDRAWL,jpm_aml,compliance_transaction,TRUE,banking,synthetic_research
12/07/2023 14:06,GOOD,T-124515-13,JPMC-CLIENT-124112-13,USA,5000.22,CHECKING-124123-13,,WIRE,jpm_aml,compliance_transaction,FALSE,banking,synthetic_research
12/07/2023 21:56,GOOD,T-190310-03,,,9500.61,JPMC-CLIENT-189856-03,USA,CASH-DEPOSIT,jpm_aml,compliance_transaction,FALSE,banking,synthetic_research
12/07/2023 23:00,GOOD,T-82070-03,,,624.13,JPMC-CLIENT-81555-03,USA,CASH-DEPOSIT,jpm_aml,compliance_transaction,FALSE,banking,synthetic_research
13/07/2023 5:54,GOOD,T-142060-03,JPMC-CLIENT-141604-03,USA,5764.84,,,WITHDRAWL,jpm_aml,compliance_transaction,FALSE,banking,synthetic_research
13/07/2023 23:23,GOOD,T-36974-12,JPMC-CLIENT-36582-12,USA,7263.99,CHECKING-36590-12,,WIRE,jpm_aml,compliance_transaction,FALSE,banking,synthetic_research
13/07/2023 23:57,BAD,T-1653744-00,,,103962,JPMC-CLIENT-1653402-00,USA,CASH-DEPOSIT,jpm_aml,compliance_transaction,TRUE,banking,synthetic_research
14/07/2023 3:48,BAD,T-1802467-00,,,39759,JPMC-CLIENT-1802154-00,UNITED-KINGDOM,CASH-DEPOSIT,jpm_aml,compliance_transaction,TRUE,banking,synthetic_research
14/07/2023 4:09,GOOD,T-2405435-04,JPMC-CLIENT-2404952-04,USA,4249,CHECKING-2404962-04,,WIRE,jpm_aml,compliance_transaction,FALSE,banking,synthetic_research
14/07/2023 10:03,GOOD,T-182405-01,JPMC-CLIENT-182030-01,USA,2286.23,CHECKING-182038-01,,WIRE,jpm_aml,compliance_transaction,FALSE,banking,synthetic_research
14/07/2023 10:20,BAD,T-1391924-00,,,834943,JPMC-CLIENT-1391466-00,QATAR,CASH-DEPOSIT,jpm_aml,compliance_transaction,TRUE,banking,synthetic_research
14/07/2023 10:37,BAD,T-1524207-00,JPMC-CLIENT-1523800-00,USA,500078,,,WITHDRAWL,jpm_aml,compliance_transaction,TRUE,banking,synthetic_research
14/07/2023 20:18,GOOD,T-511073-10,JPMC-CLIENT-510663-10,USA,2678.28,,,WITHDRAWL,jpm_aml,compliance_transaction,FALSE,banking,synthetic_research
14/07/2023 22:30,GOOD,T-639659-14,JPMC-CLIENT-639290-14,USA,4424.75,,,WITHDRAWL,jpm_aml,compliance_transaction,FALSE,banking,synthetic_research
14/07/2023 23:30,GOOD,T-570980-10,JPMC-CLIENT-570589-10,USA,5286.16,CHECKING-570600-10,,WIRE,jpm_aml,compliance_transaction,FALSE,banking,synthetic_research
15/07/2023 15:21,BAD,T-860951-00,JPMC-CLIENT-860632-00,USA,3390969,CUSTOMER-860710-00,ISLE-OF-MAN,WIRE,jpm_aml,compliance_transaction,TRUE,banking,synthetic_research
15/07/2023 18:29,GOOD,T-460222-05,,,501.66,JPMC-CLIENT-459804-05,USA,CASH-DEPOSIT,jpm_aml,compliance_transaction,FALSE,banking,synthetic_research
16/07/2023 15:06,GOOD,T-831764-06,JPMC-CLIENT-831266-06,UNITED-KINGDOM,676.04,,,WITHDRAWL,jpm_aml,compliance_transaction,FALSE,banking,synthetic_research
17/07/2023 1:08,GOOD,T-1187357-04,,,15.3,JPMC-CLIENT-1186921-04,USA,CASH-DEPOSIT,jpm_aml,compliance_transaction,FALSE,banking,synthetic_research
17/07/2023 3:16,BAD,T-1962791-00,,,663753,JPMC-CLIENT-1962315-00,USA,CASH-DEPOSIT,jpm_aml,compliance_transaction,TRUE,banking,synthetic_research
17/07/2023 11:48,BAD,T-2223658-00,JPMC-CLIENT-2223322-00,USA,947846,CUSTOMER-2223327-00,USA,CRYPTO-TRANSFER,jpm_aml,compliance_transaction,TRUE,banking,synthetic_research
17/07/2023 16:17,GOOD,T-867193-06,JPMC-CLIENT-866763-06,SINGAPORE,2523.9,,,WITHDRAWL,jpm_aml,compliance_transaction,FALSE,banking,synthetic_research
18/07/2023 5:09,GOOD,T-110081-02,JPMC-CLIENT-109747-02,USA,1909.37,CHECKING-109760-02,,WIRE,jpm_aml,compliance_transaction,FALSE,banking,synthetic_research
18/07/2023 12:07,GOOD,T-2786627-04,,,8296.83,JPMC-CLIENT-2786057-04,USA,CASH-DEPOSIT,jpm_aml,compliance_transaction,FALSE,banking,synthetic_research
19/07/2023 0:17,BAD,T-2654634-00,JPMC-CLIENT-2654194-00,USA,508858,CUSTOMER-2654199-00,USA,CRYPTO-TRANSFER,jpm_aml,compliance_transaction,TRUE,banking,synthetic_research
19/07/2023 1:42,GOOD,T-2004319-04,JPMC-CLIENT-2003978-04,USA,10.26,,,WITHDRAWL,jpm_aml,compliance_transaction,FALSE,banking,synthetic_research
19/07/2023 6:45,BAD,T-2815152-00,JPMC-CLIENT-2814818-00,SWITZERLAND,3655997,JPMC-BILLING-COMPANY-2814821-00,USA,PAYMENT,jpm_aml,compliance_transaction,TRUE,banking,synthetic_research
19/07/2023 6:58,BAD,T-492457-00,,,500089,JPMC-CLIENT-491996-00,USA,CASH-DEPOSIT,jpm_aml,compliance_transaction,TRUE,banking,synthetic_research
19/07/2023 8:32,GOOD,T-887592-05,JPMC-CLIENT-887225-05,ISRAEL,3538.91,,,WITHDRAWL,jpm_aml,compliance_transaction,FALSE,banking,synthetic_research
19/07/2023 15:47,GOOD,T-436159-01,JPMC-CLIENT-435726-01,UNITED-KINGDOM,5000.8,,,WITHDRAWL,jpm_aml,compliance_transaction,FALSE,banking,synthetic_research
20/07/2023 0:40,BAD,T-2393207-00,JPMC-CLIENT-2392872-00,USA,677007,CUSTOMER-2392877-00,USA,CRYPTO-TRANSFER,jpm_aml,compliance_transaction,TRUE,banking,synthetic_research
21/07/2023 3:20,GOOD,T-619968-11,,,9500.37,JPMC-CLIENT-619547-11,USA,CASH-DEPOSIT,jpm_aml,compliance_transaction,FALSE,banking,synthetic_research
21/07/2023 3:24,BAD,T-2529220-00,JPMC-CLIENT-2528881-00,USA,613103,,,WITHDRAWL,jpm_aml,compliance_transaction,TRUE,banking,synthetic_research
21/07/2023 6:41,GOOD,T-288241-04,JPMC-CLIENT-287849-04,USA,770.32,CHECKING-287860-04,,WIRE,jpm_aml,compliance_transaction,FALSE,banking,synthetic_research
21/07/2023 10:05,BAD,T-2567954-00,JPMC-CLIENT-2567522-00,UNITED-KINGDOM,50005,CUSTOMER-2567527-00,UNITED-KINGDOM,CRYPTO-TRANSFER,jpm_aml,compliance_transaction,TRUE,banking,synthetic_research
21/07/2023 20:24,BAD,T-2609649-00,,,950042,JPMC-CLIENT-2609213-00,USA,CASH-DEPOSIT,jpm_aml,compliance_transaction,TRUE,banking,synthetic_research
21/07/2023 23:40,BAD,T-1779752-00,JPMC-CLIENT-1779340-00,USA,392568,CUSTOMER-1779345-00,USA,CRYPTO-TRANSFER,jpm_aml,compliance_transaction,TRUE,banking,synthetic_research
22/07/2023 7:38,GOOD,T-756561-11,JPMC-CLIENT-756094-11,USA,7529.3,,,WITHDRAWL,jpm_aml,compliance_transaction,FALSE,banking,synthetic_research
22/07/2023 13:07,GOOD,T-2631802-04,JPMC-CLIENT-2631422-04,USA,6198.68,CHECKING-2631434-04,,WIRE,jpm_aml,compliance_transaction,FALSE,banking,synthetic_research
23/07/2023 11:22,GOOD,T-2715785-04,JPMC-CLIENT-2715243-04,USA,7822.8,,,WITHDRAWL,jpm_aml,compliance_transaction,FALSE,banking,synthetic_research
23/07/2023 16:38,GOOD,T-67867-01,JPMC-CLIENT-67463-01,USA,1845.8,,,WITHDRAWL,jpm_aml,compliance_transaction,FALSE,banking,synthetic_research
23/07/2023 21:49,GOOD,T-70320-04,JPMC-CLIENT-69886-04,USA,5000.83,,,WITHDRAWL,jpm_aml,compliance_transaction,FALSE,banking,synthetic_research
23/07/2023 22:24,GOOD,T-6630-13,JPMC-CLIENT-6084-13,USA,7155.45,,,WITHDRAWL,jpm_aml,compliance_transaction,FALSE,banking,synthetic_research
24/07/2023 1:23,GOOD,T-655802-05,JPMC-CLIENT-655403-05,USA,7055.89,CHECKING-655414-05,,WIRE,jpm_aml,compliance_transaction,FALSE,banking,synthetic_research
24/07/2023 9:42,GOOD,T-1801837-04,JPMC-CLIENT-1801483-04,USA,2386.32,CHECKING-1801494-04,,WIRE,jpm_aml,compliance_transaction,FALSE,banking,synthetic_research
26/07/2023 1:57,BAD,T-643419-00,JPMC-CLIENT-643079-00,USA,2184129,BILLING-COMPANY-643082-00,USA,PAYMENT,jpm_aml,compliance_transaction,TRUE,banking,synthetic_research
26/07/2023 3:05,GOOD,T-265285-14,JPMC-CLIENT-264738-14,QATAR,83.6,CHECKING-264748-14,,WIRE,jpm_aml,compliance_transaction,FALSE,banking,synthetic_research
26/07/2023 16:32,GOOD,T-654974-07,,,9500.39,JPMC-CLIENT-654596-07,USA,CASH-DEPOSIT,jpm_aml,compliance_transaction,FALSE,banking,synthetic_research
26/07/2023 16:36,BAD,T-807196-00,JPMC-CLIENT-806746-00,UNITED-KINGDOM,443938,,,WITHDRAWL,jpm_aml,compliance_transaction,TRUE,banking,synthetic_research
26/07/2023 17:10,BAD,T-687467-00,JPMC-CLIENT-687118-00,USA,1000063,BILLING-COMPANY-687121-00,USA,PAYMENT,jpm_aml,compliance_transaction,TRUE,banking,synthetic_research
27/07/2023 9:53,BAD,T-1057119-00,,,950078,JPMC-CLIENT-1056708-00,USA,CASH-DEPOSIT,jpm_aml,compliance_transaction,TRUE,banking,synthetic_research
27/07/2023 15:08,GOOD,T-1321983-04,JPMC-CLIENT-1321460-04,USA,1543.84,,,WITHDRAWL,jpm_aml,compliance_transaction,FALSE,banking,synthetic_research
27/07/2023 20:11,GOOD,T-1153833-06,JPMC-CLIENT-1153345-06,USA,5101.98,CHECKING-1153358-06,,WIRE,jpm_aml,compliance_transaction,FALSE,banking,synthetic_research
27/07/2023 22:58,GOOD,T-191566-14,,,9500.26,JPMC-CLIENT-191113-14,USA,CASH-DEPOSIT,jpm_aml,compliance_transaction,FALSE,banking,synthetic_research
28/07/2023 8:00,BAD,T-1804001-00,JPMC-CLIENT-1803596-00,USA,500072,CUSTOMER-1803601-00,USA,CRYPTO-TRANSFER,jpm_aml,compliance_transaction,TRUE,banking,synthetic_research
28/07/2023 12:03,BAD,T-516098-00,,,73098,JPMC-CLIENT-515749-00,USA,CASH-DEPOSIT,jpm_aml,compliance_transaction,TRUE,banking,synthetic_research
28/07/2023 14:06,BAD,T-89861-00,,,609999,JPMC-CLIENT-89526-00,USA,CASH-DEPOSIT,jpm_aml,compliance_transaction,TRUE,banking,synthetic_research
28/07/2023 17:14,BAD,T-801413-00,JPMC-CLIENT-800939-00,USA,500002,CUSTOMER-800944-00,USA,CRYPTO-TRANSFER,jpm_aml,compliance_transaction,TRUE,banking,synthetic_research
28/07/2023 18:44,BAD,T-1161454-00,JPMC-CLIENT-1161098-00,USA,268369,,,WITHDRAWL,jpm_aml,compliance_transaction,TRUE,banking,synthetic_research
29/07/2023 6:06,GOOD,T-822265-05,,,9500.05,JPMC-CLIENT-821827-05,UNITED-KINGDOM,CASH-DEPOSIT,jpm_aml,compliance_transaction,FALSE,banking,synthetic_research
29/07/2023 23:10,GOOD,T-666262-04,JPMC-CLIENT-665811-04,UNITED-KINGDOM,6299.3,CHECKING-665820-04,,WIRE,jpm_aml,compliance_transaction,FALSE,banking,synthetic_research
30/07/2023 14:41,GOOD,T-2732474-04,,,9500.54,JPMC-CLIENT-2732076-04,USA,CASH-DEPOSIT,jpm_aml,compliance_transaction,FALSE,banking,synthetic_research
30/07/2023 18:31,GOOD,T-1394831-06,JPMC-CLIENT-1394434-06,USA,39.98,,,WITHDRAWL,jpm_aml,compliance_transaction,FALSE,banking,synthetic_research
31/07/2023 6:02,BAD,T-643964-00,JPMC-CLIENT-643553-00,USA,500094,CUSTOMER-643558-00,UNITED-KINGDOM,CRYPTO-TRANSFER,jpm_aml,compliance_transaction,TRUE,banking,synthetic_research
31/07/2023 23:36,GOOD,T-534465-14,JPMC-CLIENT-534112-14,USA,5000.36,CHECKING-534120-14,,WIRE,jpm_aml,compliance_transaction,FALSE,banking,synthetic_research
01/08/2023 3:07,BAD,T-1505738-00,JPMC-CLIENT-1505475-00,USA,2054598,BILLING-COMPANY-1505478-00,USA,PAYMENT,jpm_aml,compliance_transaction,TRUE,banking,synthetic_research
01/08/2023 7:49,GOOD,T-401954-02,JPMC-CLIENT-401535-02,USA,830.22,OWNER-401636-02,USA,WIRE,jpm_aml,compliance_transaction,FALSE,banking,synthetic_research
01/08/2023 15:13,GOOD,T-2820-02,JPMC-CLIENT-2502-02,UNITED-KINGDOM,6125.81,CHECKING-2516-02,,WIRE,jpm_aml,compliance_transaction,FALSE,banking,synthetic_research
01/08/2023 15:42,GOOD,T-539037-07,JPMC-CLIENT-538607-07,USA,522.86,OWNER-538702-07,USA,WIRE,jpm_aml,compliance_transaction,FALSE,banking,synthetic_research
01/08/2023 19:54,GOOD,T-563702-14,,,9500.71,JPMC-CLIENT-563236-14,USA,CASH-DEPOSIT,jpm_aml,compliance_transaction,FALSE,banking,synthetic_research
01/08/2023 22:02,BAD,T-1672005-00,JPMC-CLIENT-1671760-00,USA,500097,,,WITHDRAWL,jpm_aml,compliance_transaction,TRUE,banking,synthetic_research
01/08/2023 23:49,BAD,T-1057484-00,,,500019,JPMC-CLIENT-1057203-00,USA,CASH-DEPOSIT,jpm_aml,compliance_transaction,TRUE,banking,synthetic_research
02/08/2023 16:10,GOOD,T-1864719-04,JPMC-CLIENT-1864406-04,USA,5079.88,,,WITHDRAWL,jpm_aml,compliance_transaction,FALSE,banking,synthetic_research
02/08/2023 21:43,BAD,T-965112-00,,,149497,JPMC-CLIENT-964835-00,USA,CASH-DEPOSIT,jpm_aml,compliance_transaction,TRUE,banking,synthetic_research
03/08/2023 4:52,GOOD,T-688045-11,,,9500.15,JPMC-CLIENT-687502-11,SWEDEN,CASH-DEPOSIT,jpm_aml,compliance_transaction,FALSE,banking,synthetic_research
03/08/2023 9:33,GOOD,T-1173432-04,JPMC-CLIENT-1173081-04,USA,7092.51,,,WITHDRAWL,jpm_aml,compliance_transaction,FALSE,banking,synthetic_research
03/08/2023 16:23,BAD,T-2960803-00,,,500092,JPMC-CLIENT-2960564-00,USA,CASH-DEPOSIT,jpm_aml,compliance_transaction,TRUE,banking,synthetic_research
04/08/2023 5:37,BAD,T-126690-00,,,166667,JPMC-CLIENT-126327-00,USA,CASH-DEPOSIT,jpm_aml,compliance_transaction,TRUE,banking,synthetic_research
04/08/2023 9:23,GOOD,T-1147433-04,JPMC-CLIENT-1147091-04,USA,5985.85,CHECKING-1147098-04,,WIRE,jpm_aml,compliance_transaction,FALSE,banking,synthetic_research
04/08/2023 15:17,BAD,T-1210332-00,JPMC-CLIENT-1210071-00,USA,500064,,,WITHDRAWL,jpm_aml,compliance_transaction,TRUE,banking,synthetic_research
04/08/2023 22:02,GOOD,T-832935-05,,,1055.39,JPMC-CLIENT-832606-05,USA,CASH-DEPOSIT,jpm_aml,compliance_transaction,FALSE,banking,synthetic_research
05/08/2023 9:44,GOOD,T-1695453-06,JPMC-CLIENT-1695128-06,USA,5000.56,,,WITHDRAWL,jpm_aml,compliance_transaction,FALSE,banking,synthetic_research
05/08/2023 12:52,GOOD,T-18516-09,,,9500.18,JPMC-CLIENT-18184-09,USA,CASH-DEPOSIT,jpm_aml,compliance_transaction,FALSE,banking,synthetic_research
05/08/2023 15:04,BAD,T-1214725-00,,,622037,JPMC-CLIENT-1214437-00,CANADA,CASH-DEPOSIT,jpm_aml,compliance_transaction,TRUE,banking,synthetic_research
05/08/2023 16:00,GOOD,T-1181220-11,JPMC-CLIENT-1180906-11,USA,4049.92,,,WITHDRAWL,jpm_aml,compliance_transaction,FALSE,banking,synthetic_research
05/08/2023 21:07,BAD,T-654624-00,JPMC-CLIENT-654265-00,USA,844687,CUSTOMER-654270-00,USA,CRYPTO-TRANSFER,jpm_aml,compliance_transaction,TRUE,banking,synthetic_research
06/08/2023 14:02,BAD,T-672064-00,JPMC-CLIENT-671683-00,USA,805219,,,WITHDRAWL,jpm_aml,compliance_transaction,TRUE,banking,synthetic_research
06/08/2023 19:22,GOOD,T-53888-09,JPMC-CLIENT-53438-09,USA,104.63,,,WITHDRAWL,jpm_aml,compliance_transaction,FALSE,banking,synthetic_research
06/08/2023 22:00,BAD,T-2933282-00,JPMC-CLIENT-2932913-00,USA,500029,JPMC-CUSTOMER-2932918-00,UNITED-KINGDOM,CRYPTO-TRANSFER,jpm_aml,compliance_transaction,TRUE,banking,synthetic_research
07/08/2023 4:01,BAD,T-1549902-00,JPMC-CLIENT-1549518-00,USA,919831,CUSTOMER-1549523-00,USA,CRYPTO-TRANSFER,jpm_aml,compliance_transaction,TRUE,banking,synthetic_research
07/08/2023 4:22,GOOD,T-1169963-06,JPMC-CLIENT-1169547-06,UNITED-KINGDOM,5545.6,,,WITHDRAWL,jpm_aml,compliance_transaction,FALSE,banking,synthetic_research
07/08/2023 14:11,GOOD,T-589794-07,JPMC-CLIENT-589375-07,USA,8129.94,,,WITHDRAWL,jpm_aml,compliance_transaction,FALSE,banking,synthetic_research
07/08/2023 22:43,GOOD,T-418259-10,JPMC-CLIENT-417815-10,USA,2877.64,CHECKING-417827-10,,WIRE,jpm_aml,compliance_transaction,FALSE,banking,synthetic_research
08/08/2023 2:37,GOOD,T-2595600-04,,,9500.13,JPMC-CLIENT-2595215-04,USA,CASH-DEPOSIT,jpm_aml,compliance_transaction,FALSE,banking,synthetic_research
08/08/2023 4:58,GOOD,T-2550180-04,,,4632.42,JPMC-CLIENT-2549768-04,USA,CASH-DEPOSIT,jpm_aml,compliance_transaction,FALSE,banking,synthetic_research
08/08/2023 6:36,GOOD,T-1250925-04,JPMC-CLIENT-1250411-04,USA,5000.79,CHECKING-1250422-04,,WIRE,jpm_aml,compliance_transaction,FALSE,banking,synthetic_research
08/08/2023 9:27,GOOD,T-381003-11,JPMC-CLIENT-380636-11,USA,173.02,CHECKING-380648-11,,WIRE,jpm_aml,compliance_transaction,FALSE,banking,synthetic_research
08/08/2023 9:53,BAD,T-2269694-00,JPMC-CLIENT-2269227-00,USA,500021,,,WITHDRAWL,jpm_aml,compliance_transaction,TRUE,banking,synthetic_research
09/08/2023 2:27,GOOD,T-73709-07,JPMC-CLIENT-73328-07,USA,5854.13,CHECKING-73338-07,,WIRE,jpm_aml,compliance_transaction,FALSE,banking,synthetic_research
09/08/2023 7:51,GOOD,T-1049228-04,,,9500.68,JPMC-CLIENT-1048891-04,USA,CASH-DEPOSIT,jpm_aml,compliance_transaction,FALSE,banking,synthetic_research
09/08/2023 21:26,GOOD,T-1169542-11,JPMC-CLIENT-1169039-11,USA,5000.4,CHECKING-1169049-11,,WIRE,jpm_aml,compliance_transaction,FALSE,banking,synthetic_research
09/08/2023 21:39,GOOD,T-198299-12,,,9500.48,JPMC-CLIENT-197913-12,UNITED-KINGDOM,CASH-DEPOSIT,jpm_aml,compliance_transaction,FALSE,banking,synthetic_research
10/08/2023 12:24,GOOD,T-83604-12,JPMC-CLIENT-83204-12,USA,418.66,,,WITHDRAWL,jpm_aml,compliance_transaction,FALSE,banking,synthetic_research
12/08/2023 1:04,GOOD,T-13575-01,JPMC-CLIENT-13189-01,USA,5000.37,CHECKING-13200-01,,WIRE,jpm_aml,compliance_transaction,FALSE,banking,synthetic_research
12/08/2023 4:03,BAD,T-540724-00,JPMC-CLIENT-540359-00,USA,500006,CUSTOMER-540364-00,USA,CRYPTO-TRANSFER,jpm_aml,compliance_transaction,TRUE,banking,synthetic_research
12/08/2023 11:26,GOOD,T-103270-05,,,9500.19,JPMC-CLIENT-102894-05,USA,CASH-DEPOSIT,jpm_aml,compliance_transaction,FALSE,banking,synthetic_research
13/08/2023 16:32,GOOD,T-42632-14,,,2910.35,JPMC-CLIENT-42231-14,USA,CASH-DEPOSIT,jpm_aml,compliance_transaction,FALSE,banking,synthetic_research
21/03/2022 1:04,0,MAKE-PAYMENT-3208,JPMC-CLIENT-3155,USA,343.48,CLIENT-3173,USA,MAKE-PAYMENT,jpm_fraud_payment,payment_transaction,FALSE,banking,synthetic_research
21/03/2022 14:04,0,QUICK-PAYMENT-1988,JPMC-CLIENT-1926,USA,339.76,CLIENT-1928,ANTIGUA-BARBUDA,QUICK-PAYMENT,jpm_fraud_payment,payment_transaction,FALSE,banking,synthetic_research
21/03/2022 23:04,0,PAYMENT-2984,JPMC-CLIENT-2948,USA,400.76,CLIENT-2950,CANADA,MAKE-PAYMENT,jpm_fraud_payment,payment_transaction,FALSE,banking,synthetic_research
23/03/2022 0:54,0,QUICK-PAYMENT-2263,JPMC-CLIENT-2208,USA,549.37,CLIENT-2210,USA,QUICK-PAYMENT,jpm_fraud_payment,payment_transaction,FALSE,banking,synthetic_research
26/03/2022 14:04,0,PAYMENT-9016,JPMC-CLIENT-8947,USA,89.07,BILL-COMPANY-9017,USA,MAKE-PAYMENT,jpm_fraud_payment,payment_transaction,FALSE,banking,synthetic_research
29/03/2022 15:34,0,QUICK-PAYMENT-7417,JPMC-CLIENT-7331,USA,892.43,JPMC-CLIENT-7329,USA,QUICK-PAYMENT,jpm_fraud_payment,payment_transaction,FALSE,banking,synthetic_research
01/04/2022 4:24,0,QUICK-DEPOSIT-9331,,,423.06,JPMC-CLIENT-9229,USA,DEPOSIT-CASH,jpm_fraud_payment,payment_transaction,FALSE,banking,synthetic_research
10/04/2022 18:54,0,MOVE-FUNDS-952,COMPANY-816,GERMANY,2000.92,JPMC-CLIENT-812,ANTIGUA-BARBUDA,MOVE-FUNDS,jpm_fraud_payment,payment_transaction,FALSE,banking,synthetic_research
15/04/2022 8:44,0,QUICK-DEPOSIT-1549,,,327.91,JPMC-CLIENT-1379,USA,DEPOSIT-CASH,jpm_fraud_payment,payment_transaction,FALSE,banking,synthetic_research
20/04/2022 10:14,0,PAY-CHECK-5426,JPMC-CLIENT-5222,USA,359.53,CLIENT-5224,USA,PAY-CHECK,jpm_fraud_payment,payment_transaction,FALSE,banking,synthetic_research
21/04/2022 10:24,0,PAYMENT-5038,JPMC-CLIENT-4835,USA,98.94,BILL-COMPANY-5039,CHILE,MAKE-PAYMENT,jpm_fraud_payment,payment_transaction,FALSE,banking,synthetic_research
23/04/2022 22:34,0,MAKE-PAYMENT-6052,CLIENT-5863,USA,959.42,JPMC-CLIENT-5845,IRAN,MAKE-PAYMENT,jpm_fraud_payment,payment_transaction,FALSE,banking,synthetic_research
04/05/2022 13:44,0,MOVE-FUNDS-2187,JPMC-CLIENT-1926,USA,249.1,CLIENT-1928,ANTIGUA-BARBUDA,MOVE-FUNDS,jpm_fraud_payment,payment_transaction,FALSE,banking,synthetic_research
09/05/2022 12:24,0,MAKE-PAYMENT-6396,JPMC-CLIENT-6127,USA,872.4,CLIENT-6145,USA,MAKE-PAYMENT,jpm_fraud_payment,payment_transaction,FALSE,banking,synthetic_research
12/05/2022 13:14,0,PAY-BILL-10269,JPMC-CLIENT-10262,USA,724.32,COMPANY-10270,EL-SALVADOR,MAKE-PAYMENT,jpm_fraud_payment,payment_transaction,FALSE,banking,synthetic_research
15/05/2022 13:34,0,QUICK-PAYMENT-13972,JPMC-CLIENT-13944,USA,100.69,CLIENT-13962,USA,QUICK-PAYMENT,jpm_fraud_payment,payment_transaction,FALSE,banking,synthetic_research
21/05/2022 18:54,0,CASH-CHECK-19167,JPMC-CLIENT-19083,USA,786.79,,,WITHDRAWAL,jpm_fraud_payment,payment_transaction,FALSE,banking,synthetic_research
29/05/2022 22:24,0,DEPOSIT-CASH-19214,,,386.79,JPMC-CLIENT-19083,USA,DEPOSIT-CASH,jpm_fraud_payment,payment_transaction,FALSE,banking,synthetic_research
01/06/2022 20:04,0,WITHDRAWAL-16455,JPMC-CLIENT-16328,USA,397.28,,,EXCHANGE,jpm_fraud_payment,payment_transaction,FALSE,banking,synthetic_research
01/06/2022 23:34,0,DEPOSIT-CHECK-19233,,,311.3,JPMC-CLIENT-19083,USA,DEPOSIT-CHECK,jpm_fraud_payment,payment_transaction,FALSE,banking,synthetic_research
03/06/2022 21:34,0,QUICK-DEPOSIT-16758,,,100.05,JPMC-CLIENT-16617,USA,DEPOSIT-CASH,jpm_fraud_payment,payment_transaction,FALSE,banking,synthetic_research
07/06/2022 11:44,0,QUICK-PAYMENT-12231,JPMC-CLIENT-12066,USA,384.32,CLIENT-12086,USA,QUICK-PAYMENT,jpm_fraud_payment,payment_transaction,FALSE,banking,synthetic_research
12/06/2022 20:54,0,WITHDRAWAL-10437,JPMC-CLIENT-10278,USA,557.13,,,EXCHANGE,jpm_fraud_payment,payment_transaction,FALSE,banking,synthetic_research
15/06/2022 1:44,0,PAY-BILL-19600,JPMC-CLIENT-19387,USA,128.73,BILL-COMPANY-19484,USA,MAKE-PAYMENT,jpm_fraud_payment,payment_transaction,FALSE,banking,synthetic_research
15/06/2022 23:14,0,QUICK-PAYMENT-12712,JPMC-CLIENT-12526,USA,939.12,JPMC-CLIENT-12528,USA,QUICK-PAYMENT,jpm_fraud_payment,payment_transaction,FALSE,banking,synthetic_research
17/06/2022 1:04,0,PAY-BILL-14761,JPMC-CLIENT-14555,USA,530.4,BILL-COMPANY-14652,SRI-LANKA,MAKE-PAYMENT,jpm_fraud_payment,payment_transaction,FALSE,banking,synthetic_research
19/06/2022 3:04,0,MOVE-FUNDS-17538,JPMC-COMPANY-17325,GERMANY,2000.67,JPMC-CLIENT-17320,USA,MOVE-FUNDS,jpm_fraud_payment,payment_transaction,FALSE,banking,synthetic_research
20/06/2022 0:44,0,QUICK-PAYMENT-16197,CLIENT-15993,INDONESIA,308.1,JPMC-CLIENT-15992,USA,QUICK-PAYMENT,jpm_fraud_payment,payment_transaction,FALSE,banking,synthetic_research
25/06/2022 11:54,0,PAY-BILL-17114,JPMC-CLIENT-16898,USA,482.36,BILL-COMPANY-17017,USA,MAKE-PAYMENT,jpm_fraud_payment,payment_transaction,FALSE,banking,synthetic_research
27/06/2022 17:24,0,QUICK-PAYMENT-13020,JPMC-CLIENT-12755,USA,593.21,JPMC-CLIENT-12757,INDONESIA,QUICK-PAYMENT,jpm_fraud_payment,payment_transaction,FALSE,banking,synthetic_research
07/07/2022 2:54,0,EXCHANGE-10828,JPMC-CLIENT-10559,NEW-CALEDONIA,543.91,,,WITHDRAWAL,jpm_fraud_payment,payment_transaction,FALSE,banking,synthetic_research
09/07/2022 15:14,0,CASH-CHECK-29646,,,664.16,JPMC-CLIENT-29624,USA,DEPOSIT-CHECK,jpm_fraud_payment,payment_transaction,FALSE,banking,synthetic_research
15/07/2022 16:14,0,PAYMENT-23463,JPMC-CLIENT-23420,USA,84.41,BILL-COMPANY-23464,USA,MAKE-PAYMENT,jpm_fraud_payment,payment_transaction,FALSE,banking,synthetic_research
16/07/2022 17:54,0,PAY-BILL-22632,JPMC-CLIENT-22577,USA,100.56,COMPANY-22580,PAPUA-NEW-GUINEA,MAKE-PAYMENT,jpm_fraud_payment,payment_transaction,FALSE,banking,synthetic_research
17/07/2022 16:34,0,QUICK-DEPOSIT-21412,,,240.65,JPMC-CLIENT-21361,USA,DEPOSIT-CASH,jpm_fraud_payment,payment_transaction,FALSE,banking,synthetic_research
18/07/2022 18:14,0,PAYMENT-22277,JPMC-CLIENT-22211,USA,67.16,BILL-COMPANY-22278,GRENADA,MAKE-PAYMENT,jpm_fraud_payment,payment_transaction,FALSE,banking,synthetic_research
21/07/2022 18:54,0,EXCHANGE-22371,JPMC-CLIENT-22290,USA,834.54,,,EXCHANGE,jpm_fraud_payment,payment_transaction,FALSE,banking,synthetic_research
29/07/2022 6:14,0,PAYMENT-29387,JPMC-CLIENT-29295,USA,74.3,BILL-COMPANY-29388,GERMANY,MAKE-PAYMENT,jpm_fraud_payment,payment_transaction,FALSE,banking,synthetic_research
29/07/2022 8:24,0,MOVE-FUNDS-20346,JPMC-CLIENT-20236,LAOS,205.39,CLIENT-20254,USA,MOVE-FUNDS,jpm_fraud_payment,payment_transaction,FALSE,banking,synthetic_research
31/07/2022 9:54,0,DEPOSIT-CASH-26269,,,100.54,JPMC-CLIENT-26138,USA,DEPOSIT-CASH,jpm_fraud_payment,payment_transaction,FALSE,banking,synthetic_research
01/08/2022 20:34,0,PAYMENT-22050,JPMC-CLIENT-21931,USA,21.06,BILL-COMPANY-22051,USA,MAKE-PAYMENT,jpm_fraud_payment,payment_transaction,FALSE,banking,synthetic_research
02/08/2022 23:44,0,QUICK-PAYMENT-25299,JPMC-CLIENT-25148,USA,416.58,CLIENT-25166,USA,QUICK-PAYMENT,jpm_fraud_payment,payment_transaction,FALSE,banking,synthetic_research
03/08/2022 13:34,0,PAY-CHECK-21837,JPMC-CLIENT-21675,USA,332.61,CLIENT-21693,USA,PAY-CHECK,jpm_fraud_payment,payment_transaction,FALSE,banking,synthetic_research
05/08/2022 12:14,0,MOVE-FUNDS-22453,CLIENT-22425,USA,985.75,JPMC-CLIENT-22290,USA,MOVE-FUNDS,jpm_fraud_payment,payment_transaction,FALSE,banking,synthetic_research
11/08/2022 11:14,0,MOVE-FUNDS-28578,JPMC-COMPANY-28418,GERMANY,2000.09,JPMC-CLIENT-28414,USA,MOVE-FUNDS,jpm_fraud_payment,payment_transaction,FALSE,banking,synthetic_research
12/08/2022 16:04,0,PAY-BILL-26913,JPMC-CLIENT-26706,MAURITANIA,144.22,BILL-COMPANY-26750,USA,MAKE-PAYMENT,jpm_fraud_payment,payment_transaction,FALSE,banking,synthetic_research
18/08/2022 12:14,0,WITHDRAWAL-26617,JPMC-CLIENT-26424,USA,602.46,,,EXCHANGE,jpm_fraud_payment,payment_transaction,FALSE,banking,synthetic_research
23/08/2022 17:34,0,PAYMENT-23665,JPMC-CLIENT-23420,USA,51.23,BILL-COMPANY-23666,MONACO,MAKE-PAYMENT,jpm_fraud_payment,payment_transaction,FALSE,banking,synthetic_research
26/08/2022 14:24,0,PAY-BILL-28646,JPMC-CLIENT-28414,USA,203.04,BILL-COMPANY-28562,USA,MAKE-PAYMENT,jpm_fraud_payment,payment_transaction,FALSE,banking,synthetic_research
28/08/2022 14:34,0,PAY-BILL-28650,JPMC-CLIENT-28414,USA,804.75,BILL-COMPANY-28504,MARSHALL-ISLANDS,MAKE-PAYMENT,jpm_fraud_payment,payment_transaction,FALSE,banking,synthetic_research
08/09/2022 4:44,0,EXCHANGE-35319,JPMC-CLIENT-35297,USA,802.25,,,WITHDRAWAL,jpm_fraud_payment,payment_transaction,FALSE,banking,synthetic_research
12/09/2022 6:04,0,PAYMENT-33933,JPMC-CLIENT-33895,USA,25.05,BILL-COMPANY-33934,SWEDEN,MAKE-PAYMENT,jpm_fraud_payment,payment_transaction,FALSE,banking,synthetic_research
13/09/2022 5:24,0,MOVE-FUNDS-32464,JPMC-COMPANY-32430,GERMANY,2000.16,JPMC-CLIENT-32425,USA,MOVE-FUNDS,jpm_fraud_payment,payment_transaction,FALSE,banking,synthetic_research
20/09/2022 8:24,0,PAY-BILL-36408,JPMC-CLIENT-36325,USA,100.22,COMPANY-36328,CHILE,MAKE-PAYMENT,jpm_fraud_payment,payment_transaction,FALSE,banking,synthetic_research
23/09/2022 21:04,0,PAYMENT-31620,JPMC-CLIENT-31523,USA,97.14,BILL-COMPANY-31621,SAN-MARINO,MAKE-PAYMENT,jpm_fraud_payment,payment_transaction,FALSE,banking,synthetic_research
29/09/2022 0:24,0,QUICK-PAYMENT-36697,JPMC-CLIENT-36561,USA,236.7,CLIENT-36579,OMAN,QUICK-PAYMENT,jpm_fraud_payment,payment_transaction,FALSE,banking,synthetic_research
29/09/2022 13:04,0,PAYMENT-33194,JPMC-CLIENT-33046,USA,18.22,BILL-COMPANY-33195,USA,MAKE-PAYMENT,jpm_fraud_payment,payment_transaction,FALSE,banking,synthetic_research
02/10/2022 13:34,0,DEPOSIT-CASH-36717,,,875.83,JPMC-CLIENT-36561,USA,DEPOSIT-CASH,jpm_fraud_payment,payment_transaction,FALSE,banking,synthetic_research
12/10/2022 15:54,0,PAYMENT-30676,JPMC-CLIENT-30483,USA,400.39,CLIENT-30485,CANADA,MAKE-PAYMENT,jpm_fraud_payment,payment_transaction,FALSE,banking,synthetic_research
15/10/2022 13:54,0,QUICK-PAYMENT-33520,JPMC-CLIENT-33330,USA,199.34,CLIENT-33348,USA,QUICK-PAYMENT,jpm_fraud_payment,payment_transaction,FALSE,banking,synthetic_research
04/11/2022 17:04,0,MOVE-FUNDS-42360,JPMC-CLIENT-42340,USA,100.82,CLIENT-42358,SOUTH-SUDAN,MOVE-FUNDS,jpm_fraud_payment,payment_transaction,FALSE,banking,synthetic_research
08/11/2022 6:24,0,MOVE-FUNDS-42945,JPMC-COMPANY-42913,GERMANY,2000.81,JPMC-CLIENT-42908,USA,MOVE-FUNDS,jpm_fraud_payment,payment_transaction,FALSE,banking,synthetic_research
08/11/2022 18:24,0,QUICK-DEPOSIT-44987,,,881.2,JPMC-CLIENT-44942,USA,DEPOSIT-CASH,jpm_fraud_payment,payment_transaction,FALSE,banking,synthetic_research
09/11/2022 18:44,0,PAYMENT-46149,JPMC-CLIENT-46107,USA,54.14,BILL-COMPANY-46150,ISRAEL,MAKE-PAYMENT,jpm_fraud_payment,payment_transaction,FALSE,banking,synthetic_research
12/11/2022 19:04,0,DEPOSIT-CHECK-41809,,,735.88,JPMC-CLIENT-41754,USA,DEPOSIT-CHECK,jpm_fraud_payment,payment_transaction,FALSE,banking,synthetic_research
13/11/2022 7:14,0,PAY-CHECK-50467,JPMC-CLIENT-50411,USA,255.7,COMPANY-50416,PORTUGAL,PAY-CHECK,jpm_fraud_payment,payment_transaction,FALSE,banking,synthetic_research
13/11/2022 7:34,0,MOVE-FUNDS-41302,JPMC-CLIENT-41244,UNITED-KINGDOM,278.28,JPMC-CLIENT-41242,USA,MOVE-FUNDS,jpm_fraud_payment,payment_transaction,FALSE,banking,synthetic_research
14/11/2022 6:54,0,PAY-BILL-39840,JPMC-CLIENT-39791,USA,310.74,BILL-COMPANY-39826,EGYPT,MAKE-PAYMENT,jpm_fraud_payment,payment_transaction,FALSE,banking,synthetic_research
16/11/2022 22:04,0,MAKE-PAYMENT-46515,CLIENT-46430,USA,673.29,JPMC-CLIENT-46427,USA,MAKE-PAYMENT,jpm_fraud_payment,payment_transaction,FALSE,banking,synthetic_research
22/11/2022 10:54,0,WITHDRAWAL-49827,JPMC-CLIENT-49719,USA,276.63,,,WITHDRAWAL,jpm_fraud_payment,payment_transaction,FALSE,banking,synthetic_research
26/11/2022 12:14,0,EXCHANGE-43289,JPMC-CLIENT-43155,USA,788.14,,,WITHDRAWAL,jpm_fraud_payment,payment_transaction,FALSE,banking,synthetic_research
26/11/2022 13:24,0,PAY-BILL-47611,JPMC-CLIENT-47474,USA,901.53,BILL-COMPANY-47598,PORTUGAL,MAKE-PAYMENT,jpm_fraud_payment,payment_transaction,FALSE,banking,synthetic_research
02/12/2022 3:34,0,PAYMENT-45107,JPMC-CLIENT-44942,USA,17.23,BILL-COMPANY-45108,USA,MAKE-PAYMENT,jpm_fraud_payment,payment_transaction,FALSE,banking,synthetic_research
02/12/2022 13:34,0,CASH-CHECK-45410,,,573.04,JPMC-CLIENT-45250,USA,DEPOSIT-CHECK,jpm_fraud_payment,payment_transaction,FALSE,banking,synthetic_research
08/12/2022 7:14,0,PAY-BILL-48507,JPMC-CLIENT-48294,USA,133.21,BILL-COMPANY-48470,USA,MAKE-PAYMENT,jpm_fraud_payment,payment_transaction,FALSE,banking,synthetic_research
09/12/2022 11:24,0,PAY-BILL-46737,JPMC-CLIENT-46579,USA,183.67,BILL-COMPANY-46676,USA,MAKE-PAYMENT,jpm_fraud_payment,payment_transaction,FALSE,banking,synthetic_research
16/12/2022 9:24,0,EXCHANGE-48550,JPMC-CLIENT-48294,USA,942.58,,,WITHDRAWAL,jpm_fraud_payment,payment_transaction,FALSE,banking,synthetic_research
16/12/2022 21:54,0,MOVE-FUNDS-40657,JPMC-CLIENT-40397,USA,453.62,BILL-COMPANY-40573,USA,MOVE-FUNDS,jpm_fraud_payment,payment_transaction,FALSE,banking,synthetic_research
19/12/2022 8:34,0,MAKE-PAYMENT-48831,JPMC-CLIENT-48575,USA,939.87,CLIENT-48593,USA,MAKE-PAYMENT,jpm_fraud_payment,payment_transaction,FALSE,banking,synthetic_research
24/12/2022 18:14,0,PAYMENT-43405,JPMC-CLIENT-43155,USA,400,JPMC-CLIENT-43156,CANADA,MAKE-PAYMENT,jpm_fraud_payment,payment_transaction,FALSE,banking,synthetic_research
25/12/2022 21:04,0,PAY-BILL-45219,JPMC-CLIENT-44942,HAITI,193.52,BILL-COMPANY-45005,SAINT-LUCIA,MAKE-PAYMENT,jpm_fraud_payment,payment_transaction,FALSE,banking,synthetic_research
10/01/2023 9:34,0,CASH-CHECK-50786,,,191.47,JPMC-CLIENT-50731,USA,DEPOSIT-CHECK,jpm_fraud_payment,payment_transaction,FALSE,banking,synthetic_research
13/01/2023 8:44,0,PAY-BILL-54721,JPMC-CLIENT-54658,USA,878.72,BILL-COMPANY-54704,USA,MAKE-PAYMENT,jpm_fraud_payment,payment_transaction,FALSE,banking,synthetic_research
16/01/2023 10:54,1,QUICK-DEPOSIT-56569,,,828.69,JPMC-CLIENT-56486,USA,DEPOSIT-CASH,jpm_fraud_payment,payment_transaction,TRUE,banking,synthetic_research
16/01/2023 13:04,0,PAY-CHECK-54169,JPMC-CLIENT-54065,USA,597.44,CLIENT-54083,CANADA,PAY-CHECK,jpm_fraud_payment,payment_transaction,FALSE,banking,synthetic_research
20/01/2023 10:14,0,PAYMENT-53308,JPMC-CLIENT-53209,HONG-KONG,62.97,BILL-COMPANY-53309,FINLAND,MAKE-PAYMENT,jpm_fraud_payment,payment_transaction,FALSE,banking,synthetic_research
22/01/2023 1:24,1,WITHDRAWAL-57189,JPMC-CLIENT-57055,USA,359.82,,,EXCHANGE,jpm_fraud_payment,payment_transaction,TRUE,banking,synthetic_research
24/01/2023 11:34,0,CASH-CHECK-54772,,,994.07,JPMC-CLIENT-54658,USA,DEPOSIT-CHECK,jpm_fraud_payment,payment_transaction,FALSE,banking,synthetic_research
25/01/2023 11:44,0,PAY-CHECK-52279,JPMC-CLIENT-52163,USA,871.87,BILL-COMPANY-52258,MAURITANIA,PAY-CHECK,jpm_fraud_payment,payment_transaction,FALSE,banking,synthetic_research
27/01/2023 3:24,0,EXCHANGE-57217,JPMC-CLIENT-57055,USA,965.76,,,WITHDRAWAL,jpm_fraud_payment,payment_transaction,FALSE,banking,synthetic_research
04/02/2023 1:54,0,QUICK-PAYMENT-50885,JPMC-CLIENT-50731,FRENCH-POLYNESIA,322.86,CLIENT-50734,USA,QUICK-PAYMENT,jpm_fraud_payment,payment_transaction,FALSE,banking,synthetic_research
04/02/2023 15:14,0,PAYMENT-52055,JPMC-CLIENT-51885,USA,1.1800001,BILL-COMPANY-52056,USA,MAKE-PAYMENT,jpm_fraud_payment,payment_transaction,FALSE,banking,synthetic_research
04/02/2023 17:14,0,EXCHANGE-52632,JPMC-CLIENT-52447,USA,855.33,,,WITHDRAWAL,jpm_fraud_payment,payment_transaction,FALSE,banking,synthetic_research
13/02/2023 18:14,0,PAY-BILL-53995,JPMC-CLIENT-53782,USA,942.85,BILL-COMPANY-53935,USA,MAKE-PAYMENT,jpm_fraud_payment,payment_transaction,FALSE,banking,synthetic_research
14/02/2023 6:44,0,QUICK-PAYMENT-59870,JPMC-CLIENT-59651,LIECHTENSTEIN,171.91,CLIENT-59669,USA,QUICK-PAYMENT,jpm_fraud_payment,payment_transaction,FALSE,banking,synthetic_research
18/02/2023 5:54,0,PAYMENT-55357,JPMC-CLIENT-55141,USA,400.61,CLIENT-55143,CANADA,MAKE-PAYMENT,jpm_fraud_payment,payment_transaction,FALSE,banking,synthetic_research
22/02/2023 19:14,0,MOVE-FUNDS-54903,COMPANY-54663,GERMANY,2000.09,JPMC-CLIENT-54658,USA,MOVE-FUNDS,jpm_fraud_payment,payment_transaction,FALSE,banking,synthetic_research
05/03/2023 9:44,0,WITHDRAWAL-69910,JPMC-CLIENT-69874,USA,387.29,,,WITHDRAWAL,jpm_fraud_payment,payment_transaction,FALSE,banking,synthetic_research
06/03/2023 8:04,1,WITHDRAWAL-70186,JPMC-CLIENT-70156,USA,691.02,,,WITHDRAWAL,jpm_fraud_payment,payment_transaction,TRUE,banking,synthetic_research
09/03/2023 8:54,0,PAYMENT-71582,JPMC-CLIENT-71543,USA,19.23,BILL-COMPANY-71583,USA,MAKE-PAYMENT,jpm_fraud_payment,payment_transaction,FALSE,banking,synthetic_research
09/03/2023 22:44,0,QUICK-PAYMENT-64064,JPMC-CLIENT-64010,USA,676,COMPANY-64014,NETHERLANDS,QUICK-PAYMENT,jpm_fraud_payment,payment_transaction,FALSE,banking,synthetic_research
13/03/2023 11:04,0,PAYMENT-68821,JPMC-CLIENT-68748,USA,81.75,BILL-COMPANY-68822,BOUVET-ISLAND,MAKE-PAYMENT,jpm_fraud_payment,payment_transaction,FALSE,banking,synthetic_research
13/03/2023 23:44,0,QUICK-DEPOSIT-63803,,,318.55,JPMC-CLIENT-63728,USA,DEPOSIT-CASH,jpm_fraud_payment,payment_transaction,FALSE,banking,synthetic_research
16/03/2023 9:54,0,PAYMENT-71142,JPMC-CLIENT-71076,USA,50.93,BILL-COMPANY-71143,USA,MAKE-PAYMENT,jpm_fraud_payment,payment_transaction,FALSE,banking,synthetic_research
21/03/2023 0:34,0,PAY-BILL-68554,JPMC-CLIENT-68451,TANZANIA,100.7,JPMC-COMPANY-68455,TAIWAN,MAKE-PAYMENT,jpm_fraud_payment,payment_transaction,FALSE,banking,synthetic_research
23/03/2023 1:14,0,QUICK-PAYMENT-66079,JPMC-CLIENT-65971,USA,365.8,JPMC-CLIENT-65972,CANADA,QUICK-PAYMENT,jpm_fraud_payment,payment_transaction,FALSE,banking,synthetic_research
24/03/2023 1:34,0,PAY-BILL-69705,JPMC-CLIENT-69589,KYRGYZSTAN,168.27,BILL-COMPANY-69687,USA,MAKE-PAYMENT,jpm_fraud_payment,payment_transaction,FALSE,banking,synthetic_research
26/03/2023 14:54,0,CASH-CHECK-71668,JPMC-CLIENT-71543,USA,747.09,,,EXCHANGE,jpm_fraud_payment,payment_transaction,FALSE,banking,synthetic_research
29/03/2023 20:24,0,MAKE-PAYMENT-66998,JPMC-CLIENT-66820,USA,769.74,BILL-COMPANY-66867,MAURITANIA,MAKE-PAYMENT,jpm_fraud_payment,payment_transaction,FALSE,banking,synthetic_research
07/04/2023 7:04,0,QUICK-PAYMENT-62443,BILL-COMPANY-62403,ISLE-OF-MAN,998.41,JPMC-CLIENT-62252,USA,QUICK-PAYMENT,jpm_fraud_payment,payment_transaction,FALSE,banking,synthetic_research
08/04/2023 6:04,0,PAY-BILL-72290,JPMC-CLIENT-72107,USA,349.84,BILL-COMPANY-72179,SOLOMON-ISLANDS,MAKE-PAYMENT,jpm_fraud_payment,payment_transaction,FALSE,banking,synthetic_research
10/04/2023 6:34,0,MOVE-FUNDS-69781,JPMC-COMPANY-69594,GERMANY,2000.62,JPMC-CLIENT-69589,USA,MOVE-FUNDS,jpm_fraud_payment,payment_transaction,FALSE,banking,synthetic_research
11/04/2023 9:14,0,CASH-CHECK-63063,,,327.4,JPMC-CLIENT-62850,USA,DEPOSIT-CHECK,jpm_fraud_payment,payment_transaction,FALSE,banking,synthetic_research
12/04/2023 8:54,0,PAYMENT-64504,JPMC-CLIENT-64290,USA,39.88,BILL-COMPANY-64505,USA,MAKE-PAYMENT,jpm_fraud_payment,payment_transaction,FALSE,banking,synthetic_research
01/05/2023 0:14,1,DEPOSIT-CASH-77028,,,871.55,JPMC-CLIENT-76994,USA,DEPOSIT-CASH,jpm_fraud_payment,payment_transaction,TRUE,banking,synthetic_research
01/05/2023 11:44,0,MOVE-FUNDS-73757,JPMC-CLIENT-73729,USA,842.69,JPMC-COMPANY-73732,NEW-ZEALAND,MOVE-FUNDS,jpm_fraud_payment,payment_transaction,FALSE,banking,synthetic_research
03/05/2023 14:14,0,PAY-BILL-75611,JPMC-CLIENT-75556,HAITI,302.79,COMPANY-75564,GERMANY,MAKE-PAYMENT,jpm_fraud_payment,payment_transaction,FALSE,banking,synthetic_research
07/05/2023 1:14,0,PAY-CHECK-77827,JPMC-CLIENT-77772,USA,327.26,CLIENT-77790,USA,PAY-CHECK,jpm_fraud_payment,payment_transaction,FALSE,banking,synthetic_research
07/05/2023 14:14,0,PAYMENT-82768,JPMC-CLIENT-82705,USA,400.23,JPMC-CLIENT-82707,CANADA,MAKE-PAYMENT,jpm_fraud_payment,payment_transaction,FALSE,banking,synthetic_research
09/05/2023 13:34,0,PAYMENT-78075,JPMC-CLIENT-78003,USA,47.83,BILL-COMPANY-78076,SWEDEN,MAKE-PAYMENT,jpm_fraud_payment,payment_transaction,FALSE,banking,synthetic_research
10/05/2023 15:04,0,QUICK-DEPOSIT-81926,,,491.24,JPMC-CLIENT-81848,USA,DEPOSIT-CASH,jpm_fraud_payment,payment_transaction,FALSE,banking,synthetic_research
11/05/2023 5:54,0,WITHDRAWAL-75661,JPMC-CLIENT-75556,USA,326.26,,,WITHDRAWAL,jpm_fraud_payment,payment_transaction,FALSE,banking,synthetic_research
15/05/2023 3:44,0,PAY-CHECK-75371,JPMC-CLIENT-75270,USA,585.83,CLIENT-75288,USA,PAY-CHECK,jpm_fraud_payment,payment_transaction,FALSE,banking,synthetic_research
23/05/2023 9:14,0,PAY-CHECK-80646,JPMC-CLIENT-80486,USA,749.25,CLIENT-80504,USA,PAY-CHECK,jpm_fraud_payment,payment_transaction,FALSE,banking,synthetic_research
26/05/2023 6:04,0,PAYMENT-74001,JPMC-CLIENT-73855,USA,59.52,BILL-COMPANY-74002,VIRGIN-ISLANDS-US,MAKE-PAYMENT,jpm_fraud_payment,payment_transaction,FALSE,banking,synthetic_research
03/06/2023 18:44,0,PAYMENT-73332,JPMC-CLIENT-73172,USA,400.18,CLIENT-73173,CANADA,MAKE-PAYMENT,jpm_fraud_payment,payment_transaction,FALSE,banking,synthetic_research
08/06/2023 11:04,0,PAY-CHECK-83504,JPMC-CLIENT-83291,USA,308.62,BILL-COMPANY-83333,USA,PAY-CHECK,jpm_fraud_payment,payment_transaction,FALSE,banking,synthetic_research
08/06/2023 21:54,0,QUICK-PAYMENT-74061,JPMC-CLIENT-73855,USA,404.56,CLIENT-73857,DOMINICA,QUICK-PAYMENT,jpm_fraud_payment,payment_transaction,FALSE,banking,synthetic_research
15/06/2023 1:24,0,MOVE-FUNDS-79374,JPMC-COMPANY-79133,GERMANY,2000.95,JPMC-CLIENT-79128,USA,MOVE-FUNDS,jpm_fraud_payment,payment_transaction,FALSE,banking,synthetic_research
02/07/2023 0:54,0,MOVE-FUNDS-93042,JPMC-CLIENT-93013,USA,721.88,COMPANY-93020,FRENCH-GUIANA,MOVE-FUNDS,jpm_fraud_payment,payment_transaction,FALSE,banking,synthetic_research
06/07/2023 3:14,0,WITHDRAWAL-86149,JPMC-CLIENT-86088,USA,342.34,,,WITHDRAWAL,jpm_fraud_payment,payment_transaction,FALSE,banking,synthetic_research
07/07/2023 14:44,0,MAKE-PAYMENT-88589,JPMC-CLIENT-88531,USA,536.86,CLIENT-88549,ANTARCTICA,MAKE-PAYMENT,jpm_fraud_payment,payment_transaction,FALSE,banking,synthetic_research
07/07/2023 17:04,0,MOVE-FUNDS-90781,JPMC-CLIENT-90701,COOK-ISLANDS,701.47,JPMC-COMPANY-90706,GUINEA-BISSAU,MOVE-FUNDS,jpm_fraud_payment,payment_transaction,FALSE,banking,synthetic_research
09/07/2023 14:54,0,PAYMENT-86889,JPMC-CLIENT-86818,USA,6.99,BILL-COMPANY-86890,USA,MAKE-PAYMENT,jpm_fraud_payment,payment_transaction,FALSE,banking,synthetic_research
10/07/2023 1:44,0,MOVE-FUNDS-92217,COMPANY-92166,USA,151.24,JPMC-CLIENT-92159,USA,MOVE-FUNDS,jpm_fraud_payment,payment_transaction,FALSE,banking,synthetic_research
13/07/2023 4:34,0,MOVE-FUNDS-85613,CLIENT-85529,CANADA,366.9,JPMC-CLIENT-85528,USA,MOVE-FUNDS,jpm_fraud_payment,payment_transaction,FALSE,banking,synthetic_research
15/07/2023 15:44,0,CASH-CHECK-94479,,,741.55,JPMC-CLIENT-94390,USA,DEPOSIT-CHECK,jpm_fraud_payment,payment_transaction,FALSE,banking,synthetic_research
16/07/2023 3:14,0,CASH-CHECK-92534,,,155.7,JPMC-CLIENT-92447,USA,DEPOSIT-CHECK,jpm_fraud_payment,payment_transaction,FALSE,banking,synthetic_research
17/07/2023 19:24,0,PAYMENT-85316,JPMC-CLIENT-85198,USA,94.25,BILL-COMPANY-85317,NORFOLK-ISLAND,MAKE-PAYMENT,jpm_fraud_payment,payment_transaction,FALSE,banking,synthetic_research
21/07/2023 5:24,0,PAYMENT-92274,JPMC-CLIENT-92159,USA,400.07,JPMC-CLIENT-92160,CANADA,MAKE-PAYMENT,jpm_fraud_payment,payment_transaction,FALSE,banking,synthetic_research
29/07/2023 8:44,0,MOVE-FUNDS-88854,JPMC-CLIENT-88689,USA,779.04,CLIENT-88691,UZBEKISTAN,MOVE-FUNDS,jpm_fraud_payment,payment_transaction,FALSE,banking,synthetic_research
30/07/2023 12:24,0,PAYMENT-88442,JPMC-CLIENT-88251,AUSTRALIA,400.73,CLIENT-88252,CANADA,MAKE-PAYMENT,jpm_fraud_payment,payment_transaction,FALSE,banking,synthetic_research
03/08/2023 9:54,0,MAKE-PAYMENT-95231,JPMC-CLIENT-95045,USA,731.03,CLIENT-95063,GUYANA,MAKE-PAYMENT,jpm_fraud_payment,payment_transaction,FALSE,banking,synthetic_research
04/08/2023 10:24,0,QUICK-DEPOSIT-87600,,,906.18,JPMC-CLIENT-87397,USA,DEPOSIT-CASH,jpm_fraud_payment,payment_transaction,FALSE,banking,synthetic_research
14/08/2023 16:34,0,PAYMENT-87384,JPMC-CLIENT-87103,GRENADA,12.04,BILL-COMPANY-87385,USA,MAKE-PAYMENT,jpm_fraud_payment,payment_transaction,FALSE,banking,synthetic_research
18/08/2023 12:24,0,PAYMENT-94355,JPMC-CLIENT-94109,SAMOA,57.97,BILL-COMPANY-94356,USA,MAKE-PAYMENT,jpm_fraud_payment,payment_transaction,FALSE,banking,synthetic_research
20/08/2023 13:04,0,WITHDRAWAL-93269,JPMC-CLIENT-93013,USA,822.48,,,WITHDRAWAL,jpm_fraud_payment,payment_transaction,FALSE,banking,synthetic_research
04/09/2023 14:24,0,PAYMENT-104424,JPMC-CLIENT-104383,USA,400.59,JPMC-CLIENT-104384,CANADA,MAKE-PAYMENT,jpm_fraud_payment,payment_transaction,FALSE,banking,synthetic_research
05/09/2023 15:04,0,WITHDRAWAL-100785,JPMC-CLIENT-100730,USA,253.97,,,EXCHANGE,jpm_fraud_payment,payment_transaction,FALSE,banking,synthetic_research
09/09/2023 3:34,0,PAYMENT-98246,JPMC-CLIENT-98186,USA,400.83,CLIENT-98187,CANADA,MAKE-PAYMENT,jpm_fraud_payment,payment_transaction,FALSE,banking,synthetic_research
16/09/2023 16:44,0,PAYMENT-101108,JPMC-CLIENT-101014,USA,97.92,BILL-COMPANY-101109,USA,MAKE-PAYMENT,jpm_fraud_payment,payment_transaction,FALSE,banking,synthetic_research
19/09/2023 6:04,0,DEPOSIT-CHECK-96026,,,100.64,JPMC-CLIENT-95914,USA,DEPOSIT-CHECK,jpm_fraud_payment,payment_transaction,FALSE,banking,synthetic_research
19/09/2023 20:34,0,MOVE-FUNDS-103662,CLIENT-103548,LATVIA,543.67,JPMC-CLIENT-103529,USA,MOVE-FUNDS,jpm_fraud_payment,payment_transaction,FALSE,banking,synthetic_research
21/09/2023 10:34,0,MAKE-PAYMENT-106369,JPMC-CLIENT-106217,USA,883.5,CLIENT-106219,CANADA,MAKE-PAYMENT,jpm_fraud_payment,payment_transaction,FALSE,banking,synthetic_research
24/09/2023 7:54,0,MOVE-FUNDS-98606,CLIENT-98486,PORTUGAL,844.77,JPMC-CLIENT-98468,USA,MOVE-FUNDS,jpm_fraud_payment,payment_transaction,FALSE,banking,synthetic_research
25/09/2023 23:44,0,MOVE-FUNDS-99226,JPMC-COMPANY-99062,GERMANY,2000.19,JPMC-CLIENT-99058,USA,MOVE-FUNDS,jpm_fraud_payment,payment_transaction,FALSE,banking,synthetic_research
03/10/2023 0:04,0,QUICK-PAYMENT-96609,JPMC-CLIENT-96404,USA,796.83,CLIENT-96405,CANADA,QUICK-PAYMENT,jpm_fraud_payment,payment_transaction,FALSE,banking,synthetic_research
06/10/2023 22:44,0,PAYMENT-97185,JPMC-CLIENT-96995,USA,400.8,CLIENT-96996,CANADA,MAKE-PAYMENT,jpm_fraud_payment,payment_transaction,FALSE,banking,synthetic_research
07/10/2023 16:04,0,MAKE-PAYMENT-96356,JPMC-CLIENT-96120,USA,546.73,CLIENT-96121,CANADA,MAKE-PAYMENT,jpm_fraud_payment,payment_transaction,FALSE,banking,synthetic_research
11/10/2023 14:04,0,PAY-BILL-106728,JPMC-CLIENT-106495,PAKISTAN,662.07,BILL-COMPANY-106558,USA,MAKE-PAYMENT,jpm_fraud_payment,payment_transaction,FALSE,banking,synthetic_research
11/10/2023 17:44,0,CASH-CHECK-100424,JPMC-CLIENT-100165,USA,100.21,,,WITHDRAWAL,jpm_fraud_payment,payment_transaction,FALSE,banking,synthetic_research
18/10/2023 4:44,0,PAYMENT-105979,JPMC-CLIENT-105695,USA,43.45,BILL-COMPANY-105980,HUNGARY,MAKE-PAYMENT,jpm_fraud_payment,payment_transaction,FALSE,banking,synthetic_research
01/11/2023 16:54,0,EXCHANGE-111281,JPMC-CLIENT-111221,USA,622.17,,,WITHDRAWAL,jpm_fraud_payment,payment_transaction,FALSE,banking,synthetic_research
03/11/2023 4:44,0,PAY-BILL-106828,JPMC-CLIENT-106777,USA,804.52,COMPANY-106790,USA,MAKE-PAYMENT,jpm_fraud_payment,payment_transaction,FALSE,banking,synthetic_research
05/11/2023 18:04,0,WITHDRAWAL-113413,JPMC-CLIENT-113335,USA,215.22,,,WITHDRAWAL,jpm_fraud_payment,payment_transaction,FALSE,banking,synthetic_research
13/11/2023 18:24,0,MOVE-FUNDS-115873,CLIENT-115768,USA,100.73,JPMC-CLIENT-115766,USA,MOVE-FUNDS,jpm_fraud_payment,payment_transaction,FALSE,banking,synthetic_research
15/11/2023 21:54,0,PAY-CHECK-113468,JPMC-CLIENT-113335,MALAYSIA,491.54,CLIENT-113337,CANADA,PAY-CHECK,jpm_fraud_payment,payment_transaction,FALSE,banking,synthetic_research
16/11/2023 22:14,0,PAYMENT-115081,JPMC-CLIENT-114936,USA,35.28,BILL-COMPANY-115082,SAO-TOME-PRINCIPE,MAKE-PAYMENT,jpm_fraud_payment,payment_transaction,FALSE,banking,synthetic_research
18/11/2023 8:04,0,MOVE-FUNDS-108572,JPMC-CLIENT-108444,USA,310.61,JPMC-CLIENT-108446,CANADA,MOVE-FUNDS,jpm_fraud_payment,payment_transaction,FALSE,banking,synthetic_research
18/11/2023 11:44,0,PAYMENT-116156,JPMC-CLIENT-116000,USA,71.56,BILL-COMPANY-116157,USA,MAKE-PAYMENT,jpm_fraud_payment,payment_transaction,FALSE,banking,synthetic_research
18/11/2023 21:54,0,PAYMENT-107528,JPMC-CLIENT-107391,PITCAIRN,400.42,JPMC-CLIENT-107392,CANADA,MAKE-PAYMENT,jpm_fraud_payment,payment_transaction,FALSE,banking,synthetic_research
26/11/2023 1:24,0,MAKE-PAYMENT-111412,JPMC-CLIENT-111221,USA,100.32,COMPANY-111225,USA,MAKE-PAYMENT,jpm_fraud_payment,payment_transaction,FALSE,banking,synthetic_research
27/11/2023 10:24,0,MOVE-FUNDS-116796,COMPANY-116633,GERMANY,2000.22,JPMC-CLIENT-116627,USA,MOVE-FUNDS,jpm_fraud_payment,payment_transaction,FALSE,banking,synthetic_research
29/11/2023 12:14,0,MOVE-FUNDS-107781,JPMC-CLIENT-107593,ALBANIA,225.2,CLIENT-107613,QATAR,MOVE-FUNDS,jpm_fraud_payment,payment_transaction,FALSE,banking,synthetic_research
01/12/2023 11:44,0,QUICK-PAYMENT-116819,JPMC-CLIENT-116627,USA,416.49,CLIENT-116789,ISRAEL,QUICK-PAYMENT,jpm_fraud_payment,payment_transaction,FALSE,banking,synthetic_research
04/12/2023 0:24,0,MOVE-FUNDS-107299,COMPANY-107110,GERMANY,2000.43,JPMC-CLIENT-107105,USA,MOVE-FUNDS,jpm_fraud_payment,payment_transaction,FALSE,banking,synthetic_research
05/12/2023 15:24,0,EXCHANGE-113564,JPMC-CLIENT-113335,USA,821.11,,,EXCHANGE,jpm_fraud_payment,payment_transaction,FALSE,banking,synthetic_research
07/12/2023 12:14,0,QUICK-DEPOSIT-110873,,,599.14,JPMC-CLIENT-110663,USA,DEPOSIT-CASH,jpm_fraud_payment,payment_transaction,FALSE,banking,synthetic_research
07/12/2023 13:24,0,EXCHANGE-109948,JPMC-CLIENT-109731,USA,188.38,,,EXCHANGE,jpm_fraud_payment,payment_transaction,FALSE,banking,synthetic_research
08/12/2023 4:34,0,PAYMENT-111464,JPMC-CLIENT-111221,BOUVET-ISLAND,400.59,CLIENT-111222,CANADA,MAKE-PAYMENT,jpm_fraud_payment,payment_transaction,FALSE,banking,synthetic_research
21/12/2023 16:04,0,MAKE-PAYMENT-124760,JPMC-CLIENT-124743,USA,100.83,CLIENT-124761,TURKEY,MAKE-PAYMENT,jpm_fraud_payment,payment_transaction,FALSE,banking,synthetic_research
22/12/2023 16:14,0,CASH-CHECK-120810,,,535.92,JPMC-CLIENT-120788,USA,DEPOSIT-CHECK,jpm_fraud_payment,payment_transaction,FALSE,banking,synthetic_research
23/12/2023 5:24,0,CASH-CHECK-122621,,,471.76,JPMC-CLIENT-122588,USA,DEPOSIT-CHECK,jpm_fraud_payment,payment_transaction,FALSE,banking,synthetic_research
28/12/2023 5:54,0,MAKE-PAYMENT-124793,BILL-COMPANY-124783,REUNION,570.86,JPMC-CLIENT-124743,USA,MAKE-PAYMENT,jpm_fraud_payment,payment_transaction,FALSE,banking,synthetic_research
08/01/2024 11:04,0,PAY-CHECK-126938,JPMC-COMPANY-126814,GERMANY,981.24,JPMC-CLIENT-126810,USA,PAY-CHECK,jpm_fraud_payment,payment_transaction,FALSE,banking,synthetic_research
10/01/2024 9:54,0,QUICK-PAYMENT-120898,BILL-COMPANY-120857,JAPAN,562.6,JPMC-CLIENT-120788,USA,QUICK-PAYMENT,jpm_fraud_payment,payment_transaction,FALSE,banking,synthetic_research
10/01/2024 11:34,0,CASH-CHECK-120303,,,505.08,JPMC-CLIENT-120175,CHINA,DEPOSIT-CHECK,jpm_fraud_payment,payment_transaction,FALSE,banking,synthetic_research
21/01/2024 12:44,0,QUICK-DEPOSIT-121958,,,796.1,JPMC-CLIENT-121791,USA,DEPOSIT-CASH,jpm_fraud_payment,payment_transaction,FALSE,banking,synthetic_research
21/01/2024 23:44,0,PAY-CHECK-124669,JPMC-CLIENT-124508,USA,179.97,BILL-COMPANY-124556,USA,PAY-CHECK,jpm_fraud_payment,payment_transaction,FALSE,banking,synthetic_research
26/01/2024 6:44,0,QUICK-PAYMENT-123887,CLIENT-123678,BANGLADESH,685.95,JPMC-CLIENT-123660,USA,QUICK-PAYMENT,jpm_fraud_payment,payment_transaction,FALSE,banking,synthetic_research
28/01/2024 16:04,0,QUICK-PAYMENT-126709,JPMC-CLIENT-126497,USA,364.6,CLIENT-126499,COMOROS,QUICK-PAYMENT,jpm_fraud_payment,payment_transaction,FALSE,banking,synthetic_research
02/02/2024 20:04,0,DEPOSIT-CHECK-122846,,,343.53,JPMC-CLIENT-122588,USA,DEPOSIT-CHECK,jpm_fraud_payment,payment_transaction,FALSE,banking,synthetic_research
19/02/2024 7:44,0,DEPOSIT-CASH-139253,,,320.14,JPMC-CLIENT-139221,USA,DEPOSIT-CASH,jpm_fraud_payment,payment_transaction,FALSE,banking,synthetic_research
19/02/2024 19:04,0,WITHDRAWAL-135582,JPMC-CLIENT-135551,USA,921.32,,,EXCHANGE,jpm_fraud_payment,payment_transaction,FALSE,banking,synthetic_research
20/02/2024 19:24,0,PAY-BILL-132602,JPMC-CLIENT-132563,USA,911.65,COMPANY-132568,ECUADOR,MAKE-PAYMENT,jpm_fraud_payment,payment_transaction,FALSE,banking,synthetic_research
21/02/2024 20:44,0,QUICK-PAYMENT-129771,JPMC-CLIENT-129721,USA,234.47,BILL-COMPANY-129763,FINLAND,QUICK-PAYMENT,jpm_fraud_payment,payment_transaction,FALSE,banking,synthetic_research
23/02/2024 21:04,0,QUICK-PAYMENT-129183,JPMC-CLIENT-129127,USA,490.84,COMPANY-129130,USA,QUICK-PAYMENT,jpm_fraud_payment,payment_transaction,FALSE,banking,synthetic_research
28/02/2024 9:34,0,CASH-CHECK-138472,,,567.56,JPMC-CLIENT-138396,USA,DEPOSIT-CHECK,jpm_fraud_payment,payment_transaction,FALSE,banking,synthetic_research
01/03/2024 23:04,0,QUICK-PAYMENT-129215,JPMC-CLIENT-129127,USA,992.96,JPMC-CLIENT-129129,USA,QUICK-PAYMENT,jpm_fraud_payment,payment_transaction,FALSE,banking,synthetic_research
08/03/2024 2:24,0,PAY-BILL-134700,JPMC-CLIENT-134566,USA,828.52,JPMC-COMPANY-134573,USA,MAKE-PAYMENT,jpm_fraud_payment,payment_transaction,FALSE,banking,synthetic_research
08/03/2024 2:44,0,DEPOSIT-CASH-139075,,,879.96,JPMC-CLIENT-138937,USA,DEPOSIT-CASH,jpm_fraud_payment,payment_transaction,FALSE,banking,synthetic_research
09/03/2024 12:54,0,PAY-BILL-129253,JPMC-CLIENT-129127,SINT-MAARTEN,758.52,COMPANY-129134,SINGAPORE,MAKE-PAYMENT,jpm_fraud_payment,payment_transaction,FALSE,banking,synthetic_research
13/03/2024 4:54,0,PAYMENT-133055,JPMC-CLIENT-132884,USA,58.11,BILL-COMPANY-133056,SOMALIA,MAKE-PAYMENT,jpm_fraud_payment,payment_transaction,FALSE,banking,synthetic_research
28/03/2024 9:54,0,PAYMENT-134226,JPMC-CLIENT-133971,USA,3.31,BILL-COMPANY-134227,GUATEMALA,MAKE-PAYMENT,jpm_fraud_payment,payment_transaction,FALSE,banking,synthetic_research
28/03/2024 19:24,0,PAY-BILL-133401,JPMC-CLIENT-133172,USA,223.05,BILL-COMPANY-133393,USA,MAKE-PAYMENT,jpm_fraud_payment,payment_transaction,FALSE,banking,synthetic_research
28/03/2024 22:14,0,PAYMENT-134815,JPMC-CLIENT-134566,USA,400.33,JPMC-CLIENT-134567,CANADA,MAKE-PAYMENT,jpm_fraud_payment,payment_transaction,FALSE,banking,synthetic_research
29/03/2024 1:04,0,MOVE-FUNDS-133165,JPMC-CLIENT-132884,USA,547.19,CLIENT-132886,USA,MOVE-FUNDS,jpm_fraud_payment,payment_transaction,FALSE,banking,synthetic_research
31/03/2024 8:04,0,PAYMENT-138901,JPMC-CLIENT-138677,FRENCH-GUIANA,28.57,BILL-COMPANY-138902,SAUDI-ARABIA,MAKE-PAYMENT,jpm_fraud_payment,payment_transaction,FALSE,banking,synthetic_research
04/04/2024 10:44,0,PAY-BILL-137195,JPMC-CLIENT-136931,USA,143.35,BILL-COMPANY-137080,NORFOLK-ISLAND,MAKE-PAYMENT,jpm_fraud_payment,payment_transaction,FALSE,banking,synthetic_research
05/04/2024 8:44,0,PAY-CHECK-131994,CLIENT-131739,USA,746.98,JPMC-CLIENT-131737,DOMINICAN-REPUBLIC,PAY-CHECK,jpm_fraud_payment,payment_transaction,FALSE,banking,synthetic_research
08/04/2024 19:34,0,PAYMENT-128508,JPMC-CLIENT-128264,USA,13.98,BILL-COMPANY-128509,ISLE-OF-MAN,MAKE-PAYMENT,jpm_fraud_payment,payment_transaction,FALSE,banking,synthetic_research
17/04/2024 20:04,0,QUICK-DEPOSIT-145808,,,100.88,JPMC-CLIENT-145786,USA,DEPOSIT-CASH,jpm_fraud_payment,payment_transaction,FALSE,banking,synthetic_research
18/04/2024 8:44,0,QUICK-DEPOSIT-144232,,,654.51,JPMC-CLIENT-144207,USA,DEPOSIT-CASH,jpm_fraud_payment,payment_transaction,FALSE,banking,synthetic_research
20/04/2024 8:34,0,MAKE-PAYMENT-140324,JPMC-CLIENT-140297,USA,943.13,CLIENT-140300,CANADA,MAKE-PAYMENT,jpm_fraud_payment,payment_transaction,FALSE,banking,synthetic_research
20/04/2024 21:14,0,PAY-CHECK-143110,JPMC-CLIENT-143077,USA,717.96,CLIENT-143096,USA,PAY-CHECK,jpm_fraud_payment,payment_transaction,FALSE,banking,synthetic_research
24/04/2024 21:44,0,WITHDRAWAL-142289,JPMC-CLIENT-142240,USA,100.1,,,EXCHANGE,jpm_fraud_payment,payment_transaction,FALSE,banking,synthetic_research
26/04/2024 23:24,1,PAY-CHECK-140641,JPMC-CLIENT-140579,USA,729.7,JPMC-CLIENT-140581,CANADA,PAY-CHECK,jpm_fraud_payment,payment_transaction,TRUE,banking,synthetic_research
27/04/2024 10:04,0,MAKE-PAYMENT-146111,JPMC-CLIENT-146052,USA,378.76,CLIENT-146070,VATICAN-CITY,MAKE-PAYMENT,jpm_fraud_payment,payment_transaction,FALSE,banking,synthetic_research
27/04/2024 12:14,0,QUICK-PAYMENT-146871,JPMC-CLIENT-146795,USA,250.06,CLIENT-146814,USA,QUICK-PAYMENT,jpm_fraud_payment,payment_transaction,FALSE,banking,synthetic_research
27/04/2024 22:54,0,QUICK-PAYMENT-148904,JPMC-CLIENT-148832,USA,404.76,CLIENT-148851,USA,QUICK-PAYMENT,jpm_fraud_payment,payment_transaction,FALSE,banking,synthetic_research
01/05/2024 10:54,0,PAY-CHECK-149762,JPMC-CLIENT-149685,ANTARCTICA,550.35,BILL-COMPANY-149754,VIRGIN-ISLANDS-BRITISH,PAY-CHECK,jpm_fraud_payment,payment_transaction,FALSE,banking,synthetic_research
10/05/2024 18:44,0,DEPOSIT-CASH-147237,,,132.12,JPMC-CLIENT-147075,USA,DEPOSIT-CASH,jpm_fraud_payment,payment_transaction,FALSE,banking,synthetic_research
17/05/2024 19:04,0,MOVE-FUNDS-144107,JPMC-CLIENT-143924,VANUATU,914.82,CLIENT-143926,SAUDI-ARABIA,MOVE-FUNDS,jpm_fraud_payment,payment_transaction,FALSE,banking,synthetic_research
18/05/2024 3:04,0,PAYMENT-145934,JPMC-CLIENT-145786,USA,98.55,BILL-COMPANY-145935,USA,MAKE-PAYMENT,jpm_fraud_payment,payment_transaction,FALSE,banking,synthetic_research
22/05/2024 6:44,0,PAY-BILL-146387,JPMC-CLIENT-146201,USA,945.28,COMPANY-146207,YEMEN,MAKE-PAYMENT,jpm_fraud_payment,payment_transaction,FALSE,banking,synthetic_research
26/05/2024 10:34,0,PAY-BILL-143588,JPMC-CLIENT-143358,USA,634.1,BILL-COMPANY-143453,USA,MAKE-PAYMENT,jpm_fraud_payment,payment_transaction,FALSE,banking,synthetic_research
28/05/2024 10:24,0,MAKE-PAYMENT-146743,JPMC-CLIENT-146511,USA,628.05,JPMC-CLIENT-146513,USA,MAKE-PAYMENT,jpm_fraud_payment,payment_transaction,FALSE,banking,synthetic_research
28/05/2024 21:44,0,QUICK-PAYMENT-149634,JPMC-CLIENT-149398,USA,697.3,CLIENT-149399,EL-SALVADOR,QUICK-PAYMENT,jpm_fraud_payment,payment_transaction,FALSE,banking,synthetic_research
10/06/2024 11:04,0,PAY-CHECK-149108,CLIENT-148851,USA,623.02,JPMC-CLIENT-148832,USA,PAY-CHECK,jpm_fraud_payment,payment_transaction,FALSE,banking,synthetic_research
14/06/2024 22:24,0,MOVE-FUNDS-153751,COMPANY-153731,CANADA,100.9,JPMC-CLIENT-153728,USA,MOVE-FUNDS,jpm_fraud_payment,payment_transaction,FALSE,banking,synthetic_research
17/06/2024 23:34,1,MAKE-PAYMENT-158367,JPMC-CLIENT-158333,CANADA,882.48,JPMC-CLIENT-158330,USA,MAKE-PAYMENT,jpm_fraud_payment,payment_transaction,TRUE,banking,synthetic_research
18/06/2024 23:24,0,QUICK-PAYMENT-160053,JPMC-COMPANY-160019,USA,137.72,JPMC-CLIENT-160016,USA,QUICK-PAYMENT,jpm_fraud_payment,payment_transaction,FALSE,banking,synthetic_research
24/06/2024 0:24,0,PAY-BILL-160075,JPMC-CLIENT-160016,USA,429.23,BILL-COMPANY-160060,TAIWAN,MAKE-PAYMENT,jpm_fraud_payment,payment_transaction,FALSE,banking,synthetic_research
26/06/2024 1:24,0,WITHDRAWAL-153298,JPMC-CLIENT-153223,USA,792.19,,,EXCHANGE,jpm_fraud_payment,payment_transaction,FALSE,banking,synthetic_research
26/06/2024 2:44,0,QUICK-PAYMENT-156457,JPMC-CLIENT-156373,USA,698.92,JPMC-CLIENT-156375,USA,QUICK-PAYMENT,jpm_fraud_payment,payment_transaction,FALSE,banking,synthetic_research
28/06/2024 3:04,0,DEPOSIT-CHECK-151255,,,370.26,JPMC-CLIENT-151164,USA,DEPOSIT-CHECK,jpm_fraud_payment,payment_transaction,FALSE,banking,synthetic_research
30/06/2024 3:24,0,EXCHANGE-151267,JPMC-CLIENT-151164,USA,505.65,,,WITHDRAWAL,jpm_fraud_payment,payment_transaction,FALSE,banking,synthetic_research
03/07/2024 16:34,0,QUICK-PAYMENT-156770,JPMC-CLIENT-156654,CONGO-DEM-REP,100.75,CLIENT-156672,USA,QUICK-PAYMENT,jpm_fraud_payment,payment_transaction,FALSE,banking,synthetic_research
07/07/2024 18:44,0,PAYMENT-157373,JPMC-CLIENT-157222,USA,69.05,BILL-COMPANY-157374,CHILE,MAKE-PAYMENT,jpm_fraud_payment,payment_transaction,FALSE,banking,synthetic_research
09/07/2024 16:54,0,QUICK-PAYMENT-154200,JPMC-CLIENT-154063,USA,277.72,BILL-COMPANY-154111,MOZAMBIQUE,QUICK-PAYMENT,jpm_fraud_payment,payment_transaction,FALSE,banking,synthetic_research
10/07/2024 8:34,0,MOVE-FUNDS-153605,COMPANY-153445,GERMANY,2000.11,JPMC-CLIENT-153441,USA,MOVE-FUNDS,jpm_fraud_payment,payment_transaction,FALSE,banking,synthetic_research
15/07/2024 19:54,0,MOVE-FUNDS-158226,JPMC-CLIENT-158055,USA,704.03,CLIENT-158057,CANADA,MOVE-FUNDS,jpm_fraud_payment,payment_transaction,FALSE,banking,synthetic_research
17/07/2024 20:54,1,PAY-BILL-152246,JPMC-CLIENT-152057,USA,473.79,BILL-COMPANY-152127,USA,MAKE-PAYMENT,jpm_fraud_payment,payment_transaction,TRUE,banking,synthetic_research
21/07/2024 10:14,0,MOVE-FUNDS-153152,BILL-COMPANY-153109,USA,610.15,JPMC-CLIENT-152941,MICRONESIA,MOVE-FUNDS,jpm_fraud_payment,payment_transaction,FALSE,banking,synthetic_research
21/07/2024 21:54,0,PAY-BILL-156582,JPMC-CLIENT-156373,USA,667.07,BILL-COMPANY-156417,SAINT-LUCIA,MAKE-PAYMENT,jpm_fraud_payment,payment_transaction,FALSE,banking,synthetic_research
24/07/2024 13:44,0,PAYMENT-155761,JPMC-CLIENT-155529,USA,99.03,BILL-COMPANY-155762,USA,MAKE-PAYMENT,jpm_fraud_payment,payment_transaction,FALSE,banking,synthetic_research
26/07/2024 22:54,0,PAYMENT-156880,JPMC-CLIENT-156654,CONGO-DEM-REP,59.34,BILL-COMPANY-156881,BELIZE,MAKE-PAYMENT,jpm_fraud_payment,payment_transaction,FALSE,banking,synthetic_research
27/07/2024 11:54,0,PAY-BILL-157692,JPMC-CLIENT-157452,USA,300.87,COMPANY-157459,USA,MAKE-PAYMENT,jpm_fraud_payment,payment_transaction,FALSE,banking,synthetic_research
30/07/2024 12:14,0,PAYMENT-158869,JPMC-CLIENT-158622,USA,400.34,CLIENT-158623,CANADA,MAKE-PAYMENT,jpm_fraud_payment,payment_transaction,FALSE,banking,synthetic_research
31/07/2024 22:24,0,QUICK-DEPOSIT-157179,,,426.14,JPMC-CLIENT-156936,USA,DEPOSIT-CASH,jpm_fraud_payment,payment_transaction,FALSE,banking,synthetic_research
01/08/2024 1:04,0,QUICK-PAYMENT-158882,JPMC-CLIENT-158622,MICRONESIA,791.2,CLIENT-158640,USA,QUICK-PAYMENT,jpm_fraud_payment,payment_transaction,FALSE,banking,synthetic_research
01/08/2024 12:44,0,PAY-BILL-160834,JPMC-CLIENT-160574,EGYPT,533.33,BILL-COMPANY-160621,SAO-TOME-PRINCIPE,MAKE-PAYMENT,jpm_fraud_payment,payment_transaction,FALSE,banking,synthetic_research
01/08/2024 13:04,0,DEPOSIT-CHECK-157718,,,928.56,JPMC-CLIENT-157452,USA,DEPOSIT-CHECK,jpm_fraud_payment,payment_transaction,FALSE,banking,synthetic_research
05/08/2024 12:04,0,QUICK-DEPOSIT-152605,,,471.65,JPMC-CLIENT-152340,USA,DEPOSIT-CASH,jpm_fraud_payment,payment_transaction,FALSE,banking,synthetic_research
09/08/2024 12:34,0,MAKE-PAYMENT-164337,JPMC-CLIENT-164320,USA,111.74,COMPANY-164323,USA,MAKE-PAYMENT,jpm_fraud_payment,payment_transaction,FALSE,banking,synthetic_research
09/08/2024 12:54,0,PAY-BILL-163473,JPMC-CLIENT-163451,USA,230.03,JPMC-COMPANY-163453,BERMUDA,MAKE-PAYMENT,jpm_fraud_payment,payment_transaction,FALSE,banking,synthetic_research
12/08/2024 2:44,1,PAY-BILL-164914,JPMC-CLIENT-164876,USA,700.57,COMPANY-164879,USA,MAKE-PAYMENT,jpm_fraud_payment,payment_transaction,TRUE,banking,synthetic_research
13/08/2024 1:54,0,MOVE-FUNDS-165195,JPMC-CLIENT-165161,USA,100.22,CLIENT-165179,RWANDA,MOVE-FUNDS,jpm_fraud_payment,payment_transaction,FALSE,banking,synthetic_research
15/08/2024 13:34,0,PAYMENT-161774,JPMC-CLIENT-161735,USA,69.48,BILL-COMPANY-161775,BERMUDA,MAKE-PAYMENT,jpm_fraud_payment,payment_transaction,FALSE,banking,synthetic_research
18/08/2024 15:34,0,MAKE-PAYMENT-170654,JPMC-CLIENT-170595,USA,442.9,CLIENT-170598,CANADA,MAKE-PAYMENT,jpm_fraud_payment,payment_transaction,FALSE,banking,synthetic_research
20/08/2024 15:54,0,MOVE-FUNDS-162972,JPMC-COMPANY-162913,GERMANY,2000.98,JPMC-CLIENT-162908,USA,MOVE-FUNDS,jpm_fraud_payment,payment_transaction,FALSE,banking,synthetic_research
22/08/2024 16:24,0,DEPOSIT-CASH-164401,,,748.84,JPMC-CLIENT-164320,USA,DEPOSIT-CASH,jpm_fraud_payment,payment_transaction,FALSE,banking,synthetic_research
22/08/2024 19:14,0,DEPOSIT-CHECK-162424,,,449.59,JPMC-CLIENT-162319,LEBANON,DEPOSIT-CHECK,jpm_fraud_payment,payment_transaction,FALSE,banking,synthetic_research
23/08/2024 5:34,0,MOVE-FUNDS-162099,COMPANY-162017,GERMANY,2000.8,JPMC-CLIENT-162013,USA,MOVE-FUNDS,jpm_fraud_payment,payment_transaction,FALSE,banking,synthetic_research
24/08/2024 17:34,0,PAYMENT-168210,JPMC-CLIENT-168122,USA,18.31,BILL-COMPANY-168211,USA,MAKE-PAYMENT,jpm_fraud_payment,payment_transaction,FALSE,banking,synthetic_research
26/08/2024 7:04,0,QUICK-PAYMENT-166726,JPMC-CLIENT-166613,USA,632.05,CLIENT-166615,BHUTAN,QUICK-PAYMENT,jpm_fraud_payment,payment_transaction,FALSE,banking,synthetic_research
01/09/2024 0:04,0,QUICK-DEPOSIT-167191,,,929.18,JPMC-CLIENT-167029,USA,DEPOSIT-CASH,jpm_fraud_payment,payment_transaction,FALSE,banking,synthetic_research
01/09/2024 5:34,0,WITHDRAWAL-165937,JPMC-CLIENT-165812,SOUTH-SUDAN,100.99,,,EXCHANGE,jpm_fraud_payment,payment_transaction,FALSE,banking,synthetic_research
05/09/2024 10:24,0,QUICK-PAYMENT-168284,CLIENT-168124,VANUATU,924.69,JPMC-CLIENT-168122,USA,QUICK-PAYMENT,jpm_fraud_payment,payment_transaction,FALSE,banking,synthetic_research
05/09/2024 23:54,0,MOVE-FUNDS-165692,COMPANY-165529,GERMANY,2000.28,JPMC-CLIENT-165525,USA,MOVE-FUNDS,jpm_fraud_payment,payment_transaction,FALSE,banking,synthetic_research
11/09/2024 22:14,0,PAYMENT-165045,JPMC-CLIENT-164876,USA,400.29,CLIENT-164877,CANADA,MAKE-PAYMENT,jpm_fraud_payment,payment_transaction,FALSE,banking,synthetic_research
12/09/2024 10:04,0,QUICK-PAYMENT-168875,JPMC-CLIENT-168692,HONDURAS,243.58,BILL-COMPANY-168739,USA,QUICK-PAYMENT,jpm_fraud_payment,payment_transaction,FALSE,banking,synthetic_research
17/09/2024 5:54,0,PAYMENT-170001,JPMC-CLIENT-169739,USA,64,BILL-COMPANY-170002,USA,MAKE-PAYMENT,jpm_fraud_payment,payment_transaction,FALSE,banking,synthetic_research
22/09/2024 16:04,0,PAY-BILL-161156,JPMC-CLIENT-160901,USA,294.6,BILL-COMPANY-161151,USA,MAKE-PAYMENT,jpm_fraud_payment,payment_transaction,FALSE,banking,synthetic_research
23/09/2024 9:54,0,PAY-CHECK-161381,JPMC-CLIENT-161175,USA,158.51,CLIENT-161179,SLOVENIA,PAY-CHECK,jpm_fraud_payment,payment_transaction,FALSE,banking,synthetic_research
16/10/2024 5:04,0,QUICK-PAYMENT-176140,JPMC-CLIENT-176081,USA,100.69,JPMC-CLIENT-176083,CANADA,QUICK-PAYMENT,jpm_fraud_payment,payment_transaction,FALSE,banking,synthetic_research
18/10/2024 3:54,0,PAY-BILL-177827,JPMC-CLIENT-177768,USA,810.64,JPMC-COMPANY-177775,GERMANY,MAKE-PAYMENT,jpm_fraud_payment,payment_transaction,FALSE,banking,synthetic_research
18/10/2024 4:54,0,PAYMENT-179567,JPMC-CLIENT-179498,USA,94.43,BILL-COMPANY-179568,USA,MAKE-PAYMENT,jpm_fraud_payment,payment_transaction,FALSE,banking,synthetic_research
18/10/2024 16:14,0,WITHDRAWAL-173409,JPMC-CLIENT-173348,USA,664.75,,,WITHDRAWAL,jpm_fraud_payment,payment_transaction,FALSE,banking,synthetic_research
18/10/2024 17:14,0,MOVE-FUNDS-177272,JPMC-COMPANY-177213,GERMANY,2000.95,JPMC-CLIENT-177209,USA,MOVE-FUNDS,jpm_fraud_payment,payment_transaction,FALSE,banking,synthetic_research
19/10/2024 18:34,0,MOVE-FUNDS-177009,JPMC-CLIENT-176928,SWEDEN,679.49,COMPANY-176935,USA,MOVE-FUNDS,jpm_fraud_payment,payment_transaction,FALSE,banking,synthetic_research
25/10/2024 17:54,0,PAYMENT-177863,JPMC-CLIENT-177768,USA,75.46,BILL-COMPANY-177864,USA,MAKE-PAYMENT,jpm_fraud_payment,payment_transaction,FALSE,banking,synthetic_research
25/10/2024 18:44,0,MOVE-FUNDS-182306,JPMC-CLIENT-182203,USA,130.67,CLIENT-182221,DOMINICA,MOVE-FUNDS,jpm_fraud_payment,payment_transaction,FALSE,banking,synthetic_research
26/10/2024 5:54,0,PAYMENT-179015,JPMC-CLIENT-178927,USA,400.34,CLIENT-178928,CANADA,MAKE-PAYMENT,jpm_fraud_payment,payment_transaction,FALSE,banking,synthetic_research
26/10/2024 8:54,0,PAYMENT-174879,JPMC-CLIENT-174760,USA,400.65,CLIENT-174761,CANADA,MAKE-PAYMENT,jpm_fraud_payment,payment_transaction,FALSE,banking,synthetic_research
28/10/2024 17:54,0,PAY-BILL-175027,JPMC-CLIENT-174917,USA,731.59,COMPANY-174922,USA,MAKE-PAYMENT,jpm_fraud_payment,payment_transaction,FALSE,banking,synthetic_research
28/10/2024 20:14,0,PAYMENT-178484,JPMC-CLIENT-178355,USA,88.23,BILL-COMPANY-178485,USA,MAKE-PAYMENT,jpm_fraud_payment,payment_transaction,FALSE,banking,synthetic_research
03/11/2024 8:14,0,EXCHANGE-171262,JPMC-CLIENT-171105,USA,204.67,,,WITHDRAWAL,jpm_fraud_payment,payment_transaction,FALSE,banking,synthetic_research
04/11/2024 7:14,0,DEPOSIT-CASH-181589,,,350.07,JPMC-CLIENT-181452,USA,DEPOSIT-CASH,jpm_fraud_payment,payment_transaction,FALSE,banking,synthetic_research
05/11/2024 8:34,0,QUICK-PAYMENT-175071,CLIENT-174935,GREECE,280.47,JPMC-CLIENT-174917,USA,QUICK-PAYMENT,jpm_fraud_payment,payment_transaction,FALSE,banking,synthetic_research
06/11/2024 20:14,0,MAKE-PAYMENT-174072,JPMC-CLIENT-173919,USA,312.81,JPMC-CLIENT-173917,USA,MAKE-PAYMENT,jpm_fraud_payment,payment_transaction,FALSE,banking,synthetic_research
09/11/2024 9:24,0,PAYMENT-171283,JPMC-CLIENT-171105,FRENCH-GUIANA,65.11,BILL-COMPANY-171284,USA,MAKE-PAYMENT,jpm_fraud_payment,payment_transaction,FALSE,banking,synthetic_research
11/11/2024 23:14,0,CASH-CHECK-171578,JPMC-CLIENT-171390,FALKLAND-ISLANDS,375.46,,,EXCHANGE,jpm_fraud_payment,payment_transaction,FALSE,banking,synthetic_research
13/11/2024 9:14,0,PAY-BILL-174096,JPMC-CLIENT-173917,USA,784.67,BILL-COMPANY-173990,USA,MAKE-PAYMENT,jpm_fraud_payment,payment_transaction,FALSE,banking,synthetic_research
15/11/2024 10:54,0,CASH-CHECK-175689,JPMC-CLIENT-175490,USA,757.11,,,WITHDRAWAL,jpm_fraud_payment,payment_transaction,FALSE,banking,synthetic_research
18/11/2024 1:04,0,CASH-CHECK-178274,,,201.27,JPMC-CLIENT-178045,USA,DEPOSIT-CHECK,jpm_fraud_payment,payment_transaction,FALSE,banking,synthetic_research
24/11/2024 16:14,0,MAKE-PAYMENT-171931,JPMC-CLIENT-171671,USA,342.09,CLIENT-171673,USA,MAKE-PAYMENT,jpm_fraud_payment,payment_transaction,FALSE,banking,synthetic_research
28/11/2024 2:04,0,QUICK-PAYMENT-173323,JPMC-CLIENT-173068,USA,818.97,CLIENT-173087,SAINT-KITTS-NEVIS,QUICK-PAYMENT,jpm_fraud_payment,payment_transaction,FALSE,banking,synthetic_research
10/12/2024 4:14,0,PAYMENT-183698,JPMC-CLIENT-183659,USA,54.56,BILL-COMPANY-183699,USA,MAKE-PAYMENT,jpm_fraud_payment,payment_transaction,FALSE,banking,synthetic_research
10/12/2024 14:44,0,CASH-CHECK-189791,,,397.49,JPMC-CLIENT-189760,USA,DEPOSIT-CHECK,jpm_fraud_payment,payment_transaction,FALSE,banking,synthetic_research
16/12/2024 3:54,0,WITHDRAWAL-189590,JPMC-CLIENT-189536,USA,483.95,,,WITHDRAWAL,jpm_fraud_payment,payment_transaction,FALSE,banking,synthetic_research
16/12/2024 5:04,0,DEPOSIT-CHECK-186659,,,923.46,JPMC-CLIENT-186598,USA,DEPOSIT-CHECK,jpm_fraud_payment,payment_transaction,FALSE,banking,synthetic_research
17/12/2024 4:54,0,PAY-BILL-185240,JPMC-CLIENT-185175,ARGENTINA,946.57,COMPANY-185180,USA,MAKE-PAYMENT,jpm_fraud_payment,payment_transaction,FALSE,banking,synthetic_research
22/12/2024 17:54,0,DEPOSIT-CASH-192437,,,537.17,JPMC-CLIENT-192352,USA,DEPOSIT-CASH,jpm_fraud_payment,payment_transaction,FALSE,banking,synthetic_research
25/12/2024 19:34,0,QUICK-PAYMENT-192459,CLIENT-192354,UKRAINE,194.26,JPMC-CLIENT-192352,USA,QUICK-PAYMENT,jpm_fraud_payment,payment_transaction,FALSE,banking,synthetic_research
26/12/2024 6:54,0,CASH-CHECK-189032,,,602.11,JPMC-CLIENT-188926,VIRGIN-ISLANDS-US,DEPOSIT-CHECK,jpm_fraud_payment,payment_transaction,FALSE,banking,synthetic_research
26/12/2024 18:04,0,WITHDRAWAL-189311,JPMC-CLIENT-189207,USA,224.74,,,WITHDRAWAL,jpm_fraud_payment,payment_transaction,FALSE,banking,synthetic_research
28/12/2024 21:54,0,CASH-CHECK-187599,,,899.6,JPMC-CLIENT-187460,USA,DEPOSIT-CHECK,jpm_fraud_payment,payment_transaction,FALSE,banking,synthetic_research
09/01/2025 0:04,0,CASH-CHECK-184526,,,316.99,JPMC-CLIENT-184345,USA,DEPOSIT-CHECK,jpm_fraud_payment,payment_transaction,FALSE,banking,synthetic_research
10/01/2025 11:54,0,QUICK-PAYMENT-185359,JPMC-CLIENT-185175,USA,741.33,CLIENT-185195,KAZAKHSTAN,QUICK-PAYMENT,jpm_fraud_payment,payment_transaction,FALSE,banking,synthetic_research
12/01/2025 2:34,0,WITHDRAWAL-193315,JPMC-CLIENT-193105,USA,276.85,,,WITHDRAWAL,jpm_fraud_payment,payment_transaction,FALSE,banking,synthetic_research
12/01/2025 13:04,0,PAYMENT-183272,JPMC-CLIENT-183080,USA,26.87,BILL-COMPANY-183273,USA,MAKE-PAYMENT,jpm_fraud_payment,payment_transaction,FALSE,banking,synthetic_research
14/01/2025 1:04,0,PAYMENT-184769,JPMC-CLIENT-184572,USA,6.17,BILL-COMPANY-184770,DJIBOUTI,MAKE-PAYMENT,jpm_fraud_payment,payment_transaction,FALSE,banking,synthetic_research
16/01/2025 2:14,0,PAY-CHECK-193040,JPMC-CLIENT-192825,USA,932.4,CLIENT-192843,USA,PAY-CHECK,jpm_fraud_payment,payment_transaction,FALSE,banking,synthetic_research
16/01/2025 2:24,0,CASH-CHECK-183288,,,748.93,JPMC-CLIENT-183080,USA,DEPOSIT-CHECK,jpm_fraud_payment,payment_transaction,FALSE,banking,synthetic_research
16/01/2025 2:54,0,PAYMENT-184283,JPMC-CLIENT-184064,USA,56.46,BILL-COMPANY-184284,USA,MAKE-PAYMENT,jpm_fraud_payment,payment_transaction,FALSE,banking,synthetic_research
16/01/2025 6:04,0,MAKE-PAYMENT-186274,JPMC-CLIENT-186029,USA,253.68,CLIENT-186031,CANADA,MAKE-PAYMENT,jpm_fraud_payment,payment_transaction,FALSE,banking,synthetic_research
22/01/2025 7:04,0,MAKE-PAYMENT-185139,CLIENT-184890,USA,268.88,JPMC-CLIENT-184872,USA,MAKE-PAYMENT,jpm_fraud_payment,payment_transaction,FALSE,banking,synthetic_research
23/01/2025 2:44,0,PAY-BILL-185986,JPMC-CLIENT-185744,USA,638.89,BILL-COMPANY-185835,ALGERIA,MAKE-PAYMENT,jpm_fraud_payment,payment_transaction,FALSE,banking,synthetic_research
07/02/2025 18:34,0,DEPOSIT-CHECK-194545,,,157.9,JPMC-CLIENT-194494,USA,DEPOSIT-CHECK,jpm_fraud_payment,payment_transaction,FALSE,banking,synthetic_research
08/02/2025 18:34,0,MAKE-PAYMENT-194547,JPMC-CLIENT-194494,USA,597.55,CLIENT-194513,USA,MAKE-PAYMENT,jpm_fraud_payment,payment_transaction,FALSE,banking,synthetic_research
14/02/2025 18:24,0,PAYMENT-193476,JPMC-CLIENT-193414,USA,62.26,BILL-COMPANY-193477,USA,MAKE-PAYMENT,jpm_fraud_payment,payment_transaction,FALSE,banking,synthetic_research
17/02/2025 10:34,0,PAYMENT-194079,JPMC-CLIENT-193968,BRITISH-INDIAN-OCEAN-TERRITORY,16.67,BILL-COMPANY-194080,USA,MAKE-PAYMENT,jpm_fraud_payment,payment_transaction,FALSE,banking,synthetic_research
08/03/2025 12:34,0,PAYMENT-200840,JPMC-CLIENT-200676,USA,400.9,CLIENT-200677,CANADA,MAKE-PAYMENT,jpm_fraud_payment,payment_transaction,FALSE,banking,synthetic_research
09/03/2025 4:24,0,CASH-CHECK-200035,JPMC-CLIENT-199837,USA,595.32,,,WITHDRAWAL,jpm_fraud_payment,payment_transaction,FALSE,banking,synthetic_research
14/03/2025 6:54,0,QUICK-PAYMENT-196006,BILL-COMPANY-195814,MALTA,530.06,JPMC-CLIENT-195772,USA,QUICK-PAYMENT,jpm_fraud_payment,payment_transaction,FALSE,banking,synthetic_research
19/03/2025 15:04,0,MAKE-PAYMENT-203504,CLIENT-203292,USA,485.03,JPMC-CLIENT-203274,USA,MAKE-PAYMENT,jpm_fraud_payment,payment_transaction,FALSE,banking,synthetic_research
23/03/2025 7:44,0,DEPOSIT-CHECK-194479,,,753.86,JPMC-CLIENT-194214,FINLAND,DEPOSIT-CHECK,jpm_fraud_payment,payment_transaction,FALSE,banking,synthetic_research
24/03/2025 16:34,0,WITHDRAWAL-196584,JPMC-CLIENT-196327,TIMOR-LESTE,860.62,,,WITHDRAWAL,jpm_fraud_payment,payment_transaction,FALSE,banking,synthetic_research
03/04/2025 6:24,0,QUICK-DEPOSIT-206643,,,528.7,JPMC-CLIENT-206625,USA,DEPOSIT-CASH,jpm_fraud_payment,payment_transaction,FALSE,banking,synthetic_research
06/04/2025 20:24,0,PAYMENT-210803,JPMC-CLIENT-210761,USA,49.91,BILL-COMPANY-210804,TOGO,MAKE-PAYMENT,jpm_fraud_payment,payment_transaction,FALSE,banking,synthetic_research
07/04/2025 20:14,0,PAYMENT-207317,JPMC-CLIENT-207274,USA,29.73,BILL-COMPANY-207318,SINT-MAARTEN,MAKE-PAYMENT,jpm_fraud_payment,payment_transaction,FALSE,banking,synthetic_research
11/04/2025 19:24,0,PAY-CHECK-211003,JPMC-CLIENT-210955,USA,462.93,CLIENT-210974,USA,PAY-CHECK,jpm_fraud_payment,payment_transaction,FALSE,banking,synthetic_research
11/04/2025 21:44,0,PAYMENT-207341,JPMC-CLIENT-207274,USA,73.79,BILL-COMPANY-207342,USA,MAKE-PAYMENT,jpm_fraud_payment,payment_transaction,FALSE,banking,synthetic_research
13/04/2025 9:24,0,PAYMENT-205405,JPMC-CLIENT-205340,USA,26.2,BILL-COMPANY-205406,USA,MAKE-PAYMENT,jpm_fraud_payment,payment_transaction,FALSE,banking,synthetic_research
16/04/2025 0:24,0,PAYMENT-205998,JPMC-CLIENT-205900,USA,35.98,BILL-COMPANY-205999,N-MARIANA-IS,MAKE-PAYMENT,jpm_fraud_payment,payment_transaction,FALSE,banking,synthetic_research
17/04/2025 0:04,0,MAKE-PAYMENT-208294,JPMC-CLIENT-208193,USA,773.37,BILL-COMPANY-208291,USA,MAKE-PAYMENT,jpm_fraud_payment,payment_transaction,FALSE,banking,synthetic_research
17/04/2025 22:14,0,QUICK-DEPOSIT-209990,,,329.73,JPMC-CLIENT-209907,USA,DEPOSIT-CASH,jpm_fraud_payment,payment_transaction,FALSE,banking,synthetic_research
21/04/2025 11:04,0,MAKE-PAYMENT-205100,JPMC-CLIENT-204996,USA,788.63,CLIENT-205014,USA,MAKE-PAYMENT,jpm_fraud_payment,payment_transaction,FALSE,banking,synthetic_research
21/04/2025 13:54,0,MOVE-FUNDS-206303,COMPANY-206190,GERMANY,2000.16,JPMC-CLIENT-206186,USA,MOVE-FUNDS,jpm_fraud_payment,payment_transaction,FALSE,banking,synthetic_research
23/04/2025 0:24,0,CASH-CHECK-208895,,,615.12,JPMC-CLIENT-208782,USA,DEPOSIT-CHECK,jpm_fraud_payment,payment_transaction,FALSE,banking,synthetic_research
24/04/2025 13:34,0,QUICK-PAYMENT-204266,JPMC-CLIENT-204140,DOMINICAN-REPUBLIC,505.65,BILL-COMPANY-204259,JORDAN,QUICK-PAYMENT,jpm_fraud_payment,payment_transaction,FALSE,banking,synthetic_research
27/04/2025 0:14,0,QUICK-DEPOSIT-205464,,,185.91,JPMC-CLIENT-205340,USA,DEPOSIT-CASH,jpm_fraud_payment,payment_transaction,FALSE,banking,synthetic_research
07/05/2025 17:04,0,QUICK-PAYMENT-211431,CLIENT-211241,CANADA,100.92,JPMC-CLIENT-211237,USA,QUICK-PAYMENT,jpm_fraud_payment,payment_transaction,FALSE,banking,synthetic_research
08/05/2025 4:44,0,CASH-CHECK-213129,,,260.75,JPMC-CLIENT-212939,USA,DEPOSIT-CHECK,jpm_fraud_payment,payment_transaction,FALSE,banking,synthetic_research
10/05/2025 8:54,0,CASH-CHECK-207217,,,595.1,JPMC-CLIENT-206989,USA,DEPOSIT-CHECK,jpm_fraud_payment,payment_transaction,FALSE,banking,synthetic_research
17/05/2025 8:54,0,CASH-CHECK-209023,JPMC-CLIENT-208782,USA,923.65,,,WITHDRAWAL,jpm_fraud_payment,payment_transaction,FALSE,banking,synthetic_research
19/05/2025 10:24,0,PAY-BILL-214357,JPMC-CLIENT-214094,USA,184.61,BILL-COMPANY-214213,SAUDI-ARABIA,MAKE-PAYMENT,jpm_fraud_payment,payment_transaction,FALSE,banking,synthetic_research
20/05/2025 21:24,0,CASH-CHECK-205878,JPMC-CLIENT-205619,USA,509.01,,,EXCHANGE,jpm_fraud_payment,payment_transaction,FALSE,banking,synthetic_research
30/05/2025 8:34,0,QUICK-PAYMENT-218675,CLIENT-218676,BAHAMAS,287.83,JPMC-CLIENT-218657,USA,QUICK-PAYMENT,jpm_fraud_payment,payment_transaction,FALSE,banking,synthetic_research
31/05/2025 9:14,0,CASH-CHECK-217018,,,652.06,JPMC-CLIENT-216993,USA,DEPOSIT-CHECK,jpm_fraud_payment,payment_transaction,FALSE,banking,synthetic_research
31/05/2025 21:04,0,QUICK-PAYMENT-214955,CLIENT-214933,CANADA,931.96,JPMC-CLIENT-214931,USA,QUICK-PAYMENT,jpm_fraud_payment,payment_transaction,FALSE,banking,synthetic_research
01/06/2025 9:44,0,PAY-BILL-222412,JPMC-CLIENT-222381,USA,969.74,COMPANY-222388,NAURU,MAKE-PAYMENT,jpm_fraud_payment,payment_transaction,FALSE,banking,synthetic_research
03/06/2025 10:54,0,MOVE-FUNDS-224746,COMPANY-224715,GERMANY,2000.69,JPMC-CLIENT-224709,USA,MOVE-FUNDS,jpm_fraud_payment,payment_transaction,FALSE,banking,synthetic_research
03/06/2025 23:14,0,DEPOSIT-CASH-222146,,,100.94,JPMC-CLIENT-222095,USA,DEPOSIT-CASH,jpm_fraud_payment,payment_transaction,FALSE,banking,synthetic_research
10/06/2025 12:24,0,PAYMENT-216172,JPMC-CLIENT-216103,USA,30.9,BILL-COMPANY-216173,ECUADOR,MAKE-PAYMENT,jpm_fraud_payment,payment_transaction,FALSE,banking,synthetic_research
17/06/2025 5:04,0,DEPOSIT-CASH-218788,,,485.2,JPMC-CLIENT-218657,USA,DEPOSIT-CASH,jpm_fraud_payment,payment_transaction,FALSE,banking,synthetic_research
17/06/2025 6:04,0,EXCHANGE-218794,JPMC-CLIENT-218657,USA,648.46,,,EXCHANGE,jpm_fraud_payment,payment_transaction,FALSE,banking,synthetic_research
19/06/2025 2:04,0,PAY-CHECK-219636,BILL-COMPANY-219594,USA,100.96,JPMC-CLIENT-219524,USA,PAY-CHECK,jpm_fraud_payment,payment_transaction,FALSE,banking,synthetic_research
19/06/2025 14:04,0,MOVE-FUNDS-220371,CLIENT-220359,MALAWI,314.47,JPMC-CLIENT-220258,GEORGIA,MOVE-FUNDS,jpm_fraud_payment,payment_transaction,FALSE,banking,synthetic_research
28/06/2025 18:14,0,PAYMENT-223934,JPMC-CLIENT-223769,ALGERIA,12.08,BILL-COMPANY-223935,MAURITIUS,MAKE-PAYMENT,jpm_fraud_payment,payment_transaction,FALSE,banking,synthetic_research
03/07/2025 21:04,0,WITHDRAWAL-222871,JPMC-CLIENT-222663,USA,100,,,WITHDRAWAL,jpm_fraud_payment,payment_transaction,FALSE,banking,synthetic_research
08/07/2025 19:44,0,PAY-CHECK-216023,JPMC-CLIENT-215806,USA,194.42,CLIENT-215808,USA,PAY-CHECK,jpm_fraud_payment,payment_transaction,FALSE,banking,synthetic_research
10/07/2025 22:34,0,PAY-BILL-223190,JPMC-CLIENT-222954,USA,922.31,BILL-COMPANY-223177,USA,MAKE-PAYMENT,jpm_fraud_payment,payment_transaction,FALSE,banking,synthetic_research
11/07/2025 20:14,0,PAYMENT-222316,JPMC-CLIENT-222095,USA,10.08,BILL-COMPANY-222317,USA,MAKE-PAYMENT,jpm_fraud_payment,payment_transaction,FALSE,banking,synthetic_research
15/07/2025 23:44,0,CASH-CHECK-220959,,,100.03,JPMC-CLIENT-220703,USA,DEPOSIT-CHECK,jpm_fraud_payment,payment_transaction,FALSE,banking,synthetic_research
16/07/2025 23:14,0,CASH-CHECK-217247,JPMC-CLIENT-216993,USA,931.63,,,EXCHANGE,jpm_fraud_payment,payment_transaction,FALSE,banking,synthetic_research
17/07/2025 1:54,0,PAYMENT-214922,JPMC-CLIENT-214651,USA,32.8,BILL-COMPANY-214923,COMOROS,MAKE-PAYMENT,jpm_fraud_payment,payment_transaction,FALSE,banking,synthetic_research
29/07/2025 10:34,0,WITHDRAWAL-228403,JPMC-CLIENT-228375,USA,860.08,,,WITHDRAWAL,jpm_fraud_payment,payment_transaction,FALSE,banking,synthetic_research
30/07/2025 10:34,0,EXCHANGE-231896,JPMC-CLIENT-231867,USA,765.84,,,EXCHANGE,jpm_fraud_payment,payment_transaction,FALSE,banking,synthetic_research
01/08/2025 23:14,0,MAKE-PAYMENT-231905,JPMC-CLIENT-231867,USA,632.7,CLIENT-231869,USA,MAKE-PAYMENT,jpm_fraud_payment,payment_transaction,FALSE,banking,synthetic_research
05/08/2025 1:04,1,MOVE-FUNDS-234470,CLIENT-234429,USA,100.29,JPMC-CLIENT-234411,USA,MOVE-FUNDS,jpm_fraud_payment,payment_transaction,TRUE,banking,synthetic_research
08/08/2025 13:54,0,PAY-CHECK-231025,JPMC-CLIENT-230948,USA,219.96,CLIENT-230966,ISLE-OF-MAN,PAY-CHECK,jpm_fraud_payment,payment_transaction,FALSE,banking,synthetic_research
09/08/2025 17:14,0,EXCHANGE-225384,JPMC-CLIENT-225277,USA,429.69,,,EXCHANGE,jpm_fraud_payment,payment_transaction,FALSE,banking,synthetic_research
11/08/2025 15:34,0,PAYMENT-233937,JPMC-CLIENT-233844,USA,400.87,CLIENT-233846,CANADA,MAKE-PAYMENT,jpm_fraud_payment,payment_transaction,FALSE,banking,synthetic_research
17/08/2025 5:34,0,QUICK-PAYMENT-229677,JPMC-CLIENT-229546,USA,100.34,BILL-COMPANY-229671,USA,QUICK-PAYMENT,jpm_fraud_payment,payment_transaction,FALSE,banking,synthetic_research
17/08/2025 6:24,0,PAY-BILL-227163,JPMC-CLIENT-227028,USA,149.55,BILL-COMPANY-227125,USA,MAKE-PAYMENT,jpm_fraud_payment,payment_transaction,FALSE,banking,synthetic_research
20/08/2025 8:44,0,WITHDRAWAL-229396,JPMC-CLIENT-229230,USA,801.47,,,WITHDRAWAL,jpm_fraud_payment,payment_transaction,FALSE,banking,synthetic_research
21/08/2025 6:44,0,PAYMENT-226607,JPMC-CLIENT-226458,USA,44.28,BILL-COMPANY-226608,GEORGIA,MAKE-PAYMENT,jpm_fraud_payment,payment_transaction,FALSE,banking,synthetic_research
09/09/2025 11:24,0,MOVE-FUNDS-230347,COMPANY-230126,GERMANY,2000.8,JPMC-CLIENT-230120,USA,MOVE-FUNDS,jpm_fraud_payment,payment_transaction,FALSE,banking,synthetic_research
11/09/2025 23:34,0,MOVE-FUNDS-233450,JPMC-CLIENT-233215,USA,100.49,JPMC-CLIENT-233213,USA,MOVE-FUNDS,jpm_fraud_payment,payment_transaction,FALSE,banking,synthetic_research
14/09/2025 22:34,0,DEPOSIT-CHECK-231474,,,325.43,JPMC-CLIENT-231231,USA,DEPOSIT-CHECK,jpm_fraud_payment,payment_transaction,FALSE,banking,synthetic_research
16/09/2025 12:54,0,QUICK-PAYMENT-232705,JPMC-CLIENT-232444,USA,388.8,JPMC-CLIENT-232446,USA,QUICK-PAYMENT,jpm_fraud_payment,payment_transaction,FALSE,banking,synthetic_research
29/09/2025 12:04,0,CASH-CHECK-236086,,,773.37,JPMC-CLIENT-236056,USA,DEPOSIT-CHECK,jpm_fraud_payment,payment_transaction,FALSE,banking,synthetic_research
03/10/2025 1:34,0,PAY-BILL-242215,JPMC-CLIENT-242161,USA,480.36,BILL-COMPANY-242203,ZIMBABWE,MAKE-PAYMENT,jpm_fraud_payment,payment_transaction,FALSE,banking,synthetic_research
04/10/2025 4:44,0,QUICK-PAYMENT-243088,JPMC-CLIENT-243005,USA,662.97,JPMC-CLIENT-243006,CANADA,QUICK-PAYMENT,jpm_fraud_payment,payment_transaction,FALSE,banking,synthetic_research
05/10/2025 4:24,0,PAY-CHECK-237147,JPMC-CLIENT-237068,USA,213.38,CLIENT-237086,BULGARIA,PAY-CHECK,jpm_fraud_payment,payment_transaction,FALSE,banking,synthetic_research
07/10/2025 14:24,0,PAYMENT-243975,JPMC-CLIENT-243904,USA,91.82,BILL-COMPANY-243976,USA,MAKE-PAYMENT,jpm_fraud_payment,payment_transaction,FALSE,banking,synthetic_research
07/10/2025 15:54,0,QUICK-PAYMENT-242806,JPMC-CLIENT-242724,USA,294.24,CLIENT-242745,HAITI,QUICK-PAYMENT,jpm_fraud_payment,payment_transaction,FALSE,banking,synthetic_research
10/10/2025 17:24,0,PAY-CHECK-244574,JPMC-CLIENT-244473,USA,201.71,JPMC-CLIENT-244475,USA,PAY-CHECK,jpm_fraud_payment,payment_transaction,FALSE,banking,synthetic_research
13/10/2025 15:34,0,PAY-BILL-245824,JPMC-CLIENT-245722,USA,924.44,BILL-COMPANY-245767,USA,MAKE-PAYMENT,jpm_fraud_payment,payment_transaction,FALSE,banking,synthetic_research
14/10/2025 19:14,0,PAYMENT-235426,JPMC-CLIENT-235295,USA,47.13,BILL-COMPANY-235427,USA,MAKE-PAYMENT,jpm_fraud_payment,payment_transaction,FALSE,banking,synthetic_research
19/10/2025 7:54,0,CASH-CHECK-241177,,,100.16,JPMC-CLIENT-241035,USA,DEPOSIT-CHECK,jpm_fraud_payment,payment_transaction,FALSE,banking,synthetic_research
19/10/2025 9:24,0,CASH-CHECK-238290,JPMC-CLIENT-238133,USA,487.49,,,WITHDRAWAL,jpm_fraud_payment,payment_transaction,FALSE,banking,synthetic_research
27/10/2025 10:44,0,CASH-CHECK-236988,,,439.51,JPMC-CLIENT-236796,USA,DEPOSIT-CHECK,jpm_fraud_payment,payment_transaction,FALSE,banking,synthetic_research
27/10/2025 11:34,0,PAYMENT-238333,JPMC-CLIENT-238133,USA,48.63,BILL-COMPANY-238334,INDIA,MAKE-PAYMENT,jpm_fraud_payment,payment_transaction,FALSE,banking,synthetic_research
28/10/2025 21:04,0,QUICK-PAYMENT-238628,CLIENT-238444,CANADA,899.1,JPMC-CLIENT-238442,USA,QUICK-PAYMENT,jpm_fraud_payment,payment_transaction,FALSE,banking,synthetic_research
29/10/2025 23:04,0,QUICK-PAYMENT-236994,JPMC-CLIENT-236796,USA,853.1,CLIENT-236798,CANADA,QUICK-PAYMENT,jpm_fraud_payment,payment_transaction,FALSE,banking,synthetic_research
31/10/2025 22:34,0,WITHDRAWAL-242087,JPMC-CLIENT-241879,USA,591.58,,,EXCHANGE,jpm_fraud_payment,payment_transaction,FALSE,banking,synthetic_research
02/11/2025 0:54,0,QUICK-PAYMENT-237808,JPMC-CLIENT-237584,CANADA,397.74,JPMC-CLIENT-237582,USA,QUICK-PAYMENT,jpm_fraud_payment,payment_transaction,FALSE,banking,synthetic_research
05/11/2025 11:14,0,QUICK-PAYMENT-236744,CLIENT-236512,CANADA,186.13,JPMC-CLIENT-236511,USA,QUICK-PAYMENT,jpm_fraud_payment,payment_transaction,FALSE,banking,synthetic_research
23/11/2025 0:34,0,QUICK-PAYMENT-252150,CLIENT-252132,CANADA,100.8,JPMC-CLIENT-252130,USA,QUICK-PAYMENT,jpm_fraud_payment,payment_transaction,FALSE,banking,synthetic_research
24/11/2025 1:04,0,QUICK-PAYMENT-248604,CLIENT-248596,OMAN,633.41,JPMC-CLIENT-248578,USA,QUICK-PAYMENT,jpm_fraud_payment,payment_transaction,FALSE,banking,synthetic_research
25/11/2025 2:34,0,PAYMENT-252166,JPMC-CLIENT-252130,USA,400.91,JPMC-CLIENT-252131,CANADA,MAKE-PAYMENT,jpm_fraud_payment,payment_transaction,FALSE,banking,synthetic_research
29/11/2025 3:44,1,QUICK-PAYMENT-248946,JPMC-CLIENT-248884,USA,342.03,CLIENT-248947,USA,QUICK-PAYMENT,jpm_fraud_payment,payment_transaction,TRUE,banking,synthetic_research
29/11/2025 16:34,0,CASH-CHECK-251226,,,100.98,JPMC-CLIENT-251160,USA,DEPOSIT-CHECK,jpm_fraud_payment,payment_transaction,FALSE,banking,synthetic_research
02/12/2025 4:14,0,PAY-BILL-248963,JPMC-CLIENT-248884,USA,408.4,BILL-COMPANY-248931,SAINT-MARTIN,MAKE-PAYMENT,jpm_fraud_payment,payment_transaction,FALSE,banking,synthetic_research
05/12/2025 5:24,1,PAY-BILL-248975,JPMC-CLIENT-248884,USA,912.58,BILL-COMPANY-248931,SAINT-MARTIN,MAKE-PAYMENT,jpm_fraud_payment,payment_transaction,TRUE,banking,synthetic_research
05/12/2025 16:14,0,WITHDRAWAL-254544,JPMC-CLIENT-254465,USA,781.79,,,EXCHANGE,jpm_fraud_payment,payment_transaction,FALSE,banking,synthetic_research
12/12/2025 9:54,0,PAYMENT-249317,JPMC-CLIENT-249175,USA,9.57,BILL-COMPANY-249318,TOGO,MAKE-PAYMENT,jpm_fraud_payment,payment_transaction,FALSE,banking,synthetic_research
17/12/2025 6:14,0,PAY-BILL-253730,JPMC-CLIENT-253600,USA,166.87,COMPANY-253604,SOUTH-GEORGIA-AND-THE-SOUTH-SANDWICH-ISLANDS,MAKE-PAYMENT,jpm_fraud_payment,payment_transaction,FALSE,banking,synthetic_research
18/12/2025 8:24,0,PAYMENT-252559,JPMC-CLIENT-252412,USA,50.64,BILL-COMPANY-252560,SEYCHELLES,MAKE-PAYMENT,jpm_fraud_payment,payment_transaction,FALSE,banking,synthetic_research
18/12/2025 20:14,0,CASH-CHECK-250698,,,568.12,JPMC-CLIENT-250544,SWITZERLAND,DEPOSIT-CHECK,jpm_fraud_payment,payment_transaction,FALSE,banking,synthetic_research
19/12/2025 18:44,0,PAY-BILL-254048,JPMC-CLIENT-253909,USA,339.5,JPMC-COMPANY-253913,USA,MAKE-PAYMENT,jpm_fraud_payment,payment_transaction,FALSE,banking,synthetic_research
20/12/2025 22:24,0,PAYMENT-249521,JPMC-CLIENT-249353,USA,400.76,JPMC-CLIENT-249354,CANADA,MAKE-PAYMENT,jpm_fraud_payment,payment_transaction,FALSE,banking,synthetic_research
23/12/2025 9:54,0,PAYMENT-248162,JPMC-CLIENT-247988,USA,36.34,BILL-COMPANY-248163,USA,MAKE-PAYMENT,jpm_fraud_payment,payment_transaction,FALSE,banking,synthetic_research
24/12/2025 12:44,0,PAY-CHECK-251718,JPMC-CLIENT-251515,USA,884.03,CLIENT-251534,USA,PAY-CHECK,jpm_fraud_payment,payment_transaction,FALSE,banking,synthetic_research
24/12/2025 23:34,0,PAY-CHECK-254654,CLIENT-254597,ANTARCTICA,373.16,JPMC-CLIENT-254465,USA,PAY-CHECK,jpm_fraud_payment,payment_transaction,FALSE,banking,synthetic_research
25/12/2025 20:54,0,WITHDRAWAL-247831,JPMC-CLIENT-247663,USA,868.89,,,WITHDRAWAL,jpm_fraud_payment,payment_transaction,FALSE,banking,synthetic_research
27/12/2025 9:24,0,PAYMENT-247833,JPMC-CLIENT-247663,USA,400.26,CLIENT-247664,CANADA,MAKE-PAYMENT,jpm_fraud_payment,payment_transaction,FALSE,banking,synthetic_research
03/01/2026 18:54,0,PAY-BILL-251147,JPMC-CLIENT-250856,USA,642.47,BILL-COMPANY-250977,CABO-VERDE,MAKE-PAYMENT,jpm_fraud_payment,payment_transaction,FALSE,banking,synthetic_research
30/01/2026 7:44,0,MOVE-FUNDS-263029,JPMC-CLIENT-262940,USA,938.75,CLIENT-262943,CUBA,MOVE-FUNDS,jpm_fraud_payment,payment_transaction,FALSE,banking,synthetic_research
02/02/2026 22:24,1,WITHDRAWAL-259478,JPMC-CLIENT-259362,USA,704.37,,,EXCHANGE,jpm_fraud_payment,payment_transaction,TRUE,banking,synthetic_research
06/02/2026 12:34,0,MAKE-PAYMENT-256434,JPMC-CLIENT-256291,USA,502.94,CLIENT-256392,COLOMBIA,MAKE-PAYMENT,jpm_fraud_payment,payment_transaction,FALSE,banking,synthetic_research
08/02/2026 10:44,0,DEPOSIT-CHECK-258182,,,490.51,JPMC-CLIENT-258047,USA,DEPOSIT-CHECK,jpm_fraud_payment,payment_transaction,FALSE,banking,synthetic_research
08/02/2026 22:04,0,CASH-CHECK-256064,JPMC-CLIENT-255935,USA,989.53,,,EXCHANGE,jpm_fraud_payment,payment_transaction,FALSE,banking,synthetic_research
15/02/2026 14:04,0,DEPOSIT-CASH-265136,,,100.59,JPMC-CLIENT-264957,USA,DEPOSIT-CASH,jpm_fraud_payment,payment_transaction,FALSE,banking,synthetic_research
16/02/2026 8:44,0,DEPOSIT-CASH-263924,,,415.88,JPMC-CLIENT-263785,USA,DEPOSIT-CASH,jpm_fraud_payment,payment_transaction,FALSE,banking,synthetic_research
19/02/2026 14:44,0,PAY-BILL-257058,JPMC-CLIENT-256863,USA,813.13,BILL-COMPANY-257036,USA,MAKE-PAYMENT,jpm_fraud_payment,payment_transaction,FALSE,banking,synthetic_research
21/02/2026 16:54,0,PAYMENT-259866,JPMC-CLIENT-259649,SOMALIA,400.37,CLIENT-259650,CANADA,MAKE-PAYMENT,jpm_fraud_payment,payment_transaction,FALSE,banking,synthetic_research
22/02/2026 15:14,0,PAYMENT-257359,JPMC-CLIENT-257152,NAMIBIA,23.19,BILL-COMPANY-257360,USA,MAKE-PAYMENT,jpm_fraud_payment,payment_transaction,FALSE,banking,synthetic_research
13/03/2026 15:04,0,QUICK-PAYMENT-264043,BILL-COMPANY-263883,USA,477.35,JPMC-CLIENT-263785,USA,QUICK-PAYMENT,jpm_fraud_payment,payment_transaction,FALSE,banking,synthetic_research
21/03/2026 4:54,0,EXCHANGE-265828,JPMC-CLIENT-265804,USA,799.73,,,EXCHANGE,jpm_fraud_payment,payment_transaction,FALSE,banking,synthetic_research
22/03/2026 6:34,0,EXCHANGE-266757,JPMC-CLIENT-266706,USA,305.37,,,WITHDRAWAL,jpm_fraud_payment,payment_transaction,FALSE,banking,synthetic_research
26/03/2026 18:34,0,QUICK-PAYMENT-271197,JPMC-CLIENT-271137,PERU,863.52,CLIENT-271140,USA,QUICK-PAYMENT,jpm_fraud_payment,payment_transaction,FALSE,banking,synthetic_research
01/04/2026 23:14,0,QUICK-PAYMENT-267641,JPMC-CLIENT-267539,USA,676.95,JPMC-CLIENT-267542,JAMAICA,QUICK-PAYMENT,jpm_fraud_payment,payment_transaction,FALSE,banking,synthetic_research
08/04/2026 12:44,0,DEPOSIT-CASH-267669,,,303.48,JPMC-CLIENT-267539,USA,DEPOSIT-CASH,jpm_fraud_payment,payment_transaction,FALSE,banking,synthetic_research
09/04/2026 11:44,0,MAKE-PAYMENT-267139,JPMC-CLIENT-267015,USA,290.33,CLIENT-267017,UGANDA,MAKE-PAYMENT,jpm_fraud_payment,payment_transaction,FALSE,banking,synthetic_research
09/04/2026 23:14,0,DEPOSIT-CHECK-270118,,,498.12,JPMC-CLIENT-269994,USA,DEPOSIT-CHECK,jpm_fraud_payment,payment_transaction,FALSE,banking,synthetic_research
13/04/2026 1:24,0,QUICK-DEPOSIT-271292,,,416.92,JPMC-CLIENT-271137,USA,DEPOSIT-CASH,jpm_fraud_payment,payment_transaction,FALSE,banking,synthetic_research
13/04/2026 14:04,0,PAY-CHECK-269560,BILL-COMPANY-269548,SAUDI-ARABIA,500.66,JPMC-CLIENT-269405,USA,PAY-CHECK,jpm_fraud_payment,payment_transaction,FALSE,banking,synthetic_research
25/04/2026 15:44,0,PAYMENT-276111,JPMC-CLIENT-275916,USA,79.11,BILL-COMPANY-276112,KYRGYZSTAN,MAKE-PAYMENT,jpm_fraud_payment,payment_transaction,FALSE,banking,synthetic_research
25/04/2026 18:24,0,PAYMENT-267237,JPMC-CLIENT-267015,USA,56.06,BILL-COMPANY-267238,USA,MAKE-PAYMENT,jpm_fraud_payment,payment_transaction,FALSE,banking,synthetic_research
29/04/2026 5:04,0,PAYMENT-275563,JPMC-CLIENT-275342,USA,400.54,JPMC-CLIENT-275343,CANADA,MAKE-PAYMENT,jpm_fraud_payment,payment_transaction,FALSE,banking,synthetic_research
03/05/2026 6:04,0,PAY-BILL-267982,JPMC-CLIENT-267746,SUDAN,948.7,BILL-COMPANY-267816,USA,MAKE-PAYMENT,jpm_fraud_payment,payment_transaction,FALSE,banking,synthetic_research
08/05/2026 19:04,0,QUICK-PAYMENT-268003,JPMC-CLIENT-267746,USA,589.21,CLIENT-267748,CANADA,QUICK-PAYMENT,jpm_fraud_payment,payment_transaction,FALSE,banking,synthetic_research
09/05/2026 8:04,0,PAYMENT-268013,JPMC-CLIENT-267746,USA,12.84,BILL-COMPANY-268014,USA,MAKE-PAYMENT,jpm_fraud_payment,payment_transaction,FALSE,banking,synthetic_research
16/05/2026 8:14,0,WITHDRAWAL-282682,JPMC-CLIENT-282653,USA,642.71,,,WITHDRAWAL,jpm_fraud_payment,payment_transaction,FALSE,banking,synthetic_research
18/05/2026 21:04,0,MOVE-FUNDS-280536,JPMC-COMPANY-280503,GERMANY,2000.66,JPMC-CLIENT-280499,USA,MOVE-FUNDS,jpm_fraud_payment,payment_transaction,FALSE,banking,synthetic_research
19/05/2026 9:44,0,CASH-CHECK-276837,JPMC-CLIENT-276786,USA,442.02,,,EXCHANGE,jpm_fraud_payment,payment_transaction,FALSE,banking,synthetic_research
23/05/2026 22:04,0,PAYMENT-281830,JPMC-CLIENT-281771,USA,400.15,CLIENT-281772,CANADA,MAKE-PAYMENT,jpm_fraud_payment,payment_transaction,FALSE,banking,synthetic_research
27/05/2026 23:24,0,PAY-BILL-282132,JPMC-CLIENT-282049,USA,199.16,BILL-COMPANY-282120,CAMBODIA,MAKE-PAYMENT,jpm_fraud_payment,payment_transaction,FALSE,banking,synthetic_research
04/06/2026 1:24,0,MOVE-FUNDS-286408,COMPANY-286302,GERMANY,2000.99,JPMC-CLIENT-286297,USA,MOVE-FUNDS,jpm_fraud_payment,payment_transaction,FALSE,banking,synthetic_research
09/06/2026 6:14,0,MOVE-FUNDS-284249,JPMC-CLIENT-284082,JAPAN,984.64,CLIENT-284101,TIMOR-LESTE,MOVE-FUNDS,jpm_fraud_payment,payment_transaction,FALSE,banking,synthetic_research
12/06/2026 21:04,0,PAY-BILL-278416,JPMC-CLIENT-278211,USA,100.22,BILL-COMPANY-278304,SOMALIA,MAKE-PAYMENT,jpm_fraud_payment,payment_transaction,FALSE,banking,synthetic_research
15/06/2026 7:24,0,MOVE-FUNDS-284274,JPMC-CLIENT-284082,USA,594.49,CLIENT-284101,TIMOR-LESTE,MOVE-FUNDS,jpm_fraud_payment,payment_transaction,FALSE,banking,synthetic_research
21/06/2026 7:14,0,CASH-CHECK-280449,,,189.16,JPMC-CLIENT-280238,USA,DEPOSIT-CHECK,jpm_fraud_payment,payment_transaction,FALSE,banking,synthetic_research
27/06/2026 23:54,0,PAY-BILL-286003,JPMC-CLIENT-285735,USA,437.81,BILL-COMPANY-285993,SAINT-KITTS-NEVIS,MAKE-PAYMENT,jpm_fraud_payment,payment_transaction,FALSE,banking,synthetic_research
05/07/2026 9:54,0,CASH-CHECK-282032,JPMC-CLIENT-281771,USA,956.05,,,EXCHANGE,jpm_fraud_payment,payment_transaction,FALSE,banking,synthetic_research
11/07/2026 10:54,0,PAY-CHECK-290811,JPMC-CLIENT-290783,USA,853.71,CLIENT-290785,CANADA,PAY-CHECK,jpm_fraud_payment,payment_transaction,FALSE,banking,synthetic_research
14/07/2026 11:54,0,QUICK-PAYMENT-295762,JPMC-CLIENT-295714,USA,706.79,CLIENT-295732,USA,QUICK-PAYMENT,jpm_fraud_payment,payment_transaction,FALSE,banking,synthetic_research
15/07/2026 0:54,0,PAY-CHECK-290837,CLIENT-290785,CANADA,100.04,JPMC-CLIENT-290783,USA,PAY-CHECK,jpm_fraud_payment,payment_transaction,FALSE,banking,synthetic_research
20/07/2026 2:14,0,QUICK-DEPOSIT-292349,,,656.38,JPMC-CLIENT-292269,EGYPT,DEPOSIT-CASH,jpm_fraud_payment,payment_transaction,FALSE,banking,synthetic_research
21/07/2026 2:14,0,CASH-CHECK-297138,JPMC-CLIENT-297055,IRELAND,951.59,,,EXCHANGE,jpm_fraud_payment,payment_transaction,FALSE,banking,synthetic_research
21/07/2026 12:14,0,PAYMENT-292233,JPMC-CLIENT-292169,USA,400.74,JPMC-CLIENT-292170,CANADA,MAKE-PAYMENT,jpm_fraud_payment,payment_transaction,FALSE,banking,synthetic_research
24/07/2026 14:14,0,PAYMENT-290108,JPMC-CLIENT-290020,USA,400.3,CLIENT-290021,CANADA,MAKE-PAYMENT,jpm_fraud_payment,payment_transaction,FALSE,banking,synthetic_research
26/07/2026 13:14,0,PAY-BILL-291148,JPMC-CLIENT-291062,USA,115.34,BILL-COMPANY-291107,USA,MAKE-PAYMENT,jpm_fraud_payment,payment_transaction,FALSE,banking,synthetic_research
27/07/2026 12:54,0,PAYMENT-296040,JPMC-CLIENT-295952,USA,83.17,BILL-COMPANY-296041,USA,MAKE-PAYMENT,jpm_fraud_payment,payment_transaction,FALSE,banking,synthetic_research
01/08/2026 3:14,0,PAYMENT-291184,JPMC-CLIENT-291062,USA,98.91,BILL-COMPANY-291185,UKRAINE,MAKE-PAYMENT,jpm_fraud_payment,payment_transaction,FALSE,banking,synthetic_research
01/08/2026 15:34,0,MOVE-FUNDS-291698,COMPANY-291585,GERMANY,2000.25,JPMC-CLIENT-291581,USA,MOVE-FUNDS,jpm_fraud_payment,payment_transaction,FALSE,banking,synthetic_research
05/08/2026 1:44,0,PAYMENT-289548,JPMC-CLIENT-289431,USA,63.28,BILL-COMPANY-289549,TURKEY,MAKE-PAYMENT,jpm_fraud_payment,payment_transaction,FALSE,banking,synthetic_research
07/08/2026 18:04,0,MAKE-PAYMENT-288185,CLIENT-288029,GUAM,784.43,JPMC-CLIENT-288027,USA,MAKE-PAYMENT,jpm_fraud_payment,payment_transaction,FALSE,banking,synthetic_research
09/08/2026 3:34,0,PAYMENT-293916,JPMC-CLIENT-293772,USA,22.96,BILL-COMPANY-293917,USA,MAKE-PAYMENT,jpm_fraud_payment,payment_transaction,FALSE,banking,synthetic_research
11/08/2026 19:24,0,PAY-BILL-293674,JPMC-CLIENT-293495,USA,100.03,BILL-COMPANY-293561,GUAM,MAKE-PAYMENT,jpm_fraud_payment,payment_transaction,FALSE,banking,synthetic_research
12/08/2026 20:44,0,MOVE-FUNDS-296964,JPMC-CLIENT-296774,USA,515.08,CLIENT-296792,USA,MOVE-FUNDS,jpm_fraud_payment,payment_transaction,FALSE,banking,synthetic_research
13/08/2026 19:34,0,PAY-BILL-290686,JPMC-CLIENT-290503,USA,539.09,BILL-COMPANY-290650,MALDIVES,MAKE-PAYMENT,jpm_fraud_payment,payment_transaction,FALSE,banking,synthetic_research
22/08/2026 22:04,0,WITHDRAWAL-289100,JPMC-CLIENT-288868,USA,356.42,,,EXCHANGE,jpm_fraud_payment,payment_transaction,FALSE,banking,synthetic_research
27/08/2026 2:24,0,PAYMENT-297049,JPMC-CLIENT-296774,USA,47.1,BILL-COMPANY-297050,SWEDEN,MAKE-PAYMENT,jpm_fraud_payment,payment_transaction,FALSE,banking,synthetic_research
31/08/2026 12:44,0,MAKE-PAYMENT-291850,JPMC-CLIENT-291581,USA,100.83,BILL-COMPANY-291783,MOLDOVA,MAKE-PAYMENT,jpm_fraud_payment,payment_transaction,FALSE,banking,synthetic_research
06/09/2026 23:34,0,CASH-CHECK-307793,,,752.91,JPMC-CLIENT-307770,USA,DEPOSIT-CHECK,jpm_fraud_payment,payment_transaction,FALSE,banking,synthetic_research
08/09/2026 11:34,0,QUICK-PAYMENT-303147,JPMC-CLIENT-303122,USA,195.62,CLIENT-303140,RUSSIAN,QUICK-PAYMENT,jpm_fraud_payment,payment_transaction,FALSE,banking,synthetic_research
21/09/2026 4:54,0,PAY-CHECK-298870,CLIENT-298818,USA,782.2,JPMC-CLIENT-298769,USA,PAY-CHECK,jpm_fraud_payment,payment_transaction,FALSE,banking,synthetic_research
22/09/2026 15:44,0,PAYMENT-306518,JPMC-CLIENT-306428,MONTENEGRO,55.93,BILL-COMPANY-306519,BONAIRE,MAKE-PAYMENT,jpm_fraud_payment,payment_transaction,FALSE,banking,synthetic_research
08/10/2026 22:44,0,PAYMENT-304690,JPMC-CLIENT-304488,USA,71.77,BILL-COMPANY-304691,OMAN,MAKE-PAYMENT,jpm_fraud_payment,payment_transaction,FALSE,banking,synthetic_research
13/10/2026 21:24,0,QUICK-PAYMENT-300954,JPMC-CLIENT-300765,USA,222.27,CLIENT-300783,USA,QUICK-PAYMENT,jpm_fraud_payment,payment_transaction,FALSE,banking,synthetic_research
15/10/2026 0:54,0,DEPOSIT-CHECK-304719,,,612.37,JPMC-CLIENT-304488,USA,DEPOSIT-CHECK,jpm_fraud_payment,payment_transaction,FALSE,banking,synthetic_research
18/10/2026 16:04,1,MOVE-FUNDS-304140,JPMC-CLIENT-303890,USA,100.34,CLIENT-303892,TAJIKISTAN,MOVE-FUNDS,jpm_fraud_payment,payment_transaction,TRUE,banking,synthetic_research
22/10/2026 12:54,0,QUICK-PAYMENT-305585,BILL-COMPANY-305439,USA,675.74,JPMC-CLIENT-305346,USA,QUICK-PAYMENT,jpm_fraud_payment,payment_transaction,FALSE,banking,synthetic_research
08/11/2026 13:24,0,MOVE-FUNDS-315134,CLIENT-315115,SLOVENIA,135.1,JPMC-CLIENT-315097,USA,MOVE-FUNDS,jpm_fraud_payment,payment_transaction,FALSE,banking,synthetic_research
20/11/2026 4:34,0,PAYMENT-313158,JPMC-CLIENT-313065,USA,67.61,BILL-COMPANY-313159,USA,MAKE-PAYMENT,jpm_fraud_payment,payment_transaction,FALSE,banking,synthetic_research
22/11/2026 20:34,0,QUICK-PAYMENT-309922,JPMC-CLIENT-309787,USA,193.36,CLIENT-309789,USA,QUICK-PAYMENT,jpm_fraud_payment,payment_transaction,FALSE,banking,synthetic_research
29/11/2026 20:14,0,QUICK-PAYMENT-312379,JPMC-CLIENT-312226,USA,313.25,CLIENT-312228,USA,QUICK-PAYMENT,jpm_fraud_payment,payment_transaction,FALSE,banking,synthetic_research
04/12/2026 21:24,0,PAYMENT-314692,JPMC-CLIENT-314521,USA,31.99,BILL-COMPANY-314693,USA,MAKE-PAYMENT,jpm_fraud_payment,payment_transaction,FALSE,banking,synthetic_research
10/12/2026 13:54,0,PAY-BILL-311458,JPMC-CLIENT-311239,USA,141.55,BILL-COMPANY-311444,USA,MAKE-PAYMENT,jpm_fraud_payment,payment_transaction,FALSE,banking,synthetic_research
10/12/2026 23:14,0,EXCHANGE-316108,JPMC-CLIENT-315902,USA,315.53,,,EXCHANGE,jpm_fraud_payment,payment_transaction,FALSE,banking,synthetic_research
13/12/2026 12:34,0,MOVE-FUNDS-314739,JPMC-CLIENT-314521,USA,816.46,CLIENT-314549,USA,MOVE-FUNDS,jpm_fraud_payment,payment_transaction,FALSE,banking,synthetic_research
14/12/2026 14:14,0,PAY-BILL-313789,JPMC-CLIENT-313551,USA,869.57,BILL-COMPANY-313643,USA,MAKE-PAYMENT,jpm_fraud_payment,payment_transaction,FALSE,banking,synthetic_research
16/12/2026 12:14,0,PAYMENT-314110,JPMC-CLIENT-313884,USA,67.04,BILL-COMPANY-314111,DOMINICA,MAKE-PAYMENT,jpm_fraud_payment,payment_transaction,FALSE,banking,synthetic_research
04/01/2027 15:14,1,QUICK-PAYMENT-324549,JPMC-CLIENT-324512,USA,843.02,CLIENT-324550,MONACO,QUICK-PAYMENT,jpm_fraud_payment,payment_transaction,TRUE,banking,synthetic_research
07/01/2027 17:24,0,MAKE-PAYMENT-322516,CLIENT-322476,AZERBAIJAN,517.26,JPMC-CLIENT-322456,USA,MAKE-PAYMENT,jpm_fraud_payment,payment_transaction,FALSE,banking,synthetic_research
08/01/2027 4:04,0,CASH-CHECK-322737,JPMC-CLIENT-322685,FRENCH-GUIANA,536.84,,,WITHDRAWAL,jpm_fraud_payment,payment_transaction,FALSE,banking,synthetic_research
09/01/2027 17:34,0,MOVE-FUNDS-327168,JPMC-CLIENT-327104,USA,801.59,CLIENT-327122,USA,MOVE-FUNDS,jpm_fraud_payment,payment_transaction,FALSE,banking,synthetic_research
15/01/2027 7:54,0,QUICK-DEPOSIT-321202,,,398.38,JPMC-CLIENT-321100,USA,DEPOSIT-CASH,jpm_fraud_payment,payment_transaction,FALSE,banking,synthetic_research
17/01/2027 9:04,0,PAYMENT-324637,JPMC-CLIENT-324512,USA,400.74,CLIENT-324513,CANADA,MAKE-PAYMENT,jpm_fraud_payment,payment_transaction,FALSE,banking,synthetic_research
18/01/2027 8:04,0,QUICK-DEPOSIT-328376,,,797.98,JPMC-CLIENT-328268,SWEDEN,DEPOSIT-CASH,jpm_fraud_payment,payment_transaction,FALSE,banking,synthetic_research
18/01/2027 21:14,0,PAY-BILL-327357,JPMC-CLIENT-327240,USA,588.68,BILL-COMPANY-327311,SVALBARD,MAKE-PAYMENT,jpm_fraud_payment,payment_transaction,FALSE,banking,synthetic_research
22/01/2027 8:24,0,EXCHANGE-324352,JPMC-CLIENT-324226,USA,825.12,,,WITHDRAWAL,jpm_fraud_payment,payment_transaction,FALSE,banking,synthetic_research
23/01/2027 22:34,0,PAYMENT-325253,JPMC-CLIENT-325112,USA,400.52,CLIENT-325113,CANADA,MAKE-PAYMENT,jpm_fraud_payment,payment_transaction,FALSE,banking,synthetic_research
24/01/2027 11:04,0,PAY-CHECK-328116,JPMC-CLIENT-327966,USA,278.04,JPMC-CLIENT-327968,CANADA,PAY-CHECK,jpm_fraud_payment,payment_transaction,FALSE,banking,synthetic_research
25/01/2027 19:54,0,WITHDRAWAL-325525,JPMC-CLIENT-325394,USA,365.95,,,EXCHANGE,jpm_fraud_payment,payment_transaction,FALSE,banking,synthetic_research
29/01/2027 13:44,0,QUICK-PAYMENT-321285,CLIENT-321119,GREECE,606.9,JPMC-CLIENT-321100,USA,QUICK-PAYMENT,jpm_fraud_payment,payment_transaction,FALSE,banking,synthetic_research
30/01/2027 8:54,0,PAYMENT-320379,JPMC-CLIENT-320238,USA,48.58,BILL-COMPANY-320380,USA,MAKE-PAYMENT,jpm_fraud_payment,payment_transaction,FALSE,banking,synthetic_research
01/02/2027 12:24,0,DEPOSIT-CHECK-327004,,,934.22,JPMC-CLIENT-326821,USA,DEPOSIT-CHECK,jpm_fraud_payment,payment_transaction,FALSE,banking,synthetic_research
06/02/2027 13:44,0,PAY-BILL-325970,JPMC-CLIENT-325764,KUWAIT,875.68,BILL-COMPANY-325959,USA,MAKE-PAYMENT,jpm_fraud_payment,payment_transaction,FALSE,banking,synthetic_research
11/02/2027 18:04,0,PAY-BILL-323224,JPMC-CLIENT-322967,USA,129.48,BILL-COMPANY-323188,USA,MAKE-PAYMENT,jpm_fraud_payment,payment_transaction,FALSE,banking,synthetic_research
19/02/2027 6:24,0,PAYMENT-328552,JPMC-CLIENT-328268,USA,51.25,BILL-COMPANY-328553,HAITI,MAKE-PAYMENT,jpm_fraud_payment,payment_transaction,FALSE,banking,synthetic_research
07/03/2027 6:04,0,MOVE-FUNDS-329456,JPMC-CLIENT-329399,USA,890.81,CLIENT-329401,USA,MOVE-FUNDS,jpm_fraud_payment,payment_transaction,FALSE,banking,synthetic_research
21/03/2027 10:34,0,MOVE-FUNDS-336685,JPMC-CLIENT-336555,USA,367.65,JPMC-CLIENT-336557,USA,MOVE-FUNDS,jpm_fraud_payment,payment_transaction,FALSE,banking,synthetic_research
22/03/2027 2:34,0,PAYMENT-333690,JPMC-CLIENT-333534,USA,400.97,JPMC-CLIENT-333535,CANADA,MAKE-PAYMENT,jpm_fraud_payment,payment_transaction,FALSE,banking,synthetic_research
22/03/2027 22:54,0,QUICK-PAYMENT-333079,JPMC-CLIENT-332942,USA,432.22,CLIENT-332960,HUNGARY,QUICK-PAYMENT,jpm_fraud_payment,payment_transaction,FALSE,banking,synthetic_research
23/03/2027 3:04,0,WITHDRAWAL-333704,JPMC-CLIENT-333534,USA,478.91,,,WITHDRAWAL,jpm_fraud_payment,payment_transaction,FALSE,banking,synthetic_research
23/03/2027 23:54,0,MAKE-PAYMENT-338421,JPMC-CLIENT-338270,USA,861.2,JPMC-CLIENT-338273,CANADA,MAKE-PAYMENT,jpm_fraud_payment,payment_transaction,FALSE,banking,synthetic_research
25/03/2027 13:44,0,QUICK-PAYMENT-334315,JPMC-CLIENT-334152,USA,268.37,JPMC-CLIENT-334154,USA,QUICK-PAYMENT,jpm_fraud_payment,payment_transaction,FALSE,banking,synthetic_research
28/03/2027 14:24,0,MOVE-FUNDS-335740,BILL-COMPANY-335738,USA,108.14,JPMC-CLIENT-335568,USA,MOVE-FUNDS,jpm_fraud_payment,payment_transaction,FALSE,banking,synthetic_research
28/03/2027 14:54,0,PAYMENT-329025,JPMC-CLIENT-328856,USA,25.92,BILL-COMPANY-329026,USA,MAKE-PAYMENT,jpm_fraud_payment,payment_transaction,FALSE,banking,synthetic_research
01/04/2027 15:34,0,MOVE-FUNDS-335751,JPMC-CLIENT-335568,USA,849.21,CLIENT-335570,CANADA,MOVE-FUNDS,jpm_fraud_payment,payment_transaction,FALSE,banking,synthetic_research
05/04/2027 5:54,1,WITHDRAWAL-330817,JPMC-CLIENT-330593,USA,541.99,,,WITHDRAWAL,jpm_fraud_payment,payment_transaction,TRUE,banking,synthetic_research
06/04/2027 6:44,1,MAKE-PAYMENT-330810,JPMC-CLIENT-330593,USA,533.95,CLIENT-330611,USA,MAKE-PAYMENT,jpm_fraud_payment,payment_transaction,TRUE,banking,synthetic_research
15/04/2027 19:34,0,PAYMENT-335528,JPMC-CLIENT-335280,USA,400.69,JPMC-CLIENT-335281,CANADA,MAKE-PAYMENT,jpm_fraud_payment,payment_transaction,FALSE,banking,synthetic_research
24/04/2027 19:24,0,CASH-CHECK-342775,JPMC-CLIENT-342755,USA,100.1,,,EXCHANGE,jpm_fraud_payment,payment_transaction,FALSE,banking,synthetic_research
27/04/2027 8:04,0,PAY-CHECK-342785,JPMC-CLIENT-342755,USA,971.18,CLIENT-342759,USA,PAY-CHECK,jpm_fraud_payment,payment_transaction,FALSE,banking,synthetic_research
28/04/2027 8:44,0,DEPOSIT-CASH-347835,,,689.35,JPMC-CLIENT-347800,USA,DEPOSIT-CASH,jpm_fraud_payment,payment_transaction,FALSE,banking,synthetic_research
29/04/2027 20:44,0,PAYMENT-342509,JPMC-CLIENT-342465,USA,28.18,BILL-COMPANY-342510,USA,MAKE-PAYMENT,jpm_fraud_payment,payment_transaction,FALSE,banking,synthetic_research
01/05/2027 8:34,0,PAYMENT-343385,JPMC-CLIENT-343344,USA,17.05,BILL-COMPANY-343386,USA,MAKE-PAYMENT,jpm_fraud_payment,payment_transaction,FALSE,banking,synthetic_research
04/05/2027 22:54,0,PAYMENT-348929,JPMC-CLIENT-348857,USA,81.46,BILL-COMPANY-348930,USA,MAKE-PAYMENT,jpm_fraud_payment,payment_transaction,FALSE,banking,synthetic_research
05/05/2027 11:14,0,PAY-BILL-341268,JPMC-CLIENT-341189,ISRAEL,536.48,JPMC-COMPANY-341193,GERMANY,MAKE-PAYMENT,jpm_fraud_payment,payment_transaction,FALSE,banking,synthetic_research
07/05/2027 11:04,0,DEPOSIT-CHECK-347879,,,290.37,JPMC-CLIENT-347800,USA,DEPOSIT-CHECK,jpm_fraud_payment,payment_transaction,FALSE,banking,synthetic_research
12/05/2027 2:54,0,MOVE-FUNDS-345144,JPMC-CLIENT-345027,USA,496.33,CLIENT-345045,USA,MOVE-FUNDS,jpm_fraud_payment,payment_transaction,FALSE,banking,synthetic_research
13/05/2027 13:54,0,PAYMENT-345586,JPMC-CLIENT-345469,URUGUAY,75.86,BILL-COMPANY-345587,USA,MAKE-PAYMENT,jpm_fraud_payment,payment_transaction,FALSE,banking,synthetic_research
15/05/2027 13:54,0,PAY-BILL-340982,JPMC-CLIENT-340858,USA,100.36,JPMC-COMPANY-340861,USA,MAKE-PAYMENT,jpm_fraud_payment,payment_transaction,FALSE,banking,synthetic_research
18/05/2027 1:14,0,MOVE-FUNDS-339001,COMPANY-338891,GERMANY,2000.16,JPMC-CLIENT-338889,USA,MOVE-FUNDS,jpm_fraud_payment,payment_transaction,FALSE,banking,synthetic_research
29/05/2027 16:24,0,WITHDRAWAL-342936,JPMC-CLIENT-342755,USA,842.62,,,WITHDRAWAL,jpm_fraud_payment,payment_transaction,FALSE,banking,synthetic_research
02/06/2027 18:34,0,PAY-BILL-347123,JPMC-CLIENT-346918,USA,814.17,JPMC-COMPANY-346922,USA,MAKE-PAYMENT,jpm_fraud_payment,payment_transaction,FALSE,banking,synthetic_research
03/06/2027 15:54,0,QUICK-PAYMENT-347704,JPMC-CLIENT-347519,MONTENEGRO,653.74,JPMC-CLIENT-347517,USA,QUICK-PAYMENT,jpm_fraud_payment,payment_transaction,FALSE,banking,synthetic_research
07/06/2027 8:24,0,MAKE-PAYMENT-349653,BILL-COMPANY-349463,GREECE,689.51,JPMC-CLIENT-349422,N-MARIANA-IS,MAKE-PAYMENT,jpm_fraud_payment,payment_transaction,FALSE,banking,synthetic_research
07/06/2027 19:34,0,MOVE-FUNDS-340226,COMPANY-340010,GERMANY,2000.15,JPMC-CLIENT-340006,USA,MOVE-FUNDS,jpm_fraud_payment,payment_transaction,FALSE,banking,synthetic_research
13/06/2027 0:04,0,PAYMENT-347476,JPMC-CLIENT-347202,USA,400.25,JPMC-CLIENT-347203,CANADA,MAKE-PAYMENT,jpm_fraud_payment,payment_transaction,FALSE,banking,synthetic_research
18/06/2027 9:24,0,PAYMENT-339153,JPMC-CLIENT-338889,USA,12.85,BILL-COMPANY-339154,USA,MAKE-PAYMENT,jpm_fraud_payment,payment_transaction,FALSE,banking,synthetic_research
19/06/2027 21:54,0,QUICK-PAYMENT-356747,CLIENT-356748,USA,100.34,JPMC-CLIENT-356730,USA,QUICK-PAYMENT,jpm_fraud_payment,payment_transaction,FALSE,banking,synthetic_research
20/06/2027 22:14,0,EXCHANGE-350344,JPMC-CLIENT-350319,USA,100.95,,,EXCHANGE,jpm_fraud_payment,payment_transaction,FALSE,banking,synthetic_research
21/06/2027 10:14,0,MOVE-FUNDS-359025,JPMC-CLIENT-359001,USA,343.06,CLIENT-359019,HONG-KONG,MOVE-FUNDS,jpm_fraud_payment,payment_transaction,FALSE,banking,synthetic_research
21/06/2027 11:34,0,PAY-BILL-352851,JPMC-CLIENT-352819,AZERBAIJAN,909.88,COMPANY-352823,LIECHTENSTEIN,MAKE-PAYMENT,jpm_fraud_payment,payment_transaction,FALSE,banking,synthetic_research
23/06/2027 10:54,0,WITHDRAWAL-351721,JPMC-CLIENT-351690,USA,887.24,,,WITHDRAWAL,jpm_fraud_payment,payment_transaction,FALSE,banking,synthetic_research
23/06/2027 23:54,0,MOVE-FUNDS-352572,COMPANY-352543,GERMANY,2000.83,JPMC-CLIENT-352538,USA,MOVE-FUNDS,jpm_fraud_payment,payment_transaction,FALSE,banking,synthetic_research
25/06/2027 13:44,0,DEPOSIT-CASH-357629,,,476.96,JPMC-CLIENT-357571,USA,DEPOSIT-CASH,jpm_fraud_payment,payment_transaction,FALSE,banking,synthetic_research
04/07/2027 1:34,0,QUICK-DEPOSIT-353727,,,581.9,JPMC-CLIENT-353643,USA,DEPOSIT-CASH,jpm_fraud_payment,payment_transaction,FALSE,banking,synthetic_research
04/07/2027 13:54,0,DEPOSIT-CHECK-360846,,,448.29,JPMC-CLIENT-360758,USA,DEPOSIT-CHECK,jpm_fraud_payment,payment_transaction,FALSE,banking,synthetic_research
05/07/2027 15:14,0,PAY-CHECK-353745,CLIENT-353663,POLAND,256.29,JPMC-CLIENT-353643,USA,PAY-CHECK,jpm_fraud_payment,payment_transaction,FALSE,banking,synthetic_research
10/07/2027 17:04,0,QUICK-DEPOSIT-358567,,,810.32,JPMC-CLIENT-358439,USA,DEPOSIT-CASH,jpm_fraud_payment,payment_transaction,FALSE,banking,synthetic_research
13/07/2027 4:44,0,CASH-CHECK-355186,JPMC-CLIENT-355052,USA,326.65,,,WITHDRAWAL,jpm_fraud_payment,payment_transaction,FALSE,banking,synthetic_research
25/07/2027 2:14,0,PAY-BILL-354952,JPMC-CLIENT-354717,USA,989.09,BILL-COMPANY-354940,USA,MAKE-PAYMENT,jpm_fraud_payment,payment_transaction,FALSE,banking,synthetic_research
26/07/2027 20:14,0,DEPOSIT-CASH-359490,,,846.28,JPMC-CLIENT-359286,USA,DEPOSIT-CASH,jpm_fraud_payment,payment_transaction,FALSE,banking,synthetic_research
29/07/2027 16:24,0,CASH-CHECK-356113,JPMC-CLIENT-355849,PORTUGAL,129.82,,,WITHDRAWAL,jpm_fraud_payment,payment_transaction,FALSE,banking,synthetic_research
30/07/2027 8:34,0,QUICK-PAYMENT-358342,JPMC-CLIENT-358132,USA,690.56,CLIENT-358315,USA,QUICK-PAYMENT,jpm_fraud_payment,payment_transaction,FALSE,banking,synthetic_research
12/08/2027 12:24,0,PAY-BILL-352532,JPMC-CLIENT-352250,USA,642.25,COMPANY-352255,GABON,MAKE-PAYMENT,jpm_fraud_payment,payment_transaction,FALSE,banking,synthetic_research
14/08/2027 0:34,0,PAYMENT-357003,JPMC-CLIENT-356730,USA,7.65,BILL-COMPANY-357004,USA,MAKE-PAYMENT,jpm_fraud_payment,payment_transaction,FALSE,banking,synthetic_research
21/08/2027 2:34,0,DEPOSIT-CHECK-361981,,,505.99,JPMC-CLIENT-361927,USA,DEPOSIT-CHECK,jpm_fraud_payment,payment_transaction,FALSE,banking,synthetic_research
23/08/2027 0:54,0,PAYMENT-363844,JPMC-CLIENT-363802,USA,40.98,BILL-COMPANY-363845,AMERICAN-SAMOA,MAKE-PAYMENT,jpm_fraud_payment,payment_transaction,FALSE,banking,synthetic_research
23/08/2027 2:24,0,PAY-BILL-369617,JPMC-CLIENT-369566,USA,859.32,BILL-COMPANY-369609,USA,MAKE-PAYMENT,jpm_fraud_payment,payment_transaction,FALSE,banking,synthetic_research
23/08/2027 2:34,0,MAKE-PAYMENT-365622,JPMC-CLIENT-365567,USA,455.91,CLIENT-365585,BANGLADESH,MAKE-PAYMENT,jpm_fraud_payment,payment_transaction,FALSE,banking,synthetic_research
24/08/2027 2:34,0,DEPOSIT-CASH-369621,,,133.02,JPMC-CLIENT-369566,USA,DEPOSIT-CASH,jpm_fraud_payment,payment_transaction,FALSE,banking,synthetic_research
25/08/2027 4:14,0,MAKE-PAYMENT-365044,CLIENT-364968,USA,854.46,JPMC-CLIENT-364967,USA,MAKE-PAYMENT,jpm_fraud_payment,payment_transaction,FALSE,banking,synthetic_research
28/08/2027 4:44,0,MAKE-PAYMENT-371214,JPMC-CLIENT-371130,USA,983.64,CLIENT-371148,ARGENTINA,MAKE-PAYMENT,jpm_fraud_payment,payment_transaction,FALSE,banking,synthetic_research
06/09/2027 7:14,0,QUICK-PAYMENT-361773,CLIENT-361662,PITCAIRN,764.85,JPMC-CLIENT-361644,USA,QUICK-PAYMENT,jpm_fraud_payment,payment_transaction,FALSE,banking,synthetic_research
07/09/2027 6:24,0,MOVE-FUNDS-369134,JPMC-CLIENT-369008,USA,100.1,CLIENT-369026,CHAD,MOVE-FUNDS,jpm_fraud_payment,payment_transaction,FALSE,banking,synthetic_research
07/09/2027 18:24,0,MOVE-FUNDS-369135,JPMC-CLIENT-369008,USA,121.3,CLIENT-369026,CHAD,MOVE-FUNDS,jpm_fraud_payment,payment_transaction,FALSE,banking,synthetic_research
11/09/2027 18:34,0,MOVE-FUNDS-365390,JPMC-CLIENT-365253,USA,868.82,BILL-COMPANY-365322,MADAGASCAR,MOVE-FUNDS,jpm_fraud_payment,payment_transaction,FALSE,banking,synthetic_research
11/09/2027 20:54,0,QUICK-PAYMENT-361800,JPMC-CLIENT-361644,USA,943.81,BILL-COMPANY-361764,MOLDOVA,QUICK-PAYMENT,jpm_fraud_payment,payment_transaction,FALSE,banking,synthetic_research
14/09/2027 23:14,0,QUICK-PAYMENT-365152,JPMC-CLIENT-364967,USA,647.61,CLIENT-364968,USA,QUICK-PAYMENT,jpm_fraud_payment,payment_transaction,FALSE,banking,synthetic_research
19/09/2027 23:34,0,PAYMENT-369918,JPMC-CLIENT-369724,GUERNSEY,39.79,BILL-COMPANY-369919,QATAR,MAKE-PAYMENT,jpm_fraud_payment,payment_transaction,FALSE,banking,synthetic_research
20/09/2027 6:14,0,PAY-CHECK-368103,BILL-COMPANY-368086,USA,328.99,JPMC-CLIENT-367858,USA,PAY-CHECK,jpm_fraud_payment,payment_transaction,FALSE,banking,synthetic_research
20/09/2027 11:44,0,PAYMENT-364896,JPMC-CLIENT-364693,USA,44.05,BILL-COMPANY-364897,ETHIOPIA,MAKE-PAYMENT,jpm_fraud_payment,payment_transaction,FALSE,banking,synthetic_research
20/09/2027 18:14,0,WITHDRAWAL-368104,JPMC-CLIENT-367858,USA,202.84,,,WITHDRAWAL,jpm_fraud_payment,payment_transaction,FALSE,banking,synthetic_research
21/09/2027 8:54,0,WITHDRAWAL-368598,JPMC-CLIENT-368414,USA,614.03,,,EXCHANGE,jpm_fraud_payment,payment_transaction,FALSE,banking,synthetic_research
27/09/2027 18:44,0,PAYMENT-370272,JPMC-CLIENT-370004,USA,44.93,BILL-COMPANY-370273,SINT-MAARTEN,MAKE-PAYMENT,jpm_fraud_payment,payment_transaction,FALSE,banking,synthetic_research
12/10/2027 2:24,0,PAY-BILL-382401,JPMC-CLIENT-382379,USA,130.15,COMPANY-382385,USA,MAKE-PAYMENT,jpm_fraud_payment,payment_transaction,FALSE,banking,synthetic_research
15/10/2027 3:24,0,QUICK-PAYMENT-382695,CLIENT-382682,USA,381.41,JPMC-CLIENT-382664,USA,QUICK-PAYMENT,jpm_fraud_payment,payment_transaction,FALSE,banking,synthetic_research
18/10/2027 15:34,0,PAYMENT-376357,JPMC-CLIENT-376315,USA,66.37,BILL-COMPANY-376358,PARAGUAY,MAKE-PAYMENT,jpm_fraud_payment,payment_transaction,FALSE,banking,synthetic_research
19/10/2027 5:04,0,MAKE-PAYMENT-378896,CLIENT-378857,USA,649.51,JPMC-CLIENT-378839,USA,MAKE-PAYMENT,jpm_fraud_payment,payment_transaction,FALSE,banking,synthetic_research
22/10/2027 18:34,0,QUICK-DEPOSIT-384810,,,637.72,JPMC-CLIENT-384730,USA,DEPOSIT-CASH,jpm_fraud_payment,payment_transaction,FALSE,banking,synthetic_research
24/10/2027 8:04,0,PAYMENT-377475,JPMC-CLIENT-377379,USA,400.53,CLIENT-377381,CANADA,MAKE-PAYMENT,jpm_fraud_payment,payment_transaction,FALSE,banking,synthetic_research
25/10/2027 4:54,0,MOVE-FUNDS-375262,JPMC-CLIENT-375188,USA,612.27,CLIENT-375206,ARMENIA,MOVE-FUNDS,jpm_fraud_payment,payment_transaction,FALSE,banking,synthetic_research
28/10/2027 7:04,0,PAYMENT-380857,JPMC-CLIENT-380754,USA,99.32,BILL-COMPANY-380858,USA,MAKE-PAYMENT,jpm_fraud_payment,payment_transaction,FALSE,banking,synthetic_research
03/11/2027 21:14,0,MAKE-PAYMENT-378088,JPMC-CLIENT-377949,USA,508.95,CLIENT-377967,USA,MAKE-PAYMENT,jpm_fraud_payment,payment_transaction,FALSE,banking,synthetic_research
05/11/2027 9:34,0,PAYMENT-384189,JPMC-CLIENT-384036,USA,58.52,BILL-COMPANY-384190,GIBRALTAR,MAKE-PAYMENT,jpm_fraud_payment,payment_transaction,FALSE,banking,synthetic_research
13/11/2027 8:44,0,PAY-BILL-379290,JPMC-CLIENT-379126,USA,475.26,COMPANY-379129,NAMIBIA,MAKE-PAYMENT,jpm_fraud_payment,payment_transaction,FALSE,banking,synthetic_research
15/11/2027 0:04,0,PAY-BILL-383387,JPMC-CLIENT-383198,USA,665.12,BILL-COMPANY-383238,USA,MAKE-PAYMENT,jpm_fraud_payment,payment_transaction,FALSE,banking,synthetic_research
16/11/2027 10:24,0,CASH-CHECK-379808,,,100.66,JPMC-CLIENT-379625,USA,DEPOSIT-CHECK,jpm_fraud_payment,payment_transaction,FALSE,banking,synthetic_research
18/11/2027 13:54,0,QUICK-PAYMENT-382880,JPMC-CLIENT-382664,USA,470.27,CLIENT-382682,USA,QUICK-PAYMENT,jpm_fraud_payment,payment_transaction,FALSE,banking,synthetic_research
19/11/2027 14:04,0,MOVE-FUNDS-382884,CLIENT-382682,USA,100.17,JPMC-CLIENT-382664,USA,MOVE-FUNDS,jpm_fraud_payment,payment_transaction,FALSE,banking,synthetic_research
20/11/2027 7:24,0,QUICK-DEPOSIT-377648,,,100.34,JPMC-CLIENT-377379,USA,DEPOSIT-CASH,jpm_fraud_payment,payment_transaction,FALSE,banking,synthetic_research
21/11/2027 5:34,0,DEPOSIT-CHECK-374598,,,744.14,JPMC-CLIENT-374346,USA,DEPOSIT-CHECK,jpm_fraud_payment,payment_transaction,FALSE,banking,synthetic_research
22/11/2027 18:34,0,WITHDRAWAL-384991,JPMC-CLIENT-384730,USA,644.84,,,WITHDRAWAL,jpm_fraud_payment,payment_transaction,FALSE,banking,synthetic_research
23/11/2027 3:04,0,DEPOSIT-CASH-374270,,,928.73,JPMC-CLIENT-374033,USA,DEPOSIT-CASH,jpm_fraud_payment,payment_transaction,FALSE,banking,synthetic_research
23/11/2027 16:14,0,MOVE-FUNDS-385553,COMPANY-385312,GERMANY,2000.61,JPMC-CLIENT-385308,USA,MOVE-FUNDS,jpm_fraud_payment,payment_transaction,FALSE,banking,synthetic_research
25/11/2027 4:54,0,PAYMENT-376572,JPMC-CLIENT-376315,USA,40.54,BILL-COMPANY-376573,USA,MAKE-PAYMENT,jpm_fraud_payment,payment_transaction,FALSE,banking,synthetic_research
25/11/2027 13:34,0,WITHDRAWAL-377021,JPMC-CLIENT-376789,USA,487.17,,,WITHDRAWAL,jpm_fraud_payment,payment_transaction,FALSE,banking,synthetic_research
27/11/2027 2:24,0,MOVE-FUNDS-375991,JPMC-CLIENT-375752,USA,561.62,BILL-COMPANY-375817,TANZANIA,MOVE-FUNDS,jpm_fraud_payment,payment_transaction,FALSE,banking,synthetic_research
04/12/2027 3:14,0,CASH-CHECK-379395,,,484.24,JPMC-CLIENT-379126,USA,DEPOSIT-CHECK,jpm_fraud_payment,payment_transaction,FALSE,banking,synthetic_research
12/12/2027 15:44,0,MAKE-PAYMENT-393963,CLIENT-393950,THAILAND,369.95,JPMC-CLIENT-393932,USA,MAKE-PAYMENT,jpm_fraud_payment,payment_transaction,FALSE,banking,synthetic_research
14/12/2027 15:04,0,DEPOSIT-CASH-395607,,,156.98,JPMC-CLIENT-395576,USA,DEPOSIT-CASH,jpm_fraud_payment,payment_transaction,FALSE,banking,synthetic_research
15/12/2027 19:04,0,MOVE-FUNDS-391770,COMPANY-391714,GERMANY,2000.6,JPMC-CLIENT-391709,USA,MOVE-FUNDS,jpm_fraud_payment,payment_transaction,FALSE,banking,synthetic_research
22/12/2027 4:34,0,PAYMENT-389788,JPMC-CLIENT-389722,USA,19.67,BILL-COMPANY-389789,USA,MAKE-PAYMENT,jpm_fraud_payment,payment_transaction,FALSE,banking,synthetic_research
22/12/2027 5:24,0,PAYMENT-386875,JPMC-CLIENT-386810,USA,38.78,BILL-COMPANY-386876,USA,MAKE-PAYMENT,jpm_fraud_payment,payment_transaction,FALSE,banking,synthetic_research
24/12/2027 20:34,0,MAKE-PAYMENT-393729,JPMC-CLIENT-393626,SEYCHELLES,751.33,CLIENT-393644,COOK-ISLANDS,MAKE-PAYMENT,jpm_fraud_payment,payment_transaction,FALSE,banking,synthetic_research
26/12/2027 9:14,0,DEPOSIT-CHECK-393149,,,100.96,JPMC-CLIENT-393040,USA,DEPOSIT-CHECK,jpm_fraud_payment,payment_transaction,FALSE,banking,synthetic_research
29/12/2027 7:24,0,QUICK-PAYMENT-385988,JPMC-CLIENT-385885,USA,429.56,JPMC-CLIENT-385887,CANADA,QUICK-PAYMENT,jpm_fraud_payment,payment_transaction,FALSE,banking,synthetic_research
30/12/2027 9:24,0,PAY-CHECK-386372,CLIENT-386248,USA,100.25,JPMC-CLIENT-386246,USA,PAY-CHECK,jpm_fraud_payment,payment_transaction,FALSE,banking,synthetic_research
30/12/2027 19:14,0,MAKE-PAYMENT-389832,JPMC-CLIENT-389722,USA,583.62,CLIENT-389746,USA,MAKE-PAYMENT,jpm_fraud_payment,payment_transaction,FALSE,banking,synthetic_research
02/01/2028 22:04,0,WITHDRAWAL-394372,JPMC-CLIENT-394237,USA,734.21,,,WITHDRAWAL,jpm_fraud_payment,payment_transaction,FALSE,banking,synthetic_research
10/01/2028 0:34,0,MOVE-FUNDS-390768,JPMC-CLIENT-390590,USA,147.89,CLIENT-390609,USA,MOVE-FUNDS,jpm_fraud_payment,payment_transaction,FALSE,banking,synthetic_research
10/01/2028 0:54,0,PAYMENT-395177,JPMC-CLIENT-395006,USA,58.81,BILL-COMPANY-395178,USA,MAKE-PAYMENT,jpm_fraud_payment,payment_transaction,FALSE,banking,synthetic_research
10/01/2028 12:44,0,PAY-BILL-390770,JPMC-CLIENT-390590,SPAIN,439.54,BILL-COMPANY-390739,USA,MAKE-PAYMENT,jpm_fraud_payment,payment_transaction,FALSE,banking,synthetic_research
11/01/2028 11:34,0,PAYMENT-387527,JPMC-CLIENT-387354,USA,33.27,BILL-COMPANY-387528,USA,MAKE-PAYMENT,jpm_fraud_payment,payment_transaction,FALSE,banking,synthetic_research
11/01/2028 11:54,0,PAYMENT-389075,JPMC-CLIENT-388899,USA,58.91,BILL-COMPANY-389076,USA,MAKE-PAYMENT,jpm_fraud_payment,payment_transaction,FALSE,banking,synthetic_research
15/01/2028 13:34,0,QUICK-PAYMENT-396054,CLIENT-395858,CANADA,100.04,JPMC-CLIENT-395856,USA,QUICK-PAYMENT,jpm_fraud_payment,payment_transaction,FALSE,banking,synthetic_research
20/01/2028 15:24,0,PAY-CHECK-391091,CLIENT-390889,USA,165.12,JPMC-CLIENT-390871,ALGERIA,PAY-CHECK,jpm_fraud_payment,payment_transaction,FALSE,banking,synthetic_research
22/01/2028 16:04,0,QUICK-PAYMENT-388461,CLIENT-388231,USA,100.89,JPMC-CLIENT-388228,USA,QUICK-PAYMENT,jpm_fraud_payment,payment_transaction,FALSE,banking,synthetic_research
27/01/2028 18:54,0,PAYMENT-390859,JPMC-CLIENT-390590,SPAIN,400.96,CLIENT-390591,CANADA,MAKE-PAYMENT,jpm_fraud_payment,payment_transaction,FALSE,banking,synthetic_research
07/02/2028 4:44,0,PAY-CHECK-401654,JPMC-CLIENT-401632,USA,167.86,CLIENT-401634,CANADA,PAY-CHECK,jpm_fraud_payment,payment_transaction,FALSE,banking,synthetic_research
09/02/2028 5:34,0,PAY-CHECK-401661,JPMC-CLIENT-401632,USA,538.22,JPMC-COMPANY-401636,USA,PAY-CHECK,jpm_fraud_payment,payment_transaction,FALSE,banking,synthetic_research
10/02/2028 5:44,0,PAY-CHECK-405344,JPMC-CLIENT-405308,USA,210.86,CLIENT-405330,CONGO-DEM-REP,PAY-CHECK,jpm_fraud_payment,payment_transaction,FALSE,banking,synthetic_research
11/02/2028 5:14,0,PAY-BILL-403058,JPMC-CLIENT-403021,USA,926.64,JPMC-COMPANY-403028,USA,MAKE-PAYMENT,jpm_fraud_payment,payment_transaction,FALSE,banking,synthetic_research
14/02/2028 17:14,1,QUICK-PAYMENT-405646,JPMC-CLIENT-405591,ST-VINCENT-GRENADINES,100.01,JPMC-CLIENT-405593,USA,QUICK-PAYMENT,jpm_fraud_payment,payment_transaction,TRUE,banking,synthetic_research
14/02/2028 17:54,0,MAKE-PAYMENT-402227,JPMC-CLIENT-402178,USA,914.8,CLIENT-402180,MONGOLIA,MAKE-PAYMENT,jpm_fraud_payment,payment_transaction,FALSE,banking,synthetic_research
17/02/2028 20:34,0,PAY-BILL-403380,JPMC-CLIENT-403303,SUDAN,646.81,BILL-COMPANY-403369,USA,MAKE-PAYMENT,jpm_fraud_payment,payment_transaction,FALSE,banking,synthetic_research
18/02/2028 19:24,0,QUICK-PAYMENT-401421,JPMC-CLIENT-401348,USA,334.93,BILL-COMPANY-401390,DJIBOUTI,QUICK-PAYMENT,jpm_fraud_payment,payment_transaction,FALSE,banking,synthetic_research
18/02/2028 19:44,0,EXCHANGE-402817,JPMC-CLIENT-402739,USA,892.39,,,EXCHANGE,jpm_fraud_payment,payment_transaction,FALSE,banking,synthetic_research
23/02/2028 8:54,0,PAYMENT-398212,JPMC-CLIENT-398121,USA,400.46,CLIENT-398122,CANADA,MAKE-PAYMENT,jpm_fraud_payment,payment_transaction,FALSE,banking,synthetic_research
24/02/2028 22:04,0,QUICK-DEPOSIT-403696,,,359.36,JPMC-CLIENT-403589,USA,DEPOSIT-CASH,jpm_fraud_payment,payment_transaction,FALSE,banking,synthetic_research
26/02/2028 13:54,0,DEPOSIT-CHECK-404884,,,564.76,JPMC-CLIENT-404746,USA,DEPOSIT-CHECK,jpm_fraud_payment,payment_transaction,FALSE,banking,synthetic_research
26/02/2028 22:24,0,PAY-CHECK-397102,JPMC-CLIENT-396975,USA,766.91,CLIENT-396977,USA,PAY-CHECK,jpm_fraud_payment,payment_transaction,FALSE,banking,synthetic_research
27/02/2028 21:24,0,MOVE-FUNDS-405138,JPMC-CLIENT-405028,USA,700.5,CLIENT-405048,FALKLAND-ISLANDS,MOVE-FUNDS,jpm_fraud_payment,payment_transaction,FALSE,banking,synthetic_research
28/02/2028 10:44,0,PAYMENT-407344,JPMC-CLIENT-407226,USA,3.24,BILL-COMPANY-407345,USA,MAKE-PAYMENT,jpm_fraud_payment,payment_transaction,FALSE,banking,synthetic_research
29/02/2028 10:54,0,DEPOSIT-CHECK-406565,,,100.04,JPMC-CLIENT-406438,USA,DEPOSIT-CHECK,jpm_fraud_payment,payment_transaction,FALSE,banking,synthetic_research
01/03/2028 12:24,0,QUICK-DEPOSIT-396833,,,995.72,JPMC-CLIENT-396699,USA,DEPOSIT-CASH,jpm_fraud_payment,payment_transaction,FALSE,banking,synthetic_research
02/03/2028 0:04,0,QUICK-PAYMENT-403726,JPMC-CLIENT-403589,USA,869.44,JPMC-CLIENT-403591,USA,QUICK-PAYMENT,jpm_fraud_payment,payment_transaction,FALSE,banking,synthetic_research
04/03/2028 1:24,0,PAY-BILL-396850,JPMC-CLIENT-396699,USA,100.11,BILL-COMPANY-396793,USA,MAKE-PAYMENT,jpm_fraud_payment,payment_transaction,FALSE,banking,synthetic_research
08/03/2028 2:54,0,WITHDRAWAL-396873,JPMC-CLIENT-396699,USA,631.78,,,EXCHANGE,jpm_fraud_payment,payment_transaction,FALSE,banking,synthetic_research
11/03/2028 1:34,0,DEPOSIT-CASH-397154,,,100.3,JPMC-CLIENT-396975,USA,DEPOSIT-CASH,jpm_fraud_payment,payment_transaction,FALSE,banking,synthetic_research
16/03/2028 4:24,0,PAY-BILL-407154,JPMC-CLIENT-406939,USA,632.96,BILL-COMPANY-406981,USA,MAKE-PAYMENT,jpm_fraud_payment,payment_transaction,FALSE,banking,synthetic_research
27/03/2028 18:54,0,PAYMENT-400653,JPMC-CLIENT-400403,CHAD,59.03,BILL-COMPANY-400654,MACAU,MAKE-PAYMENT,jpm_fraud_payment,payment_transaction,FALSE,banking,synthetic_research
01/04/2028 19:54,0,MOVE-FUNDS-405865,COMPANY-405596,GERMANY,2000.79,JPMC-CLIENT-405591,USA,MOVE-FUNDS,jpm_fraud_payment,payment_transaction,FALSE,banking,synthetic_research
10/04/2028 8:04,0,DEPOSIT-CHECK-408646,,,682.27,JPMC-CLIENT-408598,USA,DEPOSIT-CHECK,jpm_fraud_payment,payment_transaction,FALSE,banking,synthetic_research
12/04/2028 10:14,0,QUICK-PAYMENT-418900,JPMC-CLIENT-418843,USA,197.59,BILL-COMPANY-418880,ETHIOPIA,QUICK-PAYMENT,jpm_fraud_payment,payment_transaction,FALSE,banking,synthetic_research
12/04/2028 22:14,0,QUICK-PAYMENT-418054,JPMC-CLIENT-417994,UKRAINE,974.79,JPMC-CLIENT-417992,USA,QUICK-PAYMENT,jpm_fraud_payment,payment_transaction,FALSE,banking,synthetic_research
15/04/2028 10:24,0,PAYMENT-415727,JPMC-CLIENT-415660,USA,400.15,CLIENT-415661,CANADA,MAKE-PAYMENT,jpm_fraud_payment,payment_transaction,FALSE,banking,synthetic_research
24/04/2028 13:14,0,QUICK-PAYMENT-411605,JPMC-CLIENT-411490,USA,156.28,JPMC-CLIENT-411492,USA,QUICK-PAYMENT,jpm_fraud_payment,payment_transaction,FALSE,banking,synthetic_research
26/04/2028 1:34,0,MAKE-PAYMENT-412202,JPMC-CLIENT-412079,USA,277.64,CLIENT-412081,USA,MAKE-PAYMENT,jpm_fraud_payment,payment_transaction,FALSE,banking,synthetic_research
27/04/2028 6:54,0,PAY-BILL-409627,JPMC-CLIENT-409462,SINT-EUSTATIUS-AND-SABA,814.93,COMPANY-409467,USA,MAKE-PAYMENT,jpm_fraud_payment,payment_transaction,FALSE,banking,synthetic_research
08/05/2028 18:34,0,QUICK-PAYMENT-412550,CLIENT-412376,JAPAN,100.9,JPMC-CLIENT-412358,USA,QUICK-PAYMENT,jpm_fraud_payment,payment_transaction,FALSE,banking,synthetic_research
09/05/2028 20:14,0,DEPOSIT-CHECK-413432,,,100.15,JPMC-CLIENT-413222,USA,DEPOSIT-CHECK,jpm_fraud_payment,payment_transaction,FALSE,banking,synthetic_research
15/05/2028 20:54,0,MOVE-FUNDS-409112,COMPANY-408891,GERMANY,2000.14,JPMC-CLIENT-408887,USA,MOVE-FUNDS,jpm_fraud_payment,payment_transaction,FALSE,banking,synthetic_research
16/05/2028 4:14,0,PAYMENT-414057,JPMC-CLIENT-413860,USA,0.26,BILL-COMPANY-414058,DJIBOUTI,MAKE-PAYMENT,jpm_fraud_payment,payment_transaction,FALSE,banking,synthetic_research
16/05/2028 6:14,0,QUICK-DEPOSIT-415011,,,945.84,JPMC-CLIENT-414799,USA,DEPOSIT-CASH,jpm_fraud_payment,payment_transaction,FALSE,banking,synthetic_research
18/05/2028 12:34,0,PAYMENT-413492,JPMC-CLIENT-413222,USA,26.13,BILL-COMPANY-413493,BENIN,MAKE-PAYMENT,jpm_fraud_payment,payment_transaction,FALSE,banking,synthetic_research
26/05/2028 11:14,0,PAYMENT-416525,JPMC-CLIENT-416251,USA,33.11,BILL-COMPANY-416526,INDONESIA,MAKE-PAYMENT,jpm_fraud_payment,payment_transaction,FALSE,banking,synthetic_research
02/06/2028 22:04,0,MAKE-PAYMENT-423747,JPMC-CLIENT-423721,USA,100.01,CLIENT-423723,USA,MAKE-PAYMENT,jpm_fraud_payment,payment_transaction,FALSE,banking,synthetic_research
04/06/2028 11:14,0,PAYMENT-425811,JPMC-CLIENT-425767,USA,49.43,BILL-COMPANY-425812,USA,MAKE-PAYMENT,jpm_fraud_payment,payment_transaction,FALSE,banking,synthetic_research
07/06/2028 1:24,1,PAY-CHECK-426097,JPMC-CLIENT-426034,USA,121.98,CLIENT-426036,URUGUAY,PAY-CHECK,jpm_fraud_payment,payment_transaction,TRUE,banking,synthetic_research
11/06/2028 12:44,0,DEPOSIT-CASH-419631,,,372.13,JPMC-CLIENT-419557,USA,DEPOSIT-CASH,jpm_fraud_payment,payment_transaction,FALSE,banking,synthetic_research
17/06/2028 15:34,0,PAY-BILL-428797,JPMC-CLIENT-428690,MOLDOVA,210.45,BILL-COMPANY-428752,BRAZIL,MAKE-PAYMENT,jpm_fraud_payment,payment_transaction,FALSE,banking,synthetic_research
28/06/2028 3:54,0,PAY-BILL-424139,JPMC-CLIENT-424001,USA,293.99,BILL-COMPANY-424091,USA,MAKE-PAYMENT,jpm_fraud_payment,payment_transaction,FALSE,banking,synthetic_research
28/06/2028 15:14,0,PAY-BILL-422703,JPMC-CLIENT-422568,USA,428.93,BILL-COMPANY-422608,CENTRAL-AFRICAN-REPUBLIC,MAKE-PAYMENT,jpm_fraud_payment,payment_transaction,FALSE,banking,synthetic_research
30/06/2028 16:44,0,PAY-BILL-424155,JPMC-CLIENT-424001,USA,100.34,BILL-COMPANY-424040,LUXEMBOURG,MAKE-PAYMENT,jpm_fraud_payment,payment_transaction,FALSE,banking,synthetic_research
02/07/2028 22:54,0,PAYMENT-422019,JPMC-CLIENT-421819,USA,400.37,JPMC-CLIENT-421820,CANADA,MAKE-PAYMENT,jpm_fraud_payment,payment_transaction,FALSE,banking,synthetic_research
08/07/2028 20:44,0,PAY-CHECK-429172,JPMC-CLIENT-428968,USA,311.29,CLIENT-428970,USA,PAY-CHECK,jpm_fraud_payment,payment_transaction,FALSE,banking,synthetic_research
12/07/2028 14:04,0,PAY-BILL-427800,JPMC-CLIENT-427547,USA,100.55,BILL-COMPANY-427768,USA,MAKE-PAYMENT,jpm_fraud_payment,payment_transaction,FALSE,banking,synthetic_research
14/07/2028 7:34,0,QUICK-PAYMENT-428032,JPMC-COMPANY-427829,USA,884.9,JPMC-CLIENT-427825,USA,QUICK-PAYMENT,jpm_fraud_payment,payment_transaction,FALSE,banking,synthetic_research
18/07/2028 0:44,0,MOVE-FUNDS-429226,JPMC-CLIENT-428968,USA,916.17,CLIENT-428970,USA,MOVE-FUNDS,jpm_fraud_payment,payment_transaction,FALSE,banking,synthetic_research
28/07/2028 23:44,0,DEPOSIT-CASH-438285,,,813.06,JPMC-CLIENT-438261,USA,DEPOSIT-CASH,jpm_fraud_payment,payment_transaction,FALSE,banking,synthetic_research
01/08/2028 14:04,0,PAY-BILL-434148,JPMC-CLIENT-434101,USA,466.56,COMPANY-434108,PANAMA,MAKE-PAYMENT,jpm_fraud_payment,payment_transaction,FALSE,banking,synthetic_research
02/08/2028 1:54,0,PAY-CHECK-435702,JPMC-CLIENT-435652,USA,874.24,BILL-COMPANY-435698,GREECE,PAY-CHECK,jpm_fraud_payment,payment_transaction,FALSE,banking,synthetic_research
07/08/2028 3:04,0,PAYMENT-435716,JPMC-CLIENT-435652,USA,7.6,BILL-COMPANY-435717,USA,MAKE-PAYMENT,jpm_fraud_payment,payment_transaction,FALSE,banking,synthetic_research
09/08/2028 17:34,0,MAKE-PAYMENT-437449,JPMC-CLIENT-437349,UZBEKISTAN,254.42,BILL-COMPANY-437422,TURKMENISTAN,MAKE-PAYMENT,jpm_fraud_payment,payment_transaction,FALSE,banking,synthetic_research
12/08/2028 4:34,0,PAYMENT-430760,JPMC-CLIENT-430668,USA,6.82,BILL-COMPANY-430761,USA,MAKE-PAYMENT,jpm_fraud_payment,payment_transaction,FALSE,banking,synthetic_research
13/08/2028 6:04,0,EXCHANGE-431057,JPMC-CLIENT-430949,USA,876.45,,,EXCHANGE,jpm_fraud_payment,payment_transaction,FALSE,banking,synthetic_research
13/08/2028 8:24,0,PAYMENT-434991,JPMC-CLIENT-434865,USA,400.18,CLIENT-434866,CANADA,MAKE-PAYMENT,jpm_fraud_payment,payment_transaction,FALSE,banking,synthetic_research
18/08/2028 15:44,0,QUICK-PAYMENT-431847,CLIENT-431744,GUINEA-BISSAU,230.3,JPMC-CLIENT-431742,USA,QUICK-PAYMENT,jpm_fraud_payment,payment_transaction,FALSE,banking,synthetic_research
24/08/2028 7:34,0,PAYMENT-429938,JPMC-CLIENT-429793,USA,60.71,BILL-COMPANY-429939,ZIMBABWE,MAKE-PAYMENT,jpm_fraud_payment,payment_transaction,FALSE,banking,synthetic_research
26/08/2028 11:04,0,CASH-CHECK-436449,,,331.89,JPMC-CLIENT-436263,USA,DEPOSIT-CHECK,jpm_fraud_payment,payment_transaction,FALSE,banking,synthetic_research
30/08/2028 8:24,0,PAYMENT-431915,JPMC-CLIENT-431742,USA,55.3,BILL-COMPANY-431916,USA,MAKE-PAYMENT,jpm_fraud_payment,payment_transaction,FALSE,banking,synthetic_research
08/09/2028 4:44,0,PAY-BILL-436214,JPMC-CLIENT-435955,USA,490.54,COMPANY-435962,SAINT-HELENA-ASCENSION-AND-TRISTAN-DA-CUNHA,MAKE-PAYMENT,jpm_fraud_payment,payment_transaction,FALSE,banking,synthetic_research
10/09/2028 15:54,0,PAYMENT-435124,JPMC-CLIENT-434865,USA,53.48,BILL-COMPANY-435125,TOGO,MAKE-PAYMENT,jpm_fraud_payment,payment_transaction,FALSE,banking,synthetic_research
14/09/2028 16:34,0,MOVE-FUNDS-435919,COMPANY-435656,GERMANY,2000.77,JPMC-CLIENT-435652,USA,MOVE-FUNDS,jpm_fraud_payment,payment_transaction,FALSE,banking,synthetic_research
17/09/2028 14:54,0,PAYMENT-430661,JPMC-CLIENT-430384,USA,66.86,BILL-COMPANY-430662,TOKELAU,MAKE-PAYMENT,jpm_fraud_payment,payment_transaction,FALSE,banking,synthetic_research
23/09/2028 2:34,0,PAY-BILL-445543,JPMC-CLIENT-445520,USA,369.54,COMPANY-445526,GUATEMALA,MAKE-PAYMENT,jpm_fraud_payment,payment_transaction,FALSE,banking,synthetic_research
23/09/2028 14:24,0,WITHDRAWAL-445261,JPMC-CLIENT-445235,USA,432.36,,,WITHDRAWAL,jpm_fraud_payment,payment_transaction,FALSE,banking,synthetic_research
25/09/2028 15:04,0,WITHDRAWAL-442274,JPMC-CLIENT-442242,USA,854.14,,,EXCHANGE,jpm_fraud_payment,payment_transaction,FALSE,banking,synthetic_research
26/09/2028 13:54,0,DEPOSIT-CASH-445849,,,971.37,JPMC-CLIENT-445823,USA,DEPOSIT-CASH,jpm_fraud_payment,payment_transaction,FALSE,banking,synthetic_research
06/10/2028 8:04,0,QUICK-DEPOSIT-443764,,,540.77,JPMC-CLIENT-443661,USA,DEPOSIT-CASH,jpm_fraud_payment,payment_transaction,FALSE,banking,synthetic_research
10/10/2028 8:44,0,DEPOSIT-CASH-439535,,,287.15,JPMC-CLIENT-439422,USA,DEPOSIT-CASH,jpm_fraud_payment,payment_transaction,FALSE,banking,synthetic_research
11/10/2028 17:24,0,PAYMENT-449347,JPMC-CLIENT-449257,USA,53.7,BILL-COMPANY-449348,BURUNDI,MAKE-PAYMENT,jpm_fraud_payment,payment_transaction,FALSE,banking,synthetic_research
12/10/2028 19:44,0,QUICK-PAYMENT-439833,JPMC-CLIENT-439712,USA,100.79,BILL-COMPANY-439825,URUGUAY,QUICK-PAYMENT,jpm_fraud_payment,payment_transaction,FALSE,banking,synthetic_research
12/10/2028 21:04,0,QUICK-PAYMENT-445647,JPMC-CLIENT-445520,BONAIRE,588.69,CLIENT-445522,CANADA,QUICK-PAYMENT,jpm_fraud_payment,payment_transaction,FALSE,banking,synthetic_research
18/10/2028 23:14,0,EXCHANGE-446262,JPMC-CLIENT-446101,USA,104.39,,,WITHDRAWAL,jpm_fraud_payment,payment_transaction,FALSE,banking,synthetic_research
21/10/2028 12:14,0,PAYMENT-443553,JPMC-CLIENT-443379,USA,1.63,BILL-COMPANY-443554,USA,MAKE-PAYMENT,jpm_fraud_payment,payment_transaction,FALSE,banking,synthetic_research
24/10/2028 13:24,0,PAY-CHECK-443568,CLIENT-443397,USA,563.31,JPMC-CLIENT-443379,USA,PAY-CHECK,jpm_fraud_payment,payment_transaction,FALSE,banking,synthetic_research
26/10/2028 11:14,0,PAY-BILL-445131,JPMC-CLIENT-444952,USA,604.79,BILL-COMPANY-444998,NIGER,MAKE-PAYMENT,jpm_fraud_payment,payment_transaction,FALSE,banking,synthetic_research
28/10/2028 13:24,0,PAYMENT-448580,JPMC-CLIENT-448385,USA,0.67,BILL-COMPANY-448581,USA,MAKE-PAYMENT,jpm_fraud_payment,payment_transaction,FALSE,banking,synthetic_research
31/10/2028 0:04,0,QUICK-DEPOSIT-447374,,,636.14,JPMC-CLIENT-447167,USA,DEPOSIT-CASH,jpm_fraud_payment,payment_transaction,FALSE,banking,synthetic_research
04/11/2028 6:04,0,WITHDRAWAL-449800,JPMC-CLIENT-449538,ANGOLA,981.55,,,EXCHANGE,jpm_fraud_payment,payment_transaction,FALSE,banking,synthetic_research
08/11/2028 14:44,0,MOVE-FUNDS-447412,JPMC-COMPANY-447171,GERMANY,2000.22,JPMC-CLIENT-447167,USA,MOVE-FUNDS,jpm_fraud_payment,payment_transaction,FALSE,banking,synthetic_research
17/11/2028 15:24,0,MAKE-PAYMENT-453989,CLIENT-453974,SYRIA,929.43,JPMC-CLIENT-453972,USA,MAKE-PAYMENT,jpm_fraud_payment,payment_transaction,FALSE,banking,synthetic_research
17/11/2028 16:04,0,MAKE-PAYMENT-450684,JPMC-CLIENT-450662,USA,560.7,CLIENT-450664,USA,MAKE-PAYMENT,jpm_fraud_payment,payment_transaction,FALSE,banking,synthetic_research
20/11/2028 3:44,0,DEPOSIT-CHECK-455595,,,900.39,JPMC-CLIENT-455567,USA,DEPOSIT-CHECK,jpm_fraud_payment,payment_transaction,FALSE,banking,synthetic_research
20/11/2028 5:14,0,QUICK-PAYMENT-458493,CLIENT-458476,USA,365.76,JPMC-CLIENT-458458,USA,QUICK-PAYMENT,jpm_fraud_payment,payment_transaction,FALSE,banking,synthetic_research
21/11/2028 4:54,0,PAYMENT-452401,JPMC-CLIENT-452355,USA,30.73,BILL-COMPANY-452402,USA,MAKE-PAYMENT,jpm_fraud_payment,payment_transaction,FALSE,banking,synthetic_research
22/11/2028 4:54,0,PAYMENT-458780,JPMC-CLIENT-458738,USA,62.22,BILL-COMPANY-458781,USA,MAKE-PAYMENT,jpm_fraud_payment,payment_transaction,FALSE,banking,synthetic_research
24/11/2028 17:44,0,DEPOSIT-CASH-452129,,,931.02,JPMC-CLIENT-452076,USA,DEPOSIT-CASH,jpm_fraud_payment,payment_transaction,FALSE,banking,synthetic_research
28/11/2028 7:24,0,PAY-CHECK-455334,JPMC-CLIENT-455257,USA,100.92,CLIENT-455275,INDIA,PAY-CHECK,jpm_fraud_payment,payment_transaction,FALSE,banking,synthetic_research
05/12/2028 9:44,0,MOVE-FUNDS-456141,JPMC-CLIENT-456031,USA,434.88,JPMC-CLIENT-456033,CANADA,MOVE-FUNDS,jpm_fraud_payment,payment_transaction,FALSE,banking,synthetic_research
06/12/2028 20:54,0,MAKE-PAYMENT-450203,COMPANY-450095,FEDERATION,100.56,JPMC-CLIENT-450093,USA,MAKE-PAYMENT,jpm_fraud_payment,payment_transaction,FALSE,banking,synthetic_research
06/12/2028 22:34,0,MOVE-FUNDS-453234,COMPANY-453126,GERMANY,2000.82,JPMC-CLIENT-453121,BELIZE,MOVE-FUNDS,jpm_fraud_payment,payment_transaction,FALSE,banking,synthetic_research
08/12/2028 12:04,0,MOVE-FUNDS-455704,JPMC-CLIENT-455567,USA,779.21,BILL-COMPANY-455611,ANGUILLA,MOVE-FUNDS,jpm_fraud_payment,payment_transaction,FALSE,banking,synthetic_research
08/12/2028 21:04,0,QUICK-PAYMENT-451054,BILL-COMPANY-451039,USA,100.16,JPMC-CLIENT-450941,USA,QUICK-PAYMENT,jpm_fraud_payment,payment_transaction,FALSE,banking,synthetic_research
16/12/2028 0:04,0,DEPOSIT-CASH-458617,,,296.16,JPMC-CLIENT-458458,SINT-EUSTATIUS-AND-SABA,DEPOSIT-CASH,jpm_fraud_payment,payment_transaction,FALSE,banking,synthetic_research
16/12/2028 12:34,0,MAKE-PAYMENT-451386,CLIENT-451240,CURACAO,323.71,JPMC-CLIENT-451222,USA,MAKE-PAYMENT,jpm_fraud_payment,payment_transaction,FALSE,banking,synthetic_research
16/12/2028 13:54,0,PAYMENT-453295,JPMC-CLIENT-453121,BELIZE,64.96,BILL-COMPANY-453296,USA,MAKE-PAYMENT,jpm_fraud_payment,payment_transaction,FALSE,banking,synthetic_research
17/12/2028 14:34,0,PAY-CHECK-460334,JPMC-CLIENT-460151,USA,811.89,BILL-COMPANY-460321,GABON,PAY-CHECK,jpm_fraud_payment,payment_transaction,FALSE,banking,synthetic_research
18/12/2028 13:54,0,MAKE-PAYMENT-458311,JPMC-CLIENT-458131,USA,737.59,CLIENT-458149,USA,MAKE-PAYMENT,jpm_fraud_payment,payment_transaction,FALSE,banking,synthetic_research
20/12/2028 14:04,0,QUICK-PAYMENT-451820,CLIENT-451652,USA,360.12,JPMC-CLIENT-451633,USA,QUICK-PAYMENT,jpm_fraud_payment,payment_transaction,FALSE,banking,synthetic_research
29/12/2028 4:54,0,PAY-CHECK-451867,JPMC-CLIENT-451633,USA,432.96,CLIENT-451792,MOZAMBIQUE,PAY-CHECK,jpm_fraud_payment,payment_transaction,FALSE,banking,synthetic_research
01/01/2029 18:34,0,DEPOSIT-CASH-455825,,,917.06,JPMC-CLIENT-455567,USA,DEPOSIT-CASH,jpm_fraud_payment,payment_transaction,FALSE,banking,synthetic_research
03/01/2029 5:24,0,PAYMENT-450909,JPMC-CLIENT-450662,USA,91.41,BILL-COMPANY-450910,EL-SALVADOR,MAKE-PAYMENT,jpm_fraud_payment,payment_transaction,FALSE,banking,synthetic_research
04/01/2029 8:34,0,QUICK-PAYMENT-452908,JPMC-CLIENT-452638,USA,561.51,CLIENT-452640,CANADA,QUICK-PAYMENT,jpm_fraud_payment,payment_transaction,FALSE,banking,synthetic_research
16/01/2029 6:34,0,PAY-CHECK-468906,CLIENT-468893,BHUTAN,230.82,JPMC-CLIENT-468875,USA,PAY-CHECK,jpm_fraud_payment,payment_transaction,FALSE,banking,synthetic_research
17/01/2029 19:24,0,PAYMENT-471265,JPMC-CLIENT-471218,USA,41.1,BILL-COMPANY-471266,VATICAN-CITY,MAKE-PAYMENT,jpm_fraud_payment,payment_transaction,FALSE,banking,synthetic_research
19/01/2029 8:54,0,CASH-CHECK-465420,,,971.04,JPMC-CLIENT-465363,USA,DEPOSIT-CHECK,jpm_fraud_payment,payment_transaction,FALSE,banking,synthetic_research
20/01/2029 7:04,0,DEPOSIT-CASH-461323,,,613.37,JPMC-CLIENT-461282,USA,DEPOSIT-CASH,jpm_fraud_payment,payment_transaction,FALSE,banking,synthetic_research
02/02/2029 12:44,0,PAY-BILL-469290,JPMC-CLIENT-469158,USA,176.48,JPMC-COMPANY-469160,USA,MAKE-PAYMENT,jpm_fraud_payment,payment_transaction,FALSE,banking,synthetic_research
05/02/2029 14:44,0,QUICK-PAYMENT-464181,JPMC-CLIENT-464020,USA,100.4,BILL-COMPANY-464094,MEXICO,QUICK-PAYMENT,jpm_fraud_payment,payment_transaction,FALSE,banking,synthetic_research
06/02/2029 13:34,0,PAY-BILL-469874,JPMC-CLIENT-469733,USA,846.73,BILL-COMPANY-469804,MONACO,MAKE-PAYMENT,jpm_fraud_payment,payment_transaction,FALSE,banking,synthetic_research
07/02/2029 16:44,0,MOVE-FUNDS-470830,COMPANY-470669,GERMANY,2000.78,JPMC-CLIENT-470665,USA,MOVE-FUNDS,jpm_fraud_payment,payment_transaction,FALSE,banking,synthetic_research
16/02/2029 6:34,0,MOVE-FUNDS-465568,JPMC-CLIENT-465363,USA,327.25,CLIENT-465381,USA,MOVE-FUNDS,jpm_fraud_payment,payment_transaction,FALSE,banking,synthetic_research
19/02/2029 17:24,0,PAYMENT-466702,JPMC-CLIENT-466496,USA,19,BILL-COMPANY-466703,USA,MAKE-PAYMENT,jpm_fraud_payment,payment_transaction,FALSE,banking,synthetic_research
19/02/2029 20:44,0,PAY-BILL-463438,JPMC-CLIENT-463198,USA,617.76,BILL-COMPANY-463371,USA,MAKE-PAYMENT,jpm_fraud_payment,payment_transaction,FALSE,banking,synthetic_research
20/02/2029 17:24,0,PAY-CHECK-461483,JPMC-CLIENT-461282,USA,100.62,CLIENT-461290,USA,PAY-CHECK,jpm_fraud_payment,payment_transaction,FALSE,banking,synthetic_research
22/02/2029 8:04,1,DEPOSIT-CHECK-467547,,,202.58,JPMC-CLIENT-467300,USA,DEPOSIT-CHECK,jpm_fraud_payment,payment_transaction,TRUE,banking,synthetic_research
22/02/2029 21:34,0,PAYMENT-470548,JPMC-CLIENT-470306,USA,400.21,CLIENT-470307,CANADA,MAKE-PAYMENT,jpm_fraud_payment,payment_transaction,FALSE,banking,synthetic_research
26/02/2029 21:04,0,QUICK-DEPOSIT-461816,,,549.66,JPMC-CLIENT-461559,USA,DEPOSIT-CASH,jpm_fraud_payment,payment_transaction,FALSE,banking,synthetic_research
01/03/2029 17:04,0,DEPOSIT-CASH-468212,,,172.04,JPMC-CLIENT-467981,USA,DEPOSIT-CASH,jpm_fraud_payment,payment_transaction,FALSE,banking,synthetic_research
20/03/2029 7:04,0,QUICK-PAYMENT-480404,JPMC-CLIENT-480371,USA,100.85,JPMC-COMPANY-480378,NICARAGUA,QUICK-PAYMENT,jpm_fraud_payment,payment_transaction,FALSE,banking,synthetic_research
21/03/2029 22:04,0,MOVE-FUNDS-476741,CLIENT-476700,HEARD-ISLAND-AND-MCDONALD-ISLANDS,429.54,JPMC-CLIENT-476681,USA,MOVE-FUNDS,jpm_fraud_payment,payment_transaction,FALSE,banking,synthetic_research
27/03/2029 23:34,0,CASH-CHECK-479390,JPMC-CLIENT-479306,USA,206.95,,,WITHDRAWAL,jpm_fraud_payment,payment_transaction,FALSE,banking,synthetic_research
28/03/2029 10:54,0,DEPOSIT-CASH-472851,,,933.52,JPMC-CLIENT-472780,USA,DEPOSIT-CASH,jpm_fraud_payment,payment_transaction,FALSE,banking,synthetic_research
29/03/2029 0:24,0,QUICK-PAYMENT-483002,CLIENT-482932,USA,309.02,JPMC-CLIENT-482914,VIRGIN-ISLANDS-BRITISH,QUICK-PAYMENT,jpm_fraud_payment,payment_transaction,FALSE,banking,synthetic_research
03/04/2029 12:54,0,MOVE-FUNDS-477659,JPMC-CLIENT-477552,USA,951.95,COMPANY-477557,CHINA,MOVE-FUNDS,jpm_fraud_payment,payment_transaction,FALSE,banking,synthetic_research
04/04/2029 0:44,0,QUICK-PAYMENT-474012,JPMC-CLIENT-473900,USA,799,JPMC-CLIENT-473903,CANADA,QUICK-PAYMENT,jpm_fraud_payment,payment_transaction,FALSE,banking,synthetic_research
06/04/2029 2:54,0,MAKE-PAYMENT-478601,JPMC-CLIENT-478469,CAMBODIA,665.07,CLIENT-478487,ALGERIA,MAKE-PAYMENT,jpm_fraud_payment,payment_transaction,FALSE,banking,synthetic_research
10/04/2029 5:34,0,PAY-BILL-475804,JPMC-CLIENT-475642,USA,423.28,BILL-COMPANY-475759,SAMOA,MAKE-PAYMENT,jpm_fraud_payment,payment_transaction,FALSE,banking,synthetic_research
13/04/2029 5:04,0,DEPOSIT-CHECK-481105,,,952.98,JPMC-CLIENT-480936,USA,DEPOSIT-CHECK,jpm_fraud_payment,payment_transaction,FALSE,banking,synthetic_research
13/04/2029 18:24,0,DEPOSIT-CASH-477451,,,532.05,JPMC-CLIENT-477270,USA,DEPOSIT-CASH,jpm_fraud_payment,payment_transaction,FALSE,banking,synthetic_research
16/04/2029 17:34,0,QUICK-DEPOSIT-474362,,,739.73,JPMC-CLIENT-474182,USA,DEPOSIT-CASH,jpm_fraud_payment,payment_transaction,FALSE,banking,synthetic_research
19/04/2029 16:34,0,PAY-CHECK-480552,JPMC-CLIENT-480371,CHRISTMAS-ISLAND,943.32,CLIENT-480389,LIBYA,PAY-CHECK,jpm_fraud_payment,payment_transaction,FALSE,banking,synthetic_research
20/04/2029 19:34,0,QUICK-PAYMENT-477478,JPMC-CLIENT-477272,COLOMBIA,415.16,JPMC-CLIENT-477270,USA,QUICK-PAYMENT,jpm_fraud_payment,payment_transaction,FALSE,banking,synthetic_research
21/04/2029 5:54,0,MAKE-PAYMENT-474954,JPMC-CLIENT-474762,USA,319.59,BILL-COMPANY-474938,BAHRAIN,MAKE-PAYMENT,jpm_fraud_payment,payment_transaction,FALSE,banking,synthetic_research
23/04/2029 20:34,0,PAYMENT-477491,JPMC-CLIENT-477270,USA,77.53,BILL-COMPANY-477492,USA,MAKE-PAYMENT,jpm_fraud_payment,payment_transaction,FALSE,banking,synthetic_research
25/04/2029 8:24,0,PAYMENT-481166,JPMC-CLIENT-480936,USA,91.46,BILL-COMPANY-481167,USA,MAKE-PAYMENT,jpm_fraud_payment,payment_transaction,FALSE,banking,synthetic_research
26/04/2029 7:34,0,PAYMENT-476429,JPMC-CLIENT-476212,JAPAN,400.55,CLIENT-476213,CANADA,MAKE-PAYMENT,jpm_fraud_payment,payment_transaction,FALSE,banking,synthetic_research
28/04/2029 0:34,0,QUICK-PAYMENT-473035,JPMC-CLIENT-472780,USA,266.29,CLIENT-472788,TURKS-AND-CAICOS-IS,QUICK-PAYMENT,jpm_fraud_payment,payment_transaction,FALSE,banking,synthetic_research
28/04/2029 22:24,0,MOVE-FUNDS-475604,JPMC-CLIENT-475357,USA,100.31,CLIENT-475375,USA,MOVE-FUNDS,jpm_fraud_payment,payment_transaction,FALSE,banking,synthetic_research
04/05/2029 9:14,0,QUICK-PAYMENT-480909,JPMC-CLIENT-480653,USA,441.18,CLIENT-480674,USA,QUICK-PAYMENT,jpm_fraud_payment,payment_transaction,FALSE,banking,synthetic_research
04/05/2029 20:54,0,PAY-BILL-482885,JPMC-CLIENT-482626,UGANDA,887.56,BILL-COMPANY-482845,ALBANIA,MAKE-PAYMENT,jpm_fraud_payment,payment_transaction,FALSE,banking,synthetic_research
10/05/2029 22:54,0,CASH-CHECK-491146,,,742.32,JPMC-CLIENT-491121,USA,DEPOSIT-CHECK,jpm_fraud_payment,payment_transaction,FALSE,banking,synthetic_research
12/05/2029 11:24,0,MOVE-FUNDS-489518,JPMC-CLIENT-489487,USA,970.25,CLIENT-489505,BENIN,MOVE-FUNDS,jpm_fraud_payment,payment_transaction,FALSE,banking,synthetic_research
15/05/2029 11:34,0,DEPOSIT-CHECK-485575,,,485.68,JPMC-CLIENT-485524,USA,DEPOSIT-CHECK,jpm_fraud_payment,payment_transaction,FALSE,banking,synthetic_research
16/05/2029 12:04,0,MAKE-PAYMENT-484097,CLIENT-484066,SOUTH-GEORGIA-AND-THE-SOUTH-SANDWICH-ISLANDS,207.2,JPMC-CLIENT-484055,USA,MAKE-PAYMENT,jpm_fraud_payment,payment_transaction,FALSE,banking,synthetic_research
17/05/2029 23:44,0,QUICK-PAYMENT-493955,JPMC-CLIENT-493904,USA,489.23,CLIENT-493922,CHILE,QUICK-PAYMENT,jpm_fraud_payment,payment_transaction,FALSE,banking,synthetic_research
20/05/2029 0:24,0,PAY-CHECK-487694,CLIENT-487654,USA,443.86,JPMC-CLIENT-487636,USA,PAY-CHECK,jpm_fraud_payment,payment_transaction,FALSE,banking,synthetic_research
24/05/2029 1:04,0,WITHDRAWAL-488718,JPMC-CLIENT-488640,USA,465.97,,,EXCHANGE,jpm_fraud_payment,payment_transaction,FALSE,banking,synthetic_research
29/05/2029 7:44,0,PAYMENT-493325,JPMC-CLIENT-493179,USA,0.77,BILL-COMPANY-493326,USA,MAKE-PAYMENT,jpm_fraud_payment,payment_transaction,FALSE,banking,synthetic_research
04/06/2029 18:14,0,CASH-CHECK-490438,,,288.82,JPMC-CLIENT-490287,USA,DEPOSIT-CHECK,jpm_fraud_payment,payment_transaction,FALSE,banking,synthetic_research
04/06/2029 18:34,0,PAYMENT-493047,JPMC-CLIENT-492892,USA,78.24,BILL-COMPANY-493048,USA,MAKE-PAYMENT,jpm_fraud_payment,payment_transaction,FALSE,banking,synthetic_research
05/06/2029 18:54,0,DEPOSIT-CASH-485371,,,100.87,JPMC-CLIENT-485214,USA,DEPOSIT-CASH,jpm_fraud_payment,payment_transaction,FALSE,banking,synthetic_research
07/06/2029 11:34,0,PAYMENT-493526,JPMC-CLIENT-493335,USA,85.37,BILL-COMPANY-493527,USA,MAKE-PAYMENT,jpm_fraud_payment,payment_transaction,FALSE,banking,synthetic_research
07/06/2029 18:04,0,EXCHANGE-486651,JPMC-CLIENT-486495,USA,297.99,,,EXCHANGE,jpm_fraud_payment,payment_transaction,FALSE,banking,synthetic_research
12/06/2029 8:24,0,CASH-CHECK-495405,,,752.74,JPMC-CLIENT-495221,USA,DEPOSIT-CHECK,jpm_fraud_payment,payment_transaction,FALSE,banking,synthetic_research
12/06/2029 19:24,0,QUICK-PAYMENT-493796,CLIENT-493668,USA,100.59,JPMC-CLIENT-493613,USA,QUICK-PAYMENT,jpm_fraud_payment,payment_transaction,FALSE,banking,synthetic_research
16/06/2029 10:24,0,QUICK-DEPOSIT-484257,,,176.42,JPMC-CLIENT-484055,USA,DEPOSIT-CASH,jpm_fraud_payment,payment_transaction,FALSE,banking,synthetic_research
21/06/2029 20:24,0,EXCHANGE-489414,JPMC-CLIENT-489207,USA,100.98,,,EXCHANGE,jpm_fraud_payment,payment_transaction,FALSE,banking,synthetic_research
07/07/2029 23:54,0,MAKE-PAYMENT-499484,JPMC-CLIENT-499463,USA,409.53,JPMC-COMPANY-499469,USA,MAKE-PAYMENT,jpm_fraud_payment,payment_transaction,FALSE,banking,synthetic_research
08/07/2029 12:14,0,QUICK-PAYMENT-496975,JPMC-CLIENT-496951,USA,111.39,COMPANY-496956,DOMINICAN-REPUBLIC,QUICK-PAYMENT,jpm_fraud_payment,payment_transaction,FALSE,banking,synthetic_research
09/07/2029 12:14,0,PAY-CHECK-501575,JPMC-CLIENT-501551,USA,729.69,CLIENT-501553,SUDAN,PAY-CHECK,jpm_fraud_payment,payment_transaction,FALSE,banking,synthetic_research
13/07/2029 14:44,0,PAY-BILL-496442,JPMC-CLIENT-496389,USA,286.35,BILL-COMPANY-496434,USA,MAKE-PAYMENT,jpm_fraud_payment,payment_transaction,FALSE,banking,synthetic_research
15/07/2029 5:24,0,PAY-CHECK-496752,JPMC-CLIENT-496671,USA,100.53,CLIENT-496689,USA,PAY-CHECK,jpm_fraud_payment,payment_transaction,FALSE,banking,synthetic_research
15/07/2029 16:54,0,PAY-BILL-503559,JPMC-CLIENT-503483,USA,760.43,COMPANY-503490,USA,MAKE-PAYMENT,jpm_fraud_payment,payment_transaction,FALSE,banking,synthetic_research
24/07/2029 20:04,0,CASH-CHECK-503017,,,193.29,JPMC-CLIENT-502886,USA,DEPOSIT-CHECK,jpm_fraud_payment,payment_transaction,FALSE,banking,synthetic_research
27/07/2029 7:24,0,MOVE-FUNDS-503297,CLIENT-503187,USA,856.92,JPMC-CLIENT-503168,USA,MOVE-FUNDS,jpm_fraud_payment,payment_transaction,FALSE,banking,synthetic_research
31/07/2029 22:14,0,QUICK-PAYMENT-504826,JPMC-CLIENT-504663,USA,990.41,CLIENT-504739,ANTIGUA-BARBUDA,QUICK-PAYMENT,jpm_fraud_payment,payment_transaction,FALSE,banking,synthetic_research
03/08/2029 9:54,0,MOVE-FUNDS-502564,CLIENT-502400,BRITISH-INDIAN-OCEAN-TERRITORY,119.36,JPMC-CLIENT-502398,USA,MOVE-FUNDS,jpm_fraud_payment,payment_transaction,FALSE,banking,synthetic_research
05/08/2029 10:34,0,QUICK-PAYMENT-499927,JPMC-CLIENT-499748,USA,230.49,BILL-COMPANY-499867,USA,QUICK-PAYMENT,jpm_fraud_payment,payment_transaction,FALSE,banking,synthetic_research
08/08/2029 9:44,0,PAY-CHECK-504555,CLIENT-504373,USA,649.39,JPMC-CLIENT-504369,TOKELAU,PAY-CHECK,jpm_fraud_payment,payment_transaction,FALSE,banking,synthetic_research
18/08/2029 2:14,0,QUICK-PAYMENT-498852,JPMC-CLIENT-498614,TURKEY,542.84,COMPANY-498620,GERMANY,QUICK-PAYMENT,jpm_fraud_payment,payment_transaction,FALSE,banking,synthetic_research
20/08/2029 16:44,0,PAY-CHECK-503747,JPMC-CLIENT-503483,PITCAIRN,734.29,BILL-COMPANY-503555,USA,PAY-CHECK,jpm_fraud_payment,payment_transaction,FALSE,banking,synthetic_research
22/08/2029 3:14,0,DEPOSIT-CASH-498873,,,701.3,JPMC-CLIENT-498614,USA,DEPOSIT-CASH,jpm_fraud_payment,payment_transaction,FALSE,banking,synthetic_research
06/09/2029 16:14,0,PAYMENT-514805,JPMC-CLIENT-514759,USA,70.75,BILL-COMPANY-514806,RWANDA,MAKE-PAYMENT,jpm_fraud_payment,payment_transaction,FALSE,banking,synthetic_research
08/09/2029 16:24,0,PAY-CHECK-506876,JPMC-CLIENT-506830,USA,621.89,CLIENT-506841,TURKS-AND-CAICOS-IS,PAY-CHECK,jpm_fraud_payment,payment_transaction,FALSE,banking,synthetic_research
09/09/2029 15:24,0,QUICK-DEPOSIT-509536,,,974.38,JPMC-CLIENT-509487,USA,DEPOSIT-CASH,jpm_fraud_payment,payment_transaction,FALSE,banking,synthetic_research
10/09/2029 5:04,0,PAY-BILL-506884,JPMC-CLIENT-506830,USA,770.76,BILL-COMPANY-506867,USA,MAKE-PAYMENT,jpm_fraud_payment,payment_transaction,FALSE,banking,synthetic_research
10/09/2029 15:54,0,QUICK-PAYMENT-508953,JPMC-CLIENT-508901,CONGO-DEM-REP,258.49,JPMC-CLIENT-508903,USA,QUICK-PAYMENT,jpm_fraud_payment,payment_transaction,FALSE,banking,synthetic_research
14/09/2029 16:24,0,PAYMENT-507244,JPMC-CLIENT-507183,USA,77.47,BILL-COMPANY-507245,LIECHTENSTEIN,MAKE-PAYMENT,jpm_fraud_payment,payment_transaction,FALSE,banking,synthetic_research
15/09/2029 8:24,0,PAYMENT-516609,JPMC-CLIENT-516517,USA,28.69,BILL-COMPANY-516610,USA,MAKE-PAYMENT,jpm_fraud_payment,payment_transaction,FALSE,banking,synthetic_research
15/09/2029 19:14,0,PAYMENT-507583,JPMC-CLIENT-507487,USA,87.68,BILL-COMPANY-507584,USA,MAKE-PAYMENT,jpm_fraud_payment,payment_transaction,FALSE,banking,synthetic_research
17/09/2029 8:04,0,QUICK-PAYMENT-513217,CLIENT-513170,USA,100.62,JPMC-CLIENT-513109,USA,QUICK-PAYMENT,jpm_fraud_payment,payment_transaction,FALSE,banking,synthetic_research
17/09/2029 8:44,0,MOVE-FUNDS-511263,JPMC-CLIENT-511155,USA,903.4,BILL-COMPANY-511195,USA,MOVE-FUNDS,jpm_fraud_payment,payment_transaction,FALSE,banking,synthetic_research
18/09/2029 18:34,0,QUICK-PAYMENT-513774,CLIENT-513680,CANADA,589.04,JPMC-CLIENT-513678,USA,QUICK-PAYMENT,jpm_fraud_payment,payment_transaction,FALSE,banking,synthetic_research
19/09/2029 6:24,0,MOVE-FUNDS-508429,COMPANY-508348,GERMANY,2000.65,JPMC-CLIENT-508343,USA,MOVE-FUNDS,jpm_fraud_payment,payment_transaction,FALSE,banking,synthetic_research
22/09/2029 6:44,0,WITHDRAWAL-517474,JPMC-CLIENT-517368,USA,992.26,,,WITHDRAWAL,jpm_fraud_payment,payment_transaction,FALSE,banking,synthetic_research
25/09/2029 22:54,0,PAYMENT-516089,JPMC-CLIENT-515948,USA,400.74,JPMC-CLIENT-515949,CANADA,MAKE-PAYMENT,jpm_fraud_payment,payment_transaction,FALSE,banking,synthetic_research
01/10/2029 10:04,0,PAY-BILL-512084,JPMC-CLIENT-511927,USA,703.02,BILL-COMPANY-511992,USA,MAKE-PAYMENT,jpm_fraud_payment,payment_transaction,FALSE,banking,synthetic_research
07/10/2029 15:14,0,PAY-CHECK-512483,JPMC-CLIENT-512265,USA,624.6,JPMC-CLIENT-512268,USA,PAY-CHECK,jpm_fraud_payment,payment_transaction,FALSE,banking,synthetic_research
11/10/2029 15:54,0,PAYMENT-515885,JPMC-CLIENT-515663,USA,400.47,CLIENT-515664,CANADA,MAKE-PAYMENT,jpm_fraud_payment,payment_transaction,FALSE,banking,synthetic_research
12/10/2029 3:44,0,WITHDRAWAL-516465,JPMC-CLIENT-516232,USA,228.93,,,WITHDRAWAL,jpm_fraud_payment,payment_transaction,FALSE,banking,synthetic_research
15/10/2029 4:54,0,PAYMENT-517046,JPMC-CLIENT-516798,USA,65.03,BILL-COMPANY-517047,USA,MAKE-PAYMENT,jpm_fraud_payment,payment_transaction,FALSE,banking,synthetic_research
15/10/2029 6:14,0,MAKE-PAYMENT-516773,JPMC-COMPANY-516520,USA,451.58,JPMC-CLIENT-516517,USA,MAKE-PAYMENT,jpm_fraud_payment,payment_transaction,FALSE,banking,synthetic_research
17/10/2029 3:34,0,WITHDRAWAL-515591,JPMC-CLIENT-515353,USA,359.94,,,WITHDRAWAL,jpm_fraud_payment,payment_transaction,FALSE,banking,synthetic_research
31/10/2029 14:34,0,QUICK-PAYMENT-520398,JPMC-CLIENT-520378,USA,528.95,COMPANY-520383,USA,QUICK-PAYMENT,jpm_fraud_payment,payment_transaction,FALSE,banking,synthetic_research
31/10/2029 14:34,0,DEPOSIT-CASH-520115,,,100.65,JPMC-CLIENT-520094,USA,DEPOSIT-CASH,jpm_fraud_payment,payment_transaction,FALSE,banking,synthetic_research
02/11/2029 3:54,0,MOVE-FUNDS-523524,JPMC-CLIENT-523496,USA,100.87,CLIENT-523500,NIUE,MOVE-FUNDS,jpm_fraud_payment,payment_transaction,FALSE,banking,synthetic_research
03/11/2029 15:54,1,CASH-CHECK-522733,JPMC-CLIENT-522706,USA,100.47,,,EXCHANGE,jpm_fraud_payment,payment_transaction,TRUE,banking,synthetic_research
05/11/2029 4:24,0,PAYMENT-525324,JPMC-CLIENT-525283,USA,20.19,BILL-COMPANY-525325,USA,MAKE-PAYMENT,jpm_fraud_payment,payment_transaction,FALSE,banking,synthetic_research
12/11/2029 18:34,1,MAKE-PAYMENT-518443,JPMC-CLIENT-518364,SAINT-MARTIN,466.21,JPMC-CLIENT-518362,USA,MAKE-PAYMENT,jpm_fraud_payment,payment_transaction,TRUE,banking,synthetic_research
21/11/2029 19:44,0,CASH-CHECK-526698,,,151.21,JPMC-CLIENT-526587,USA,DEPOSIT-CHECK,jpm_fraud_payment,payment_transaction,FALSE,banking,synthetic_research
24/11/2029 10:14,0,CASH-CHECK-519589,JPMC-CLIENT-519454,USA,243.87,,,EXCHANGE,jpm_fraud_payment,payment_transaction,FALSE,banking,synthetic_research
24/11/2029 10:44,0,PAYMENT-518794,JPMC-CLIENT-518646,USA,63.36,BILL-COMPANY-518795,USA,MAKE-PAYMENT,jpm_fraud_payment,payment_transaction,FALSE,banking,synthetic_research
25/11/2029 23:14,0,MOVE-FUNDS-519884,BILL-COMPANY-519852,USA,617.66,JPMC-CLIENT-519733,BERMUDA,MOVE-FUNDS,jpm_fraud_payment,payment_transaction,FALSE,banking,synthetic_research
01/12/2029 10:44,0,QUICK-PAYMENT-524073,JPMC-CLIENT-523911,USA,873.51,JPMC-CLIENT-523913,MOLDOVA,QUICK-PAYMENT,jpm_fraud_payment,payment_transaction,FALSE,banking,synthetic_research
14/12/2029 4:54,0,PAY-CHECK-524934,JPMC-CLIENT-524691,USA,232.25,JPMC-CLIENT-524694,MOLDOVA,PAY-CHECK,jpm_fraud_payment,payment_transaction,FALSE,banking,synthetic_research
20/12/2029 3:24,0,PAYMENT-522141,JPMC-CLIENT-521897,USA,400.56,JPMC-CLIENT-521898,CANADA,MAKE-PAYMENT,jpm_fraud_payment,payment_transaction,FALSE,banking,synthetic_research
22/12/2029 4:04,0,CASH-CHECK-521852,,,436.72,JPMC-CLIENT-521595,USA,DEPOSIT-CHECK,jpm_fraud_payment,payment_transaction,FALSE,banking,synthetic_research
28/12/2029 6:04,0,DEPOSIT-CHECK-534951,,,972.66,JPMC-CLIENT-534917,USA,DEPOSIT-CHECK,jpm_fraud_payment,payment_transaction,FALSE,banking,synthetic_research
01/01/2030 7:04,0,MOVE-FUNDS-538111,JPMC-CLIENT-538065,MOZAMBIQUE,327.68,JPMC-CLIENT-538063,USA,MOVE-FUNDS,jpm_fraud_payment,payment_transaction,FALSE,banking,synthetic_research
03/01/2030 18:04,0,PAYMENT-528935,JPMC-CLIENT-528895,USA,70.48,BILL-COMPANY-528936,BRITISH-INDIAN-OCEAN-TERRITORY,MAKE-PAYMENT,jpm_fraud_payment,payment_transaction,FALSE,banking,synthetic_research
04/01/2030 19:44,0,DEPOSIT-CHECK-528955,,,321.97,JPMC-CLIENT-528895,USA,DEPOSIT-CHECK,jpm_fraud_payment,payment_transaction,FALSE,banking,synthetic_research
05/01/2030 8:04,0,PAYMENT-531229,JPMC-CLIENT-531158,USA,75.67,BILL-COMPANY-531230,SINGAPORE,MAKE-PAYMENT,jpm_fraud_payment,payment_transaction,FALSE,banking,synthetic_research
06/01/2030 7:24,0,QUICK-PAYMENT-535273,JPMC-CLIENT-535211,USA,134.8,CLIENT-535213,USA,QUICK-PAYMENT,jpm_fraud_payment,payment_transaction,FALSE,banking,synthetic_research
07/01/2030 8:34,0,MAKE-PAYMENT-532252,CLIENT-532180,USA,476.83,JPMC-CLIENT-532178,USA,MAKE-PAYMENT,jpm_fraud_payment,payment_transaction,FALSE,banking,synthetic_research
09/01/2030 7:04,0,PAYMENT-531806,JPMC-CLIENT-531743,USA,22.2,BILL-COMPANY-531807,USA,MAKE-PAYMENT,jpm_fraud_payment,payment_transaction,FALSE,banking,synthetic_research
09/01/2030 10:04,0,PAYMENT-538151,JPMC-CLIENT-538063,USA,400.03,CLIENT-538064,CANADA,MAKE-PAYMENT,jpm_fraud_payment,payment_transaction,FALSE,banking,synthetic_research
13/01/2030 12:44,0,PAYMENT-535048,JPMC-CLIENT-534917,USA,36.07,BILL-COMPANY-535049,TURKS-AND-CAICOS-IS,MAKE-PAYMENT,jpm_fraud_payment,payment_transaction,FALSE,banking,synthetic_research
17/01/2030 10:04,0,PAY-BILL-535324,JPMC-CLIENT-535211,USA,853.41,BILL-COMPANY-535309,MALDIVES,MAKE-PAYMENT,jpm_fraud_payment,payment_transaction,FALSE,banking,synthetic_research
19/01/2030 23:54,0,PAY-BILL-533279,JPMC-CLIENT-533147,USA,269.3,BILL-COMPANY-533213,CABO-VERDE,MAKE-PAYMENT,jpm_fraud_payment,payment_transaction,FALSE,banking,synthetic_research
23/01/2030 19:04,0,MOVE-FUNDS-535691,JPMC-COMPANY-535501,GERMANY,2000.78,JPMC-CLIENT-535496,USA,MOVE-FUNDS,jpm_fraud_payment,payment_transaction,FALSE,banking,synthetic_research
25/01/2030 17:14,0,PAYMENT-529090,JPMC-CLIENT-528895,USA,23.78,BILL-COMPANY-529091,NAMIBIA,MAKE-PAYMENT,jpm_fraud_payment,payment_transaction,FALSE,banking,synthetic_research
26/01/2030 14:24,0,PAYMENT-532340,JPMC-CLIENT-532178,USA,400.28,CLIENT-532179,CANADA,MAKE-PAYMENT,jpm_fraud_payment,payment_transaction,FALSE,banking,synthetic_research
30/01/2030 15:14,0,MOVE-FUNDS-531348,JPMC-CLIENT-531158,USA,358.77,CLIENT-531160,DOMINICAN-REPUBLIC,MOVE-FUNDS,jpm_fraud_payment,payment_transaction,FALSE,banking,synthetic_research
01/02/2030 3:54,0,PAYMENT-530246,JPMC-CLIENT-530050,USA,86.67,BILL-COMPANY-530247,USA,MAKE-PAYMENT,jpm_fraud_payment,payment_transaction,FALSE,banking,synthetic_research
03/02/2030 17:24,0,PAY-BILL-531375,JPMC-CLIENT-531158,USA,603.33,BILL-COMPANY-531335,COSTA-RICA,MAKE-PAYMENT,jpm_fraud_payment,payment_transaction,FALSE,banking,synthetic_research
06/02/2030 5:14,0,QUICK-PAYMENT-528267,JPMC-CLIENT-528047,USA,764.9,CLIENT-528055,MAYOTTE,QUICK-PAYMENT,jpm_fraud_payment,payment_transaction,FALSE,banking,synthetic_research
06/02/2030 22:14,0,DEPOSIT-CASH-529158,,,100.65,JPMC-CLIENT-528895,USA,DEPOSIT-CASH,jpm_fraud_payment,payment_transaction,FALSE,banking,synthetic_research
11/02/2030 4:34,0,QUICK-PAYMENT-537153,JPMC-CLIENT-536918,SENEGAL,741.33,CLIENT-536950,MYANMAR,QUICK-PAYMENT,jpm_fraud_payment,payment_transaction,FALSE,banking,synthetic_research
11/02/2030 9:34,0,MAKE-PAYMENT-534593,JPMC-CLIENT-534325,USA,298.92,COMPANY-534332,USA,MAKE-PAYMENT,jpm_fraud_payment,payment_transaction,FALSE,banking,synthetic_research
12/02/2030 18:04,0,MOVE-FUNDS-534286,JPMC-CLIENT-534046,USA,148,CLIENT-534048,CANADA,MOVE-FUNDS,jpm_fraud_payment,payment_transaction,FALSE,banking,synthetic_research
13/02/2030 5:14,0,EXCHANGE-537162,JPMC-CLIENT-536918,SENEGAL,945.33,,,EXCHANGE,jpm_fraud_payment,payment_transaction,FALSE,banking,synthetic_research
15/02/2030 5:44,0,PAYMENT-530835,JPMC-CLIENT-530586,DOMINICAN-REPUBLIC,51.78,BILL-COMPANY-530836,BHUTAN,MAKE-PAYMENT,jpm_fraud_payment,payment_transaction,FALSE,banking,synthetic_research
24/02/2030 21:34,0,PAYMENT-540671,JPMC-CLIENT-540628,USA,72.51,BILL-COMPANY-540672,USA,MAKE-PAYMENT,jpm_fraud_payment,payment_transaction,FALSE,banking,synthetic_research
25/02/2030 22:54,0,EXCHANGE-544731,JPMC-CLIENT-544674,USA,100.44,,,EXCHANGE,jpm_fraud_payment,payment_transaction,FALSE,banking,synthetic_research
27/02/2030 10:14,0,DEPOSIT-CHECK-542048,,,100.69,JPMC-CLIENT-541995,USA,DEPOSIT-CHECK,jpm_fraud_payment,payment_transaction,FALSE,banking,synthetic_research
02/03/2030 10:04,0,CASH-CHECK-540968,JPMC-CLIENT-540910,USA,900.27,,,WITHDRAWAL,jpm_fraud_payment,payment_transaction,FALSE,banking,synthetic_research
04/03/2030 10:54,0,PAYMENT-549116,JPMC-CLIENT-549039,USA,50.26,BILL-COMPANY-549117,GREECE,MAKE-PAYMENT,jpm_fraud_payment,payment_transaction,FALSE,banking,synthetic_research
07/03/2030 11:04,0,QUICK-PAYMENT-545033,JPMC-CLIENT-544954,USA,591.4,CLIENT-544956,CANADA,QUICK-PAYMENT,jpm_fraud_payment,payment_transaction,FALSE,banking,synthetic_research
09/03/2030 12:04,0,PAYMENT-545611,JPMC-CLIENT-545520,USA,37.63,BILL-COMPANY-545612,USA,MAKE-PAYMENT,jpm_fraud_payment,payment_transaction,FALSE,banking,synthetic_research
11/03/2030 1:14,0,MOVE-FUNDS-538856,JPMC-CLIENT-538748,USA,108.85,CLIENT-538824,GUATEMALA,MOVE-FUNDS,jpm_fraud_payment,payment_transaction,FALSE,banking,synthetic_research
21/03/2030 19:24,0,MOVE-FUNDS-544859,BILL-COMPANY-544738,MAURITIUS,730.8,JPMC-CLIENT-544674,USA,MOVE-FUNDS,jpm_fraud_payment,payment_transaction,FALSE,banking,synthetic_research
25/03/2030 13:44,0,WITHDRAWAL-545393,JPMC-CLIENT-545238,MAYOTTE,366.83,,,WITHDRAWAL,jpm_fraud_payment,payment_transaction,FALSE,banking,synthetic_research
25/03/2030 19:44,0,PAYMENT-546042,JPMC-CLIENT-545839,USA,32.1,BILL-COMPANY-546043,MYANMAR,MAKE-PAYMENT,jpm_fraud_payment,payment_transaction,FALSE,banking,synthetic_research
26/03/2030 16:04,0,PAYMENT-540235,JPMC-CLIENT-540068,USA,5.74,BILL-COMPANY-540236,MEXICO,MAKE-PAYMENT,jpm_fraud_payment,payment_transaction,FALSE,banking,synthetic_research
26/03/2030 16:14,0,PAY-BILL-541888,JPMC-CLIENT-541710,USA,823.49,BILL-COMPANY-541805,USA,MAKE-PAYMENT,jpm_fraud_payment,payment_transaction,FALSE,banking,synthetic_research
08/04/2030 10:44,0,PAY-BILL-544019,JPMC-CLIENT-543767,SAINT-HELENA-ASCENSION-AND-TRISTAN-DA-CUNHA,669.59,BILL-COMPANY-544015,USA,MAKE-PAYMENT,jpm_fraud_payment,payment_transaction,FALSE,banking,synthetic_research
09/04/2030 1:04,0,QUICK-PAYMENT-539746,CLIENT-539497,USA,671.1,JPMC-CLIENT-539479,USA,QUICK-PAYMENT,jpm_fraud_payment,payment_transaction,FALSE,banking,synthetic_research
19/04/2030 21:44,0,WITHDRAWAL-554920,JPMC-CLIENT-554896,USA,539.93,,,WITHDRAWAL,jpm_fraud_payment,payment_transaction,FALSE,banking,synthetic_research
21/04/2030 22:44,0,QUICK-PAYMENT-551310,JPMC-CLIENT-551276,TAJIKISTAN,464.29,COMPANY-551282,GERMANY,QUICK-PAYMENT,jpm_fraud_payment,payment_transaction,FALSE,banking,synthetic_research
29/04/2030 0:34,0,EXCHANGE-552753,JPMC-CLIENT-552693,USA,327.43,,,WITHDRAWAL,jpm_fraud_payment,payment_transaction,FALSE,banking,synthetic_research
01/05/2030 1:34,0,PAY-CHECK-556159,CLIENT-556100,MALDIVES,874.64,JPMC-CLIENT-556081,USA,PAY-CHECK,jpm_fraud_payment,payment_transaction,FALSE,banking,synthetic_research
05/05/2030 1:54,0,MAKE-PAYMENT-553497,JPMC-CLIENT-553412,USA,147.78,JPMC-CLIENT-553414,USA,MAKE-PAYMENT,jpm_fraud_payment,payment_transaction,FALSE,banking,synthetic_research
08/05/2030 4:04,0,QUICK-DEPOSIT-550554,,,248.6,JPMC-CLIENT-550438,JAPAN,DEPOSIT-CASH,jpm_fraud_payment,payment_transaction,FALSE,banking,synthetic_research
14/05/2030 16:14,0,WITHDRAWAL-555653,JPMC-CLIENT-555521,USA,899.13,,,EXCHANGE,jpm_fraud_payment,payment_transaction,FALSE,banking,synthetic_research
23/05/2030 20:04,0,DEPOSIT-CHECK-554020,,,431.74,JPMC-CLIENT-553828,USA,DEPOSIT-CHECK,jpm_fraud_payment,payment_transaction,FALSE,banking,synthetic_research
24/05/2030 8:54,0,MOVE-FUNDS-552884,COMPANY-552698,GERMANY,2000.89,JPMC-CLIENT-552693,USA,MOVE-FUNDS,jpm_fraud_payment,payment_transaction,FALSE,banking,synthetic_research
27/05/2030 9:24,0,MOVE-FUNDS-551775,BILL-COMPANY-551656,MONTENEGRO,616.63,JPMC-CLIENT-551565,USA,MOVE-FUNDS,jpm_fraud_payment,payment_transaction,FALSE,banking,synthetic_research
01/06/2030 1:44,0,PAYMENT-550136,JPMC-CLIENT-549885,USA,57.4,BILL-COMPANY-550137,ANGOLA,MAKE-PAYMENT,jpm_fraud_payment,payment_transaction,FALSE,banking,synthetic_research
16/06/2030 1:24,0,QUICK-PAYMENT-565873,JPMC-CLIENT-565836,USA,525.9,JPMC-CLIENT-565840,USA,QUICK-PAYMENT,jpm_fraud_payment,payment_transaction,FALSE,banking,synthetic_research
18/06/2030 13:54,0,PAYMENT-561204,JPMC-CLIENT-561163,USA,38.8,BILL-COMPANY-561205,MARTINIQUE,MAKE-PAYMENT,jpm_fraud_payment,payment_transaction,FALSE,banking,synthetic_research
22/06/2030 4:24,0,PAY-CHECK-565072,JPMC-CLIENT-564999,USA,100.08,CLIENT-565018,BHUTAN,PAY-CHECK,jpm_fraud_payment,payment_transaction,FALSE,banking,synthetic_research
22/06/2030 14:54,0,PAY-BILL-565590,JPMC-CLIENT-565534,USA,704.04,COMPANY-565538,BOSNIA-AND-HERZEGOVINA,MAKE-PAYMENT,jpm_fraud_payment,payment_transaction,FALSE,banking,synthetic_research
23/06/2030 5:14,0,QUICK-PAYMENT-559432,JPMC-CLIENT-559353,USA,811.28,CLIENT-559355,USA,QUICK-PAYMENT,jpm_fraud_payment,payment_transaction,FALSE,banking,synthetic_research
23/06/2030 16:44,0,PAY-BILL-560678,JPMC-CLIENT-560599,USA,948.68,JPMC-COMPANY-560603,USA,MAKE-PAYMENT,jpm_fraud_payment,payment_transaction,FALSE,banking,synthetic_research
26/06/2030 4:14,0,MAKE-PAYMENT-566772,JPMC-CLIENT-566697,CANADA,556.12,JPMC-CLIENT-566694,USA,MAKE-PAYMENT,jpm_fraud_payment,payment_transaction,FALSE,banking,synthetic_research
27/06/2030 6:14,0,QUICK-PAYMENT-563882,JPMC-CLIENT-563780,MACEDONIA,458.83,JPMC-COMPANY-563787,WALLIS-FUTUNA-IS,QUICK-PAYMENT,jpm_fraud_payment,payment_transaction,FALSE,banking,synthetic_research
28/06/2030 5:24,0,MOVE-FUNDS-560343,COMPANY-560261,GERMANY,2000.7,JPMC-CLIENT-560256,USA,MOVE-FUNDS,jpm_fraud_payment,payment_transaction,FALSE,banking,synthetic_research
29/06/2030 17:34,0,DEPOSIT-CHECK-565633,,,964.24,JPMC-CLIENT-565534,USA,DEPOSIT-CHECK,jpm_fraud_payment,payment_transaction,FALSE,banking,synthetic_research
09/07/2030 20:54,0,DEPOSIT-CASH-565685,,,150.39,JPMC-CLIENT-565534,UNITED-KINGDOM,DEPOSIT-CASH,jpm_fraud_payment,payment_transaction,FALSE,banking,synthetic_research
10/07/2030 22:14,0,MOVE-FUNDS-563082,CLIENT-562919,USA,431.12,JPMC-CLIENT-562917,USA,MOVE-FUNDS,jpm_fraud_payment,payment_transaction,FALSE,banking,synthetic_research
17/07/2030 9:34,0,PAYMENT-559863,JPMC-CLIENT-559689,USA,400.29,CLIENT-559690,CANADA,MAKE-PAYMENT,jpm_fraud_payment,payment_transaction,FALSE,banking,synthetic_research
27/07/2030 14:04,0,PAY-BILL-567803,JPMC-CLIENT-567565,USA,347.96,JPMC-COMPANY-567570,USA,MAKE-PAYMENT,jpm_fraud_payment,payment_transaction,FALSE,banking,synthetic_research
29/07/2030 1:04,0,QUICK-PAYMENT-561959,JPMC-CLIENT-561724,USA,292.61,CLIENT-561725,CANADA,QUICK-PAYMENT,jpm_fraud_payment,payment_transaction,FALSE,banking,synthetic_research
29/07/2030 4:54,0,PAY-CHECK-566677,CLIENT-566429,USA,100.77,JPMC-CLIENT-566411,GUERNSEY,PAY-CHECK,jpm_fraud_payment,payment_transaction,FALSE,banking,synthetic_research
30/07/2030 14:24,0,MOVE-FUNDS-561688,COMPANY-561451,GERMANY,2000.29,JPMC-CLIENT-561446,MALTA,MOVE-FUNDS,jpm_fraud_payment,payment_transaction,FALSE,banking,synthetic_research
18/08/2030 3:14,0,PAY-BILL-575128,JPMC-CLIENT-575080,USA,100.03,BILL-COMPANY-575123,USA,MAKE-PAYMENT,jpm_fraud_payment,payment_transaction,FALSE,banking,synthetic_research
22/08/2030 20:14,0,MAKE-PAYMENT-578002,JPMC-CLIENT-577901,USA,961.77,CLIENT-577921,USA,MAKE-PAYMENT,jpm_fraud_payment,payment_transaction,FALSE,banking,synthetic_research
29/08/2030 7:44,0,MOVE-FUNDS-572785,JPMC-CLIENT-572678,USA,452.24,CLIENT-572696,USA,MOVE-FUNDS,jpm_fraud_payment,payment_transaction,FALSE,banking,synthetic_research
29/08/2030 23:04,0,PAY-BILL-576036,JPMC-CLIENT-575903,USA,972.5,BILL-COMPANY-575991,USA,MAKE-PAYMENT,jpm_fraud_payment,payment_transaction,FALSE,banking,synthetic_research
01/09/2030 21:44,0,WITHDRAWAL-574933,JPMC-CLIENT-574798,USA,134.06,,,EXCHANGE,jpm_fraud_payment,payment_transaction,FALSE,banking,synthetic_research
08/09/2030 13:04,0,WITHDRAWAL-570317,JPMC-CLIENT-570139,USA,489.04,,,WITHDRAWAL,jpm_fraud_payment,payment_transaction,FALSE,banking,synthetic_research
10/09/2030 22:04,0,QUICK-DEPOSIT-574388,,,482.47,JPMC-CLIENT-574225,USA,DEPOSIT-CASH,jpm_fraud_payment,payment_transaction,FALSE,banking,synthetic_research
15/09/2030 1:24,0,WITHDRAWAL-579463,JPMC-CLIENT-579270,USA,573.22,,,EXCHANGE,jpm_fraud_payment,payment_transaction,FALSE,banking,synthetic_research
20/09/2030 16:14,0,PAY-BILL-572631,JPMC-CLIENT-572400,USA,671.47,BILL-COMPANY-572619,USA,MAKE-PAYMENT,jpm_fraud_payment,payment_transaction,FALSE,banking,synthetic_research
25/09/2030 2:54,0,MAKE-PAYMENT-569542,CLIENT-569313,CANADA,655.33,JPMC-CLIENT-569310,USA,MAKE-PAYMENT,jpm_fraud_payment,payment_transaction,FALSE,banking,synthetic_research
28/09/2030 17:14,0,MOVE-FUNDS-575061,JPMC-CLIENT-574798,USA,345.94,CLIENT-574818,SAO-TOME-PRINCIPE,MOVE-FUNDS,jpm_fraud_payment,payment_transaction,FALSE,banking,synthetic_research
30/09/2030 15:34,0,MOVE-FUNDS-579217,JPMC-CLIENT-578959,USA,100.5,CLIENT-578981,LIECHTENSTEIN,MOVE-FUNDS,jpm_fraud_payment,payment_transaction,FALSE,banking,synthetic_research
04/10/2030 3:04,0,CASH-CHECK-575339,JPMC-CLIENT-575080,NIUE,124.7,,,EXCHANGE,jpm_fraud_payment,payment_transaction,FALSE,banking,synthetic_research
06/10/2030 4:44,0,CASH-CHECK-588484,,,100.76,JPMC-CLIENT-588466,USA,DEPOSIT-CHECK,jpm_fraud_payment,payment_transaction,FALSE,banking,synthetic_research
06/10/2030 4:44,0,PAY-BILL-582169,JPMC-CLIENT-582152,USA,840.58,JPMC-COMPANY-582157,FINLAND,MAKE-PAYMENT,jpm_fraud_payment,payment_transaction,FALSE,banking,synthetic_research
08/10/2030 17:34,0,WITHDRAWAL-588164,JPMC-CLIENT-588134,USA,657.57,,,EXCHANGE,jpm_fraud_payment,payment_transaction,FALSE,banking,synthetic_research
09/10/2030 5:44,0,PAY-BILL-580036,JPMC-CLIENT-580006,USA,412.05,COMPANY-580013,MACEDONIA,MAKE-PAYMENT,jpm_fraud_payment,payment_transaction,FALSE,banking,synthetic_research
14/10/2030 8:14,0,PAYMENT-580514,JPMC-CLIENT-580445,USA,400.01,CLIENT-580447,CANADA,MAKE-PAYMENT,jpm_fraud_payment,payment_transaction,FALSE,banking,synthetic_research
14/10/2030 20:04,0,PAYMENT-583940,JPMC-CLIENT-583879,USA,400.06,JPMC-CLIENT-583880,CANADA,MAKE-PAYMENT,jpm_fraud_payment,payment_transaction,FALSE,banking,synthetic_research
19/10/2030 20:04,0,QUICK-DEPOSIT-580084,,,764.38,JPMC-CLIENT-580006,LAOS,DEPOSIT-CASH,jpm_fraud_payment,payment_transaction,FALSE,banking,synthetic_research
22/10/2030 22:54,0,MOVE-FUNDS-583656,JPMC-CLIENT-583548,USA,100.96,CLIENT-583566,USA,MOVE-FUNDS,jpm_fraud_payment,payment_transaction,FALSE,banking,synthetic_research
23/10/2030 11:24,0,DEPOSIT-CASH-586398,,,757.76,JPMC-CLIENT-586285,USA,DEPOSIT-CASH,jpm_fraud_payment,payment_transaction,FALSE,banking,synthetic_research
25/10/2030 16:44,0,CASH-CHECK-582915,JPMC-CLIENT-582753,USA,683.76,,,EXCHANGE,jpm_fraud_payment,payment_transaction,FALSE,banking,synthetic_research
12/11/2030 16:14,0,DEPOSIT-CHECK-588704,,,399.22,JPMC-CLIENT-588492,USA,DEPOSIT-CHECK,jpm_fraud_payment,payment_transaction,FALSE,banking,synthetic_research
13/11/2030 1:24,0,PAYMENT-584782,JPMC-CLIENT-584586,USA,16.54,BILL-COMPANY-584783,BENIN,MAKE-PAYMENT,jpm_fraud_payment,payment_transaction,FALSE,banking,synthetic_research
16/11/2030 5:44,0,CASH-CHECK-583503,JPMC-CLIENT-583268,USA,168.04,,,WITHDRAWAL,jpm_fraud_payment,payment_transaction,FALSE,banking,synthetic_research
20/11/2030 8:14,0,CASH-CHECK-588397,,,760.53,JPMC-CLIENT-588134,USA,DEPOSIT-CHECK,jpm_fraud_payment,payment_transaction,FALSE,banking,synthetic_research
21/11/2030 9:34,0,MAKE-PAYMENT-581009,JPMC-CLIENT-580732,USA,856.32,CLIENT-580751,ARMENIA,MAKE-PAYMENT,jpm_fraud_payment,payment_transaction,FALSE,banking,synthetic_research
02/12/2030 9:14,0,PAYMENT-593674,JPMC-CLIENT-593631,USA,11.97,BILL-COMPANY-593675,GUINEA-BISSAU,MAKE-PAYMENT,jpm_fraud_payment,payment_transaction,FALSE,banking,synthetic_research
03/12/2030 20:24,0,MAKE-PAYMENT-596518,BILL-COMPANY-596512,TANZANIA,633.86,JPMC-CLIENT-596469,USA,MAKE-PAYMENT,jpm_fraud_payment,payment_transaction,FALSE,banking,synthetic_research
04/12/2030 8:24,0,DEPOSIT-CHECK-596517,,,787.47,JPMC-CLIENT-596469,USA,DEPOSIT-CHECK,jpm_fraud_payment,payment_transaction,FALSE,banking,synthetic_research
04/12/2030 20:04,0,PAYMENT-597690,JPMC-CLIENT-597648,USA,24.15,BILL-COMPANY-597691,LESOTHO,MAKE-PAYMENT,jpm_fraud_payment,payment_transaction,FALSE,banking,synthetic_research
05/12/2030 22:04,0,CASH-CHECK-596246,,,260.74,JPMC-CLIENT-596188,USA,DEPOSIT-CHECK,jpm_fraud_payment,payment_transaction,FALSE,banking,synthetic_research
09/12/2030 21:34,0,PAYMENT-600133,JPMC-CLIENT-600068,USA,400.75,CLIENT-600069,CANADA,MAKE-PAYMENT,jpm_fraud_payment,payment_transaction,FALSE,banking,synthetic_research
11/12/2030 21:34,0,MOVE-FUNDS-597148,COMPANY-597091,GERMANY,2000.51,JPMC-CLIENT-597086,USA,MOVE-FUNDS,jpm_fraud_payment,payment_transaction,FALSE,banking,synthetic_research
15/12/2030 22:44,0,QUICK-PAYMENT-594280,JPMC-CLIENT-594192,USA,487.48,CLIENT-594214,BELIZE,QUICK-PAYMENT,jpm_fraud_payment,payment_transaction,FALSE,banking,synthetic_research
20/12/2030 13:04,0,PAY-CHECK-591346,JPMC-CLIENT-591221,USA,526.01,CLIENT-591223,CANADA,PAY-CHECK,jpm_fraud_payment,payment_transaction,FALSE,banking,synthetic_research
03/01/2031 15:34,0,PAY-CHECK-591967,JPMC-CLIENT-591788,USA,632.34,CLIENT-591806,USA,PAY-CHECK,jpm_fraud_payment,payment_transaction,FALSE,banking,synthetic_research
05/01/2031 5:14,0,PAYMENT-594385,JPMC-CLIENT-594192,USA,400.77,CLIENT-594193,CANADA,MAKE-PAYMENT,jpm_fraud_payment,payment_transaction,FALSE,banking,synthetic_research
06/01/2031 3:54,0,MOVE-FUNDS-591974,CLIENT-591806,USA,510.97,JPMC-CLIENT-591788,USA,MOVE-FUNDS,jpm_fraud_payment,payment_transaction,FALSE,banking,synthetic_research
07/01/2031 9:44,0,DEPOSIT-CASH-593096,,,840.43,JPMC-CLIENT-592861,USA,DEPOSIT-CASH,jpm_fraud_payment,payment_transaction,FALSE,banking,synthetic_research
07/01/2031 21:14,0,PAY-BILL-589859,JPMC-CLIENT-589632,USA,955.39,BILL-COMPANY-589723,USA,MAKE-PAYMENT,jpm_fraud_payment,payment_transaction,FALSE,banking,synthetic_research
09/01/2031 11:54,0,CASH-CHECK-593896,,,890.15,JPMC-CLIENT-593631,USA,DEPOSIT-CHECK,jpm_fraud_payment,payment_transaction,FALSE,banking,synthetic_research
11/01/2031 8:34,0,MAKE-PAYMENT-590427,JPMC-CLIENT-590193,USA,762.5,CLIENT-590195,CANADA,MAKE-PAYMENT,jpm_fraud_payment,payment_transaction,FALSE,banking,synthetic_research
11/01/2031 22:24,0,MAKE-PAYMENT-597059,JPMC-CLIENT-596813,USA,394.67,JPMC-CLIENT-596811,USA,MAKE-PAYMENT,jpm_fraud_payment,payment_transaction,FALSE,banking,synthetic_research
14/01/2031 6:44,0,PAY-BILL-597317,JPMC-CLIENT-597086,FALKLAND-ISLANDS,573.15,BILL-COMPANY-597253,USA,MAKE-PAYMENT,jpm_fraud_payment,payment_transaction,FALSE,banking,synthetic_research
22/01/2031 21:24,0,PAYMENT-594717,JPMC-CLIENT-594447,USA,34.58,BILL-COMPANY-594718,UNITED-KINGDOM,MAKE-PAYMENT,jpm_fraud_payment,payment_transaction,FALSE,banking,synthetic_research
06/02/2031 13:04,0,WITHDRAWAL-606664,JPMC-CLIENT-606585,USA,308.18,,,EXCHANGE,jpm_fraud_payment,payment_transaction,FALSE,banking,synthetic_research
07/02/2031 15:34,0,WITHDRAWAL-611260,JPMC-CLIENT-611155,USA,861.29,,,WITHDRAWAL,jpm_fraud_payment,payment_transaction,FALSE,banking,synthetic_research
10/02/2031 1:44,0,PAYMENT-603543,JPMC-CLIENT-603449,USA,92.68,BILL-COMPANY-603544,HONG-KONG,MAKE-PAYMENT,jpm_fraud_payment,payment_transaction,FALSE,banking,synthetic_research
10/02/2031 13:04,0,PAY-BILL-606388,JPMC-CLIENT-606301,USA,420.22,BILL-COMPANY-606367,USA,MAKE-PAYMENT,jpm_fraud_payment,payment_transaction,FALSE,banking,synthetic_research
15/02/2031 13:54,0,MOVE-FUNDS-609878,CLIENT-609786,UKRAINE,702.06,JPMC-CLIENT-609768,USA,MOVE-FUNDS,jpm_fraud_payment,payment_transaction,FALSE,banking,synthetic_research
15/02/2031 17:34,0,QUICK-PAYMENT-601336,JPMC-CLIENT-601198,USA,918.82,CLIENT-601231,ICELAND,QUICK-PAYMENT,jpm_fraud_payment,payment_transaction,FALSE,banking,synthetic_research
20/02/2031 4:44,0,PAYMENT-602758,JPMC-CLIENT-602613,USA,29.28,BILL-COMPANY-602759,EQUATORIAL-GUINEA,MAKE-PAYMENT,jpm_fraud_payment,payment_transaction,FALSE,banking,synthetic_research
23/02/2031 6:04,0,PAY-BILL-604557,JPMC-CLIENT-604393,USA,378.7,BILL-COMPANY-604515,USA,MAKE-PAYMENT,jpm_fraud_payment,payment_transaction,FALSE,banking,synthetic_research
24/02/2031 4:34,0,DEPOSIT-CASH-606454,,,949.87,JPMC-CLIENT-606301,USA,DEPOSIT-CASH,jpm_fraud_payment,payment_transaction,FALSE,banking,synthetic_research
24/02/2031 20:34,0,PAY-CHECK-604862,CLIENT-604738,FINLAND,265.66,JPMC-CLIENT-604675,LUXEMBOURG,PAY-CHECK,jpm_fraud_payment,payment_transaction,FALSE,banking,synthetic_research
25/02/2031 19:34,0,QUICK-DEPOSIT-606231,,,100.08,JPMC-CLIENT-606049,USA,DEPOSIT-CASH,jpm_fraud_payment,payment_transaction,FALSE,banking,synthetic_research
03/03/2031 0:04,0,WITHDRAWAL-606280,JPMC-CLIENT-606049,USA,838.92,,,WITHDRAWAL,jpm_fraud_payment,payment_transaction,FALSE,banking,synthetic_research
03/03/2031 19:14,0,QUICK-PAYMENT-600869,JPMC-CLIENT-600670,CABO-VERDE,592.85,CLIENT-600673,USA,QUICK-PAYMENT,jpm_fraud_payment,payment_transaction,FALSE,banking,synthetic_research
06/03/2031 7:24,0,MOVE-FUNDS-602815,JPMC-CLIENT-602615,CANADA,354.8,JPMC-CLIENT-602613,USA,MOVE-FUNDS,jpm_fraud_payment,payment_transaction,FALSE,banking,synthetic_research
07/03/2031 20:54,0,PAY-CHECK-601165,JPMC-CLIENT-600947,USA,528.25,CLIENT-600948,CANADA,PAY-CHECK,jpm_fraud_payment,payment_transaction,FALSE,banking,synthetic_research
07/03/2031 22:04,0,WITHDRAWAL-607742,JPMC-CLIENT-607513,USA,403.34,,,EXCHANGE,jpm_fraud_payment,payment_transaction,FALSE,banking,synthetic_research
09/03/2031 1:14,0,MOVE-FUNDS-608325,JPMC-CLIENT-608061,SVALBARD,496.82,CLIENT-608063,USA,MOVE-FUNDS,jpm_fraud_payment,payment_transaction,FALSE,banking,synthetic_research
11/03/2031 13:04,0,MOVE-FUNDS-603167,COMPANY-602922,GERMANY,2000.46,JPMC-CLIENT-602918,USA,MOVE-FUNDS,jpm_fraud_payment,payment_transaction,FALSE,banking,synthetic_research
16/03/2031 13:34,0,QUICK-DEPOSIT-603192,,,828.15,JPMC-CLIENT-602918,USA,DEPOSIT-CASH,jpm_fraud_payment,payment_transaction,FALSE,banking,synthetic_research
26/03/2031 10:44,0,PAY-BILL-616543,JPMC-CLIENT-616523,USA,167.84,COMPANY-616529,USA,MAKE-PAYMENT,jpm_fraud_payment,payment_transaction,FALSE,banking,synthetic_research
28/03/2031 12:24,0,PAYMENT-613102,JPMC-CLIENT-613057,USA,52.9,BILL-COMPANY-613103,CONGO-DEM-REP,MAKE-PAYMENT,jpm_fraud_payment,payment_transaction,FALSE,banking,synthetic_research
03/04/2031 2:14,0,PAY-BILL-619866,JPMC-CLIENT-619807,USA,100.08,COMPANY-619814,BERMUDA,MAKE-PAYMENT,jpm_fraud_payment,payment_transaction,FALSE,banking,synthetic_research
07/04/2031 4:34,0,PAYMENT-619292,JPMC-CLIENT-619201,USA,90.03,BILL-COMPANY-619293,USA,MAKE-PAYMENT,jpm_fraud_payment,payment_transaction,FALSE,banking,synthetic_research
08/04/2031 5:54,0,DEPOSIT-CHECK-612292,,,651.46,JPMC-CLIENT-612187,USA,DEPOSIT-CHECK,jpm_fraud_payment,payment_transaction,FALSE,banking,synthetic_research
09/04/2031 5:14,0,PAY-BILL-615513,JPMC-CLIENT-615409,USA,402.26,BILL-COMPANY-615482,USA,MAKE-PAYMENT,jpm_fraud_payment,payment_transaction,FALSE,banking,synthetic_research
11/04/2031 4:44,0,QUICK-PAYMENT-613160,JPMC-CLIENT-613057,USA,146.18,CLIENT-613075,USA,QUICK-PAYMENT,jpm_fraud_payment,payment_transaction,FALSE,banking,synthetic_research
13/04/2031 4:24,0,QUICK-PAYMENT-616393,JPMC-CLIENT-616286,USA,472.28,CLIENT-616287,CANADA,QUICK-PAYMENT,jpm_fraud_payment,payment_transaction,FALSE,banking,synthetic_research
14/04/2031 7:54,0,DEPOSIT-CASH-621575,,,424,JPMC-CLIENT-621439,USA,DEPOSIT-CASH,jpm_fraud_payment,payment_transaction,FALSE,banking,synthetic_research
18/04/2031 19:24,0,PAYMENT-617259,JPMC-CLIENT-617114,USA,64.13,BILL-COMPANY-617260,USA,MAKE-PAYMENT,jpm_fraud_payment,payment_transaction,FALSE,banking,synthetic_research
19/04/2031 20:54,0,PAY-CHECK-620538,CLIENT-620399,USA,311.43,JPMC-CLIENT-620381,USA,PAY-CHECK,jpm_fraud_payment,payment_transaction,FALSE,banking,synthetic_research
20/04/2031 6:44,0,QUICK-PAYMENT-616427,JPMC-CLIENT-616290,CANADA,100.85,JPMC-CLIENT-616286,USA,QUICK-PAYMENT,jpm_fraud_payment,payment_transaction,FALSE,banking,synthetic_research
22/04/2031 10:04,0,QUICK-PAYMENT-619984,JPMC-CLIENT-619807,USA,145.07,BILL-COMPANY-619871,MADAGASCAR,QUICK-PAYMENT,jpm_fraud_payment,payment_transaction,FALSE,banking,synthetic_research
01/05/2031 10:34,0,PAYMENT-620298,JPMC-CLIENT-620099,SIERRA-LEONE,41.95,BILL-COMPANY-620299,ARGENTINA,MAKE-PAYMENT,jpm_fraud_payment,payment_transaction,FALSE,banking,synthetic_research
03/05/2031 1:04,0,PAYMENT-613287,JPMC-CLIENT-613057,USA,0.08,BILL-COMPANY-613288,USA,MAKE-PAYMENT,jpm_fraud_payment,payment_transaction,FALSE,banking,synthetic_research
06/05/2031 0:04,0,PAYMENT-620319,JPMC-CLIENT-620099,USA,400.81,JPMC-CLIENT-620101,CANADA,MAKE-PAYMENT,jpm_fraud_payment,payment_transaction,FALSE,banking,synthetic_research
24/05/2031 0:54,0,QUICK-DEPOSIT-630714,,,100.9,JPMC-CLIENT-630697,USA,DEPOSIT-CASH,jpm_fraud_payment,payment_transaction,FALSE,banking,synthetic_research
28/05/2031 14:54,0,PAYMENT-629068,JPMC-CLIENT-629021,USA,75.47,BILL-COMPANY-629069,USA,MAKE-PAYMENT,jpm_fraud_payment,payment_transaction,FALSE,banking,synthetic_research
05/06/2031 17:14,0,MAKE-PAYMENT-624051,JPMC-CLIENT-623967,USA,716.58,CLIENT-623986,PITCAIRN,MAKE-PAYMENT,jpm_fraud_payment,payment_transaction,FALSE,banking,synthetic_research
07/06/2031 17:14,0,PAY-BILL-621843,JPMC-CLIENT-621754,ICELAND,450.77,BILL-COMPANY-621828,UNITED-KINGDOM,MAKE-PAYMENT,jpm_fraud_payment,payment_transaction,FALSE,banking,synthetic_research
14/06/2031 5:14,0,PAY-BILL-631090,JPMC-CLIENT-630982,USA,656,COMPANY-630989,GUINEA,MAKE-PAYMENT,jpm_fraud_payment,payment_transaction,FALSE,banking,synthetic_research
14/06/2031 21:24,0,MOVE-FUNDS-623540,JPMC-CLIENT-623402,USA,748.17,CLIENT-623423,USA,MOVE-FUNDS,jpm_fraud_payment,payment_transaction,FALSE,banking,synthetic_research
15/06/2031 21:54,0,PAYMENT-623549,JPMC-CLIENT-623402,ANGOLA,40.11,BILL-COMPANY-623550,CAYMAN-ISLANDS,MAKE-PAYMENT,jpm_fraud_payment,payment_transaction,FALSE,banking,synthetic_research
26/06/2031 21:14,0,MOVE-FUNDS-625067,JPMC-CLIENT-624888,USA,251.79,JPMC-CLIENT-624890,USA,MOVE-FUNDS,jpm_fraud_payment,payment_transaction,FALSE,banking,synthetic_research
27/06/2031 9:34,0,MAKE-PAYMENT-622732,BILL-COMPANY-622599,SVALBARD,501.09,JPMC-CLIENT-622555,KENYA,MAKE-PAYMENT,jpm_fraud_payment,payment_transaction,FALSE,banking,synthetic_research
05/07/2031 14:04,0,QUICK-DEPOSIT-630499,,,672.42,JPMC-CLIENT-630268,USA,DEPOSIT-CASH,jpm_fraud_payment,payment_transaction,FALSE,banking,synthetic_research
08/07/2031 15:14,0,MAKE-PAYMENT-624499,JPMC-CLIENT-624247,USA,100.84,CLIENT-624406,USA,MAKE-PAYMENT,jpm_fraud_payment,payment_transaction,FALSE,banking,synthetic_research
09/07/2031 6:14,0,PAY-CHECK-626469,JPMC-CLIENT-626196,USA,752.82,CLIENT-626412,CAYMAN-ISLANDS,PAY-CHECK,jpm_fraud_payment,payment_transaction,FALSE,banking,synthetic_research
16/07/2031 1:54,0,MAKE-PAYMENT-631242,JPMC-CLIENT-630982,USA,186.53,BILL-COMPANY-631180,USA,MAKE-PAYMENT,jpm_fraud_payment,payment_transaction,FALSE,banking,synthetic_research
22/07/2031 3:04,0,QUICK-DEPOSIT-633605,,,871.57,JPMC-CLIENT-633583,USA,DEPOSIT-CASH,jpm_fraud_payment,payment_transaction,FALSE,banking,synthetic_research
22/07/2031 16:24,0,EXCHANGE-638524,JPMC-CLIENT-638491,USA,287.43,,,WITHDRAWAL,jpm_fraud_payment,payment_transaction,FALSE,banking,synthetic_research
25/07/2031 18:34,0,MAKE-PAYMENT-639153,JPMC-CLIENT-639092,USA,878.53,JPMC-CLIENT-639094,DJIBOUTI,MAKE-PAYMENT,jpm_fraud_payment,payment_transaction,FALSE,banking,synthetic_research
28/07/2031 5:54,0,DEPOSIT-CHECK-638550,,,563.16,JPMC-CLIENT-638491,USA,DEPOSIT-CHECK,jpm_fraud_payment,payment_transaction,FALSE,banking,synthetic_research
29/07/2031 7:54,0,PAY-BILL-639173,JPMC-CLIENT-639092,USA,969.73,BILL-COMPANY-639159,HONDURAS,MAKE-PAYMENT,jpm_fraud_payment,payment_transaction,FALSE,banking,synthetic_research
30/07/2031 18:44,0,PAY-BILL-633378,JPMC-CLIENT-633301,USA,537.06,COMPANY-633306,NETHERLANDS,MAKE-PAYMENT,jpm_fraud_payment,payment_transaction,FALSE,banking,synthetic_research
02/08/2031 18:34,0,EXCHANGE-641666,JPMC-CLIENT-641585,USA,177.63,,,EXCHANGE,jpm_fraud_payment,payment_transaction,FALSE,banking,synthetic_research
04/08/2031 9:14,0,PAY-BILL-639802,JPMC-CLIENT-639692,USA,100.42,BILL-COMPANY-639761,USA,MAKE-PAYMENT,jpm_fraud_payment,payment_transaction,FALSE,banking,synthetic_research
05/08/2031 7:34,0,PAYMENT-637993,JPMC-CLIENT-637896,USA,7.28,BILL-COMPANY-637994,USA,MAKE-PAYMENT,jpm_fraud_payment,payment_transaction,FALSE,banking,synthetic_research
05/08/2031 7:54,0,PAYMENT-641403,JPMC-CLIENT-641299,USA,83.97,BILL-COMPANY-641404,USA,MAKE-PAYMENT,jpm_fraud_payment,payment_transaction,FALSE,banking,synthetic_research
11/08/2031 10:44,0,QUICK-PAYMENT-642744,JPMC-CLIENT-642609,USA,923.42,CLIENT-642628,ANGOLA,QUICK-PAYMENT,jpm_fraud_payment,payment_transaction,FALSE,banking,synthetic_research
01/09/2031 2:44,0,PAYMENT-642083,JPMC-CLIENT-641866,USA,400.07,CLIENT-641867,CANADA,MAKE-PAYMENT,jpm_fraud_payment,payment_transaction,FALSE,banking,synthetic_research
02/09/2031 5:04,0,PAY-CHECK-635506,BILL-COMPANY-635391,MALAWI,945.64,JPMC-CLIENT-635264,TAIWAN,PAY-CHECK,jpm_fraud_payment,payment_transaction,FALSE,banking,synthetic_research
02/09/2031 5:34,0,MOVE-FUNDS-633101,JPMC-COMPANY-632863,GERMANY,2000.61,JPMC-CLIENT-632858,PALESTINE,MOVE-FUNDS,jpm_fraud_payment,payment_transaction,FALSE,banking,synthetic_research
08/09/2031 6:44,0,PAYMENT-633130,JPMC-CLIENT-632858,USA,70.17,BILL-COMPANY-633131,USA,MAKE-PAYMENT,jpm_fraud_payment,payment_transaction,FALSE,banking,synthetic_research
13/09/2031 18:15,0,QUICK-PAYMENT-643406,CLIENT-643401,SAUDI-ARABIA,222.68,JPMC-CLIENT-643383,USA,QUICK-PAYMENT,jpm_fraud_payment,payment_transaction,FALSE,banking,synthetic_research
17/09/2031 20:05,0,DEPOSIT-CHECK-650949,,,117.6,JPMC-CLIENT-650903,USA,DEPOSIT-CHECK,jpm_fraud_payment,payment_transaction,FALSE,banking,synthetic_research
21/09/2031 22:25,0,CASH-CHECK-649819,,,497.27,JPMC-CLIENT-649744,USA,DEPOSIT-CHECK,jpm_fraud_payment,payment_transaction,FALSE,banking,synthetic_research
24/09/2031 10:25,0,PAY-CHECK-643746,JPMC-CLIENT-643663,USA,538.56,CLIENT-643666,CANADA,PAY-CHECK,jpm_fraud_payment,payment_transaction,FALSE,banking,synthetic_research
26/09/2031 0:25,0,EXCHANGE-650127,JPMC-CLIENT-650026,USA,707.56,,,WITHDRAWAL,jpm_fraud_payment,payment_transaction,FALSE,banking,synthetic_research
03/10/2031 1:55,0,QUICK-PAYMENT-645796,JPMC-CLIENT-645662,USA,949.71,CLIENT-645749,SURINAME,QUICK-PAYMENT,jpm_fraud_payment,payment_transaction,FALSE,banking,synthetic_research
04/10/2031 12:05,0,PAYMENT-646368,JPMC-CLIENT-646245,USA,59.98,BILL-COMPANY-646369,PORTUGAL,MAKE-PAYMENT,jpm_fraud_payment,payment_transaction,FALSE,banking,synthetic_research
06/10/2031 12:35,0,PAY-BILL-652167,JPMC-CLIENT-652038,USA,103.62,COMPANY-652042,USA,MAKE-PAYMENT,jpm_fraud_payment,payment_transaction,FALSE,banking,synthetic_research
17/10/2031 3:45,0,MAKE-PAYMENT-654262,JPMC-CLIENT-654079,SWITZERLAND,100.72,CLIENT-654097,USA,MAKE-PAYMENT,jpm_fraud_payment,payment_transaction,FALSE,banking,synthetic_research
17/10/2031 4:05,0,WITHDRAWAL-645852,JPMC-CLIENT-645662,USA,681.78,,,WITHDRAWAL,jpm_fraud_payment,payment_transaction,FALSE,banking,synthetic_research
17/10/2031 17:15,0,PAYMENT-644421,JPMC-CLIENT-644227,USA,37.18,BILL-COMPANY-644422,USA,MAKE-PAYMENT,jpm_fraud_payment,payment_transaction,FALSE,banking,synthetic_research
20/10/2031 5:25,0,MOVE-FUNDS-643305,COMPANY-643113,GERMANY,2000.48,JPMC-CLIENT-643109,USA,MOVE-FUNDS,jpm_fraud_payment,payment_transaction,FALSE,banking,synthetic_research
20/10/2031 6:25,0,MOVE-FUNDS-651676,COMPANY-651477,GERMANY,2000.34,JPMC-CLIENT-651473,USA,MOVE-FUNDS,jpm_fraud_payment,payment_transaction,FALSE,banking,synthetic_research
27/10/2031 19:45,0,EXCHANGE-652007,JPMC-CLIENT-651747,USA,766.1,,,EXCHANGE,jpm_fraud_payment,payment_transaction,FALSE,banking,synthetic_research
28/10/2031 21:25,0,PAY-BILL-647437,JPMC-CLIENT-647169,USA,828.1,BILL-COMPANY-647212,BRITISH-INDIAN-OCEAN-TERRITORY,MAKE-PAYMENT,jpm_fraud_payment,payment_transaction,FALSE,banking,synthetic_research
29/10/2031 20:25,0,PAY-CHECK-650596,JPMC-CLIENT-650334,USA,942.89,CLIENT-650336,NICARAGUA,PAY-CHECK,jpm_fraud_payment,payment_transaction,FALSE,banking,synthetic_research
09/11/2031 18:55,0,MAKE-PAYMENT-665815,JPMC-CLIENT-665798,USA,667.73,COMPANY-665802,USA,MAKE-PAYMENT,jpm_fraud_payment,payment_transaction,FALSE,banking,synthetic_research
09/11/2031 19:35,0,QUICK-DEPOSIT-664343,,,100.75,JPMC-CLIENT-664318,USA,DEPOSIT-CASH,jpm_fraud_payment,payment_transaction,FALSE,banking,synthetic_research
11/11/2031 19:35,0,QUICK-DEPOSIT-663448,,,913.87,JPMC-CLIENT-663420,USA,DEPOSIT-CASH,jpm_fraud_payment,payment_transaction,FALSE,banking,synthetic_research
12/11/2031 7:15,0,QUICK-DEPOSIT-656112,,,825.47,JPMC-CLIENT-656084,USA,DEPOSIT-CASH,jpm_fraud_payment,payment_transaction,FALSE,banking,synthetic_research
15/11/2031 22:05,0,MAKE-PAYMENT-655858,JPMC-CLIENT-655798,USA,307.07,CLIENT-655800,USA,MAKE-PAYMENT,jpm_fraud_payment,payment_transaction,FALSE,banking,synthetic_research
17/11/2031 10:25,0,PAYMENT-664660,JPMC-CLIENT-664598,USA,21.97,BILL-COMPANY-664661,USA,MAKE-PAYMENT,jpm_fraud_payment,payment_transaction,FALSE,banking,synthetic_research
18/11/2031 21:25,0,QUICK-PAYMENT-665604,JPMC-CLIENT-665547,USA,402.97,CLIENT-665549,CANADA,QUICK-PAYMENT,jpm_fraud_payment,payment_transaction,FALSE,banking,synthetic_research
20/11/2031 22:05,0,PAYMENT-662692,JPMC-CLIENT-662629,USA,63.64,BILL-COMPANY-662693,ARMENIA,MAKE-PAYMENT,jpm_fraud_payment,payment_transaction,FALSE,banking,synthetic_research
21/11/2031 10:35,0,DEPOSIT-CHECK-658410,,,961.85,JPMC-CLIENT-658332,USA,DEPOSIT-CHECK,jpm_fraud_payment,payment_transaction,FALSE,banking,synthetic_research
21/11/2031 21:25,0,PAYMENT-660089,JPMC-CLIENT-660027,USA,68.23,BILL-COMPANY-660090,PORTUGAL,MAKE-PAYMENT,jpm_fraud_payment,payment_transaction,FALSE,banking,synthetic_research
22/11/2031 23:55,0,PAYMENT-658421,JPMC-CLIENT-658332,USA,400.36,CLIENT-658333,CANADA,MAKE-PAYMENT,jpm_fraud_payment,payment_transaction,FALSE,banking,synthetic_research
23/11/2031 12:15,0,PAYMENT-657856,JPMC-CLIENT-657761,USA,31.55,BILL-COMPANY-657857,USA,MAKE-PAYMENT,jpm_fraud_payment,payment_transaction,FALSE,banking,synthetic_research
25/11/2031 2:25,0,PAY-CHECK-664431,JPMC-CLIENT-664318,USA,492.67,CLIENT-664336,USA,PAY-CHECK,jpm_fraud_payment,payment_transaction,FALSE,banking,synthetic_research
27/11/2031 14:05,0,PAYMENT-662461,JPMC-CLIENT-662344,USA,400.92,JPMC-CLIENT-662345,CANADA,MAKE-PAYMENT,jpm_fraud_payment,payment_transaction,FALSE,banking,synthetic_research
06/12/2031 4:05,0,CASH-CHECK-657920,JPMC-CLIENT-657761,USA,736.16,,,WITHDRAWAL,jpm_fraud_payment,payment_transaction,FALSE,banking,synthetic_research
08/12/2031 18:55,0,EXCHANGE-662250,JPMC-CLIENT-662062,USA,178.13,,,WITHDRAWAL,jpm_fraud_payment,payment_transaction,FALSE,banking,synthetic_research
12/12/2031 5:25,0,WITHDRAWAL-656550,JPMC-CLIENT-656365,USA,773.59,,,EXCHANGE,jpm_fraud_payment,payment_transaction,FALSE,banking,synthetic_research
14/12/2031 6:05,0,PAYMENT-662543,JPMC-CLIENT-662344,USA,8.86,BILL-COMPANY-662544,LEBANON,MAKE-PAYMENT,jpm_fraud_payment,payment_transaction,FALSE,banking,synthetic_research
20/12/2031 18:15,0,MOVE-FUNDS-664816,CLIENT-664616,SPAIN,759.26,JPMC-CLIENT-664598,CHINA,MOVE-FUNDS,jpm_fraud_payment,payment_transaction,FALSE,banking,synthetic_research
23/12/2031 9:05,0,QUICK-PAYMENT-659430,JPMC-CLIENT-659173,USA,780.51,CLIENT-659362,LEBANON,QUICK-PAYMENT,jpm_fraud_payment,payment_transaction,FALSE,banking,synthetic_research
23/12/2031 19:05,0,PAYMENT-661982,JPMC-CLIENT-661759,MAYOTTE,13.19,BILL-COMPANY-661983,USA,MAKE-PAYMENT,jpm_fraud_payment,payment_transaction,FALSE,banking,synthetic_research
27/12/2031 8:45,0,DEPOSIT-CHECK-656056,,,100.19,JPMC-CLIENT-655798,USA,DEPOSIT-CHECK,jpm_fraud_payment,payment_transaction,FALSE,banking,synthetic_research
02/01/2032 21:55,0,MOVE-FUNDS-664872,JPMC-COMPANY-664602,GERMANY,2000.12,JPMC-CLIENT-664598,CHINA,MOVE-FUNDS,jpm_fraud_payment,payment_transaction,FALSE,banking,synthetic_research
05/01/2032 20:15,0,PAYMENT-661752,JPMC-CLIENT-661477,USA,51.61,BILL-COMPANY-661753,USA,MAKE-PAYMENT,jpm_fraud_payment,payment_transaction,FALSE,banking,synthetic_research
08/01/2032 20:25,0,CASH-CHECK-667627,,,861.7,JPMC-CLIENT-667607,USA,DEPOSIT-CHECK,jpm_fraud_payment,payment_transaction,FALSE,banking,synthetic_research
10/01/2032 20:45,0,DEPOSIT-CASH-675267,,,254.43,JPMC-CLIENT-675237,USA,DEPOSIT-CASH,jpm_fraud_payment,payment_transaction,FALSE,banking,synthetic_research
31/01/2032 4:05,0,PAYMENT-671760,JPMC-CLIENT-671623,USA,400.27,CLIENT-671624,CANADA,MAKE-PAYMENT,jpm_fraud_payment,payment_transaction,FALSE,banking,synthetic_research
02/02/2032 4:55,0,PAY-CHECK-667471,CLIENT-667323,CANADA,100.2,JPMC-CLIENT-667321,USA,PAY-CHECK,jpm_fraud_payment,payment_transaction,FALSE,banking,synthetic_research
04/02/2032 14:25,0,QUICK-PAYMENT-670883,BILL-COMPANY-670868,ERITREA,100.21,JPMC-CLIENT-670743,USA,QUICK-PAYMENT,jpm_fraud_payment,payment_transaction,FALSE,banking,synthetic_research
08/02/2032 6:15,0,PAY-CHECK-667498,JPMC-CLIENT-667321,USA,763.04,CLIENT-667323,CANADA,PAY-CHECK,jpm_fraud_payment,payment_transaction,FALSE,banking,synthetic_research
08/02/2032 21:15,0,DEPOSIT-CHECK-671261,,,159.68,JPMC-CLIENT-671053,USA,DEPOSIT-CHECK,jpm_fraud_payment,payment_transaction,FALSE,banking,synthetic_research
09/02/2032 6:15,0,PAY-BILL-674695,JPMC-CLIENT-674515,USA,861.09,BILL-COMPANY-674690,USA,MAKE-PAYMENT,jpm_fraud_payment,payment_transaction,FALSE,banking,synthetic_research
10/02/2032 23:15,0,EXCHANGE-669804,JPMC-CLIENT-669585,USA,725.36,,,EXCHANGE,jpm_fraud_payment,payment_transaction,FALSE,banking,synthetic_research
23/02/2032 12:15,0,MOVE-FUNDS-672392,COMPANY-672143,GERMANY,2000.98,JPMC-CLIENT-672139,USA,MOVE-FUNDS,jpm_fraud_payment,payment_transaction,FALSE,banking,synthetic_research
07/03/2032 23:05,0,QUICK-PAYMENT-683204,JPMC-CLIENT-683175,USA,349.14,CLIENT-683193,CUBA,QUICK-PAYMENT,jpm_fraud_payment,payment_transaction,FALSE,banking,synthetic_research
09/03/2032 1:15,0,PAY-CHECK-685105,JPMC-CLIENT-685055,USA,314.27,CLIENT-685074,USA,PAY-CHECK,jpm_fraud_payment,payment_transaction,FALSE,banking,synthetic_research
12/03/2032 14:05,0,MOVE-FUNDS-683676,COMPANY-683621,GERMANY,2000.53,JPMC-CLIENT-683616,USA,MOVE-FUNDS,jpm_fraud_payment,payment_transaction,FALSE,banking,synthetic_research
12/03/2032 14:35,0,PAY-CHECK-686855,CLIENT-686782,USA,138.75,JPMC-CLIENT-686780,USA,PAY-CHECK,jpm_fraud_payment,payment_transaction,FALSE,banking,synthetic_research
14/03/2032 1:25,0,WITHDRAWAL-678441,JPMC-CLIENT-678378,GHANA,100.6,,,EXCHANGE,jpm_fraud_payment,payment_transaction,FALSE,banking,synthetic_research
14/03/2032 15:05,0,EXCHANGE-682407,JPMC-CLIENT-682328,USA,247.14,,,EXCHANGE,jpm_fraud_payment,payment_transaction,FALSE,banking,synthetic_research
15/03/2032 3:05,0,CASH-CHECK-682408,JPMC-CLIENT-682328,USA,167.74,,,WITHDRAWAL,jpm_fraud_payment,payment_transaction,FALSE,banking,synthetic_research
15/03/2032 14:05,0,PAY-BILL-681578,JPMC-CLIENT-681501,USA,289.86,COMPANY-681509,ARMENIA,MAKE-PAYMENT,jpm_fraud_payment,payment_transaction,FALSE,banking,synthetic_research
18/03/2032 4:05,0,PAYMENT-681877,JPMC-CLIENT-681783,USA,47.44,BILL-COMPANY-681878,USA,MAKE-PAYMENT,jpm_fraud_payment,payment_transaction,FALSE,banking,synthetic_research
24/03/2032 5:15,0,PAYMENT-684266,JPMC-CLIENT-684147,USA,400.53,CLIENT-684148,CANADA,MAKE-PAYMENT,jpm_fraud_payment,payment_transaction,FALSE,banking,synthetic_research
24/03/2032 17:05,0,PAYMENT-686328,JPMC-CLIENT-686211,USA,400.81,CLIENT-686212,CANADA,MAKE-PAYMENT,jpm_fraud_payment,payment_transaction,FALSE,banking,synthetic_research
29/03/2032 7:45,0,PAYMENT-683032,JPMC-CLIENT-682888,USA,400.1,CLIENT-682889,CANADA,MAKE-PAYMENT,jpm_fraud_payment,payment_transaction,FALSE,banking,synthetic_research
03/04/2032 9:55,0,MAKE-PAYMENT-684940,JPMC-CLIENT-684774,CANADA,706.54,JPMC-CLIENT-684772,USA,MAKE-PAYMENT,jpm_fraud_payment,payment_transaction,FALSE,banking,synthetic_research
04/04/2032 22:45,0,PAY-BILL-684956,JPMC-CLIENT-684772,USA,483.37,JPMC-COMPANY-684775,LIECHTENSTEIN,MAKE-PAYMENT,jpm_fraud_payment,payment_transaction,FALSE,banking,synthetic_research
10/04/2032 10:15,0,QUICK-PAYMENT-686973,JPMC-CLIENT-686780,USA,664.68,BILL-COMPANY-686905,RWANDA,QUICK-PAYMENT,jpm_fraud_payment,payment_transaction,FALSE,banking,synthetic_research
10/04/2032 15:05,0,QUICK-PAYMENT-681456,JPMC-CLIENT-681217,USA,587.73,CLIENT-681236,MALAWI,QUICK-PAYMENT,jpm_fraud_payment,payment_transaction,FALSE,banking,synthetic_research
12/04/2032 9:25,0,PAYMENT-686092,JPMC-CLIENT-685902,USA,53.85,BILL-COMPANY-686093,USA,MAKE-PAYMENT,jpm_fraud_payment,payment_transaction,FALSE,banking,synthetic_research
14/04/2032 13:05,0,PAYMENT-685002,JPMC-CLIENT-684772,USA,0.82,BILL-COMPANY-685003,MAURITANIA,MAKE-PAYMENT,jpm_fraud_payment,payment_transaction,FALSE,banking,synthetic_research
14/04/2032 13:45,0,PAY-BILL-676343,JPMC-CLIENT-676116,USA,672.57,BILL-COMPANY-676202,USA,MAKE-PAYMENT,jpm_fraud_payment,payment_transaction,FALSE,banking,synthetic_research
15/04/2032 0:35,0,MOVE-FUNDS-680547,COMPANY-680330,GERMANY,2000.31,JPMC-CLIENT-680325,USA,MOVE-FUNDS,jpm_fraud_payment,payment_transaction,FALSE,banking,synthetic_research
15/04/2032 1:55,0,QUICK-PAYMENT-679463,JPMC-CLIENT-679227,USA,280.23,BILL-COMPANY-679430,ISLE-OF-MAN,QUICK-PAYMENT,jpm_fraud_payment,payment_transaction,FALSE,banking,synthetic_research
16/04/2032 2:25,0,CASH-CHECK-679467,,,140.82,JPMC-CLIENT-679227,USA,DEPOSIT-CHECK,jpm_fraud_payment,payment_transaction,FALSE,banking,synthetic_research
16/04/2032 6:45,0,CASH-CHECK-683885,JPMC-CLIENT-683616,USA,418.41,,,EXCHANGE,jpm_fraud_payment,payment_transaction,FALSE,banking,synthetic_research
20/04/2032 3:05,0,MAKE-PAYMENT-677514,CLIENT-677256,USA,100.35,JPMC-CLIENT-677254,USA,MAKE-PAYMENT,jpm_fraud_payment,payment_transaction,FALSE,banking,synthetic_research
04/05/2032 12:35,0,QUICK-PAYMENT-694310,CLIENT-694308,USA,222.3,JPMC-CLIENT-694290,USA,QUICK-PAYMENT,jpm_fraud_payment,payment_transaction,FALSE,banking,synthetic_research
04/05/2032 12:45,0,DEPOSIT-CASH-691745,,,498.37,JPMC-CLIENT-691721,USA,DEPOSIT-CASH,jpm_fraud_payment,payment_transaction,FALSE,banking,synthetic_research
06/05/2032 13:35,0,PAY-BILL-692619,JPMC-CLIENT-692588,USA,484.24,COMPANY-692594,MALDIVES,MAKE-PAYMENT,jpm_fraud_payment,payment_transaction,FALSE,banking,synthetic_research
07/05/2032 0:55,0,DEPOSIT-CASH-696356,,,732.28,JPMC-CLIENT-696329,USA,DEPOSIT-CASH,jpm_fraud_payment,payment_transaction,FALSE,banking,synthetic_research
09/05/2032 2:15,0,PAYMENT-696914,JPMC-CLIENT-696877,USA,400.66,CLIENT-696878,CANADA,MAKE-PAYMENT,jpm_fraud_payment,payment_transaction,FALSE,banking,synthetic_research
12/05/2032 2:55,0,CASH-CHECK-689475,JPMC-CLIENT-689418,CUBA,982.08,,,EXCHANGE,jpm_fraud_payment,payment_transaction,FALSE,banking,synthetic_research
14/05/2032 5:05,0,QUICK-PAYMENT-688266,JPMC-COMPANY-688191,USA,351.39,JPMC-CLIENT-688188,USA,QUICK-PAYMENT,jpm_fraud_payment,payment_transaction,FALSE,banking,synthetic_research
14/05/2032 15:05,0,DEPOSIT-CHECK-696391,,,849.4,JPMC-CLIENT-696329,USA,DEPOSIT-CHECK,jpm_fraud_payment,payment_transaction,FALSE,banking,synthetic_research
16/05/2032 16:25,0,WITHDRAWAL-687427,JPMC-CLIENT-687350,USA,733.08,,,WITHDRAWAL,jpm_fraud_payment,payment_transaction,FALSE,banking,synthetic_research
17/05/2032 17:15,0,PAYMENT-687159,JPMC-CLIENT-687075,SAN-MARINO,85.64,BILL-COMPANY-687160,CAMBODIA,MAKE-PAYMENT,jpm_fraud_payment,payment_transaction,FALSE,banking,synthetic_research
22/05/2032 5:45,0,MAKE-PAYMENT-687454,JPMC-CLIENT-687350,USA,724.88,JPMC-CLIENT-687352,CANADA,MAKE-PAYMENT,jpm_fraud_payment,payment_transaction,FALSE,banking,synthetic_research
24/05/2032 20:05,0,PAY-CHECK-695346,JPMC-CLIENT-695211,USA,354.56,JPMC-CLIENT-695213,USA,PAY-CHECK,jpm_fraud_payment,payment_transaction,FALSE,banking,synthetic_research
26/05/2032 19:55,0,CASH-CHECK-690632,JPMC-CLIENT-690496,USA,704.58,,,EXCHANGE,jpm_fraud_payment,payment_transaction,FALSE,banking,synthetic_research
28/05/2032 20:15,0,CASH-CHECK-694791,,,100.46,JPMC-CLIENT-694648,USA,DEPOSIT-CHECK,jpm_fraud_payment,payment_transaction,FALSE,banking,synthetic_research
29/05/2032 22:55,0,QUICK-PAYMENT-687792,JPMC-CLIENT-687631,USA,100.89,CLIENT-687633,CANADA,QUICK-PAYMENT,jpm_fraud_payment,payment_transaction,FALSE,banking,synthetic_research
06/06/2032 10:05,0,QUICK-PAYMENT-689885,CLIENT-689702,USA,882.14,JPMC-CLIENT-689701,USA,QUICK-PAYMENT,jpm_fraud_payment,payment_transaction,FALSE,banking,synthetic_research
06/06/2032 22:05,0,MAKE-PAYMENT-689886,JPMC-CLIENT-689704,USA,813.3,JPMC-CLIENT-689701,USA,MAKE-PAYMENT,jpm_fraud_payment,payment_transaction,FALSE,banking,synthetic_research
14/06/2032 4:05,0,PAYMENT-692266,JPMC-CLIENT-692022,USA,28.7,BILL-COMPANY-692267,NAURU,MAKE-PAYMENT,jpm_fraud_payment,payment_transaction,FALSE,banking,synthetic_research
16/06/2032 1:35,0,PAYMENT-695443,JPMC-CLIENT-695211,USA,400.14,CLIENT-695212,CANADA,MAKE-PAYMENT,jpm_fraud_payment,payment_transaction,FALSE,banking,synthetic_research
24/06/2032 13:25,0,PAYMENT-696574,JPMC-CLIENT-696329,USA,400.97,CLIENT-696330,CANADA,MAKE-PAYMENT,jpm_fraud_payment,payment_transaction,FALSE,banking,synthetic_research
02/07/2032 4:15,0,PAY-CHECK-701414,JPMC-CLIENT-701382,USA,726.02,CLIENT-701401,ROMANIA,PAY-CHECK,jpm_fraud_payment,payment_transaction,FALSE,banking,synthetic_research
07/07/2032 5:15,0,QUICK-PAYMENT-704944,JPMC-CLIENT-704886,USA,100.29,CLIENT-704887,ISLE-OF-MAN,QUICK-PAYMENT,jpm_fraud_payment,payment_transaction,FALSE,banking,synthetic_research
12/07/2032 8:05,0,PAY-CHECK-698126,JPMC-CLIENT-698026,USA,614.65,CLIENT-698044,USA,PAY-CHECK,jpm_fraud_payment,payment_transaction,FALSE,banking,synthetic_research
16/07/2032 20:55,0,PAY-BILL-703730,JPMC-CLIENT-703621,USA,938.47,BILL-COMPANY-703716,USA,MAKE-PAYMENT,jpm_fraud_payment,payment_transaction,FALSE,banking,synthetic_research
17/07/2032 8:15,0,CASH-CHECK-707621,JPMC-CLIENT-707517,TRINIDAD-AND-TOBAGO,138.59,,,EXCHANGE,jpm_fraud_payment,payment_transaction,FALSE,banking,synthetic_research
18/07/2032 7:55,0,WITHDRAWAL-700334,JPMC-CLIENT-700229,USA,461.8,,,EXCHANGE,jpm_fraud_payment,payment_transaction,FALSE,banking,synthetic_research
23/07/2032 9:15,0,PAYMENT-704698,JPMC-CLIENT-704581,USA,10.89,BILL-COMPANY-704699,USA,MAKE-PAYMENT,jpm_fraud_payment,payment_transaction,FALSE,banking,synthetic_research
27/07/2032 9:45,0,QUICK-PAYMENT-704344,CLIENT-704304,USA,935.58,JPMC-CLIENT-704194,USA,QUICK-PAYMENT,jpm_fraud_payment,payment_transaction,FALSE,banking,synthetic_research
02/08/2032 3:05,0,PAYMENT-705890,JPMC-CLIENT-705696,CENTRAL-AFRICAN-REPUBLIC,77.58,BILL-COMPANY-705891,MONTSERRAT,MAKE-PAYMENT,jpm_fraud_payment,payment_transaction,FALSE,banking,synthetic_research
02/08/2032 3:25,0,PAYMENT-699870,JPMC-CLIENT-699675,USA,400.74,CLIENT-699676,CANADA,MAKE-PAYMENT,jpm_fraud_payment,payment_transaction,FALSE,banking,synthetic_research
05/08/2032 12:05,0,PAY-CHECK-703079,JPMC-CLIENT-702897,USA,375.98,JPMC-CLIENT-702899,CANADA,PAY-CHECK,jpm_fraud_payment,payment_transaction,FALSE,banking,synthetic_research
07/08/2032 1:45,0,DEPOSIT-CHECK-707720,,,128.82,JPMC-CLIENT-707517,USA,DEPOSIT-CHECK,jpm_fraud_payment,payment_transaction,FALSE,banking,synthetic_research
09/08/2032 7:45,0,MOVE-FUNDS-700758,JPMC-COMPANY-700516,GERMANY,2000.72,JPMC-CLIENT-700511,USA,MOVE-FUNDS,jpm_fraud_payment,payment_transaction,FALSE,banking,synthetic_research
17/08/2032 2:15,0,PAY-BILL-698832,JPMC-CLIENT-698602,NETHERLANDS,353.06,BILL-COMPANY-698818,USA,MAKE-PAYMENT,jpm_fraud_payment,payment_transaction,FALSE,banking,synthetic_research
26/08/2032 16:55,0,PAY-BILL-708193,JPMC-CLIENT-708172,USA,898.47,JPMC-COMPANY-708180,USA,MAKE-PAYMENT,jpm_fraud_payment,payment_transaction,FALSE,banking,synthetic_research
31/08/2032 17:25,0,CASH-CHECK-709624,,,771.68,JPMC-CLIENT-709589,USA,DEPOSIT-CHECK,jpm_fraud_payment,payment_transaction,FALSE,banking,synthetic_research
03/09/2032 7:35,0,QUICK-DEPOSIT-716400,,,873.77,JPMC-CLIENT-716342,USA,DEPOSIT-CASH,jpm_fraud_payment,payment_transaction,FALSE,banking,synthetic_research
05/09/2032 18:25,0,QUICK-PAYMENT-713017,JPMC-CLIENT-712960,USA,393.19,JPMC-CLIENT-712958,USA,QUICK-PAYMENT,jpm_fraud_payment,payment_transaction,FALSE,banking,synthetic_research
06/09/2032 7:25,0,PAYMENT-712148,JPMC-CLIENT-712082,USA,39.77,BILL-COMPANY-712149,USA,MAKE-PAYMENT,jpm_fraud_payment,payment_transaction,FALSE,banking,synthetic_research
08/09/2032 21:35,0,WITHDRAWAL-718138,JPMC-CLIENT-718051,USA,572.64,,,EXCHANGE,jpm_fraud_payment,payment_transaction,FALSE,banking,synthetic_research
09/09/2032 21:55,0,PAY-CHECK-718152,JPMC-CLIENT-718051,USA,658.19,CLIENT-718103,USA,PAY-CHECK,jpm_fraud_payment,payment_transaction,FALSE,banking,synthetic_research
11/09/2032 9:35,0,PAYMENT-716719,JPMC-CLIENT-716624,USA,98.42,BILL-COMPANY-716720,USA,MAKE-PAYMENT,jpm_fraud_payment,payment_transaction,FALSE,banking,synthetic_research
16/09/2032 14:55,0,PAYMENT-711609,JPMC-CLIENT-711465,USA,50.19,BILL-COMPANY-711610,COTE-DIVOIRE,MAKE-PAYMENT,jpm_fraud_payment,payment_transaction,FALSE,banking,synthetic_research
16/09/2032 15:25,0,QUICK-PAYMENT-717064,JPMC-CLIENT-716910,USA,179.67,BILL-COMPANY-716948,USA,QUICK-PAYMENT,jpm_fraud_payment,payment_transaction,FALSE,banking,synthetic_research
17/09/2032 14:55,0,MOVE-FUNDS-714256,CLIENT-714240,BONAIRE,978.03,JPMC-CLIENT-714102,USA,MOVE-FUNDS,jpm_fraud_payment,payment_transaction,FALSE,banking,synthetic_research
22/09/2032 0:35,0,PAYMENT-716768,JPMC-CLIENT-716624,USA,2.62,BILL-COMPANY-716769,SAINT-MARTIN,MAKE-PAYMENT,jpm_fraud_payment,payment_transaction,FALSE,banking,synthetic_research
23/09/2032 0:05,0,PAY-CHECK-709166,JPMC-CLIENT-709012,USA,705.05,BILL-COMPANY-709086,ICELAND,PAY-CHECK,jpm_fraud_payment,payment_transaction,FALSE,banking,synthetic_research
23/09/2032 17:55,0,PAYMENT-717097,JPMC-CLIENT-716910,USA,400.17,JPMC-CLIENT-716911,CANADA,MAKE-PAYMENT,jpm_fraud_payment,payment_transaction,FALSE,banking,synthetic_research
26/09/2032 2:55,0,PAYMENT-717950,JPMC-CLIENT-717778,USA,3.87,BILL-COMPANY-717951,USA,MAKE-PAYMENT,jpm_fraud_payment,payment_transaction,FALSE,banking,synthetic_research
27/09/2032 3:55,0,MAKE-PAYMENT-718235,JPMC-CLIENT-718051,USA,343.15,CLIENT-718053,CANADA,MAKE-PAYMENT,jpm_fraud_payment,payment_transaction,FALSE,banking,synthetic_research
29/09/2032 14:25,0,CASH-CHECK-709196,,,454.84,JPMC-CLIENT-709012,USA,DEPOSIT-CHECK,jpm_fraud_payment,payment_transaction,FALSE,banking,synthetic_research
03/10/2032 4:35,0,EXCHANGE-709797,JPMC-CLIENT-709589,USA,409.48,,,EXCHANGE,jpm_fraud_payment,payment_transaction,FALSE,banking,synthetic_research
04/10/2032 16:35,0,WITHDRAWAL-716836,JPMC-CLIENT-716624,USA,959.09,,,WITHDRAWAL,jpm_fraud_payment,payment_transaction,FALSE,banking,synthetic_research
06/10/2032 5:55,0,DEPOSIT-CASH-718005,,,652.02,JPMC-CLIENT-717778,USA,DEPOSIT-CASH,jpm_fraud_payment,payment_transaction,FALSE,banking,synthetic_research
06/10/2032 6:35,0,PAY-BILL-711133,JPMC-CLIENT-710902,NORFOLK-ISLAND,878.64,BILL-COMPANY-711024,PORTUGAL,MAKE-PAYMENT,jpm_fraud_payment,payment_transaction,FALSE,banking,synthetic_research
06/10/2032 8:35,0,PAYMENT-714348,JPMC-CLIENT-714102,USA,400.01,CLIENT-714103,CANADA,MAKE-PAYMENT,jpm_fraud_payment,payment_transaction,FALSE,banking,synthetic_research
08/10/2032 21:05,0,PAY-BILL-713791,JPMC-CLIENT-713526,USA,100.61,BILL-COMPANY-713757,CURACAO,MAKE-PAYMENT,jpm_fraud_payment,payment_transaction,FALSE,banking,synthetic_research
10/10/2032 20:15,0,WITHDRAWAL-715792,JPMC-CLIENT-715534,USA,819.41,,,WITHDRAWAL,jpm_fraud_payment,payment_transaction,FALSE,banking,synthetic_research
14/10/2032 9:15,0,PAY-BILL-715528,JPMC-CLIENT-715258,USA,773.21,BILL-COMPANY-715358,USA,MAKE-PAYMENT,jpm_fraud_payment,payment_transaction,FALSE,banking,synthetic_research
16/10/2032 8:35,0,PAY-CHECK-712349,JPMC-CLIENT-712082,USA,266.64,CLIENT-712084,USA,PAY-CHECK,jpm_fraud_payment,payment_transaction,FALSE,banking,synthetic_research
26/10/2032 19:35,0,PAY-BILL-718901,JPMC-CLIENT-718871,USA,310.44,COMPANY-718878,PITCAIRN,MAKE-PAYMENT,jpm_fraud_payment,payment_transaction,FALSE,banking,synthetic_research
26/10/2032 20:05,0,MOVE-FUNDS-719760,JPMC-CLIENT-719725,USA,897.93,CLIENT-719745,COMOROS,MOVE-FUNDS,jpm_fraud_payment,payment_transaction,FALSE,banking,synthetic_research
27/10/2032 10:45,0,WITHDRAWAL-724366,JPMC-CLIENT-724311,USA,100.42,,,WITHDRAWAL,jpm_fraud_payment,payment_transaction,FALSE,banking,synthetic_research
28/10/2032 8:35,0,PAYMENT-719489,JPMC-CLIENT-719443,USA,40.3,BILL-COMPANY-719490,USA,MAKE-PAYMENT,jpm_fraud_payment,payment_transaction,FALSE,banking,synthetic_research
29/10/2032 19:55,0,PAYMENT-727733,JPMC-CLIENT-727691,USA,48.28,BILL-COMPANY-727734,USA,MAKE-PAYMENT,jpm_fraud_payment,payment_transaction,FALSE,banking,synthetic_research
31/10/2032 10:55,0,QUICK-PAYMENT-729926,JPMC-CLIENT-729850,USA,308.07,CLIENT-729852,CANADA,QUICK-PAYMENT,jpm_fraud_payment,payment_transaction,FALSE,banking,synthetic_research
31/10/2032 22:25,0,PAYMENT-722972,JPMC-CLIENT-722904,USA,400.01,CLIENT-722905,CANADA,MAKE-PAYMENT,jpm_fraud_payment,payment_transaction,FALSE,banking,synthetic_research
02/11/2032 10:45,0,QUICK-DEPOSIT-726625,,,212.87,JPMC-CLIENT-726546,USA,DEPOSIT-CASH,jpm_fraud_payment,payment_transaction,FALSE,banking,synthetic_research
07/11/2032 1:25,0,QUICK-PAYMENT-729963,JPMC-CLIENT-729850,USA,343.8,CLIENT-729852,CANADA,QUICK-PAYMENT,jpm_fraud_payment,payment_transaction,FALSE,banking,synthetic_research
09/11/2032 10:55,0,MOVE-FUNDS-729464,CLIENT-729365,CANADA,437.23,JPMC-CLIENT-729363,USA,MOVE-FUNDS,jpm_fraud_payment,payment_transaction,FALSE,banking,synthetic_research
10/11/2032 3:35,0,EXCHANGE-729219,JPMC-CLIENT-729079,COCOS-KEELING-IS,632.35,,,WITHDRAWAL,jpm_fraud_payment,payment_transaction,FALSE,banking,synthetic_research
14/11/2032 13:15,0,CASH-CHECK-721279,,,408.4,JPMC-CLIENT-721145,USA,DEPOSIT-CHECK,jpm_fraud_payment,payment_transaction,FALSE,banking,synthetic_research
17/11/2032 4:45,0,PAYMENT-730022,JPMC-CLIENT-729850,USA,0.75,BILL-COMPANY-730023,USA,MAKE-PAYMENT,jpm_fraud_payment,payment_transaction,FALSE,banking,synthetic_research
19/11/2032 6:25,0,WITHDRAWAL-725887,JPMC-CLIENT-725701,USA,120.62,,,EXCHANGE,jpm_fraud_payment,payment_transaction,FALSE,banking,synthetic_research
20/11/2032 3:45,0,WITHDRAWAL-722507,JPMC-CLIENT-722342,USA,543.35,,,WITHDRAWAL,jpm_fraud_payment,payment_transaction,FALSE,banking,synthetic_research
21/11/2032 8:05,0,PAYMENT-729278,JPMC-CLIENT-729079,USA,70.13,BILL-COMPANY-729279,NICARAGUA,MAKE-PAYMENT,jpm_fraud_payment,payment_transaction,FALSE,banking,synthetic_research
22/11/2032 2:15,0,MAKE-PAYMENT-728410,COMPANY-728255,KUWAIT,987.18,JPMC-CLIENT-728248,USA,MAKE-PAYMENT,jpm_fraud_payment,payment_transaction,FALSE,banking,synthetic_research
25/11/2032 3:15,0,QUICK-PAYMENT-729551,JPMC-CLIENT-729363,USA,100.91,CLIENT-729365,CANADA,QUICK-PAYMENT,jpm_fraud_payment,payment_transaction,FALSE,banking,synthetic_research
27/11/2032 4:05,0,CASH-CHECK-724780,JPMC-CLIENT-724593,USA,643.1,,,EXCHANGE,jpm_fraud_payment,payment_transaction,FALSE,banking,synthetic_research
28/11/2032 16:55,0,PAYMENT-724228,JPMC-CLIENT-724029,USA,17.09,BILL-COMPANY-724229,USA,MAKE-PAYMENT,jpm_fraud_payment,payment_transaction,FALSE,banking,synthetic_research
30/11/2032 17:35,0,EXCHANGE-728741,JPMC-CLIENT-728530,USA,927.39,,,WITHDRAWAL,jpm_fraud_payment,payment_transaction,FALSE,banking,synthetic_research
02/12/2032 1:35,0,QUICK-PAYMENT-722806,JPMC-CLIENT-722623,USA,352.4,BILL-COMPANY-722664,USA,QUICK-PAYMENT,jpm_fraud_payment,payment_transaction,FALSE,banking,synthetic_research
02/12/2032 16:55,0,CASH-CHECK-727596,JPMC-CLIENT-727386,USA,871.36,,,WITHDRAWAL,jpm_fraud_payment,payment_transaction,FALSE,banking,synthetic_research
05/12/2032 5:25,0,PAYMENT-721969,JPMC-CLIENT-721746,USA,90.91,BILL-COMPANY-721970,FALKLAND-ISLANDS,MAKE-PAYMENT,jpm_fraud_payment,payment_transaction,FALSE,banking,synthetic_research
08/12/2032 15:35,0,PAY-CHECK-719658,JPMC-CLIENT-719443,USA,417.75,CLIENT-719445,USA,PAY-CHECK,jpm_fraud_payment,payment_transaction,FALSE,banking,synthetic_research
09/12/2032 9:45,0,QUICK-PAYMENT-726807,JPMC-CLIENT-726548,CANADA,283.96,JPMC-CLIENT-726546,USA,QUICK-PAYMENT,jpm_fraud_payment,payment_transaction,FALSE,banking,synthetic_research
24/12/2032 19:35,0,WITHDRAWAL-735737,JPMC-CLIENT-735709,USA,427.33,,,EXCHANGE,jpm_fraud_payment,payment_transaction,FALSE,banking,synthetic_research
25/12/2032 19:35,0,PAY-CHECK-737093,JPMC-CLIENT-737063,USA,693.11,COMPANY-737065,SAO-TOME-PRINCIPE,PAY-CHECK,jpm_fraud_payment,payment_transaction,FALSE,banking,synthetic_research
28/12/2032 9:15,0,PAY-CHECK-738541,JPMC-CLIENT-738490,PUERTO-RICO,998.01,CLIENT-738508,BERMUDA,PAY-CHECK,jpm_fraud_payment,payment_transaction,FALSE,banking,synthetic_research
28/12/2032 20:35,0,CASH-CHECK-737971,JPMC-CLIENT-737921,PHILIPPINES,390.79,,,EXCHANGE,jpm_fraud_payment,payment_transaction,FALSE,banking,synthetic_research
28/12/2032 20:45,0,EXCHANGE-739368,JPMC-CLIENT-739313,USA,512.98,,,EXCHANGE,jpm_fraud_payment,payment_transaction,FALSE,banking,synthetic_research
30/12/2032 21:55,0,QUICK-PAYMENT-731136,JPMC-CLIENT-731078,USA,952.08,CLIENT-731080,CANADA,QUICK-PAYMENT,jpm_fraud_payment,payment_transaction,FALSE,banking,synthetic_research
30/12/2032 22:45,0,PAYMENT-737701,JPMC-CLIENT-737631,ESTONIA,18.16,BILL-COMPANY-737702,DENMARK,MAKE-PAYMENT,jpm_fraud_payment,payment_transaction,FALSE,banking,synthetic_research
01/01/2033 21:45,0,MOVE-FUNDS-732115,JPMC-COMPANY-732058,GERMANY,2000.42,JPMC-CLIENT-732053,USA,MOVE-FUNDS,jpm_fraud_payment,payment_transaction,FALSE,banking,synthetic_research
03/01/2033 8:35,0,PAY-BILL-734981,JPMC-CLIENT-734922,USA,599.76,COMPANY-734928,USA,MAKE-PAYMENT,jpm_fraud_payment,payment_transaction,FALSE,banking,synthetic_research
09/01/2033 23:55,0,PAY-BILL-733336,JPMC-CLIENT-733233,USA,815.07,BILL-COMPANY-733326,YEMEN,MAKE-PAYMENT,jpm_fraud_payment,payment_transaction,FALSE,banking,synthetic_research
11/01/2033 3:35,0,QUICK-DEPOSIT-740042,,,144.2,JPMC-CLIENT-739908,USA,DEPOSIT-CASH,jpm_fraud_payment,payment_transaction,FALSE,banking,synthetic_research
11/01/2033 12:05,0,MAKE-PAYMENT-733588,JPMC-CLIENT-733481,USA,452.69,CLIENT-733483,CANADA,MAKE-PAYMENT,jpm_fraud_payment,payment_transaction,FALSE,banking,synthetic_research
14/01/2033 11:15,0,QUICK-PAYMENT-740297,BILL-COMPANY-740252,UNITED-STATES,127.05,JPMC-CLIENT-740190,USA,QUICK-PAYMENT,jpm_fraud_payment,payment_transaction,FALSE,banking,synthetic_research
17/01/2033 14:45,0,PAYMENT-734757,JPMC-CLIENT-734611,USA,83.1,BILL-COMPANY-734758,USA,MAKE-PAYMENT,jpm_fraud_payment,payment_transaction,FALSE,banking,synthetic_research
18/01/2033 3:55,0,PAY-CHECK-740631,JPMC-CLIENT-740472,USA,307.73,CLIENT-740507,REUNION,PAY-CHECK,jpm_fraud_payment,payment_transaction,FALSE,banking,synthetic_research
22/01/2033 1:55,0,MAKE-PAYMENT-732799,CLIENT-732678,USA,366.21,JPMC-CLIENT-732646,LATVIA,MAKE-PAYMENT,jpm_fraud_payment,payment_transaction,FALSE,banking,synthetic_research
26/01/2033 9:15,0,WITHDRAWAL-735383,JPMC-CLIENT-735158,SAINT-BARTHELEMY,855.83,,,EXCHANGE,jpm_fraud_payment,payment_transaction,FALSE,banking,synthetic_research
28/01/2033 19:05,0,QUICK-PAYMENT-738419,JPMC-CLIENT-738209,USA,477.67,CLIENT-738227,USA,QUICK-PAYMENT,jpm_fraud_payment,payment_transaction,FALSE,banking,synthetic_research
30/01/2033 23:45,0,PAYMENT-740150,JPMC-CLIENT-739908,USA,400.19,JPMC-CLIENT-739909,CANADA,MAKE-PAYMENT,jpm_fraud_payment,payment_transaction,FALSE,banking,synthetic_research
03/02/2033 11:35,0,PAY-BILL-739883,JPMC-CLIENT-739623,MOLDOVA,290.67,BILL-COMPANY-739795,NIGERIA,MAKE-PAYMENT,jpm_fraud_payment,payment_transaction,FALSE,banking,synthetic_research
06/02/2033 11:15,0,QUICK-DEPOSIT-738187,,,261.81,JPMC-CLIENT-737921,USA,DEPOSIT-CASH,jpm_fraud_payment,payment_transaction,FALSE,banking,synthetic_research
07/02/2033 11:15,0,EXCHANGE-738755,JPMC-CLIENT-738490,PUERTO-RICO,100.17,,,EXCHANGE,jpm_fraud_payment,payment_transaction,FALSE,banking,synthetic_research
09/02/2033 20:55,0,MOVE-FUNDS-736264,COMPANY-736025,GERMANY,2000.95,JPMC-CLIENT-736020,FRENCH-SOUTHERN-TERRITORIES,MOVE-FUNDS,jpm_fraud_payment,payment_transaction,FALSE,banking,synthetic_research
11/02/2033 21:15,0,QUICK-DEPOSIT-737611,,,591.18,JPMC-CLIENT-737349,IRAQ,DEPOSIT-CASH,jpm_fraud_payment,payment_transaction,FALSE,banking,synthetic_research
19/02/2033 20:35,0,DEPOSIT-CHECK-749297,,,717.44,JPMC-CLIENT-749275,USA,DEPOSIT-CHECK,jpm_fraud_payment,payment_transaction,FALSE,banking,synthetic_research
22/02/2033 9:25,0,CASH-CHECK-747657,JPMC-CLIENT-747625,USA,903.68,,,WITHDRAWAL,jpm_fraud_payment,payment_transaction,FALSE,banking,synthetic_research
22/02/2033 22:25,0,PAYMENT-744218,JPMC-CLIENT-744182,USA,400.64,CLIENT-744183,CANADA,MAKE-PAYMENT,jpm_fraud_payment,payment_transaction,FALSE,banking,synthetic_research
23/02/2033 9:05,0,DEPOSIT-CASH-741917,,,100.48,JPMC-CLIENT-741888,USA,DEPOSIT-CASH,jpm_fraud_payment,payment_transaction,FALSE,banking,synthetic_research
23/02/2033 10:05,0,MOVE-FUNDS-746509,BILL-COMPANY-746503,USA,842.15,JPMC-CLIENT-746459,USA,MOVE-FUNDS,jpm_fraud_payment,payment_transaction,FALSE,banking,synthetic_research
23/02/2033 10:15,0,MOVE-FUNDS-741746,COMPANY-741708,GERMANY,2000.36,JPMC-CLIENT-741702,USA,MOVE-FUNDS,jpm_fraud_payment,payment_transaction,FALSE,banking,synthetic_research
25/02/2033 10:35,0,QUICK-PAYMENT-748861,CLIENT-748811,USA,205.56,JPMC-CLIENT-748809,USA,QUICK-PAYMENT,jpm_fraud_payment,payment_transaction,FALSE,banking,synthetic_research
02/03/2033 12:05,0,PAY-BILL-746536,JPMC-CLIENT-746459,USA,420.45,BILL-COMPANY-746506,USA,MAKE-PAYMENT,jpm_fraud_payment,payment_transaction,FALSE,banking,synthetic_research
02/03/2033 12:05,0,QUICK-DEPOSIT-744821,,,342.62,JPMC-CLIENT-744747,USA,DEPOSIT-CASH,jpm_fraud_payment,payment_transaction,FALSE,banking,synthetic_research
04/03/2033 11:35,0,WITHDRAWAL-749939,JPMC-CLIENT-749864,USA,848.23,,,WITHDRAWAL,jpm_fraud_payment,payment_transaction,FALSE,banking,synthetic_research
17/03/2033 4:35,0,PAYMENT-745731,JPMC-CLIENT-745588,USA,27.98,BILL-COMPANY-745732,ICELAND,MAKE-PAYMENT,jpm_fraud_payment,payment_transaction,FALSE,banking,synthetic_research
18/03/2033 18:45,0,PAY-BILL-744631,JPMC-CLIENT-744465,USA,491.6,JPMC-COMPANY-744472,PHILIPPINES,MAKE-PAYMENT,jpm_fraud_payment,payment_transaction,FALSE,banking,synthetic_research
20/03/2033 6:45,0,PAYMENT-747220,JPMC-CLIENT-747050,USA,95.76,BILL-COMPANY-747221,ETHIOPIA,MAKE-PAYMENT,jpm_fraud_payment,payment_transaction,FALSE,banking,synthetic_research
23/03/2033 8:15,0,PAY-BILL-744655,JPMC-CLIENT-744465,USA,696.95,BILL-COMPANY-744561,TOGO,MAKE-PAYMENT,jpm_fraud_payment,payment_transaction,FALSE,banking,synthetic_research
23/03/2033 18:55,1,DEPOSIT-CASH-742653,,,558.27,JPMC-CLIENT-742459,USA,DEPOSIT-CASH,jpm_fraud_payment,payment_transaction,TRUE,banking,synthetic_research
27/03/2033 9:55,0,QUICK-PAYMENT-742384,JPMC-CLIENT-742174,USA,100.41,CLIENT-742176,USA,QUICK-PAYMENT,jpm_fraud_payment,payment_transaction,FALSE,banking,synthetic_research
28/03/2033 6:45,0,CASH-CHECK-746076,JPMC-CLIENT-745893,USA,617.49,,,EXCHANGE,jpm_fraud_payment,payment_transaction,FALSE,banking,synthetic_research
29/03/2033 10:35,0,QUICK-PAYMENT-744682,JPMC-CLIENT-744465,USA,989.33,CLIENT-744483,ALGERIA,QUICK-PAYMENT,jpm_fraud_payment,payment_transaction,FALSE,banking,synthetic_research
29/03/2033 19:25,0,PAYMENT-743815,JPMC-CLIENT-743618,USA,98.3,BILL-COMPANY-743816,ETHIOPIA,MAKE-PAYMENT,jpm_fraud_payment,payment_transaction,FALSE,banking,synthetic_research
01/04/2033 7:55,0,MAKE-PAYMENT-746666,CLIENT-746460,CANADA,297.46,JPMC-CLIENT-746459,SINT-MAARTEN,MAKE-PAYMENT,jpm_fraud_payment,payment_transaction,FALSE,banking,synthetic_research
02/04/2033 11:35,0,MOVE-FUNDS-748757,JPMC-CLIENT-748515,USA,100.26,CLIENT-748533,USA,MOVE-FUNDS,jpm_fraud_payment,payment_transaction,FALSE,banking,synthetic_research
03/04/2033 11:45,0,MOVE-FUNDS-748762,JPMC-CLIENT-748515,USA,100.83,CLIENT-748533,USA,MOVE-FUNDS,jpm_fraud_payment,payment_transaction,FALSE,banking,synthetic_research
06/04/2033 13:15,0,QUICK-PAYMENT-749222,JPMC-CLIENT-748964,USA,329.76,JPMC-CLIENT-748965,USA,QUICK-PAYMENT,jpm_fraud_payment,payment_transaction,FALSE,banking,synthetic_research
09/04/2033 23:25,0,PAY-BILL-742146,JPMC-CLIENT-741888,USA,111.44,BILL-COMPANY-742036,USA,MAKE-PAYMENT,jpm_fraud_payment,payment_transaction,FALSE,banking,synthetic_research
11/04/2033 22:35,0,WITHDRAWAL-746148,JPMC-CLIENT-745893,USA,348.71,,,EXCHANGE,jpm_fraud_payment,payment_transaction,FALSE,banking,synthetic_research
23/04/2033 13:05,0,PAYMENT-757337,JPMC-CLIENT-757292,USA,88.99,BILL-COMPANY-757338,WALLIS-FUTUNA-IS,MAKE-PAYMENT,jpm_fraud_payment,payment_transaction,FALSE,banking,synthetic_research
24/04/2033 12:25,0,QUICK-PAYMENT-751029,JPMC-CLIENT-750978,USA,415.23,JPMC-CLIENT-750980,USA,QUICK-PAYMENT,jpm_fraud_payment,payment_transaction,FALSE,banking,synthetic_research
27/04/2033 14:05,0,MOVE-FUNDS-752340,JPMC-CLIENT-752282,USA,712.22,CLIENT-752284,USA,MOVE-FUNDS,jpm_fraud_payment,payment_transaction,FALSE,banking,synthetic_research
08/05/2033 15:35,0,MAKE-PAYMENT-754385,BILL-COMPANY-754348,BOUVET-ISLAND,458.9,JPMC-CLIENT-754283,USA,MAKE-PAYMENT,jpm_fraud_payment,payment_transaction,FALSE,banking,synthetic_research
14/05/2033 18:35,0,QUICK-PAYMENT-753579,JPMC-CLIENT-753427,USA,545.44,CLIENT-753429,USA,QUICK-PAYMENT,jpm_fraud_payment,payment_transaction,FALSE,banking,synthetic_research
16/05/2033 5:45,0,QUICK-PAYMENT-751396,JPMC-CLIENT-751260,GAMBIA,387.79,COMPANY-751267,SIERRA-LEONE,QUICK-PAYMENT,jpm_fraud_payment,payment_transaction,FALSE,banking,synthetic_research
23/05/2033 14:15,0,CASH-CHECK-760512,JPMC-CLIENT-760290,MONTENEGRO,445.31,,,WITHDRAWAL,jpm_fraud_payment,payment_transaction,FALSE,banking,synthetic_research
25/05/2033 10:15,0,MOVE-FUNDS-760203,JPMC-COMPANY-760007,GERMANY,2000.25,JPMC-CLIENT-760003,UGANDA,MOVE-FUNDS,jpm_fraud_payment,payment_transaction,FALSE,banking,synthetic_research
04/06/2033 23:35,0,QUICK-PAYMENT-753383,BILL-COMPANY-753190,SIERRA-LEONE,100.6,JPMC-CLIENT-753149,USA,QUICK-PAYMENT,jpm_fraud_payment,payment_transaction,FALSE,banking,synthetic_research
09/06/2033 1:25,0,QUICK-PAYMENT-755208,JPMC-CLIENT-754947,USA,535.6,CLIENT-754965,LATVIA,QUICK-PAYMENT,jpm_fraud_payment,payment_transaction,FALSE,banking,synthetic_research
20/06/2033 16:05,0,CASH-CHECK-769661,,,726.91,JPMC-CLIENT-769610,USA,DEPOSIT-CHECK,jpm_fraud_payment,payment_transaction,FALSE,banking,synthetic_research
21/06/2033 16:25,1,WITHDRAWAL-764755,JPMC-CLIENT-764693,USA,230.68,,,WITHDRAWAL,jpm_fraud_payment,payment_transaction,TRUE,banking,synthetic_research
22/06/2033 5:25,0,PAYMENT-766220,JPMC-CLIENT-766149,CYPRUS,83.2,BILL-COMPANY-766221,USA,MAKE-PAYMENT,jpm_fraud_payment,payment_transaction,FALSE,banking,synthetic_research
24/06/2033 5:55,0,PAYMENT-764766,JPMC-CLIENT-764693,USA,44.31,BILL-COMPANY-764767,HUNGARY,MAKE-PAYMENT,jpm_fraud_payment,payment_transaction,FALSE,banking,synthetic_research
25/06/2033 4:15,0,MAKE-PAYMENT-769394,JPMC-CLIENT-769331,USA,565.89,JPMC-CLIENT-769334,GUYANA,MAKE-PAYMENT,jpm_fraud_payment,payment_transaction,FALSE,banking,synthetic_research
26/06/2033 16:45,0,CASH-CHECK-763473,,,683.09,JPMC-CLIENT-763397,USA,DEPOSIT-CHECK,jpm_fraud_payment,payment_transaction,FALSE,banking,synthetic_research
26/06/2033 18:15,0,QUICK-DEPOSIT-762617,,,999.1,JPMC-CLIENT-762533,USA,DEPOSIT-CASH,jpm_fraud_payment,payment_transaction,FALSE,banking,synthetic_research
27/06/2033 17:45,0,MOVE-FUNDS-764044,JPMC-CLIENT-763962,USA,682.82,CLIENT-763980,BRAZIL,MOVE-FUNDS,jpm_fraud_payment,payment_transaction,FALSE,banking,synthetic_research
29/06/2033 7:25,0,PAYMENT-761726,JPMC-CLIENT-761627,USA,63.08,BILL-COMPANY-761727,USA,MAKE-PAYMENT,jpm_fraud_payment,payment_transaction,FALSE,banking,synthetic_research
02/07/2033 5:15,0,PAYMENT-767413,JPMC-CLIENT-767316,USA,53.35,BILL-COMPANY-767414,USA,MAKE-PAYMENT,jpm_fraud_payment,payment_transaction,FALSE,banking,synthetic_research
14/07/2033 2:25,0,MAKE-PAYMENT-764599,JPMC-CLIENT-764407,USA,356.75,CLIENT-764459,SINT-MAARTEN,MAKE-PAYMENT,jpm_fraud_payment,payment_transaction,FALSE,banking,synthetic_research
19/07/2033 1:15,0,MOVE-FUNDS-762444,COMPANY-762256,GERMANY,2000.62,JPMC-CLIENT-762250,USA,MOVE-FUNDS,jpm_fraud_payment,payment_transaction,FALSE,banking,synthetic_research
21/07/2033 3:35,0,QUICK-PAYMENT-770110,CLIENT-769910,GREENLAND,945.61,JPMC-CLIENT-769892,USA,QUICK-PAYMENT,jpm_fraud_payment,payment_transaction,FALSE,banking,synthetic_research
22/07/2033 15:55,0,PAY-CHECK-761421,JPMC-CLIENT-761188,USA,469.29,BILL-COMPANY-761333,USA,PAY-CHECK,jpm_fraud_payment,payment_transaction,FALSE,banking,synthetic_research
23/07/2033 10:45,0,PAYMENT-767223,JPMC-CLIENT-767036,USA,400.77,JPMC-CLIENT-767037,CANADA,MAKE-PAYMENT,jpm_fraud_payment,payment_transaction,FALSE,banking,synthetic_research
25/07/2033 1:15,0,PAY-CHECK-765189,CLIENT-764994,USA,788.75,JPMC-CLIENT-764976,USA,PAY-CHECK,jpm_fraud_payment,payment_transaction,FALSE,banking,synthetic_research
01/08/2033 17:15,0,DEPOSIT-CHECK-765750,,,816.32,JPMC-CLIENT-765488,USA,DEPOSIT-CHECK,jpm_fraud_payment,payment_transaction,FALSE,banking,synthetic_research
14/08/2033 17:05,0,MOVE-FUNDS-771930,COMPANY-771902,GERMANY,2000.56,JPMC-CLIENT-771897,USA,MOVE-FUNDS,jpm_fraud_payment,payment_transaction,FALSE,banking,synthetic_research
15/08/2033 17:25,0,PAYMENT-771932,JPMC-CLIENT-771897,USA,27.47,BILL-COMPANY-771933,USA,MAKE-PAYMENT,jpm_fraud_payment,payment_transaction,FALSE,banking,synthetic_research
30/08/2033 22:55,0,QUICK-PAYMENT-776598,JPMC-CLIENT-776470,SAINT-HELENA-ASCENSION-AND-TRISTAN-DA-CUNHA,880.94,CLIENT-776489,QATAR,QUICK-PAYMENT,jpm_fraud_payment,payment_transaction,FALSE,banking,synthetic_research
05/09/2033 10:05,0,MOVE-FUNDS-779156,JPMC-CLIENT-779022,USA,880.33,CLIENT-779040,USA,MOVE-FUNDS,jpm_fraud_payment,payment_transaction,FALSE,banking,synthetic_research
12/09/2033 1:25,0,PAYMENT-774363,JPMC-CLIENT-774191,USA,400.39,CLIENT-774193,CANADA,MAKE-PAYMENT,jpm_fraud_payment,payment_transaction,FALSE,banking,synthetic_research
13/09/2033 1:55,0,PAYMENT-776369,JPMC-CLIENT-776196,USA,400.06,JPMC-CLIENT-776197,CANADA,MAKE-PAYMENT,jpm_fraud_payment,payment_transaction,FALSE,banking,synthetic_research
15/09/2033 13:25,0,QUICK-PAYMENT-774663,JPMC-CLIENT-774476,USA,433.26,CLIENT-774561,USA,QUICK-PAYMENT,jpm_fraud_payment,payment_transaction,FALSE,banking,synthetic_research
24/09/2033 15:45,0,PAY-BILL-779706,JPMC-CLIENT-779478,USA,218.85,BILL-COMPANY-779597,USA,MAKE-PAYMENT,jpm_fraud_payment,payment_transaction,FALSE,banking,synthetic_research
30/09/2033 5:25,0,PAYMENT-774171,JPMC-CLIENT-773919,USA,8.27,BILL-COMPANY-774172,KIRIBATI,MAKE-PAYMENT,jpm_fraud_payment,payment_transaction,FALSE,banking,synthetic_research
01/10/2033 5:45,0,DEPOSIT-CASH-779737,,,923.45,JPMC-CLIENT-779478,USA,DEPOSIT-CASH,jpm_fraud_payment,payment_transaction,FALSE,banking,synthetic_research
13/10/2033 18:05,0,PAY-BILL-782578,JPMC-CLIENT-782544,USA,494.9,COMPANY-782550,USA,MAKE-PAYMENT,jpm_fraud_payment,payment_transaction,FALSE,banking,synthetic_research
15/10/2033 6:35,0,PAY-BILL-786468,JPMC-CLIENT-786418,USA,898.51,BILL-COMPANY-786463,SENEGAL,MAKE-PAYMENT,jpm_fraud_payment,payment_transaction,FALSE,banking,synthetic_research
19/10/2033 20:25,0,EXCHANGE-787600,JPMC-CLIENT-787526,USA,664.85,,,EXCHANGE,jpm_fraud_payment,payment_transaction,FALSE,banking,synthetic_research
20/10/2033 19:05,0,PAY-BILL-790811,JPMC-CLIENT-790752,USA,309.92,COMPANY-790758,USA,MAKE-PAYMENT,jpm_fraud_payment,payment_transaction,FALSE,banking,synthetic_research
25/10/2033 6:45,0,QUICK-DEPOSIT-784966,,,843.04,JPMC-CLIENT-784886,USA,DEPOSIT-CASH,jpm_fraud_payment,payment_transaction,FALSE,banking,synthetic_research
30/10/2033 8:15,0,PAY-BILL-784998,JPMC-CLIENT-784886,USA,184.52,BILL-COMPANY-784958,SLOVENIA,MAKE-PAYMENT,jpm_fraud_payment,payment_transaction,FALSE,banking,synthetic_research
31/10/2033 12:15,0,PAY-BILL-786558,JPMC-CLIENT-786418,USA,226.21,BILL-COMPANY-786460,BARBADOS,MAKE-PAYMENT,jpm_fraud_payment,payment_transaction,FALSE,banking,synthetic_research
01/11/2033 8:15,0,WITHDRAWAL-790014,JPMC-CLIENT-789906,USA,768,,,EXCHANGE,jpm_fraud_payment,payment_transaction,FALSE,banking,synthetic_research
01/11/2033 23:55,0,DEPOSIT-CASH-784091,,,801.85,JPMC-CLIENT-783943,USA,DEPOSIT-CASH,jpm_fraud_payment,payment_transaction,FALSE,banking,synthetic_research
02/11/2033 7:35,0,DEPOSIT-CASH-788245,,,565.16,JPMC-CLIENT-788135,AZERBAIJAN,DEPOSIT-CASH,jpm_fraud_payment,payment_transaction,FALSE,banking,synthetic_research
04/11/2033 1:15,0,MAKE-PAYMENT-785978,JPMC-CLIENT-785819,USA,295.1,CLIENT-785850,CAMEROON,MAKE-PAYMENT,jpm_fraud_payment,payment_transaction,FALSE,banking,synthetic_research
08/11/2033 13:15,0,PAYMENT-787694,JPMC-CLIENT-787526,USA,16.64,BILL-COMPANY-787695,FRENCH-GUIANA,MAKE-PAYMENT,jpm_fraud_payment,payment_transaction,FALSE,banking,synthetic_research
11/11/2033 16:55,0,MAKE-PAYMENT-784767,JPMC-CLIENT-784559,USA,783.58,CLIENT-784561,USA,MAKE-PAYMENT,jpm_fraud_payment,payment_transaction,FALSE,banking,synthetic_research
13/11/2033 0:35,0,DEPOSIT-CASH-785068,,,461.87,JPMC-CLIENT-784886,USA,DEPOSIT-CASH,jpm_fraud_payment,payment_transaction,FALSE,banking,synthetic_research
16/11/2033 1:45,0,PAY-BILL-789237,JPMC-CLIENT-789047,USA,479.93,BILL-COMPANY-789139,USA,MAKE-PAYMENT,jpm_fraud_payment,payment_transaction,FALSE,banking,synthetic_research
17/11/2033 5:15,0,PAYMENT-784162,JPMC-CLIENT-783943,USA,50.77,BILL-COMPANY-784163,MICRONESIA,MAKE-PAYMENT,jpm_fraud_payment,payment_transaction,FALSE,banking,synthetic_research
27/11/2033 16:05,0,WITHDRAWAL-785130,JPMC-CLIENT-784886,USA,423.65,,,EXCHANGE,jpm_fraud_payment,payment_transaction,FALSE,banking,synthetic_research
29/11/2033 15:35,0,CASH-CHECK-782783,,,522.82,JPMC-CLIENT-782544,USA,DEPOSIT-CHECK,jpm_fraud_payment,payment_transaction,FALSE,banking,synthetic_research
03/12/2033 17:25,0,MOVE-FUNDS-786970,JPMC-COMPANY-786709,GERMANY,2000.51,JPMC-CLIENT-786704,USA,MOVE-FUNDS,jpm_fraud_payment,payment_transaction,FALSE,banking,synthetic_research
08/12/2033 17:25,0,PAY-BILL-795064,JPMC-CLIENT-795041,USA,188.04,COMPANY-795044,USA,MAKE-PAYMENT,jpm_fraud_payment,payment_transaction,FALSE,banking,synthetic_research
17/12/2033 21:35,0,DEPOSIT-CASH-797475,,,457.96,JPMC-CLIENT-797391,USA,DEPOSIT-CASH,jpm_fraud_payment,payment_transaction,FALSE,banking,synthetic_research
18/12/2033 7:45,0,PAY-CHECK-793269,JPMC-CLIENT-793211,USA,366.78,COMPANY-793214,AZERBAIJAN,PAY-CHECK,jpm_fraud_payment,payment_transaction,FALSE,banking,synthetic_research
19/12/2033 8:15,1,QUICK-PAYMENT-792332,CLIENT-792330,USA,182.01,JPMC-CLIENT-792254,USA,QUICK-PAYMENT,jpm_fraud_payment,payment_transaction,TRUE,banking,synthetic_research
25/12/2033 23:15,0,WITHDRAWAL-798079,JPMC-CLIENT-797969,USA,589.29,,,WITHDRAWAL,jpm_fraud_payment,payment_transaction,FALSE,banking,synthetic_research
29/12/2033 0:55,0,DEPOSIT-CHECK-792102,,,253.6,JPMC-CLIENT-791966,USA,DEPOSIT-CHECK,jpm_fraud_payment,payment_transaction,FALSE,banking,synthetic_research
29/12/2033 14:45,0,MOVE-FUNDS-800180,COMPANY-800047,GERMANY,2000.05,JPMC-CLIENT-800042,USA,MOVE-FUNDS,jpm_fraud_payment,payment_transaction,FALSE,banking,synthetic_research
30/12/2033 12:35,0,QUICK-DEPOSIT-798102,,,778.41,JPMC-CLIENT-797969,USA,DEPOSIT-CASH,jpm_fraud_payment,payment_transaction,FALSE,banking,synthetic_research
30/12/2033 15:15,0,MOVE-FUNDS-797553,CLIENT-797395,USA,262.3,JPMC-CLIENT-797391,USA,MOVE-FUNDS,jpm_fraud_payment,payment_transaction,FALSE,banking,synthetic_research
01/01/2034 22:55,0,PAY-CHECK-791526,JPMC-CLIENT-791396,USA,929.76,CLIENT-791397,USA,PAY-CHECK,jpm_fraud_payment,payment_transaction,FALSE,banking,synthetic_research
01/01/2034 23:35,0,CASH-CHECK-791211,JPMC-CLIENT-791081,USA,839.99,,,WITHDRAWAL,jpm_fraud_payment,payment_transaction,FALSE,banking,synthetic_research
03/01/2034 14:25,0,WITHDRAWAL-795991,JPMC-CLIENT-795832,USA,100.11,,,WITHDRAWAL,jpm_fraud_payment,payment_transaction,FALSE,banking,synthetic_research
05/01/2034 14:25,0,MOVE-FUNDS-794876,JPMC-CLIENT-794713,USA,541.57,CLIENT-794731,USA,MOVE-FUNDS,jpm_fraud_payment,payment_transaction,FALSE,banking,synthetic_research
12/01/2034 6:45,0,DEPOSIT-CHECK-794334,,,901.57,JPMC-CLIENT-794121,USA,DEPOSIT-CHECK,jpm_fraud_payment,payment_transaction,FALSE,banking,synthetic_research
12/01/2034 19:05,0,DEPOSIT-CASH-794337,,,423.95,JPMC-CLIENT-794121,USA,DEPOSIT-CASH,jpm_fraud_payment,payment_transaction,FALSE,banking,synthetic_research
13/01/2034 19:05,0,MOVE-FUNDS-796053,COMPANY-795837,GERMANY,2000.43,JPMC-CLIENT-795832,USA,MOVE-FUNDS,jpm_fraud_payment,payment_transaction,FALSE,banking,synthetic_research
14/01/2034 17:45,0,QUICK-PAYMENT-793036,CLIENT-792828,USA,492.11,JPMC-CLIENT-792826,USA,QUICK-PAYMENT,jpm_fraud_payment,payment_transaction,FALSE,banking,synthetic_research
17/01/2034 4:35,0,MAKE-PAYMENT-793419,JPMC-CLIENT-793213,FALKLAND-ISLANDS,116.59,JPMC-CLIENT-793211,JORDAN,MAKE-PAYMENT,jpm_fraud_payment,payment_transaction,FALSE,banking,synthetic_research
18/01/2034 8:15,0,MOVE-FUNDS-792782,JPMC-CLIENT-792540,USA,800.21,CLIENT-792542,CANADA,MOVE-FUNDS,jpm_fraud_payment,payment_transaction,FALSE,banking,synthetic_research
22/01/2034 19:15,0,PAYMENT-800293,JPMC-CLIENT-800042,USA,97.94,BILL-COMPANY-800294,SAINT-LUCIA,MAKE-PAYMENT,jpm_fraud_payment,payment_transaction,FALSE,banking,synthetic_research
24/01/2034 7:25,0,QUICK-PAYMENT-791938,JPMC-CLIENT-791684,USA,100,JPMC-CLIENT-791686,USA,QUICK-PAYMENT,jpm_fraud_payment,payment_transaction,FALSE,banking,synthetic_research
24/01/2034 8:35,0,PAY-CHECK-796096,JPMC-CLIENT-795832,USA,100.58,BILL-COMPANY-796031,USA,PAY-CHECK,jpm_fraud_payment,payment_transaction,FALSE,banking,synthetic_research
07/02/2034 9:25,0,PAYMENT-810969,JPMC-CLIENT-810932,USA,27.77,BILL-COMPANY-810970,CHINA,MAKE-PAYMENT,jpm_fraud_payment,payment_transaction,FALSE,banking,synthetic_research
09/02/2034 20:55,0,WITHDRAWAL-802904,JPMC-CLIENT-802855,MOZAMBIQUE,973.09,,,EXCHANGE,jpm_fraud_payment,payment_transaction,FALSE,banking,synthetic_research
10/02/2034 22:05,0,PAY-BILL-804301,JPMC-CLIENT-804242,USA,230.98,COMPANY-804246,USA,MAKE-PAYMENT,jpm_fraud_payment,payment_transaction,FALSE,banking,synthetic_research
15/02/2034 22:55,0,PAY-CHECK-808949,JPMC-CLIENT-808868,USA,709.36,JPMC-CLIENT-808869,ANGOLA,PAY-CHECK,jpm_fraud_payment,payment_transaction,FALSE,banking,synthetic_research
16/02/2034 22:35,0,PAY-BILL-809801,JPMC-CLIENT-809725,USA,194.8,BILL-COMPANY-809763,JORDAN,MAKE-PAYMENT,jpm_fraud_payment,payment_transaction,FALSE,banking,synthetic_research
17/02/2034 10:05,0,MAKE-PAYMENT-806804,JPMC-CLIENT-806725,ANDORRA,867.76,COMPANY-806731,IRAN,MAKE-PAYMENT,jpm_fraud_payment,payment_transaction,FALSE,banking,synthetic_research
19/02/2034 14:25,0,QUICK-PAYMENT-808265,JPMC-CLIENT-808151,USA,382.72,CLIENT-808153,USA,QUICK-PAYMENT,jpm_fraud_payment,payment_transaction,FALSE,banking,synthetic_research
21/02/2034 11:55,0,QUICK-DEPOSIT-808529,,,495.88,JPMC-CLIENT-808427,USA,DEPOSIT-CASH,jpm_fraud_payment,payment_transaction,FALSE,banking,synthetic_research
24/02/2034 14:05,0,WITHDRAWAL-810489,JPMC-CLIENT-810360,USA,100.61,,,WITHDRAWAL,jpm_fraud_payment,payment_transaction,FALSE,banking,synthetic_research
01/03/2034 17:45,0,MOVE-FUNDS-803020,CLIENT-802873,USA,319.77,JPMC-CLIENT-802855,MOZAMBIQUE,MOVE-FUNDS,jpm_fraud_payment,payment_transaction,FALSE,banking,synthetic_research
05/03/2034 4:55,0,PAYMENT-802147,JPMC-CLIENT-801984,USA,24.96,BILL-COMPANY-802148,GUERNSEY,MAKE-PAYMENT,jpm_fraud_payment,payment_transaction,FALSE,banking,synthetic_research
06/03/2034 16:35,0,PAYMENT-810528,JPMC-CLIENT-810360,USA,24.34,BILL-COMPANY-810529,USA,MAKE-PAYMENT,jpm_fraud_payment,payment_transaction,FALSE,banking,synthetic_research
10/03/2034 18:25,0,PAY-BILL-810564,JPMC-CLIENT-810360,USA,205,COMPANY-810363,SOMALIA,MAKE-PAYMENT,jpm_fraud_payment,payment_transaction,FALSE,banking,synthetic_research
15/03/2034 22:15,0,PAY-BILL-808390,JPMC-CLIENT-808151,USA,100.68,BILL-COMPANY-808251,PAPUA-NEW-GUINEA,MAKE-PAYMENT,jpm_fraud_payment,payment_transaction,FALSE,banking,synthetic_research
16/03/2034 7:55,0,PAYMENT-804460,JPMC-CLIENT-804242,USA,400.91,CLIENT-804243,CANADA,MAKE-PAYMENT,jpm_fraud_payment,payment_transaction,FALSE,banking,synthetic_research
21/03/2034 22:15,0,QUICK-DEPOSIT-801144,,,100.84,JPMC-CLIENT-800891,USA,DEPOSIT-CASH,jpm_fraud_payment,payment_transaction,FALSE,banking,synthetic_research
23/03/2034 11:45,0,PAYMENT-802841,JPMC-CLIENT-802570,USA,84.2,BILL-COMPANY-802842,COOK-ISLANDS,MAKE-PAYMENT,jpm_fraud_payment,payment_transaction,FALSE,banking,synthetic_research
23/03/2034 22:35,0,PAY-CHECK-802245,JPMC-CLIENT-801984,USA,116.34,JPMC-CLIENT-801987,CANADA,PAY-CHECK,jpm_fraud_payment,payment_transaction,FALSE,banking,synthetic_research
02/04/2034 22:35,0,MOVE-FUNDS-815265,JPMC-CLIENT-815244,USA,888.32,CLIENT-815246,CANADA,MOVE-FUNDS,jpm_fraud_payment,payment_transaction,FALSE,banking,synthetic_research
03/04/2034 22:35,0,WITHDRAWAL-812324,JPMC-CLIENT-812297,USA,488.1,,,EXCHANGE,jpm_fraud_payment,payment_transaction,FALSE,banking,synthetic_research
04/04/2034 10:55,0,PAY-CHECK-817261,CLIENT-817237,CANADA,364.73,JPMC-CLIENT-817235,USA,PAY-CHECK,jpm_fraud_payment,payment_transaction,FALSE,banking,synthetic_research
05/04/2034 10:55,0,WITHDRAWAL-819535,JPMC-CLIENT-819506,USA,648.92,,,WITHDRAWAL,jpm_fraud_payment,payment_transaction,FALSE,banking,synthetic_research
12/04/2034 13:05,0,PAYMENT-812997,JPMC-CLIENT-812933,USA,76.85,BILL-COMPANY-812998,USA,MAKE-PAYMENT,jpm_fraud_payment,payment_transaction,FALSE,banking,synthetic_research
13/04/2034 13:15,0,WITHDRAWAL-811603,JPMC-CLIENT-811527,USA,492.43,,,EXCHANGE,jpm_fraud_payment,payment_transaction,FALSE,banking,synthetic_research
14/04/2034 3:55,0,MOVE-FUNDS-813301,COMPANY-813216,GERMANY,2000.16,JPMC-CLIENT-813212,USA,MOVE-FUNDS,jpm_fraud_payment,payment_transaction,FALSE,banking,synthetic_research
17/04/2034 17:25,0,CASH-CHECK-816503,,,570.61,JPMC-CLIENT-816387,USA,DEPOSIT-CHECK,jpm_fraud_payment,payment_transaction,FALSE,banking,synthetic_research
23/04/2034 15:55,0,DEPOSIT-CASH-820184,,,175.17,JPMC-CLIENT-820068,ST-PIERRE-MIQUELON,DEPOSIT-CASH,jpm_fraud_payment,payment_transaction,FALSE,banking,synthetic_research
24/04/2034 6:55,0,PAYMENT-815929,JPMC-CLIENT-815812,USA,400.49,CLIENT-815814,CANADA,MAKE-PAYMENT,jpm_fraud_payment,payment_transaction,FALSE,banking,synthetic_research
25/04/2034 5:35,0,PAY-CHECK-812432,CLIENT-812299,USA,291.82,JPMC-CLIENT-812297,USA,PAY-CHECK,jpm_fraud_payment,payment_transaction,FALSE,banking,synthetic_research
26/04/2034 5:55,0,QUICK-PAYMENT-812436,JPMC-CLIENT-812297,USA,794.04,BILL-COMPANY-812392,FAROE-ISLANDS,QUICK-PAYMENT,jpm_fraud_payment,payment_transaction,FALSE,banking,synthetic_research
26/04/2034 19:55,0,WITHDRAWAL-821323,JPMC-CLIENT-821164,USA,391.75,,,WITHDRAWAL,jpm_fraud_payment,payment_transaction,FALSE,banking,synthetic_research
27/04/2034 5:15,0,QUICK-PAYMENT-820205,JPMC-CLIENT-820068,ST-PIERRE-MIQUELON,902.15,CLIENT-820086,USA,QUICK-PAYMENT,jpm_fraud_payment,payment_transaction,FALSE,banking,synthetic_research
05/05/2034 23:15,0,QUICK-PAYMENT-818292,JPMC-CLIENT-818085,DOMINICAN-REPUBLIC,619.14,JPMC-CLIENT-818083,USA,QUICK-PAYMENT,jpm_fraud_payment,payment_transaction,FALSE,banking,synthetic_research
07/05/2034 19:15,0,MAKE-PAYMENT-820250,JPMC-CLIENT-820068,ST-PIERRE-MIQUELON,436.68,BILL-COMPANY-820134,NAMIBIA,MAKE-PAYMENT,jpm_fraud_payment,payment_transaction,FALSE,banking,synthetic_research
18/05/2034 10:55,0,MOVE-FUNDS-820306,JPMC-CLIENT-820068,USA,469.74,BILL-COMPANY-820194,USA,MOVE-FUNDS,jpm_fraud_payment,payment_transaction,FALSE,banking,synthetic_research
19/05/2034 13:45,0,PAY-CHECK-818346,JPMC-CLIENT-818083,TIMOR-LESTE,200.81,JPMC-CLIENT-818085,DOMINICAN-REPUBLIC,PAY-CHECK,jpm_fraud_payment,payment_transaction,FALSE,banking,synthetic_research
20/05/2034 11:15,0,MAKE-PAYMENT-819747,CLIENT-819508,CANADA,678.59,JPMC-CLIENT-819506,USA,MAKE-PAYMENT,jpm_fraud_payment,payment_transaction,FALSE,banking,synthetic_research
23/05/2034 0:25,0,DEPOSIT-CHECK-819764,,,100.69,JPMC-CLIENT-819506,USA,DEPOSIT-CHECK,jpm_fraud_payment,payment_transaction,FALSE,banking,synthetic_research
23/05/2034 14:05,0,PAY-CHECK-820895,JPMC-CLIENT-820624,USA,273.28,CLIENT-820642,USA,PAY-CHECK,jpm_fraud_payment,payment_transaction,FALSE,banking,synthetic_research
30/05/2034 23:55,0,QUICK-PAYMENT-824102,CLIENT-824103,TUNISIA,243.38,JPMC-CLIENT-824085,USA,QUICK-PAYMENT,jpm_fraud_payment,payment_transaction,FALSE,banking,synthetic_research
01/06/2034 11:55,0,DEPOSIT-CHECK-829921,,,972.76,JPMC-CLIENT-829897,USA,DEPOSIT-CHECK,jpm_fraud_payment,payment_transaction,FALSE,banking,synthetic_research
02/06/2034 0:45,0,MOVE-FUNDS-828580,JPMC-CLIENT-828554,USA,175.76,CLIENT-828556,CANADA,MOVE-FUNDS,jpm_fraud_payment,payment_transaction,FALSE,banking,synthetic_research
03/06/2034 0:25,0,PAY-CHECK-826458,JPMC-CLIENT-826427,USA,588.12,CLIENT-826429,USA,PAY-CHECK,jpm_fraud_payment,payment_transaction,FALSE,banking,synthetic_research
09/06/2034 13:55,0,MOVE-FUNDS-828215,JPMC-CLIENT-828156,USA,519.28,COMPANY-828161,BELIZE,MOVE-FUNDS,jpm_fraud_payment,payment_transaction,FALSE,banking,synthetic_research
14/06/2034 4:45,0,WITHDRAWAL-832795,JPMC-CLIENT-832701,USA,144.07,,,WITHDRAWAL,jpm_fraud_payment,payment_transaction,FALSE,banking,synthetic_research
15/06/2034 4:25,0,MOVE-FUNDS-824474,COMPANY-824391,GERMANY,2000.66,JPMC-CLIENT-824387,USA,MOVE-FUNDS,jpm_fraud_payment,payment_transaction,FALSE,banking,synthetic_research
16/06/2034 6:15,0,PAY-BILL-830006,JPMC-CLIENT-829897,USA,884.39,BILL-COMPANY-829965,USA,MAKE-PAYMENT,jpm_fraud_payment,payment_transaction,FALSE,banking,synthetic_research
16/06/2034 6:45,0,QUICK-PAYMENT-826255,BILL-COMPANY-826185,USA,100.73,JPMC-CLIENT-826141,USA,QUICK-PAYMENT,jpm_fraud_payment,payment_transaction,FALSE,banking,synthetic_research
22/06/2034 5:25,0,PAYMENT-831410,JPMC-CLIENT-831297,USA,400.1,CLIENT-831298,CANADA,MAKE-PAYMENT,jpm_fraud_payment,payment_transaction,FALSE,banking,synthetic_research
22/06/2034 8:45,0,PAYMENT-830318,JPMC-CLIENT-830178,USA,7.9700003,BILL-COMPANY-830319,PUERTO-RICO,MAKE-PAYMENT,jpm_fraud_payment,payment_transaction,FALSE,banking,synthetic_research
23/06/2034 7:25,0,CASH-CHECK-823174,,,269.6,JPMC-CLIENT-823032,USA,DEPOSIT-CHECK,jpm_fraud_payment,payment_transaction,FALSE,banking,synthetic_research
25/06/2034 8:35,0,MOVE-FUNDS-823718,COMPANY-823577,GERMANY,2000.46,JPMC-CLIENT-823573,USA,MOVE-FUNDS,jpm_fraud_payment,payment_transaction,FALSE,banking,synthetic_research
28/06/2034 21:35,0,PAY-CHECK-825393,JPMC-CLIENT-825226,USA,453.23,CLIENT-825228,USA,PAY-CHECK,jpm_fraud_payment,payment_transaction,FALSE,banking,synthetic_research
01/07/2034 10:55,0,DEPOSIT-CHECK-822650,,,824.08,JPMC-CLIENT-822461,USA,DEPOSIT-CHECK,jpm_fraud_payment,payment_transaction,FALSE,banking,synthetic_research
02/07/2034 23:05,0,QUICK-PAYMENT-830086,JPMC-CLIENT-829897,USA,806.71,CLIENT-829915,USA,QUICK-PAYMENT,jpm_fraud_payment,payment_transaction,FALSE,banking,synthetic_research
06/07/2034 11:45,0,PAY-BILL-831223,JPMC-CLIENT-831016,USA,684.54,COMPANY-831022,USA,MAKE-PAYMENT,jpm_fraud_payment,payment_transaction,FALSE,banking,synthetic_research
07/07/2034 8:55,0,MAKE-PAYMENT-831485,JPMC-CLIENT-831297,USA,790.29,CLIENT-831315,USA,MAKE-PAYMENT,jpm_fraud_payment,payment_transaction,FALSE,banking,synthetic_research
14/07/2034 11:25,0,PAYMENT-825141,JPMC-CLIENT-824923,CUBA,57.91,BILL-COMPANY-825142,USA,MAKE-PAYMENT,jpm_fraud_payment,payment_transaction,FALSE,banking,synthetic_research
15/07/2034 3:05,0,MAKE-PAYMENT-830991,CLIENT-830757,CHAD,320.25,JPMC-CLIENT-830736,ANDORRA,MAKE-PAYMENT,jpm_fraud_payment,payment_transaction,FALSE,banking,synthetic_research
15/07/2034 15:25,1,DEPOSIT-CASH-826404,,,890.36,JPMC-CLIENT-826141,USA,DEPOSIT-CASH,jpm_fraud_payment,payment_transaction,TRUE,banking,synthetic_research
30/07/2034 3:55,0,PAYMENT-837492,JPMC-CLIENT-837452,USA,13.2,BILL-COMPANY-837493,USA,MAKE-PAYMENT,jpm_fraud_payment,payment_transaction,FALSE,banking,synthetic_research
02/08/2034 3:45,0,PAYMENT-833548,JPMC-CLIENT-833507,USA,40.34,BILL-COMPANY-833549,USA,MAKE-PAYMENT,jpm_fraud_payment,payment_transaction,FALSE,banking,synthetic_research
04/08/2034 2:15,0,PAYMENT-833831,JPMC-CLIENT-833791,USA,78.87,BILL-COMPANY-833832,CHAD,MAKE-PAYMENT,jpm_fraud_payment,payment_transaction,FALSE,banking,synthetic_research
07/08/2034 17:55,0,QUICK-PAYMENT-838356,CLIENT-838293,USA,100.63,JPMC-CLIENT-838275,USA,QUICK-PAYMENT,jpm_fraud_payment,payment_transaction,FALSE,banking,synthetic_research
08/08/2034 7:15,0,CASH-CHECK-843369,JPMC-CLIENT-843270,USA,107.99,,,EXCHANGE,jpm_fraud_payment,payment_transaction,FALSE,banking,synthetic_research
08/08/2034 19:35,0,PAYMENT-834737,JPMC-CLIENT-834643,USA,33.25,BILL-COMPANY-834738,NORFOLK-ISLAND,MAKE-PAYMENT,jpm_fraud_payment,payment_transaction,FALSE,banking,synthetic_research
09/08/2034 4:45,0,MAKE-PAYMENT-834434,CLIENT-834360,CANADA,471.25,JPMC-CLIENT-834357,USA,MAKE-PAYMENT,jpm_fraud_payment,payment_transaction,FALSE,banking,synthetic_research
12/08/2034 8:15,0,QUICK-PAYMENT-838105,JPMC-CLIENT-837997,USA,186.25,CLIENT-838016,SYRIA,QUICK-PAYMENT,jpm_fraud_payment,payment_transaction,FALSE,banking,synthetic_research
12/08/2034 19:25,0,CASH-CHECK-835616,,,100.62,JPMC-CLIENT-835512,USA,DEPOSIT-CHECK,jpm_fraud_payment,payment_transaction,FALSE,banking,synthetic_research
13/08/2034 9:25,0,PAYMENT-834765,JPMC-CLIENT-834643,USA,3.27,BILL-COMPANY-834766,USA,MAKE-PAYMENT,jpm_fraud_payment,payment_transaction,FALSE,banking,synthetic_research
17/08/2034 8:25,0,MAKE-PAYMENT-833349,JPMC-CLIENT-833223,USA,314.98,CLIENT-833225,USA,MAKE-PAYMENT,jpm_fraud_payment,payment_transaction,FALSE,banking,synthetic_research
20/08/2034 19:25,0,PAYMENT-841602,JPMC-CLIENT-841476,USA,91.26,BILL-COMPANY-841603,SENEGAL,MAKE-PAYMENT,jpm_fraud_payment,payment_transaction,FALSE,banking,synthetic_research
23/08/2034 8:35,0,PAYMENT-834217,JPMC-CLIENT-834077,USA,34.22,BILL-COMPANY-834218,BULGARIA,MAKE-PAYMENT,jpm_fraud_payment,payment_transaction,FALSE,banking,synthetic_research
26/08/2034 1:15,0,MOVE-FUNDS-842861,CLIENT-842680,CANADA,749.78,JPMC-CLIENT-842678,USA,MOVE-FUNDS,jpm_fraud_payment,payment_transaction,FALSE,banking,synthetic_research
02/09/2034 15:25,0,WITHDRAWAL-838216,JPMC-CLIENT-837997,USA,890.86,,,WITHDRAWAL,jpm_fraud_payment,payment_transaction,FALSE,banking,synthetic_research
04/09/2034 0:35,0,WITHDRAWAL-836493,JPMC-CLIENT-836291,USA,412.23,,,EXCHANGE,jpm_fraud_payment,payment_transaction,FALSE,banking,synthetic_research
04/09/2034 0:45,0,EXCHANGE-834282,JPMC-CLIENT-834077,AFGHANISTAN,900.22,,,EXCHANGE,jpm_fraud_payment,payment_transaction,FALSE,banking,synthetic_research
04/09/2034 17:35,0,QUICK-PAYMENT-835755,JPMC-CLIENT-835512,USA,217.26,BILL-COMPANY-835656,GUATEMALA,QUICK-PAYMENT,jpm_fraud_payment,payment_transaction,FALSE,banking,synthetic_research
07/09/2034 5:05,1,QUICK-PAYMENT-842920,CLIENT-842680,CANADA,464.85,JPMC-CLIENT-842678,MARTINIQUE,QUICK-PAYMENT,jpm_fraud_payment,payment_transaction,TRUE,banking,synthetic_research
14/09/2034 4:15,0,EXCHANGE-834904,JPMC-CLIENT-834643,USA,434.48,,,WITHDRAWAL,jpm_fraud_payment,payment_transaction,FALSE,banking,synthetic_research
30/09/2034 16:25,0,PAYMENT-850894,JPMC-CLIENT-850849,USA,53.27,BILL-COMPANY-850895,USA,MAKE-PAYMENT,jpm_fraud_payment,payment_transaction,FALSE,banking,synthetic_research
04/10/2034 18:55,0,MOVE-FUNDS-850128,JPMC-COMPANY-850073,GERMANY,2000.99,JPMC-CLIENT-850068,USA,MOVE-FUNDS,jpm_fraud_payment,payment_transaction,FALSE,banking,synthetic_research
06/10/2034 7:15,0,WITHDRAWAL-846844,JPMC-CLIENT-846762,USA,541.5,,,WITHDRAWAL,jpm_fraud_payment,payment_transaction,FALSE,banking,synthetic_research
08/10/2034 7:15,0,PAY-BILL-843905,JPMC-CLIENT-843825,USA,940.96,COMPANY-843831,PAKISTAN,MAKE-PAYMENT,jpm_fraud_payment,payment_transaction,FALSE,banking,synthetic_research
10/10/2034 20:25,0,MAKE-PAYMENT-845709,BILL-COMPANY-845701,USA,949.32,JPMC-CLIENT-845607,USA,MAKE-PAYMENT,jpm_fraud_payment,payment_transaction,FALSE,banking,synthetic_research
13/10/2034 8:45,0,CASH-CHECK-851475,,,281.15,JPMC-CLIENT-851364,USA,DEPOSIT-CHECK,jpm_fraud_payment,payment_transaction,FALSE,banking,synthetic_research
18/10/2034 21:25,0,QUICK-PAYMENT-850698,JPMC-CLIENT-850571,USA,664.59,CLIENT-850573,ISRAEL,QUICK-PAYMENT,jpm_fraud_payment,payment_transaction,FALSE,banking,synthetic_research
19/10/2034 12:25,0,PAY-BILL-844261,JPMC-CLIENT-844109,USA,720.66,BILL-COMPANY-844153,USA,MAKE-PAYMENT,jpm_fraud_payment,payment_transaction,FALSE,banking,synthetic_research
22/10/2034 13:45,0,PAYMENT-845491,JPMC-CLIENT-845320,USA,61.34,BILL-COMPANY-845492,USA,MAKE-PAYMENT,jpm_fraud_payment,payment_transaction,FALSE,banking,synthetic_research
27/10/2034 0:05,0,MOVE-FUNDS-850736,COMPANY-850576,GERMANY,2000.06,JPMC-CLIENT-850571,USA,MOVE-FUNDS,jpm_fraud_payment,payment_transaction,FALSE,banking,synthetic_research
28/10/2034 1:25,1,QUICK-PAYMENT-848109,JPMC-CLIENT-847925,USA,572.78,BILL-COMPANY-848043,USA,QUICK-PAYMENT,jpm_fraud_payment,payment_transaction,TRUE,banking,synthetic_research
28/10/2034 13:25,0,DEPOSIT-CHECK-845197,,,738.74,JPMC-CLIENT-845014,USA,DEPOSIT-CHECK,jpm_fraud_payment,payment_transaction,FALSE,banking,synthetic_research
30/10/2034 0:45,0,QUICK-DEPOSIT-850758,,,531.04,JPMC-CLIENT-850571,USA,DEPOSIT-CASH,jpm_fraud_payment,payment_transaction,FALSE,banking,synthetic_research
03/11/2034 23:45,0,PAYMENT-848394,JPMC-CLIENT-848201,USA,33.44,BILL-COMPANY-848395,MALI,MAKE-PAYMENT,jpm_fraud_payment,payment_transaction,FALSE,banking,synthetic_research
04/11/2034 23:15,0,PAY-BILL-844610,JPMC-CLIENT-844418,HEARD-ISLAND-AND-MCDONALD-ISLANDS,100.46,BILL-COMPANY-844469,NIUE,MAKE-PAYMENT,jpm_fraud_payment,payment_transaction,FALSE,banking,synthetic_research
05/11/2034 7:15,1,MAKE-PAYMENT-847900,JPMC-CLIENT-847644,USA,100.17,CLIENT-847901,USA,MAKE-PAYMENT,jpm_fraud_payment,payment_transaction,TRUE,banking,synthetic_research
05/11/2034 13:45,0,QUICK-DEPOSIT-845230,,,386.04,JPMC-CLIENT-845014,USA,DEPOSIT-CASH,jpm_fraud_payment,payment_transaction,FALSE,banking,synthetic_research
08/11/2034 16:55,0,PAYMENT-845860,JPMC-CLIENT-845607,USA,31.18,BILL-COMPANY-845861,TANZANIA,MAKE-PAYMENT,jpm_fraud_payment,payment_transaction,FALSE,banking,synthetic_research
11/11/2034 5:15,0,PAY-BILL-844987,JPMC-CLIENT-844728,USA,990.5,BILL-COMPANY-844773,USA,MAKE-PAYMENT,jpm_fraud_payment,payment_transaction,FALSE,banking,synthetic_research
21/11/2034 4:45,0,QUICK-DEPOSIT-860981,,,384.27,JPMC-CLIENT-860961,USA,DEPOSIT-CASH,jpm_fraud_payment,payment_transaction,FALSE,banking,synthetic_research
21/11/2034 16:55,0,MOVE-FUNDS-862957,CLIENT-862934,ANTARCTICA,983.91,JPMC-CLIENT-862932,USA,MOVE-FUNDS,jpm_fraud_payment,payment_transaction,FALSE,banking,synthetic_research
26/11/2034 5:45,0,PAYMENT-862980,JPMC-CLIENT-862932,USA,38.61,BILL-COMPANY-862981,USA,MAKE-PAYMENT,jpm_fraud_payment,payment_transaction,FALSE,banking,synthetic_research
26/11/2034 8:25,0,PAY-BILL-857556,JPMC-CLIENT-857496,USA,867.94,COMPANY-857501,BARBADOS,MAKE-PAYMENT,jpm_fraud_payment,payment_transaction,FALSE,banking,synthetic_research
30/11/2034 7:35,0,MOVE-FUNDS-859747,CLIENT-859693,USA,100.1,JPMC-CLIENT-859675,USA,MOVE-FUNDS,jpm_fraud_payment,payment_transaction,FALSE,banking,synthetic_research
03/12/2034 7:35,0,PAYMENT-864468,JPMC-CLIENT-864404,USA,400.54,CLIENT-864405,CANADA,MAKE-PAYMENT,jpm_fraud_payment,payment_transaction,FALSE,banking,synthetic_research
05/12/2034 9:55,0,PAY-BILL-855860,JPMC-CLIENT-855760,USA,256.02,COMPANY-855765,SOUTH-KOREA,MAKE-PAYMENT,jpm_fraud_payment,payment_transaction,FALSE,banking,synthetic_research
10/12/2034 1:05,0,DEPOSIT-CASH-861946,,,364.4,JPMC-CLIENT-861808,USA,DEPOSIT-CASH,jpm_fraud_payment,payment_transaction,FALSE,banking,synthetic_research
18/12/2034 1:05,0,PAY-CHECK-865092,JPMC-CLIENT-864936,USA,226.76,CLIENT-864954,USA,PAY-CHECK,jpm_fraud_payment,payment_transaction,FALSE,banking,synthetic_research
20/12/2034 4:35,0,MAKE-PAYMENT-857376,JPMC-CLIENT-857189,USA,100.55,CLIENT-857216,COOK-ISLANDS,MAKE-PAYMENT,jpm_fraud_payment,payment_transaction,FALSE,banking,synthetic_research
27/12/2034 0:55,0,MAKE-PAYMENT-864013,JPMC-CLIENT-863833,USA,996.44,CLIENT-863852,HONG-KONG,MAKE-PAYMENT,jpm_fraud_payment,payment_transaction,FALSE,banking,synthetic_research
31/12/2034 4:15,0,MOVE-FUNDS-860466,JPMC-CLIENT-860248,USA,413.63,CLIENT-860405,CHAD,MOVE-FUNDS,jpm_fraud_payment,payment_transaction,FALSE,banking,synthetic_research
03/01/2035 6:55,0,DEPOSIT-CASH-863791,,,761.78,JPMC-CLIENT-863552,USA,DEPOSIT-CASH,jpm_fraud_payment,payment_transaction,FALSE,banking,synthetic_research
05/01/2035 20:45,0,MAKE-PAYMENT-865529,JPMC-CLIENT-865268,USA,317.71,BILL-COMPANY-865487,USA,MAKE-PAYMENT,jpm_fraud_payment,payment_transaction,FALSE,banking,synthetic_research
08/01/2035 9:15,0,PAY-BILL-859947,JPMC-CLIENT-859675,USA,521.07,BILL-COMPANY-859818,URUGUAY,MAKE-PAYMENT,jpm_fraud_payment,payment_transaction,FALSE,banking,synthetic_research
21/01/2035 17:45,0,PAY-CHECK-869703,JPMC-CLIENT-869679,USA,218.91,COMPANY-869685,DOMINICA,PAY-CHECK,jpm_fraud_payment,payment_transaction,FALSE,banking,synthetic_research
26/01/2035 7:15,0,QUICK-DEPOSIT-875375,,,413.69,JPMC-CLIENT-875325,USA,DEPOSIT-CASH,jpm_fraud_payment,payment_transaction,FALSE,banking,synthetic_research
27/01/2035 7:15,0,MAKE-PAYMENT-866149,JPMC-CLIENT-866097,USA,451.63,CLIENT-866099,MOLDOVA,MAKE-PAYMENT,jpm_fraud_payment,payment_transaction,FALSE,banking,synthetic_research
31/01/2035 8:05,0,DEPOSIT-CASH-873679,,,592.77,JPMC-CLIENT-873604,USA,DEPOSIT-CASH,jpm_fraud_payment,payment_transaction,FALSE,banking,synthetic_research
01/02/2035 9:55,0,QUICK-DEPOSIT-875496,,,178.32,JPMC-CLIENT-875413,USA,DEPOSIT-CASH,jpm_fraud_payment,payment_transaction,FALSE,banking,synthetic_research
03/02/2035 19:25,0,QUICK-PAYMENT-871559,JPMC-CLIENT-871487,SINT-EUSTATIUS-AND-SABA,658.1,JPMC-CLIENT-871485,USA,QUICK-PAYMENT,jpm_fraud_payment,payment_transaction,FALSE,banking,synthetic_research
06/02/2035 22:25,0,MOVE-FUNDS-867964,JPMC-CLIENT-867858,USA,431.18,CLIENT-867895,USA,MOVE-FUNDS,jpm_fraud_payment,payment_transaction,FALSE,banking,synthetic_research
09/02/2035 0:25,0,PAYMENT-866222,JPMC-CLIENT-866097,USA,85.27,BILL-COMPANY-866223,DENMARK,MAKE-PAYMENT,jpm_fraud_payment,payment_transaction,FALSE,banking,synthetic_research
10/02/2035 9:05,0,MOVE-FUNDS-871588,JPMC-CLIENT-871487,SINT-EUSTATIUS-AND-SABA,100.3,JPMC-CLIENT-871485,USA,MOVE-FUNDS,jpm_fraud_payment,payment_transaction,FALSE,banking,synthetic_research
10/02/2035 12:35,0,EXCHANGE-868423,JPMC-CLIENT-868294,USA,756.01,,,WITHDRAWAL,jpm_fraud_payment,payment_transaction,FALSE,banking,synthetic_research
11/02/2035 23:15,0,PAYMENT-867399,JPMC-CLIENT-867280,USA,68.91,BILL-COMPANY-867400,USA,MAKE-PAYMENT,jpm_fraud_payment,payment_transaction,FALSE,banking,synthetic_research
12/02/2035 14:35,0,EXCHANGE-873464,JPMC-CLIENT-873319,USA,584.34,,,WITHDRAWAL,jpm_fraud_payment,payment_transaction,FALSE,banking,synthetic_research
12/02/2035 15:55,0,MAKE-PAYMENT-872373,JPMC-CLIENT-872214,FEDERATION,152.52,JPMC-CLIENT-872216,DOMINICAN-REPUBLIC,MAKE-PAYMENT,jpm_fraud_payment,payment_transaction,FALSE,banking,synthetic_research
20/02/2035 5:45,0,DEPOSIT-CHECK-872758,,,448.68,JPMC-CLIENT-872565,USA,DEPOSIT-CHECK,jpm_fraud_payment,payment_transaction,FALSE,banking,synthetic_research
22/02/2035 3:45,0,QUICK-PAYMENT-870993,JPMC-CLIENT-870807,ANDORRA,915.36,BILL-COMPANY-870934,CURACAO,QUICK-PAYMENT,jpm_fraud_payment,payment_transaction,FALSE,banking,synthetic_research
01/03/2035 17:15,0,EXCHANGE-873063,JPMC-CLIENT-872852,USA,155.88,,,WITHDRAWAL,jpm_fraud_payment,payment_transaction,FALSE,banking,synthetic_research
02/03/2035 21:05,0,MOVE-FUNDS-872810,JPMC-CLIENT-872565,NICARAGUA,100.89,BILL-COMPANY-872660,USA,MOVE-FUNDS,jpm_fraud_payment,payment_transaction,FALSE,banking,synthetic_research
05/03/2035 7:55,0,CASH-CHECK-874436,,,822.82,JPMC-CLIENT-874194,USA,DEPOSIT-CHECK,jpm_fraud_payment,payment_transaction,FALSE,banking,synthetic_research
19/03/2035 20:25,0,DEPOSIT-CHECK-878141,,,473.79,JPMC-CLIENT-878113,USA,DEPOSIT-CHECK,jpm_fraud_payment,payment_transaction,FALSE,banking,synthetic_research
28/03/2035 22:35,0,CASH-CHECK-879019,JPMC-CLIENT-878957,USA,771.46,,,WITHDRAWAL,jpm_fraud_payment,payment_transaction,FALSE,banking,synthetic_research
01/04/2035 13:55,0,PAYMENT-887377,JPMC-CLIENT-887284,USA,18.28,BILL-COMPANY-887378,USA,MAKE-PAYMENT,jpm_fraud_payment,payment_transaction,FALSE,banking,synthetic_research
04/04/2035 0:35,0,MAKE-PAYMENT-880732,CLIENT-880648,USA,549.39,JPMC-CLIENT-880630,USA,MAKE-PAYMENT,jpm_fraud_payment,payment_transaction,FALSE,banking,synthetic_research
05/04/2035 3:45,0,QUICK-PAYMENT-881933,CLIENT-881835,USA,114.41,JPMC-CLIENT-881817,SAN-MARINO,QUICK-PAYMENT,jpm_fraud_payment,payment_transaction,FALSE,banking,synthetic_research
05/04/2035 11:45,0,PAY-BILL-884335,JPMC-CLIENT-884249,TUNISIA,229.31,COMPANY-884254,USA,MAKE-PAYMENT,jpm_fraud_payment,payment_transaction,FALSE,banking,synthetic_research
06/04/2035 1:05,0,DEPOSIT-CHECK-886541,,,846.96,JPMC-CLIENT-886440,USA,DEPOSIT-CHECK,jpm_fraud_payment,payment_transaction,FALSE,banking,synthetic_research
07/04/2035 13:45,0,QUICK-PAYMENT-880741,JPMC-CLIENT-880630,USA,100,CLIENT-880648,USA,QUICK-PAYMENT,jpm_fraud_payment,payment_transaction,FALSE,banking,synthetic_research
11/04/2035 4:55,0,PAYMENT-884958,JPMC-CLIENT-884817,BOUVET-ISLAND,34.46,BILL-COMPANY-884959,BRUNEI,MAKE-PAYMENT,jpm_fraud_payment,payment_transaction,FALSE,banking,synthetic_research
11/04/2035 14:45,1,PAY-BILL-882512,JPMC-CLIENT-882385,USA,805.86,JPMC-COMPANY-882391,USA,MAKE-PAYMENT,jpm_fraud_payment,payment_transaction,TRUE,banking,synthetic_research
17/04/2035 5:35,0,MOVE-FUNDS-880984,JPMC-CLIENT-880819,USA,815.99,CLIENT-880821,BULGARIA,MOVE-FUNDS,jpm_fraud_payment,payment_transaction,FALSE,banking,synthetic_research
22/04/2035 9:35,0,MOVE-FUNDS-879450,CLIENT-879243,USA,724.8,JPMC-CLIENT-879241,USA,MOVE-FUNDS,jpm_fraud_payment,payment_transaction,FALSE,banking,synthetic_research
29/04/2035 19:15,0,PAY-BILL-884142,JPMC-CLIENT-883926,USA,964.83,COMPANY-883933,HONG-KONG,MAKE-PAYMENT,jpm_fraud_payment,payment_transaction,FALSE,banking,synthetic_research
30/04/2035 10:25,0,EXCHANGE-879763,JPMC-CLIENT-879524,USA,870.2,,,EXCHANGE,jpm_fraud_payment,payment_transaction,FALSE,banking,synthetic_research
22/05/2035 23:05,0,MOVE-FUNDS-897043,JPMC-COMPANY-897011,GERMANY,2000.38,JPMC-CLIENT-897007,USA,MOVE-FUNDS,jpm_fraud_payment,payment_transaction,FALSE,banking,synthetic_research
23/05/2035 11:45,0,MAKE-PAYMENT-893854,JPMC-CLIENT-893807,USA,584.82,JPMC-CLIENT-893809,USA,MAKE-PAYMENT,jpm_fraud_payment,payment_transaction,FALSE,banking,synthetic_research
25/05/2035 13:35,0,MOVE-FUNDS-893584,JPMC-COMPANY-893528,GERMANY,2000.29,JPMC-CLIENT-893523,USA,MOVE-FUNDS,jpm_fraud_payment,payment_transaction,FALSE,banking,synthetic_research
28/05/2035 3:05,0,WITHDRAWAL-895362,JPMC-CLIENT-895279,USA,668.45,,,WITHDRAWAL,jpm_fraud_payment,payment_transaction,FALSE,banking,synthetic_research
30/05/2035 0:05,0,PAYMENT-889014,JPMC-CLIENT-888944,USA,91.26,BILL-COMPANY-889015,TOGO,MAKE-PAYMENT,jpm_fraud_payment,payment_transaction,FALSE,banking,synthetic_research
05/06/2035 4:55,0,PAYMENT-892803,JPMC-CLIENT-892686,CHRISTMAS-ISLAND,74.1,BILL-COMPANY-892804,REUNION,MAKE-PAYMENT,jpm_fraud_payment,payment_transaction,FALSE,banking,synthetic_research
19/06/2035 8:05,0,QUICK-PAYMENT-893149,JPMC-CLIENT-892966,USA,670.35,CLIENT-892984,USA,QUICK-PAYMENT,jpm_fraud_payment,payment_transaction,FALSE,banking,synthetic_research
23/06/2035 13:05,0,PAY-BILL-891755,JPMC-CLIENT-891522,USA,699.61,BILL-COMPANY-891720,USA,MAKE-PAYMENT,jpm_fraud_payment,payment_transaction,FALSE,banking,synthetic_research
29/06/2035 12:55,0,PAYMENT-892928,JPMC-CLIENT-892686,USA,400.37,JPMC-CLIENT-892687,CANADA,MAKE-PAYMENT,jpm_fraud_payment,payment_transaction,FALSE,banking,synthetic_research
05/07/2035 2:05,0,PAY-BILL-893792,JPMC-CLIENT-893523,USA,151.07,BILL-COMPANY-893695,SAINT-HELENA-ASCENSION-AND-TRISTAN-DA-CUNHA,MAKE-PAYMENT,jpm_fraud_payment,payment_transaction,FALSE,banking,synthetic_research
17/07/2035 0:25,0,DEPOSIT-CASH-903689,,,296.9,JPMC-CLIENT-903660,USA,DEPOSIT-CASH,jpm_fraud_payment,payment_transaction,FALSE,banking,synthetic_research
19/07/2035 15:25,0,QUICK-PAYMENT-902077,JPMC-CLIENT-902017,USA,100.13,CLIENT-902019,USA,QUICK-PAYMENT,jpm_fraud_payment,payment_transaction,FALSE,banking,synthetic_research
20/07/2035 14:05,0,MAKE-PAYMENT-901868,CLIENT-901839,USA,309.61,JPMC-CLIENT-901813,USA,MAKE-PAYMENT,jpm_fraud_payment,payment_transaction,FALSE,banking,synthetic_research
26/07/2035 4:45,0,DEPOSIT-CHECK-900448,,,100.89,JPMC-CLIENT-900365,USA,DEPOSIT-CHECK,jpm_fraud_payment,payment_transaction,FALSE,banking,synthetic_research
01/08/2035 6:05,0,MOVE-FUNDS-898461,JPMC-CLIENT-898353,USA,190.38,CLIENT-898354,CANADA,MOVE-FUNDS,jpm_fraud_payment,payment_transaction,FALSE,banking,synthetic_research
01/08/2035 19:05,0,PAYMENT-905282,JPMC-CLIENT-905164,USA,400.53,JPMC-CLIENT-905165,CANADA,MAKE-PAYMENT,jpm_fraud_payment,payment_transaction,FALSE,banking,synthetic_research
02/08/2035 16:25,0,MOVE-FUNDS-905829,JPMC-CLIENT-905727,USA,567.25,CLIENT-905729,CANADA,MOVE-FUNDS,jpm_fraud_payment,payment_transaction,FALSE,banking,synthetic_research
05/08/2035 4:35,0,WITHDRAWAL-905847,JPMC-CLIENT-905727,USA,435.45,,,WITHDRAWAL,jpm_fraud_payment,payment_transaction,FALSE,banking,synthetic_research
05/08/2035 6:35,0,WITHDRAWAL-904070,JPMC-CLIENT-903938,USA,115.24,,,WITHDRAWAL,jpm_fraud_payment,payment_transaction,FALSE,banking,synthetic_research
09/08/2035 20:15,0,PAYMENT-898502,JPMC-CLIENT-898353,USA,19.18,BILL-COMPANY-898503,MACEDONIA,MAKE-PAYMENT,jpm_fraud_payment,payment_transaction,FALSE,banking,synthetic_research
11/08/2035 20:05,0,MAKE-PAYMENT-907434,JPMC-CLIENT-907277,UKRAINE,150.34,CLIENT-907295,COTE-DIVOIRE,MAKE-PAYMENT,jpm_fraud_payment,payment_transaction,FALSE,banking,synthetic_research
14/08/2035 12:15,0,DEPOSIT-CASH-902477,,,981.74,JPMC-CLIENT-902282,USA,DEPOSIT-CASH,jpm_fraud_payment,payment_transaction,FALSE,banking,synthetic_research
17/08/2035 12:55,0,MOVE-FUNDS-902492,JPMC-CLIENT-902282,USA,831.55,CLIENT-902284,USA,MOVE-FUNDS,jpm_fraud_payment,payment_transaction,FALSE,banking,synthetic_research
26/08/2035 11:25,0,QUICK-PAYMENT-901126,JPMC-CLIENT-900906,USA,502.35,CLIENT-900907,USA,QUICK-PAYMENT,jpm_fraud_payment,payment_transaction,FALSE,banking,synthetic_research
17/09/2035 4:05,0,PAY-BILL-909196,JPMC-CLIENT-909142,USA,339.9,COMPANY-909144,BELIZE,MAKE-PAYMENT,jpm_fraud_payment,payment_transaction,FALSE,banking,synthetic_research
24/09/2035 17:05,0,PAY-BILL-911257,JPMC-CLIENT-911173,USA,451.82,BILL-COMPANY-911218,PORTUGAL,MAKE-PAYMENT,jpm_fraud_payment,payment_transaction,FALSE,banking,synthetic_research
28/09/2035 7:45,0,QUICK-PAYMENT-917665,JPMC-CLIENT-917552,USA,411.03,JPMC-CLIENT-917554,USA,QUICK-PAYMENT,jpm_fraud_payment,payment_transaction,FALSE,banking,synthetic_research
28/09/2035 18:35,0,MOVE-FUNDS-914062,JPMC-CLIENT-913958,NEW-ZEALAND,482.97,CLIENT-913977,WALLIS-FUTUNA-IS,MOVE-FUNDS,jpm_fraud_payment,payment_transaction,FALSE,banking,synthetic_research
02/10/2035 18:35,0,CASH-CHECK-908973,JPMC-CLIENT-908861,USA,591.91,,,EXCHANGE,jpm_fraud_payment,payment_transaction,FALSE,banking,synthetic_research
05/10/2035 6:15,0,PAYMENT-910418,JPMC-CLIENT-910302,USA,400.22,CLIENT-910303,CANADA,MAKE-PAYMENT,jpm_fraud_payment,payment_transaction,FALSE,banking,synthetic_research
05/10/2035 7:55,0,PAY-BILL-908993,JPMC-CLIENT-908861,USA,925.17,COMPANY-908864,USA,MAKE-PAYMENT,jpm_fraud_payment,payment_transaction,FALSE,banking,synthetic_research
08/10/2035 22:35,0,EXCHANGE-911625,JPMC-CLIENT-911466,USA,255,,,EXCHANGE,jpm_fraud_payment,payment_transaction,FALSE,banking,synthetic_research
16/10/2035 0:05,0,PAYMENT-916012,JPMC-CLIENT-915824,USA,1.95,BILL-COMPANY-916013,USA,MAKE-PAYMENT,jpm_fraud_payment,payment_transaction,FALSE,banking,synthetic_research
19/10/2035 0:15,0,QUICK-PAYMENT-909065,JPMC-CLIENT-908861,USA,306.36,CLIENT-908863,USA,QUICK-PAYMENT,jpm_fraud_payment,payment_transaction,FALSE,banking,synthetic_research
30/10/2035 4:05,0,QUICK-DEPOSIT-916745,,,618.66,JPMC-CLIENT-916465,UNITED-KINGDOM,DEPOSIT-CASH,jpm_fraud_payment,payment_transaction,FALSE,banking,synthetic_research
13/11/2035 2:05,0,WITHDRAWAL-920915,JPMC-CLIENT-920887,USA,433.55,,,WITHDRAWAL,jpm_fraud_payment,payment_transaction,FALSE,banking,synthetic_research
22/11/2035 4:25,0,WITHDRAWAL-920082,JPMC-CLIENT-920008,USA,684.62,,,WITHDRAWAL,jpm_fraud_payment,payment_transaction,FALSE,banking,synthetic_research
22/11/2035 6:35,0,CASH-CHECK-926740,,,166.26,JPMC-CLIENT-926641,USA,DEPOSIT-CHECK,jpm_fraud_payment,payment_transaction,FALSE,banking,synthetic_research
30/11/2035 20:55,0,PAY-CHECK-924724,JPMC-CLIENT-924590,USA,973.46,CLIENT-924652,USA,PAY-CHECK,jpm_fraud_payment,payment_transaction,FALSE,banking,synthetic_research
01/12/2035 18:45,0,PAY-CHECK-921280,CLIENT-921169,CANADA,363.31,JPMC-CLIENT-921168,USA,PAY-CHECK,jpm_fraud_payment,payment_transaction,FALSE,banking,synthetic_research
02/12/2035 18:05,0,QUICK-PAYMENT-918016,JPMC-CLIENT-917904,USA,716.58,BILL-COMPANY-918002,USA,QUICK-PAYMENT,jpm_fraud_payment,payment_transaction,FALSE,banking,synthetic_research
08/12/2035 9:35,0,MOVE-FUNDS-923886,JPMC-CLIENT-923734,USA,811.94,JPMC-CLIENT-923736,CANADA,MOVE-FUNDS,jpm_fraud_payment,payment_transaction,FALSE,banking,synthetic_research
13/12/2035 10:45,0,MOVE-FUNDS-923901,JPMC-COMPANY-923739,GERMANY,2000.02,JPMC-CLIENT-923734,USA,MOVE-FUNDS,jpm_fraud_payment,payment_transaction,FALSE,banking,synthetic_research
18/12/2035 0:45,0,PAY-CHECK-920215,JPMC-CLIENT-920008,USA,401.58,CLIENT-920029,USA,PAY-CHECK,jpm_fraud_payment,payment_transaction,FALSE,banking,synthetic_research
18/12/2035 2:15,1,MAKE-PAYMENT-925759,JPMC-CLIENT-925544,USA,100.6,CLIENT-925760,SWEDEN,MAKE-PAYMENT,jpm_fraud_payment,payment_transaction,TRUE,banking,synthetic_research
22/12/2035 0:15,0,MAKE-PAYMENT-922513,JPMC-CLIENT-922306,USA,993.27,CLIENT-922308,CANADA,MAKE-PAYMENT,jpm_fraud_payment,payment_transaction,FALSE,banking,synthetic_research
26/12/2035 0:35,0,PAYMENT-921105,JPMC-CLIENT-920887,USA,87.26,BILL-COMPANY-921106,USA,MAKE-PAYMENT,jpm_fraud_payment,payment_transaction,FALSE,banking,synthetic_research
26/12/2035 3:35,0,QUICK-PAYMENT-926602,JPMC-CLIENT-926358,USA,100.82,CLIENT-926360,CANADA,QUICK-PAYMENT,jpm_fraud_payment,payment_transaction,FALSE,banking,synthetic_research
26/12/2035 16:25,0,PAY-CHECK-920266,BILL-COMPANY-920232,ESTONIA,937.82,JPMC-CLIENT-920008,USA,PAY-CHECK,jpm_fraud_payment,payment_transaction,FALSE,banking,synthetic_research
29/12/2035 17:55,0,PAYMENT-928505,JPMC-CLIENT-928231,USA,400.98,CLIENT-928232,CANADA,MAKE-PAYMENT,jpm_fraud_payment,payment_transaction,FALSE,banking,synthetic_research
30/12/2035 13:45,0,WITHDRAWAL-921139,JPMC-CLIENT-920887,USA,645.28,,,WITHDRAWAL,jpm_fraud_payment,payment_transaction,FALSE,banking,synthetic_research
30/12/2035 16:35,0,EXCHANGE-918842,JPMC-CLIENT-918577,USA,712.94,,,WITHDRAWAL,jpm_fraud_payment,payment_transaction,FALSE,banking,synthetic_research
12/01/2036 15:45,0,WITHDRAWAL-937757,JPMC-CLIENT-937722,USA,100.49,,,WITHDRAWAL,jpm_fraud_payment,payment_transaction,FALSE,banking,synthetic_research
16/01/2036 19:15,0,DEPOSIT-CHECK-929362,,,310.7,JPMC-CLIENT-929289,USA,DEPOSIT-CHECK,jpm_fraud_payment,payment_transaction,FALSE,banking,synthetic_research
17/01/2036 6:25,0,PAYMENT-931727,JPMC-CLIENT-931665,USA,87.74,BILL-COMPANY-931728,USA,MAKE-PAYMENT,jpm_fraud_payment,payment_transaction,FALSE,banking,synthetic_research
17/01/2036 16:35,0,EXCHANGE-935435,JPMC-CLIENT-935381,USA,722.44,,,WITHDRAWAL,jpm_fraud_payment,payment_transaction,FALSE,banking,synthetic_research
23/01/2036 18:45,0,WITHDRAWAL-931471,JPMC-CLIENT-931378,USA,597.38,,,WITHDRAWAL,jpm_fraud_payment,payment_transaction,FALSE,banking,synthetic_research
27/01/2036 7:25,0,CASH-CHECK-929692,JPMC-CLIENT-929592,USA,585.12,,,WITHDRAWAL,jpm_fraud_payment,payment_transaction,FALSE,banking,synthetic_research
29/01/2036 10:05,0,QUICK-PAYMENT-934203,CLIENT-934078,CANADA,530.5,JPMC-CLIENT-934076,USA,QUICK-PAYMENT,jpm_fraud_payment,payment_transaction,FALSE,banking,synthetic_research
01/02/2036 0:45,0,WITHDRAWAL-936103,JPMC-CLIENT-935944,USA,527.76,,,WITHDRAWAL,jpm_fraud_payment,payment_transaction,FALSE,banking,synthetic_research
01/02/2036 10:05,0,QUICK-PAYMENT-931232,CLIENT-931097,USA,637.31,JPMC-CLIENT-931096,USA,QUICK-PAYMENT,jpm_fraud_payment,payment_transaction,FALSE,banking,synthetic_research
02/02/2036 9:15,0,WITHDRAWAL-934485,JPMC-CLIENT-934354,USA,436.48,,,EXCHANGE,jpm_fraud_payment,payment_transaction,FALSE,banking,synthetic_research
07/02/2036 11:15,0,CASH-CHECK-933955,,,877.09,JPMC-CLIENT-933795,USA,DEPOSIT-CHECK,jpm_fraud_payment,payment_transaction,FALSE,banking,synthetic_research
09/02/2036 0:45,0,PAYMENT-930936,JPMC-CLIENT-930765,USA,400.44,CLIENT-930766,CANADA,MAKE-PAYMENT,jpm_fraud_payment,payment_transaction,FALSE,banking,synthetic_research
09/02/2036 1:35,1,PAY-BILL-933696,JPMC-CLIENT-933514,USA,483.41,BILL-COMPANY-933655,TIMOR-LESTE,MAKE-PAYMENT,jpm_fraud_payment,payment_transaction,TRUE,banking,synthetic_research
25/02/2036 6:35,0,QUICK-PAYMENT-930747,JPMC-CLIENT-930483,USA,561.58,CLIENT-930485,CANADA,QUICK-PAYMENT,jpm_fraud_payment,payment_transaction,FALSE,banking,synthetic_research
29/02/2036 18:25,0,PAY-BILL-934631,JPMC-CLIENT-934354,USA,489.73,BILL-COMPANY-934521,USA,MAKE-PAYMENT,jpm_fraud_payment,payment_transaction,FALSE,banking,synthetic_research
06/03/2036 5:35,0,WITHDRAWAL-947555,JPMC-CLIENT-947531,USA,221.11,,,EXCHANGE,jpm_fraud_payment,payment_transaction,FALSE,banking,synthetic_research
06/03/2036 17:05,0,WITHDRAWAL-945941,JPMC-CLIENT-945922,USA,100.08,,,WITHDRAWAL,jpm_fraud_payment,payment_transaction,FALSE,banking,synthetic_research
10/03/2036 6:25,0,PAYMENT-948461,JPMC-CLIENT-948425,USA,400.96,CLIENT-948426,CANADA,MAKE-PAYMENT,jpm_fraud_payment,payment_transaction,FALSE,banking,synthetic_research
13/03/2036 6:25,0,QUICK-DEPOSIT-941485,,,339.33,JPMC-CLIENT-941437,KENYA,DEPOSIT-CASH,jpm_fraud_payment,payment_transaction,FALSE,banking,synthetic_research
17/03/2036 8:55,0,EXCHANGE-939738,JPMC-CLIENT-939667,SEYCHELLES,768.67,,,WITHDRAWAL,jpm_fraud_payment,payment_transaction,FALSE,banking,synthetic_research
17/03/2036 21:35,0,CASH-CHECK-943397,,,242.65,JPMC-CLIENT-943310,USA,DEPOSIT-CHECK,jpm_fraud_payment,payment_transaction,FALSE,banking,synthetic_research
19/03/2036 21:35,0,CASH-CHECK-946009,,,527.25,JPMC-CLIENT-945922,USA,DEPOSIT-CHECK,jpm_fraud_payment,payment_transaction,FALSE,banking,synthetic_research
21/03/2036 22:45,0,DEPOSIT-CHECK-946025,,,994.7,JPMC-CLIENT-945922,USA,DEPOSIT-CHECK,jpm_fraud_payment,payment_transaction,FALSE,banking,synthetic_research
03/04/2036 18:55,0,PAYMENT-941904,JPMC-CLIENT-941709,USA,26.75,BILL-COMPANY-941905,USA,MAKE-PAYMENT,jpm_fraud_payment,payment_transaction,FALSE,banking,synthetic_research
06/04/2036 15:05,0,PAYMENT-945202,JPMC-CLIENT-945031,USA,33.12,BILL-COMPANY-945203,USA,MAKE-PAYMENT,jpm_fraud_payment,payment_transaction,FALSE,banking,synthetic_research
12/04/2036 7:05,0,CASH-CHECK-947747,,,171.16,JPMC-CLIENT-947531,USA,DEPOSIT-CHECK,jpm_fraud_payment,payment_transaction,FALSE,banking,synthetic_research
12/04/2036 17:25,0,PAYMENT-947444,JPMC-CLIENT-947249,USA,400.39,CLIENT-947250,CANADA,MAKE-PAYMENT,jpm_fraud_payment,payment_transaction,FALSE,banking,synthetic_research
13/04/2036 17:35,0,CASH-CHECK-942204,,,431.49,JPMC-CLIENT-941993,FRANCE,DEPOSIT-CHECK,jpm_fraud_payment,payment_transaction,FALSE,banking,synthetic_research
16/04/2036 9:55,0,MOVE-FUNDS-943273,COMPANY-943031,GERMANY,2000.37,JPMC-CLIENT-943027,SOUTH-AFRICA,MOVE-FUNDS,jpm_fraud_payment,payment_transaction,FALSE,banking,synthetic_research
19/04/2036 12:25,0,PAYMENT-944164,JPMC-CLIENT-943875,SERBIA,17.46,BILL-COMPANY-944165,ARUBA,MAKE-PAYMENT,jpm_fraud_payment,payment_transaction,FALSE,banking,synthetic_research
22/04/2036 9:45,1,DEPOSIT-CHECK-942568,,,129.45,JPMC-CLIENT-942297,SWAZILAND,DEPOSIT-CHECK,jpm_fraud_payment,payment_transaction,TRUE,banking,synthetic_research
06/05/2036 9:45,0,PAYMENT-952932,JPMC-CLIENT-952893,USA,400.16,CLIENT-952894,CANADA,MAKE-PAYMENT,jpm_fraud_payment,payment_transaction,FALSE,banking,synthetic_research
07/05/2036 12:05,0,PAY-CHECK-950431,JPMC-CLIENT-950372,SERBIA,443.49,CLIENT-950374,USA,PAY-CHECK,jpm_fraud_payment,payment_transaction,FALSE,banking,synthetic_research
09/05/2036 1:35,0,PAYMENT-952516,JPMC-CLIENT-952446,USA,400.64,JPMC-CLIENT-952447,CANADA,MAKE-PAYMENT,jpm_fraud_payment,payment_transaction,FALSE,banking,synthetic_research
09/05/2036 13:15,0,QUICK-PAYMENT-956103,CLIENT-956027,CANADA,100.2,JPMC-CLIENT-956025,USA,QUICK-PAYMENT,jpm_fraud_payment,payment_transaction,FALSE,banking,synthetic_research
09/05/2036 22:55,0,DEPOSIT-CHECK-952192,,,924.8,JPMC-CLIENT-952135,USA,DEPOSIT-CHECK,jpm_fraud_payment,payment_transaction,FALSE,banking,synthetic_research
09/05/2036 23:05,0,MAKE-PAYMENT-958992,JPMC-CLIENT-958936,USA,186.09,JPMC-CLIENT-958938,BANGLADESH,MAKE-PAYMENT,jpm_fraud_payment,payment_transaction,FALSE,banking,synthetic_research
11/05/2036 11:45,0,PAYMENT-958429,JPMC-CLIENT-958365,USA,400.86,JPMC-CLIENT-958366,CANADA,MAKE-PAYMENT,jpm_fraud_payment,payment_transaction,FALSE,banking,synthetic_research
18/05/2036 14:15,0,QUICK-PAYMENT-960204,CLIENT-960115,CONGO-DEM-REP,614.47,JPMC-CLIENT-960096,USA,QUICK-PAYMENT,jpm_fraud_payment,payment_transaction,FALSE,banking,synthetic_research
20/05/2036 3:25,0,PAYMENT-957600,JPMC-CLIENT-957486,USA,8.48,BILL-COMPANY-957601,SYRIA,MAKE-PAYMENT,jpm_fraud_payment,payment_transaction,FALSE,banking,synthetic_research
24/05/2036 4:15,0,DEPOSIT-CHECK-960491,,,100.19,JPMC-CLIENT-960355,USA,DEPOSIT-CHECK,jpm_fraud_payment,payment_transaction,FALSE,banking,synthetic_research
25/05/2036 15:15,1,QUICK-PAYMENT-960771,CLIENT-960654,MOZAMBIQUE,232.98,JPMC-CLIENT-960636,USA,QUICK-PAYMENT,jpm_fraud_payment,payment_transaction,TRUE,banking,synthetic_research
25/05/2036 18:25,0,PAY-BILL-950529,JPMC-CLIENT-950372,SERBIA,198.42,BILL-COMPANY-950484,BERMUDA,MAKE-PAYMENT,jpm_fraud_payment,payment_transaction,FALSE,banking,synthetic_research
27/05/2036 17:35,0,PAY-CHECK-950806,JPMC-CLIENT-950650,USA,416.76,CLIENT-950652,CANADA,PAY-CHECK,jpm_fraud_payment,payment_transaction,FALSE,banking,synthetic_research
04/06/2036 7:15,0,MOVE-FUNDS-956495,JPMC-COMPANY-956311,GERMANY,2000.82,JPMC-CLIENT-956307,CONGO-REP,MOVE-FUNDS,jpm_fraud_payment,payment_transaction,FALSE,banking,synthetic_research
06/06/2036 7:05,0,QUICK-PAYMENT-954870,JPMC-CLIENT-954668,USA,960.29,BILL-COMPANY-954785,USA,QUICK-PAYMENT,jpm_fraud_payment,payment_transaction,FALSE,banking,synthetic_research
13/06/2036 22:15,0,MAKE-PAYMENT-951170,CLIENT-950935,CANADA,502.47,JPMC-CLIENT-950933,USA,MAKE-PAYMENT,jpm_fraud_payment,payment_transaction,FALSE,banking,synthetic_research
14/06/2036 22:05,0,DEPOSIT-CHECK-959753,,,958.33,JPMC-CLIENT-959515,USA,DEPOSIT-CHECK,jpm_fraud_payment,payment_transaction,FALSE,banking,synthetic_research
14/06/2036 23:05,0,QUICK-DEPOSIT-950896,,,673.82,JPMC-CLIENT-950650,USA,DEPOSIT-CASH,jpm_fraud_payment,payment_transaction,FALSE,banking,synthetic_research
18/06/2036 9:45,0,QUICK-PAYMENT-950342,CLIENT-950098,USA,479.91,JPMC-CLIENT-950096,USA,QUICK-PAYMENT,jpm_fraud_payment,payment_transaction,FALSE,banking,synthetic_research
03/07/2036 10:25,0,MOVE-FUNDS-965220,CLIENT-965207,USA,476.11,JPMC-CLIENT-965189,USA,MOVE-FUNDS,jpm_fraud_payment,payment_transaction,FALSE,banking,synthetic_research
13/07/2036 11:35,0,PAYMENT-963814,JPMC-CLIENT-963753,USA,400.36,CLIENT-963754,CANADA,MAKE-PAYMENT,jpm_fraud_payment,payment_transaction,FALSE,banking,synthetic_research
18/07/2036 16:35,0,MOVE-FUNDS-964207,COMPANY-964098,GERMANY,2000.4,JPMC-CLIENT-964092,USA,MOVE-FUNDS,jpm_fraud_payment,payment_transaction,FALSE,banking,synthetic_research
19/07/2036 12:55,0,PAYMENT-966392,JPMC-CLIENT-966305,USA,400.58,CLIENT-966306,CANADA,MAKE-PAYMENT,jpm_fraud_payment,payment_transaction,FALSE,banking,synthetic_research
19/07/2036 14:35,0,QUICK-DEPOSIT-968731,,,699.08,JPMC-CLIENT-968626,USA,DEPOSIT-CASH,jpm_fraud_payment,payment_transaction,FALSE,banking,synthetic_research
26/07/2036 18:25,0,EXCHANGE-963622,JPMC-CLIENT-963466,USA,299.27,,,WITHDRAWAL,jpm_fraud_payment,payment_transaction,FALSE,banking,synthetic_research
31/07/2036 10:45,0,MOVE-FUNDS-965953,JPMC-CLIENT-965750,USA,905.59,CLIENT-965768,QATAR,MOVE-FUNDS,jpm_fraud_payment,payment_transaction,FALSE,banking,synthetic_research
02/08/2036 23:45,0,QUICK-PAYMENT-967927,CLIENT-967712,USA,872.12,JPMC-CLIENT-967710,USA,QUICK-PAYMENT,jpm_fraud_payment,payment_transaction,FALSE,banking,synthetic_research
10/08/2036 1:45,0,PAYMENT-972378,JPMC-CLIENT-972133,USA,44.18,BILL-COMPANY-972379,USA,MAKE-PAYMENT,jpm_fraud_payment,payment_transaction,FALSE,banking,synthetic_research
11/08/2036 12:15,0,PAY-BILL-962875,JPMC-CLIENT-962638,USA,665.23,BILL-COMPANY-962711,QATAR,MAKE-PAYMENT,jpm_fraud_payment,payment_transaction,FALSE,banking,synthetic_research
11/08/2036 17:55,0,MOVE-FUNDS-964815,JPMC-CLIENT-964626,USA,576.03,BILL-COMPANY-964718,USA,MOVE-FUNDS,jpm_fraud_payment,payment_transaction,FALSE,banking,synthetic_research
12/08/2036 13:55,0,PAY-BILL-966007,JPMC-CLIENT-965750,USA,245.57,BILL-COMPANY-965974,AMERICAN-SAMOA,MAKE-PAYMENT,jpm_fraud_payment,payment_transaction,FALSE,banking,synthetic_research
16/08/2036 14:05,0,PAY-CHECK-969787,JPMC-CLIENT-969519,USA,843.01,CLIENT-969537,USA,PAY-CHECK,jpm_fraud_payment,payment_transaction,FALSE,banking,synthetic_research
17/08/2036 11:35,0,DEPOSIT-CASH-966844,,,758,JPMC-CLIENT-966589,USA,DEPOSIT-CASH,jpm_fraud_payment,payment_transaction,FALSE,banking,synthetic_research
23/08/2036 10:15,0,PAY-BILL-964882,JPMC-CLIENT-964626,USA,318.5,BILL-COMPANY-964850,USA,MAKE-PAYMENT,jpm_fraud_payment,payment_transaction,FALSE,banking,synthetic_research
01/09/2036 23:25,0,QUICK-DEPOSIT-973882,,,894.49,JPMC-CLIENT-973849,USA,DEPOSIT-CASH,jpm_fraud_payment,payment_transaction,FALSE,banking,synthetic_research
04/09/2036 12:55,0,CASH-CHECK-974767,,,579.92,JPMC-CLIENT-974714,USA,DEPOSIT-CHECK,jpm_fraud_payment,payment_transaction,FALSE,banking,synthetic_research
04/09/2036 13:15,0,PAY-CHECK-980763,JPMC-CLIENT-980708,USA,649.5,CLIENT-980709,KYRGYZSTAN,PAY-CHECK,jpm_fraud_payment,payment_transaction,FALSE,banking,synthetic_research
09/09/2036 2:05,0,MOVE-FUNDS-973039,COMPANY-972980,GERMANY,2000.14,JPMC-CLIENT-972975,USA,MOVE-FUNDS,jpm_fraud_payment,payment_transaction,FALSE,banking,synthetic_research
10/09/2036 16:15,0,MOVE-FUNDS-976240,JPMC-CLIENT-976143,USA,143.89,CLIENT-976145,USA,MOVE-FUNDS,jpm_fraud_payment,payment_transaction,FALSE,banking,synthetic_research
15/09/2036 3:15,0,PAYMENT-980798,JPMC-CLIENT-980708,USA,400.79,CLIENT-980710,CANADA,MAKE-PAYMENT,jpm_fraud_payment,payment_transaction,FALSE,banking,synthetic_research
20/09/2036 5:05,0,PAY-CHECK-982886,JPMC-CLIENT-982761,USA,168.39,CLIENT-982781,FINLAND,PAY-CHECK,jpm_fraud_payment,payment_transaction,FALSE,banking,synthetic_research
21/09/2036 20:55,0,QUICK-PAYMENT-982526,JPMC-CLIENT-982369,USA,192.81,CLIENT-982387,USA,QUICK-PAYMENT,jpm_fraud_payment,payment_transaction,FALSE,banking,synthetic_research
22/09/2036 19:55,0,MAKE-PAYMENT-973415,JPMC-CLIENT-973262,USA,485.75,BILL-COMPANY-973324,USA,MAKE-PAYMENT,jpm_fraud_payment,payment_transaction,FALSE,banking,synthetic_research
23/09/2036 6:15,0,DEPOSIT-CASH-975231,,,100.38,JPMC-CLIENT-975093,USA,DEPOSIT-CASH,jpm_fraud_payment,payment_transaction,FALSE,banking,synthetic_research
24/09/2036 6:35,0,PAYMENT-973994,JPMC-CLIENT-973849,USA,400.53,CLIENT-973850,CANADA,MAKE-PAYMENT,jpm_fraud_payment,payment_transaction,FALSE,banking,synthetic_research
30/09/2036 9:15,0,QUICK-PAYMENT-983203,JPMC-CLIENT-983019,USA,499.86,CLIENT-983021,USA,QUICK-PAYMENT,jpm_fraud_payment,payment_transaction,FALSE,banking,synthetic_research
13/10/2036 14:55,0,QUICK-PAYMENT-972955,JPMC-CLIENT-972693,USA,238.11,CLIENT-972704,USA,QUICK-PAYMENT,jpm_fraud_payment,payment_transaction,FALSE,banking,synthetic_research
15/10/2036 15:05,0,WITHDRAWAL-976126,JPMC-CLIENT-975860,USA,100.35,,,WITHDRAWAL,jpm_fraud_payment,payment_transaction,FALSE,banking,synthetic_research
20/10/2036 1:45,0,PAYMENT-973528,JPMC-CLIENT-973262,USA,400.16,CLIENT-973263,CANADA,MAKE-PAYMENT,jpm_fraud_payment,payment_transaction,FALSE,banking,synthetic_research
25/10/2036 12:55,0,EXCHANGE-985199,JPMC-CLIENT-985181,USA,966.83,,,WITHDRAWAL,jpm_fraud_payment,payment_transaction,FALSE,banking,synthetic_research
26/10/2036 12:15,0,CASH-CHECK-984040,,,249.65,JPMC-CLIENT-984023,USA,DEPOSIT-CHECK,jpm_fraud_payment,payment_transaction,FALSE,banking,synthetic_research
27/10/2036 12:45,0,MAKE-PAYMENT-993646,CLIENT-993637,FRENCH-SOUTHERN-TERRITORIES,100.45,JPMC-CLIENT-993616,USA,MAKE-PAYMENT,jpm_fraud_payment,payment_transaction,FALSE,banking,synthetic_research
28/10/2036 1:25,0,PAY-BILL-995054,JPMC-CLIENT-995021,USA,416.61,COMPANY-995023,SAMOA,MAKE-PAYMENT,jpm_fraud_payment,payment_transaction,FALSE,banking,synthetic_research
30/10/2036 2:05,0,QUICK-PAYMENT-990831,JPMC-CLIENT-990784,USA,891.63,CLIENT-990802,GAMBIA,QUICK-PAYMENT,jpm_fraud_payment,payment_transaction,FALSE,banking,synthetic_research
30/10/2036 14:05,0,MAKE-PAYMENT-985257,CLIENT-985226,LIBERIA,224.99,JPMC-CLIENT-985208,USA,MAKE-PAYMENT,jpm_fraud_payment,payment_transaction,FALSE,banking,synthetic_research
03/11/2036 3:15,0,PAYMENT-987433,JPMC-CLIENT-987363,USA,38.58,BILL-COMPANY-987434,CHINA,MAKE-PAYMENT,jpm_fraud_payment,payment_transaction,FALSE,banking,synthetic_research
06/11/2036 17:55,0,EXCHANGE-990883,JPMC-CLIENT-990784,USA,754.49,,,EXCHANGE,jpm_fraud_payment,payment_transaction,FALSE,banking,synthetic_research
07/11/2036 3:05,0,QUICK-PAYMENT-986369,JPMC-CLIENT-986293,USA,424.95,CLIENT-986311,SAUDI-ARABIA,QUICK-PAYMENT,jpm_fraud_payment,payment_transaction,FALSE,banking,synthetic_research
08/11/2036 3:55,0,PAY-BILL-995107,JPMC-CLIENT-995021,USA,770.24,JPMC-COMPANY-995024,URUGUAY,MAKE-PAYMENT,jpm_fraud_payment,payment_transaction,FALSE,banking,synthetic_research
09/11/2036 6:25,0,WITHDRAWAL-989742,JPMC-CLIENT-989631,USA,421.58,,,WITHDRAWAL,jpm_fraud_payment,payment_transaction,FALSE,banking,synthetic_research
10/11/2036 4:45,0,PAYMENT-986673,JPMC-CLIENT-986582,USA,400.35,CLIENT-986583,CANADA,MAKE-PAYMENT,jpm_fraud_payment,payment_transaction,FALSE,banking,synthetic_research
11/11/2036 5:05,0,QUICK-PAYMENT-986685,JPMC-CLIENT-986582,USA,641.18,CLIENT-986601,USA,QUICK-PAYMENT,jpm_fraud_payment,payment_transaction,FALSE,banking,synthetic_research
11/11/2036 16:25,0,CASH-CHECK-986393,,,537.3,JPMC-CLIENT-986293,USA,DEPOSIT-CHECK,jpm_fraud_payment,payment_transaction,FALSE,banking,synthetic_research
13/11/2036 5:05,0,PAY-BILL-987187,JPMC-CLIENT-987079,USA,533.26,BILL-COMPANY-987123,COOK-ISLANDS,MAKE-PAYMENT,jpm_fraud_payment,payment_transaction,FALSE,banking,synthetic_research
14/11/2036 6:05,0,DEPOSIT-CASH-987761,,,429.21,JPMC-CLIENT-987648,USA,DEPOSIT-CASH,jpm_fraud_payment,payment_transaction,FALSE,banking,synthetic_research
18/11/2036 19:15,0,QUICK-PAYMENT-993753,JPMC-CLIENT-993616,USA,715.54,CLIENT-993637,FRENCH-SOUTHERN-TERRITORIES,QUICK-PAYMENT,jpm_fraud_payment,payment_transaction,FALSE,banking,synthetic_research
18/11/2036 19:55,0,PAYMENT-985869,JPMC-CLIENT-985721,USA,0.84,BILL-COMPANY-985870,USA,MAKE-PAYMENT,jpm_fraud_payment,payment_transaction,FALSE,banking,synthetic_research
18/11/2036 22:05,0,WITHDRAWAL-993241,JPMC-CLIENT-993081,USA,100.41,,,EXCHANGE,jpm_fraud_payment,payment_transaction,FALSE,banking,synthetic_research
24/11/2036 9:05,0,CASH-CHECK-984185,JPMC-CLIENT-984023,USA,706.33,,,WITHDRAWAL,jpm_fraud_payment,payment_transaction,FALSE,banking,synthetic_research
28/11/2036 13:55,0,WITHDRAWAL-991287,JPMC-CLIENT-991070,USA,874.49,,,EXCHANGE,jpm_fraud_payment,payment_transaction,FALSE,banking,synthetic_research
05/12/2036 11:55,0,DEPOSIT-CHECK-994392,,,482.4,JPMC-CLIENT-994178,MADAGASCAR,DEPOSIT-CHECK,jpm_fraud_payment,payment_transaction,FALSE,banking,synthetic_research
06/12/2036 3:35,0,DEPOSIT-CASH-994701,,,470.02,JPMC-CLIENT-994458,USA,DEPOSIT-CASH,jpm_fraud_payment,payment_transaction,FALSE,banking,synthetic_research
09/12/2036 4:25,0,CASH-CHECK-994159,,,577.01,JPMC-CLIENT-993896,PARAGUAY,DEPOSIT-CHECK,jpm_fraud_payment,payment_transaction,FALSE,banking,synthetic_research
12/12/2036 11:15,0,PAY-CHECK-992183,CLIENT-991970,USA,129.12,JPMC-CLIENT-991952,MALDIVES,PAY-CHECK,jpm_fraud_payment,payment_transaction,FALSE,banking,synthetic_research
12/12/2036 13:35,0,PAYMENT-995504,JPMC-CLIENT-995258,USA,88.5,BILL-COMPANY-995505,LUXEMBOURG,MAKE-PAYMENT,jpm_fraud_payment,payment_transaction,FALSE,banking,synthetic_research
14/12/2036 1:25,0,WITHDRAWAL-994993,JPMC-CLIENT-994741,USA,250.83,,,WITHDRAWAL,jpm_fraud_payment,payment_transaction,FALSE,banking,synthetic_research
15/12/2036 2:15,0,PAY-CHECK-987343,CLIENT-987080,CANADA,513.04,JPMC-CLIENT-987079,USA,PAY-CHECK,jpm_fraud_payment,payment_transaction,FALSE,banking,synthetic_research
18/12/2036 14:15,0,QUICK-PAYMENT-989618,JPMC-CLIENT-989349,USA,740.92,CLIENT-989369,USA,QUICK-PAYMENT,jpm_fraud_payment,payment_transaction,FALSE,banking,synthetic_research
21/12/2036 1:35,0,MOVE-FUNDS-989052,JPMC-COMPANY-988788,GERMANY,2000.44,JPMC-CLIENT-988784,USA,MOVE-FUNDS,jpm_fraud_payment,payment_transaction,FALSE,banking,synthetic_research
22/12/2036 1:55,0,QUICK-PAYMENT-997633,JPMC-CLIENT-997614,USA,581.66,CLIENT-997634,USA,QUICK-PAYMENT,jpm_fraud_payment,payment_transaction,FALSE,banking,synthetic_research
22/12/2036 1:55,0,QUICK-PAYMENT-996448,JPMC-CLIENT-996428,USA,331.62,COMPANY-996435,USA,QUICK-PAYMENT,jpm_fraud_payment,payment_transaction,FALSE,banking,synthetic_research
27/12/2036 14:35,0,QUICK-PAYMENT-996735,JPMC-CLIENT-996701,USA,100.81,CLIENT-996721,GERMANY,QUICK-PAYMENT,jpm_fraud_payment,payment_transaction,FALSE,banking,synthetic_research
31/12/2036 5:05,0,PAYMENT-1003056,JPMC-CLIENT-1002989,USA,400.72,JPMC-CLIENT-1002990,CANADA,MAKE-PAYMENT,jpm_fraud_payment,payment_transaction,FALSE,banking,synthetic_research
02/01/2037 4:45,0,PAYMENT-1001377,JPMC-CLIENT-1001310,USA,19.63,BILL-COMPANY-1001378,LIECHTENSTEIN,MAKE-PAYMENT,jpm_fraud_payment,payment_transaction,FALSE,banking,synthetic_research
13/01/2037 8:15,0,PAYMENT-1001151,JPMC-CLIENT-1001025,USA,9.55,BILL-COMPANY-1001152,USA,MAKE-PAYMENT,jpm_fraud_payment,payment_transaction,FALSE,banking,synthetic_research
13/01/2037 9:45,0,MOVE-FUNDS-998968,JPMC-CLIENT-998826,USA,190.34,BILL-COMPANY-998924,FALKLAND-ISLANDS,MOVE-FUNDS,jpm_fraud_payment,payment_transaction,FALSE,banking,synthetic_research
18/01/2037 21:25,0,EXCHANGE-1002666,JPMC-CLIENT-1002510,USA,872.3,,,WITHDRAWAL,jpm_fraud_payment,payment_transaction,FALSE,banking,synthetic_research
20/01/2037 9:35,0,EXCHANGE-1002930,JPMC-CLIENT-1002770,MALI,629.48,,,EXCHANGE,jpm_fraud_payment,payment_transaction,FALSE,banking,synthetic_research
20/01/2037 22:05,0,MAKE-PAYMENT-1002389,JPMC-CLIENT-1002230,USA,396.1,CLIENT-1002248,USA,MAKE-PAYMENT,jpm_fraud_payment,payment_transaction,FALSE,banking,synthetic_research
22/01/2037 1:05,0,EXCHANGE-999016,JPMC-CLIENT-998826,USA,147.81,,,EXCHANGE,jpm_fraud_payment,payment_transaction,FALSE,banking,synthetic_research
24/01/2037 2:05,0,MOVE-FUNDS-996336,COMPANY-996154,GERMANY,2000.33,JPMC-CLIENT-996149,LIBERIA,MOVE-FUNDS,jpm_fraud_payment,payment_transaction,FALSE,banking,synthetic_research
24/01/2037 10:45,0,PAYMENT-1002404,JPMC-CLIENT-1002230,USA,45.44,BILL-COMPANY-1002405,CYPRUS,MAKE-PAYMENT,jpm_fraud_payment,payment_transaction,FALSE,banking,synthetic_research
02/02/2037 5:45,0,WITHDRAWAL-998148,JPMC-CLIENT-997894,AMERICAN-SAMOA,237.97,,,WITHDRAWAL,jpm_fraud_payment,payment_transaction,FALSE,banking,synthetic_research
05/02/2037 14:15,0,DEPOSIT-CHECK-1005858,,,712.27,JPMC-CLIENT-1005623,USA,DEPOSIT-CHECK,jpm_fraud_payment,payment_transaction,FALSE,banking,synthetic_research
20/02/2037 16:25,0,PAY-BILL-1013957,JPMC-CLIENT-1013927,USA,188.88,JPMC-COMPANY-1013932,CZECH-REPUBLIC,MAKE-PAYMENT,jpm_fraud_payment,payment_transaction,FALSE,banking,synthetic_research
22/02/2037 17:05,0,PAY-CHECK-1008886,JPMC-CLIENT-1008837,USA,685.72,CLIENT-1008855,USA,PAY-CHECK,jpm_fraud_payment,payment_transaction,FALSE,banking,synthetic_research
23/02/2037 16:05,0,QUICK-PAYMENT-1012356,JPMC-CLIENT-1012321,USA,302.98,JPMC-CLIENT-1012322,AMERICAN-SAMOA,QUICK-PAYMENT,jpm_fraud_payment,payment_transaction,FALSE,banking,synthetic_research
23/02/2037 18:45,0,QUICK-PAYMENT-1007468,JPMC-CLIENT-1007409,USA,265.7,CLIENT-1007412,USA,QUICK-PAYMENT,jpm_fraud_payment,payment_transaction,FALSE,banking,synthetic_research
27/02/2037 7:45,0,PAY-CHECK-1015129,JPMC-CLIENT-1015052,USA,100.2,CLIENT-1015054,USA,PAY-CHECK,jpm_fraud_payment,payment_transaction,FALSE,banking,synthetic_research
27/02/2037 18:15,0,MAKE-PAYMENT-1007680,JPMC-CLIENT-1007620,USA,115.6,CLIENT-1007643,USA,MAKE-PAYMENT,jpm_fraud_payment,payment_transaction,FALSE,banking,synthetic_research
04/03/2037 18:15,0,PAY-CHECK-1007908,JPMC-CLIENT-1007831,USA,326.99,CLIENT-1007833,USA,PAY-CHECK,jpm_fraud_payment,payment_transaction,FALSE,banking,synthetic_research
06/03/2037 10:55,0,PAYMENT-1014885,JPMC-CLIENT-1014771,USA,99.03,BILL-COMPANY-1014886,USA,MAKE-PAYMENT,jpm_fraud_payment,payment_transaction,FALSE,banking,synthetic_research
06/03/2037 20:05,0,MOVE-FUNDS-1006871,JPMC-COMPANY-1006781,GERMANY,2000.24,JPMC-CLIENT-1006777,USA,MOVE-FUNDS,jpm_fraud_payment,payment_transaction,FALSE,banking,synthetic_research
09/03/2037 22:15,0,PAYMENT-1010337,JPMC-CLIENT-1010220,USA,12.4,BILL-COMPANY-1010338,GUAM,MAKE-PAYMENT,jpm_fraud_payment,payment_transaction,FALSE,banking,synthetic_research
11/03/2037 19:55,0,PAY-BILL-1013301,JPMC-CLIENT-1013195,USA,326.61,BILL-COMPANY-1013267,USA,MAKE-PAYMENT,jpm_fraud_payment,payment_transaction,FALSE,banking,synthetic_research
14/03/2037 22:35,0,EXCHANGE-1011890,JPMC-CLIENT-1011753,USA,473.4,,,EXCHANGE,jpm_fraud_payment,payment_transaction,FALSE,banking,synthetic_research
17/03/2037 12:55,0,CASH-CHECK-1011916,JPMC-CLIENT-1011753,USA,324.39,,,EXCHANGE,jpm_fraud_payment,payment_transaction,FALSE,banking,synthetic_research
21/03/2037 12:15,0,MAKE-PAYMENT-1008457,CLIENT-1008298,GEORGIA,492.66,JPMC-CLIENT-1008296,USA,MAKE-PAYMENT,jpm_fraud_payment,payment_transaction,FALSE,banking,synthetic_research
29/03/2037 7:15,0,QUICK-PAYMENT-1011278,JPMC-CLIENT-1011039,USA,734.92,JPMC-CLIENT-1011041,USA,QUICK-PAYMENT,jpm_fraud_payment,payment_transaction,FALSE,banking,synthetic_research
31/03/2037 3:25,0,MOVE-FUNDS-1014425,JPMC-CLIENT-1014209,USA,508.85,CLIENT-1014210,USA,MOVE-FUNDS,jpm_fraud_payment,payment_transaction,FALSE,banking,synthetic_research
01/04/2037 18:55,0,QUICK-PAYMENT-1008069,JPMC-CLIENT-1007831,USA,926,CLIENT-1007833,USA,QUICK-PAYMENT,jpm_fraud_payment,payment_transaction,FALSE,banking,synthetic_research
03/04/2037 8:05,0,QUICK-PAYMENT-1016497,JPMC-CLIENT-1016245,AZERBAIJAN,980.06,CLIENT-1016247,CANADA,QUICK-PAYMENT,jpm_fraud_payment,payment_transaction,FALSE,banking,synthetic_research
03/04/2037 17:25,0,PAYMENT-1013125,JPMC-CLIENT-1012891,USA,59.99,BILL-COMPANY-1013126,USA,MAKE-PAYMENT,jpm_fraud_payment,payment_transaction,FALSE,banking,synthetic_research
04/04/2037 3:45,0,CASH-CHECK-1008511,JPMC-CLIENT-1008296,USA,330.63,,,WITHDRAWAL,jpm_fraud_payment,payment_transaction,FALSE,banking,synthetic_research
09/04/2037 6:05,0,PAYMENT-1006746,JPMC-CLIENT-1006498,USA,44.44,BILL-COMPANY-1006747,USA,MAKE-PAYMENT,jpm_fraud_payment,payment_transaction,FALSE,banking,synthetic_research
19/04/2037 6:45,0,MOVE-FUNDS-1018004,JPMC-CLIENT-1017982,USA,868.51,CLIENT-1017984,USA,MOVE-FUNDS,jpm_fraud_payment,payment_transaction,FALSE,banking,synthetic_research
28/04/2037 9:05,0,PAYMENT-1022946,JPMC-CLIENT-1022879,USA,97.66,BILL-COMPANY-1022947,VIRGIN-ISLANDS-BRITISH,MAKE-PAYMENT,jpm_fraud_payment,payment_transaction,FALSE,banking,synthetic_research
30/04/2037 11:55,0,PAYMENT-1017209,JPMC-CLIENT-1017113,USA,5.16,BILL-COMPANY-1017210,USA,MAKE-PAYMENT,jpm_fraud_payment,payment_transaction,FALSE,banking,synthetic_research
01/05/2037 22:15,0,QUICK-PAYMENT-1021832,JPMC-CLIENT-1021747,USA,493.13,JPMC-CLIENT-1021749,USA,QUICK-PAYMENT,jpm_fraud_payment,payment_transaction,FALSE,banking,synthetic_research
05/05/2037 10:15,0,PAYMENT-1020661,JPMC-CLIENT-1020570,USA,60.87,BILL-COMPANY-1020662,USA,MAKE-PAYMENT,jpm_fraud_payment,payment_transaction,FALSE,banking,synthetic_research
13/05/2037 5:05,1,QUICK-PAYMENT-1019155,JPMC-CLIENT-1018995,USA,100.77,CLIENT-1018997,USA,QUICK-PAYMENT,jpm_fraud_payment,payment_transaction,TRUE,banking,synthetic_research
13/05/2037 14:05,0,PAYMENT-1017541,JPMC-CLIENT-1017395,USA,78.49,BILL-COMPANY-1017542,GUYANA,MAKE-PAYMENT,jpm_fraud_payment,payment_transaction,FALSE,banking,synthetic_research
15/05/2037 5:05,0,PAYMENT-1025371,JPMC-CLIENT-1025193,USA,33.07,BILL-COMPANY-1025372,USA,MAKE-PAYMENT,jpm_fraud_payment,payment_transaction,FALSE,banking,synthetic_research
17/05/2037 14:15,0,WITHDRAWAL-1022476,JPMC-CLIENT-1022317,USA,345.7,,,EXCHANGE,jpm_fraud_payment,payment_transaction,FALSE,banking,synthetic_research
18/05/2037 3:45,0,MOVE-FUNDS-1022176,COMPANY-1022013,GERMANY,2000.99,JPMC-CLIENT-1022009,USA,MOVE-FUNDS,jpm_fraud_payment,payment_transaction,FALSE,banking,synthetic_research
22/05/2037 19:25,0,DEPOSIT-CASH-1019762,,,258.99,JPMC-CLIENT-1019550,USA,DEPOSIT-CASH,jpm_fraud_payment,payment_transaction,FALSE,banking,synthetic_research
30/05/2037 7:15,0,PAY-BILL-1017061,JPMC-CLIENT-1016835,USA,822.93,BILL-COMPANY-1017004,HAITI,MAKE-PAYMENT,jpm_fraud_payment,payment_transaction,FALSE,banking,synthetic_research
30/05/2037 20:55,0,WITHDRAWAL-1025436,JPMC-CLIENT-1025193,USA,286.71,,,EXCHANGE,jpm_fraud_payment,payment_transaction,FALSE,banking,synthetic_research
12/06/2037 18:15,0,QUICK-DEPOSIT-1017652,,,669.36,JPMC-CLIENT-1017395,USA,DEPOSIT-CASH,jpm_fraud_payment,payment_transaction,FALSE,banking,synthetic_research
17/06/2037 7:25,0,QUICK-PAYMENT-1035403,JPMC-CLIENT-1035385,USA,124.85,CLIENT-1035404,MONACO,QUICK-PAYMENT,jpm_fraud_payment,payment_transaction,FALSE,banking,synthetic_research
18/06/2037 7:25,0,MAKE-PAYMENT-1033865,JPMC-CLIENT-1033841,USA,257.3,CLIENT-1033843,USA,MAKE-PAYMENT,jpm_fraud_payment,payment_transaction,FALSE,banking,synthetic_research
23/06/2037 10:05,0,PAY-BILL-1037695,JPMC-CLIENT-1037642,USA,451.15,JPMC-COMPANY-1037646,CAMEROON,MAKE-PAYMENT,jpm_fraud_payment,payment_transaction,FALSE,banking,synthetic_research
25/06/2037 20:55,0,WITHDRAWAL-1032440,JPMC-CLIENT-1032385,USA,584.53,,,EXCHANGE,jpm_fraud_payment,payment_transaction,FALSE,banking,synthetic_research
03/07/2037 13:35,0,MOVE-FUNDS-1034516,JPMC-CLIENT-1034411,USA,667.85,BILL-COMPANY-1034504,FEDERATION,MOVE-FUNDS,jpm_fraud_payment,payment_transaction,FALSE,banking,synthetic_research
03/07/2037 23:55,0,PAYMENT-1038015,JPMC-CLIENT-1037923,USA,74,BILL-COMPANY-1038016,HAITI,MAKE-PAYMENT,jpm_fraud_payment,payment_transaction,FALSE,banking,synthetic_research
04/07/2037 12:45,0,WITHDRAWAL-1037745,JPMC-CLIENT-1037642,USA,656.27,,,WITHDRAWAL,jpm_fraud_payment,payment_transaction,FALSE,banking,synthetic_research
06/07/2037 1:25,0,PAYMENT-1031990,JPMC-CLIENT-1031876,USA,69.48,BILL-COMPANY-1031991,AUSTRALIA,MAKE-PAYMENT,jpm_fraud_payment,payment_transaction,FALSE,banking,synthetic_research
13/07/2037 14:05,0,QUICK-PAYMENT-1035804,JPMC-CLIENT-1035667,GREECE,849.66,CLIENT-1035685,USA,QUICK-PAYMENT,jpm_fraud_payment,payment_transaction,FALSE,banking,synthetic_research
17/07/2037 16:45,0,PAY-BILL-1029768,JPMC-CLIENT-1029601,GHANA,320.66,JPMC-COMPANY-1029608,USA,MAKE-PAYMENT,jpm_fraud_payment,payment_transaction,FALSE,banking,synthetic_research
18/07/2037 3:25,0,PAY-CHECK-1036083,JPMC-CLIENT-1035924,USA,582.52,JPMC-CLIENT-1035925,USA,PAY-CHECK,jpm_fraud_payment,payment_transaction,FALSE,banking,synthetic_research
08/08/2037 22:15,0,PAYMENT-1031019,JPMC-CLIENT-1030743,USA,20.57,BILL-COMPANY-1031020,SIERRA-LEONE,MAKE-PAYMENT,jpm_fraud_payment,payment_transaction,FALSE,banking,synthetic_research
12/08/2037 21:55,0,WITHDRAWAL-1042306,JPMC-CLIENT-1042285,USA,487.57,,,WITHDRAWAL,jpm_fraud_payment,payment_transaction,FALSE,banking,synthetic_research
19/08/2037 0:15,0,CASH-CHECK-1046321,,,589.54,JPMC-CLIENT-1046265,USA,DEPOSIT-CHECK,jpm_fraud_payment,payment_transaction,FALSE,banking,synthetic_research
21/08/2037 14:55,0,QUICK-PAYMENT-1045520,JPMC-CLIENT-1045442,USA,100.96,JPMC-CLIENT-1045444,CANADA,QUICK-PAYMENT,jpm_fraud_payment,payment_transaction,FALSE,banking,synthetic_research
22/08/2037 1:45,0,DEPOSIT-CASH-1044672,,,551.49,JPMC-CLIENT-1044590,USA,DEPOSIT-CASH,jpm_fraud_payment,payment_transaction,FALSE,banking,synthetic_research
24/08/2037 0:25,0,PAYMENT-1046897,JPMC-CLIENT-1046833,USA,31.61,BILL-COMPANY-1046898,GUATEMALA,MAKE-PAYMENT,jpm_fraud_payment,payment_transaction,FALSE,banking,synthetic_research
26/08/2037 1:25,0,QUICK-PAYMENT-1043136,JPMC-CLIENT-1043055,USA,284.86,CLIENT-1043073,DOMINICA,QUICK-PAYMENT,jpm_fraud_payment,payment_transaction,FALSE,banking,synthetic_research
27/08/2037 14:45,0,PAY-CHECK-1040000,JPMC-CLIENT-1039900,USA,526.44,CLIENT-1039902,USA,PAY-CHECK,jpm_fraud_payment,payment_transaction,FALSE,banking,synthetic_research
01/09/2037 15:05,0,QUICK-DEPOSIT-1044416,,,791.52,JPMC-CLIENT-1044309,USA,DEPOSIT-CASH,jpm_fraud_payment,payment_transaction,FALSE,banking,synthetic_research
03/09/2037 4:15,0,WITHDRAWAL-1042897,JPMC-CLIENT-1042771,USA,100.98,,,WITHDRAWAL,jpm_fraud_payment,payment_transaction,FALSE,banking,synthetic_research
07/09/2037 4:55,0,EXCHANGE-1047849,JPMC-CLIENT-1047711,USA,514.18,,,EXCHANGE,jpm_fraud_payment,payment_transaction,FALSE,banking,synthetic_research
07/09/2037 7:05,0,DEPOSIT-CASH-1040215,,,643.02,JPMC-CLIENT-1040058,AZERBAIJAN,DEPOSIT-CASH,jpm_fraud_payment,payment_transaction,FALSE,banking,synthetic_research
08/09/2037 5:05,0,QUICK-DEPOSIT-1041987,,,912.01,JPMC-CLIENT-1041848,USA,DEPOSIT-CASH,jpm_fraud_payment,payment_transaction,FALSE,banking,synthetic_research
11/09/2037 7:15,0,PAY-BILL-1039498,JPMC-CLIENT-1039331,USA,990.04,BILL-COMPANY-1039458,USA,MAKE-PAYMENT,jpm_fraud_payment,payment_transaction,FALSE,banking,synthetic_research
15/09/2037 18:45,0,PAY-CHECK-1040522,CLIENT-1040364,USA,100.84,JPMC-CLIENT-1040340,FRANCE,PAY-CHECK,jpm_fraud_payment,payment_transaction,FALSE,banking,synthetic_research
22/09/2037 10:45,0,PAYMENT-1042067,JPMC-CLIENT-1041848,USA,76.03,BILL-COMPANY-1042068,USA,MAKE-PAYMENT,jpm_fraud_payment,payment_transaction,FALSE,banking,synthetic_research
27/09/2037 1:45,0,DEPOSIT-CHECK-1041828,,,269.1,JPMC-CLIENT-1041568,USA,DEPOSIT-CHECK,jpm_fraud_payment,payment_transaction,FALSE,banking,synthetic_research
03/10/2037 23:45,0,PAY-BILL-1043805,JPMC-CLIENT-1043544,USA,170.53,BILL-COMPANY-1043584,SOLOMON-ISLANDS,MAKE-PAYMENT,jpm_fraud_payment,payment_transaction,FALSE,banking,synthetic_research
05/10/2037 11:55,0,MOVE-FUNDS-1048720,JPMC-CLIENT-1048455,USA,346.4,CLIENT-1048457,CANADA,MOVE-FUNDS,jpm_fraud_payment,payment_transaction,FALSE,banking,synthetic_research
10/10/2037 13:15,0,WITHDRAWAL-1050223,JPMC-CLIENT-1050193,USA,706.99,,,EXCHANGE,jpm_fraud_payment,payment_transaction,FALSE,banking,synthetic_research
16/10/2037 2:35,0,PAY-CHECK-1058955,JPMC-CLIENT-1058899,USA,916.85,CLIENT-1058917,COTE-DIVOIRE,PAY-CHECK,jpm_fraud_payment,payment_transaction,FALSE,banking,synthetic_research
17/10/2037 3:35,0,PAYMENT-1054955,JPMC-CLIENT-1054884,USA,400.45,CLIENT-1054886,CANADA,MAKE-PAYMENT,jpm_fraud_payment,payment_transaction,FALSE,banking,synthetic_research
17/10/2037 16:05,0,PAYMENT-1050267,JPMC-CLIENT-1050193,USA,18.94,BILL-COMPANY-1050268,USA,MAKE-PAYMENT,jpm_fraud_payment,payment_transaction,FALSE,banking,synthetic_research
19/10/2037 4:45,0,WITHDRAWAL-1057276,JPMC-CLIENT-1057197,USA,100.99,,,EXCHANGE,jpm_fraud_payment,payment_transaction,FALSE,banking,synthetic_research
20/10/2037 3:55,0,EXCHANGE-1057850,JPMC-CLIENT-1057768,USA,344.91,,,WITHDRAWAL,jpm_fraud_payment,payment_transaction,FALSE,banking,synthetic_research
20/10/2037 5:15,0,PAY-CHECK-1050496,JPMC-CLIENT-1050411,USA,286.74,CLIENT-1050413,JORDAN,PAY-CHECK,jpm_fraud_payment,payment_transaction,FALSE,banking,synthetic_research
22/10/2037 5:35,0,PAYMENT-1050499,JPMC-CLIENT-1050411,USA,400.81,JPMC-CLIENT-1050412,CANADA,MAKE-PAYMENT,jpm_fraud_payment,payment_transaction,FALSE,banking,synthetic_research
22/10/2037 5:45,0,MOVE-FUNDS-1053425,CLIENT-1053327,MONTENEGRO,328.28,JPMC-CLIENT-1053326,GUAM,MOVE-FUNDS,jpm_fraud_payment,payment_transaction,FALSE,banking,synthetic_research
25/10/2037 16:05,0,DEPOSIT-CHECK-1059838,,,950.39,JPMC-CLIENT-1059729,GEORGIA,DEPOSIT-CHECK,jpm_fraud_payment,payment_transaction,FALSE,banking,synthetic_research
30/10/2037 19:25,0,PAY-BILL-1059348,JPMC-CLIENT-1059210,USA,780.01,BILL-COMPANY-1059334,USA,MAKE-PAYMENT,jpm_fraud_payment,payment_transaction,FALSE,banking,synthetic_research
31/10/2037 19:05,0,MAKE-PAYMENT-1051121,JPMC-CLIENT-1050981,USA,170.96,CLIENT-1051000,ISRAEL,MAKE-PAYMENT,jpm_fraud_payment,payment_transaction,FALSE,banking,synthetic_research
04/11/2037 23:25,0,WITHDRAWAL-1057071,JPMC-CLIENT-1056885,USA,811.43,,,WITHDRAWAL,jpm_fraud_payment,payment_transaction,FALSE,banking,synthetic_research
06/11/2037 8:55,0,PAYMENT-1053185,JPMC-CLIENT-1053018,USA,41.32,BILL-COMPANY-1053186,BOSNIA-AND-HERZEGOVINA,MAKE-PAYMENT,jpm_fraud_payment,payment_transaction,FALSE,banking,synthetic_research
06/11/2037 12:05,0,PAY-BILL-1051733,JPMC-CLIENT-1051542,USA,100.39,COMPANY-1051547,USA,MAKE-PAYMENT,jpm_fraud_payment,payment_transaction,FALSE,banking,synthetic_research
06/11/2037 20:15,0,CASH-CHECK-1050076,,,504.83,JPMC-CLIENT-1049916,USA,DEPOSIT-CHECK,jpm_fraud_payment,payment_transaction,FALSE,banking,synthetic_research
07/11/2037 13:05,0,MAKE-PAYMENT-1058825,JPMC-CLIENT-1058619,USA,695.57,BILL-COMPANY-1058810,AZERBAIJAN,MAKE-PAYMENT,jpm_fraud_payment,payment_transaction,FALSE,banking,synthetic_research
15/11/2037 1:05,0,PAYMENT-1055395,JPMC-CLIENT-1055176,USA,26.45,BILL-COMPANY-1055396,ST-PIERRE-MIQUELON,MAKE-PAYMENT,jpm_fraud_payment,payment_transaction,FALSE,banking,synthetic_research
23/11/2037 15:55,0,DEPOSIT-CASH-1057164,,,149.5,JPMC-CLIENT-1056885,USA,DEPOSIT-CASH,jpm_fraud_payment,payment_transaction,FALSE,banking,synthetic_research
07/12/2037 5:15,0,DEPOSIT-CHECK-1064759,,,579.9,JPMC-CLIENT-1064705,USA,DEPOSIT-CHECK,jpm_fraud_payment,payment_transaction,FALSE,banking,synthetic_research
08/12/2037 4:15,0,PAY-CHECK-1060946,CLIENT-1060911,IRELAND,643.03,JPMC-CLIENT-1060893,KENYA,PAY-CHECK,jpm_fraud_payment,payment_transaction,FALSE,banking,synthetic_research
15/12/2037 5:25,0,PAY-CHECK-1069550,JPMC-CLIENT-1069473,USA,827.01,CLIENT-1069475,USA,PAY-CHECK,jpm_fraud_payment,payment_transaction,FALSE,banking,synthetic_research
21/12/2037 20:15,0,CASH-CHECK-1063472,JPMC-CLIENT-1063357,USA,314.53,,,EXCHANGE,jpm_fraud_payment,payment_transaction,FALSE,banking,synthetic_research
24/12/2037 22:25,0,PAY-CHECK-1065628,JPMC-CLIENT-1065488,USA,100.53,CLIENT-1065508,EL-SALVADOR,PAY-CHECK,jpm_fraud_payment,payment_transaction,FALSE,banking,synthetic_research
24/12/2037 23:55,0,PAY-BILL-1067963,JPMC-CLIENT-1067806,USA,487.57,JPMC-COMPANY-1067813,VENEZUELA,MAKE-PAYMENT,jpm_fraud_payment,payment_transaction,FALSE,banking,synthetic_research
29/12/2037 1:35,0,WITHDRAWAL-1061693,JPMC-CLIENT-1061513,USA,430.4,,,WITHDRAWAL,jpm_fraud_payment,payment_transaction,FALSE,banking,synthetic_research
29/12/2037 11:25,0,QUICK-PAYMENT-1070494,JPMC-COMPANY-1070338,USA,726.22,JPMC-CLIENT-1070333,USA,QUICK-PAYMENT,jpm_fraud_payment,payment_transaction,FALSE,banking,synthetic_research
05/01/2038 4:05,0,PAYMENT-1061730,JPMC-CLIENT-1061513,USA,400.29,JPMC-CLIENT-1061514,CANADA,MAKE-PAYMENT,jpm_fraud_payment,payment_transaction,FALSE,banking,synthetic_research
08/01/2038 18:25,0,WITHDRAWAL-1068051,JPMC-CLIENT-1067806,USA,988.03,,,EXCHANGE,jpm_fraud_payment,payment_transaction,FALSE,banking,synthetic_research
10/01/2038 17:25,0,PAYMENT-1065454,JPMC-CLIENT-1065200,USA,68.94,BILL-COMPANY-1065455,USA,MAKE-PAYMENT,jpm_fraud_payment,payment_transaction,FALSE,banking,synthetic_research
13/01/2038 20:05,0,PAYMENT-1061787,JPMC-CLIENT-1061513,USA,80.22,BILL-COMPANY-1061788,USA,MAKE-PAYMENT,jpm_fraud_payment,payment_transaction,FALSE,banking,synthetic_research
14/01/2038 16:25,0,MAKE-PAYMENT-1061137,JPMC-CLIENT-1060893,KENYA,395.05,CLIENT-1060911,IRELAND,MAKE-PAYMENT,jpm_fraud_payment,payment_transaction,FALSE,banking,synthetic_research
17/01/2038 3:35,0,PAY-CHECK-1068334,CLIENT-1068109,SAINT-LUCIA,396.54,JPMC-CLIENT-1068091,USA,PAY-CHECK,jpm_fraud_payment,payment_transaction,FALSE,banking,synthetic_research
18/01/2038 16:45,0,MOVE-FUNDS-1069721,COMPANY-1069478,GERMANY,2000.17,JPMC-CLIENT-1069473,USA,MOVE-FUNDS,jpm_fraud_payment,payment_transaction,FALSE,banking,synthetic_research
19/01/2038 4:15,0,PAYMENT-1066219,JPMC-CLIENT-1065969,USA,56.54,BILL-COMPANY-1066220,SLOVENIA,MAKE-PAYMENT,jpm_fraud_payment,payment_transaction,FALSE,banking,synthetic_research
02/02/2038 6:25,0,PAYMENT-1078867,JPMC-CLIENT-1078820,USA,87.85,BILL-COMPANY-1078868,USA,MAKE-PAYMENT,jpm_fraud_payment,payment_transaction,FALSE,banking,synthetic_research
13/02/2038 9:05,0,MOVE-FUNDS-1077506,CLIENT-1077425,USA,529.07,JPMC-CLIENT-1077406,USA,MOVE-FUNDS,jpm_fraud_payment,payment_transaction,FALSE,banking,synthetic_research
14/02/2038 9:25,0,MOVE-FUNDS-1075549,JPMC-CLIENT-1075443,USA,257.36,CLIENT-1075445,USA,MOVE-FUNDS,jpm_fraud_payment,payment_transaction,FALSE,banking,synthetic_research
16/02/2038 10:05,1,PAY-CHECK-1073863,JPMC-CLIENT-1073756,USA,315.54,CLIENT-1073774,USA,PAY-CHECK,jpm_fraud_payment,payment_transaction,TRUE,banking,synthetic_research
03/03/2038 10:15,0,MOVE-FUNDS-1078778,JPMC-COMPANY-1078542,GERMANY,2000.52,JPMC-CLIENT-1078536,USA,MOVE-FUNDS,jpm_fraud_payment,payment_transaction,FALSE,banking,synthetic_research
06/03/2038 8:05,0,QUICK-PAYMENT-1081562,JPMC-CLIENT-1081325,USA,810.91,CLIENT-1081343,USA,QUICK-PAYMENT,jpm_fraud_payment,payment_transaction,FALSE,banking,synthetic_research
07/03/2038 4:55,0,DEPOSIT-CASH-1075668,,,539.82,JPMC-CLIENT-1075443,SWEDEN,DEPOSIT-CASH,jpm_fraud_payment,payment_transaction,FALSE,banking,synthetic_research
12/03/2038 10:15,0,MAKE-PAYMENT-1081593,JPMC-CLIENT-1081325,USA,692.68,CLIENT-1081343,USA,MAKE-PAYMENT,jpm_fraud_payment,payment_transaction,FALSE,banking,synthetic_research
12/03/2038 15:25,0,PAY-BILL-1082157,JPMC-CLIENT-1081941,USA,100.09,BILL-COMPANY-1082092,VIRGIN-ISLANDS-BRITISH,MAKE-PAYMENT,jpm_fraud_payment,payment_transaction,FALSE,banking,synthetic_research
16/03/2038 18:45,0,WITHDRAWAL-1075996,JPMC-CLIENT-1075739,USA,165.54,,,EXCHANGE,jpm_fraud_payment,payment_transaction,FALSE,banking,synthetic_research
19/03/2038 7:05,0,MOVE-FUNDS-1073172,JPMC-CLIENT-1072907,USA,401.06,CLIENT-1072909,USA,MOVE-FUNDS,jpm_fraud_payment,payment_transaction,FALSE,banking,synthetic_research
27/03/2038 19:25,0,EXCHANGE-1082550,JPMC-CLIENT-1082526,USA,100.69,,,WITHDRAWAL,jpm_fraud_payment,payment_transaction,FALSE,banking,synthetic_research
29/03/2038 8:25,0,PAY-CHECK-1085363,JPMC-CLIENT-1085326,USA,100.85,JPMC-CLIENT-1085329,CANADA,PAY-CHECK,jpm_fraud_payment,payment_transaction,FALSE,banking,synthetic_research
01/04/2038 21:05,0,PAY-BILL-1086270,JPMC-CLIENT-1086220,USA,406.09,BILL-COMPANY-1086265,USA,MAKE-PAYMENT,jpm_fraud_payment,payment_transaction,FALSE,banking,synthetic_research
02/04/2038 8:15,0,PAYMENT-1083624,JPMC-CLIENT-1083587,USA,400.01,CLIENT-1083588,CANADA,MAKE-PAYMENT,jpm_fraud_payment,payment_transaction,FALSE,banking,synthetic_research
05/04/2038 12:05,0,WITHDRAWAL-1085410,JPMC-CLIENT-1085326,USA,383.35,,,EXCHANGE,jpm_fraud_payment,payment_transaction,FALSE,banking,synthetic_research
11/04/2038 13:45,1,EXCHANGE-1082642,JPMC-CLIENT-1082526,USA,254.15,,,EXCHANGE,jpm_fraud_payment,payment_transaction,TRUE,banking,synthetic_research
15/04/2038 11:35,0,QUICK-PAYMENT-1087412,BILL-COMPANY-1087379,ANGUILLA,360.15,JPMC-CLIENT-1087308,USA,QUICK-PAYMENT,jpm_fraud_payment,payment_transaction,FALSE,banking,synthetic_research
20/04/2038 15:45,0,PAY-BILL-1082892,JPMC-CLIENT-1082739,JORDAN,610.47,BILL-COMPANY-1082787,USA,MAKE-PAYMENT,jpm_fraud_payment,payment_transaction,FALSE,banking,synthetic_research
21/04/2038 2:25,0,PAY-CHECK-1085183,CLIENT-1085063,USA,698.53,JPMC-CLIENT-1085045,USA,PAY-CHECK,jpm_fraud_payment,payment_transaction,FALSE,banking,synthetic_research
25/04/2038 3:15,0,QUICK-PAYMENT-1083742,JPMC-CLIENT-1083587,SRI-LANKA,673.4,JPMC-CLIENT-1083589,CANADA,QUICK-PAYMENT,jpm_fraud_payment,payment_transaction,FALSE,banking,synthetic_research
26/04/2038 16:05,0,PAY-BILL-1090083,JPMC-CLIENT-1089916,USA,855.3,BILL-COMPANY-1090064,MOZAMBIQUE,MAKE-PAYMENT,jpm_fraud_payment,payment_transaction,FALSE,banking,synthetic_research
26/04/2038 17:25,0,MAKE-PAYMENT-1091101,CLIENT-1090938,NICARAGUA,610.14,JPMC-CLIENT-1090920,USA,MAKE-PAYMENT,jpm_fraud_payment,payment_transaction,FALSE,banking,synthetic_research
04/05/2038 7:35,0,EXCHANGE-1088059,JPMC-CLIENT-1087845,USA,839.01,,,WITHDRAWAL,jpm_fraud_payment,payment_transaction,FALSE,banking,synthetic_research
08/05/2038 16:55,0,QUICK-PAYMENT-1085841,JPMC-CLIENT-1085633,USA,937.43,CLIENT-1085635,USA,QUICK-PAYMENT,jpm_fraud_payment,payment_transaction,FALSE,banking,synthetic_research
13/05/2038 22:25,0,DEPOSIT-CHECK-1087800,,,506.07,JPMC-CLIENT-1087538,USA,DEPOSIT-CHECK,jpm_fraud_payment,payment_transaction,FALSE,banking,synthetic_research
15/05/2038 11:25,0,PAYMENT-1086489,JPMC-CLIENT-1086220,USA,400.79,JPMC-CLIENT-1086221,CANADA,MAKE-PAYMENT,jpm_fraud_payment,payment_transaction,FALSE,banking,synthetic_research
26/05/2038 9:15,0,PAY-BILL-1093633,JPMC-CLIENT-1093607,USA,457.02,COMPANY-1093612,USA,MAKE-PAYMENT,jpm_fraud_payment,payment_transaction,FALSE,banking,synthetic_research
27/05/2038 10:05,0,DEPOSIT-CHECK-1100536,,,371.5,JPMC-CLIENT-1100504,USA,DEPOSIT-CHECK,jpm_fraud_payment,payment_transaction,FALSE,banking,synthetic_research
27/05/2038 11:55,0,QUICK-PAYMENT-1095003,CLIENT-1094970,LAOS,163.41,JPMC-CLIENT-1094952,USA,QUICK-PAYMENT,jpm_fraud_payment,payment_transaction,FALSE,banking,synthetic_research
04/06/2038 0:45,0,DEPOSIT-CASH-1095679,,,692.45,JPMC-CLIENT-1095603,USA,DEPOSIT-CASH,jpm_fraud_payment,payment_transaction,FALSE,banking,synthetic_research
05/06/2038 14:35,0,PAYMENT-1095388,JPMC-CLIENT-1095297,USA,10.87,BILL-COMPANY-1095389,SAINT-BARTHELEMY,MAKE-PAYMENT,jpm_fraud_payment,payment_transaction,FALSE,banking,synthetic_research
08/06/2038 15:35,0,MOVE-FUNDS-1095404,JPMC-CLIENT-1095297,USA,290.69,JPMC-CLIENT-1095299,CANADA,MOVE-FUNDS,jpm_fraud_payment,payment_transaction,FALSE,banking,synthetic_research
10/06/2038 4:15,0,PAY-CHECK-1101218,JPMC-CLIENT-1101105,USA,100.13,CLIENT-1101107,CANADA,PAY-CHECK,jpm_fraud_payment,payment_transaction,FALSE,banking,synthetic_research
14/06/2038 16:05,0,CASH-CHECK-1093736,JPMC-CLIENT-1093607,USA,803.83,,,WITHDRAWAL,jpm_fraud_payment,payment_transaction,FALSE,banking,synthetic_research
14/06/2038 18:25,0,PAYMENT-1095094,JPMC-CLIENT-1094952,CHAD,94.62,BILL-COMPANY-1095095,USA,MAKE-PAYMENT,jpm_fraud_payment,payment_transaction,FALSE,banking,synthetic_research
16/06/2038 16:45,0,QUICK-PAYMENT-1098650,CLIENT-1098530,BULGARIA,414.15,JPMC-CLIENT-1098512,USA,QUICK-PAYMENT,jpm_fraud_payment,payment_transaction,FALSE,banking,synthetic_research
17/06/2038 17:45,0,PAY-BILL-1094255,JPMC-CLIENT-1094101,USA,705.62,BILL-COMPANY-1094245,VIRGIN-ISLANDS-US,MAKE-PAYMENT,jpm_fraud_payment,payment_transaction,FALSE,banking,synthetic_research
23/06/2038 17:35,0,MOVE-FUNDS-1096332,CLIENT-1096173,CANADA,117.99,JPMC-CLIENT-1096171,USA,MOVE-FUNDS,jpm_fraud_payment,payment_transaction,FALSE,banking,synthetic_research
27/06/2038 21:35,0,MOVE-FUNDS-1097290,BILL-COMPANY-1097198,USA,927.88,JPMC-CLIENT-1097084,USA,MOVE-FUNDS,jpm_fraud_payment,payment_transaction,FALSE,banking,synthetic_research
08/07/2038 22:45,0,CASH-CHECK-1098457,JPMC-CLIENT-1098202,USA,100.16,,,WITHDRAWAL,jpm_fraud_payment,payment_transaction,FALSE,banking,synthetic_research
09/07/2038 1:35,0,QUICK-PAYMENT-1102213,JPMC-CLIENT-1101945,USA,344.22,JPMC-CLIENT-1101947,CANADA,QUICK-PAYMENT,jpm_fraud_payment,payment_transaction,FALSE,banking,synthetic_research
10/07/2038 22:35,0,PAY-BILL-1096418,JPMC-CLIENT-1096171,USA,505.44,BILL-COMPANY-1096212,WALLIS-FUTUNA-IS,MAKE-PAYMENT,jpm_fraud_payment,payment_transaction,FALSE,banking,synthetic_research
11/07/2038 1:15,0,PAYMENT-1101648,JPMC-CLIENT-1101384,USA,400.53,JPMC-CLIENT-1101385,CANADA,MAKE-PAYMENT,jpm_fraud_payment,payment_transaction,FALSE,banking,synthetic_research
18/07/2038 11:55,0,QUICK-PAYMENT-1107708,JPMC-CLIENT-1107688,USA,287.59,CLIENT-1107706,FRENCH-POLYNESIA,QUICK-PAYMENT,jpm_fraud_payment,payment_transaction,FALSE,banking,synthetic_research
20/07/2038 12:25,0,PAY-BILL-1111874,JPMC-CLIENT-1111846,USA,254.01,COMPANY-1111851,USA,MAKE-PAYMENT,jpm_fraud_payment,payment_transaction,FALSE,banking,synthetic_research
24/07/2038 14:35,0,PAY-CHECK-1110304,JPMC-CLIENT-1110250,USA,720.82,BILL-COMPANY-1110291,DJIBOUTI,PAY-CHECK,jpm_fraud_payment,payment_transaction,FALSE,banking,synthetic_research
26/07/2038 4:25,0,PAY-BILL-1105849,JPMC-CLIENT-1105774,USA,825.57,JPMC-COMPANY-1105780,USA,MAKE-PAYMENT,jpm_fraud_payment,payment_transaction,FALSE,banking,synthetic_research
26/07/2038 13:45,0,QUICK-PAYMENT-1111489,CLIENT-1111437,USA,360.38,JPMC-CLIENT-1111434,USA,QUICK-PAYMENT,jpm_fraud_payment,payment_transaction,FALSE,banking,synthetic_research
27/07/2038 15:05,0,MOVE-FUNDS-1109753,COMPANY-1109696,GERMANY,2000.05,JPMC-CLIENT-1109691,USA,MOVE-FUNDS,jpm_fraud_payment,payment_transaction,FALSE,banking,synthetic_research
29/07/2038 3:35,0,QUICK-PAYMENT-1109764,JPMC-CLIENT-1109691,USA,512.46,CLIENT-1109693,USA,QUICK-PAYMENT,jpm_fraud_payment,payment_transaction,FALSE,banking,synthetic_research
01/08/2038 6:45,0,QUICK-PAYMENT-1111236,CLIENT-1111146,USA,542.85,JPMC-CLIENT-1111128,USA,QUICK-PAYMENT,jpm_fraud_payment,payment_transaction,FALSE,banking,synthetic_research
03/08/2038 4:45,0,PAYMENT-1109783,JPMC-CLIENT-1109691,USA,78.22,BILL-COMPANY-1109784,USA,MAKE-PAYMENT,jpm_fraud_payment,payment_transaction,FALSE,banking,synthetic_research
03/08/2038 15:55,0,PAY-BILL-1110070,JPMC-CLIENT-1109971,USA,667.04,COMPANY-1109976,SURINAME,MAKE-PAYMENT,jpm_fraud_payment,payment_transaction,FALSE,banking,synthetic_research
04/08/2038 18:45,0,PAYMENT-1106186,JPMC-CLIENT-1106064,USA,27.34,BILL-COMPANY-1106187,USA,MAKE-PAYMENT,jpm_fraud_payment,payment_transaction,FALSE,banking,synthetic_research
13/08/2038 8:15,0,PAY-CHECK-1106491,JPMC-CLIENT-1106338,USA,611.68,CLIENT-1106389,USA,PAY-CHECK,jpm_fraud_payment,payment_transaction,FALSE,banking,synthetic_research
13/08/2038 23:55,0,MAKE-PAYMENT-1103006,CLIENT-1102828,CANADA,603.38,JPMC-CLIENT-1102826,BERMUDA,MAKE-PAYMENT,jpm_fraud_payment,payment_transaction,FALSE,banking,synthetic_research
15/08/2038 19:55,0,PAY-BILL-1108416,JPMC-CLIENT-1108263,USA,100.73,BILL-COMPANY-1108333,ERITREA,MAKE-PAYMENT,jpm_fraud_payment,payment_transaction,FALSE,banking,synthetic_research
16/08/2038 13:25,0,MOVE-FUNDS-1103015,COMPANY-1102831,GERMANY,2000.46,JPMC-CLIENT-1102826,USA,MOVE-FUNDS,jpm_fraud_payment,payment_transaction,FALSE,banking,synthetic_research
17/08/2038 17:45,0,PAYMENT-1110989,JPMC-CLIENT-1110844,USA,15.42,BILL-COMPANY-1110990,USA,MAKE-PAYMENT,jpm_fraud_payment,payment_transaction,FALSE,banking,synthetic_research
20/08/2038 0:05,0,PAYMENT-1110749,JPMC-CLIENT-1110554,USA,400.52,CLIENT-1110555,CANADA,MAKE-PAYMENT,jpm_fraud_payment,payment_transaction,FALSE,banking,synthetic_research
23/08/2038 21:15,0,PAYMENT-1102444,JPMC-CLIENT-1102253,USA,0.08,BILL-COMPANY-1102445,USA,MAKE-PAYMENT,jpm_fraud_payment,payment_transaction,FALSE,banking,synthetic_research
26/08/2038 12:05,0,QUICK-PAYMENT-1103676,JPMC-CLIENT-1103465,USA,926.75,BILL-COMPANY-1103506,USA,QUICK-PAYMENT,jpm_fraud_payment,payment_transaction,FALSE,banking,synthetic_research
28/08/2038 20:55,0,PAYMENT-1111036,JPMC-CLIENT-1110844,USA,400.74,JPMC-CLIENT-1110845,CANADA,MAKE-PAYMENT,jpm_fraud_payment,payment_transaction,FALSE,banking,synthetic_research
28/08/2038 22:25,0,QUICK-DEPOSIT-1107897,,,869.04,JPMC-CLIENT-1107688,USA,DEPOSIT-CASH,jpm_fraud_payment,payment_transaction,FALSE,banking,synthetic_research
29/08/2038 11:05,0,QUICK-DEPOSIT-1106861,,,826.39,JPMC-CLIENT-1106647,USA,DEPOSIT-CASH,jpm_fraud_payment,payment_transaction,FALSE,banking,synthetic_research
30/08/2038 5:05,0,DEPOSIT-CASH-1106058,,,790.43,JPMC-CLIENT-1105774,USA,DEPOSIT-CASH,jpm_fraud_payment,payment_transaction,FALSE,banking,synthetic_research
01/09/2038 3:15,0,PAYMENT-1110496,JPMC-CLIENT-1110250,USA,400.2,CLIENT-1110251,CANADA,MAKE-PAYMENT,jpm_fraud_payment,payment_transaction,FALSE,banking,synthetic_research
09/09/2038 2:35,0,QUICK-PAYMENT-1106914,JPMC-CLIENT-1106647,SINT-MAARTEN,476.31,JPMC-CLIENT-1106649,CANADA,QUICK-PAYMENT,jpm_fraud_payment,payment_transaction,FALSE,banking,synthetic_research
17/09/2038 4:05,0,PAYMENT-1113230,JPMC-CLIENT-1113194,USA,400.53,CLIENT-1113196,CANADA,MAKE-PAYMENT,jpm_fraud_payment,payment_transaction,FALSE,banking,synthetic_research
17/09/2038 16:15,0,DEPOSIT-CASH-1121613,,,136.44,JPMC-CLIENT-1121563,USA,DEPOSIT-CASH,jpm_fraud_payment,payment_transaction,FALSE,banking,synthetic_research
19/09/2038 3:35,0,PAYMENT-1113799,JPMC-CLIENT-1113758,USA,400.45,CLIENT-1113759,CANADA,MAKE-PAYMENT,jpm_fraud_payment,payment_transaction,FALSE,banking,synthetic_research
19/09/2038 4:15,0,MOVE-FUNDS-1117702,COMPANY-1117666,GERMANY,2000.45,JPMC-CLIENT-1117661,USA,MOVE-FUNDS,jpm_fraud_payment,payment_transaction,FALSE,banking,synthetic_research
20/09/2038 16:25,0,MOVE-FUNDS-1120772,JPMC-CLIENT-1120720,CANADA,853.17,JPMC-CLIENT-1120719,USA,MOVE-FUNDS,jpm_fraud_payment,payment_transaction,FALSE,banking,synthetic_research
22/09/2038 6:05,0,WITHDRAWAL-1123200,JPMC-CLIENT-1123124,USA,359.14,,,WITHDRAWAL,jpm_fraud_payment,payment_transaction,FALSE,banking,synthetic_research
24/09/2038 5:55,0,QUICK-PAYMENT-1120303,JPMC-CLIENT-1120227,VENEZUELA,718.61,CLIENT-1120229,CANADA,QUICK-PAYMENT,jpm_fraud_payment,payment_transaction,FALSE,banking,synthetic_research
26/09/2038 5:35,0,QUICK-PAYMENT-1121080,CLIENT-1121020,USA,571.29,JPMC-CLIENT-1121001,USA,QUICK-PAYMENT,jpm_fraud_payment,payment_transaction,FALSE,banking,synthetic_research
28/09/2038 17:45,0,MAKE-PAYMENT-1120029,CLIENT-1119944,USA,276.95,JPMC-CLIENT-1119942,USA,MAKE-PAYMENT,jpm_fraud_payment,payment_transaction,FALSE,banking,synthetic_research
30/09/2038 20:25,0,MOVE-FUNDS-1122765,JPMC-CLIENT-1122651,USA,198.94,CLIENT-1122653,ZIMBABWE,MOVE-FUNDS,jpm_fraud_payment,payment_transaction,FALSE,banking,synthetic_research
02/10/2038 19:55,0,MOVE-FUNDS-1120338,JPMC-CLIENT-1120227,USA,914.68,CLIENT-1120229,CANADA,MOVE-FUNDS,jpm_fraud_payment,payment_transaction,FALSE,banking,synthetic_research
03/10/2038 23:15,0,PAYMENT-1118375,JPMC-CLIENT-1118225,USA,3.87,BILL-COMPANY-1118376,CANADA,MAKE-PAYMENT,jpm_fraud_payment,payment_transaction,FALSE,banking,synthetic_research
08/10/2038 9:15,0,QUICK-PAYMENT-1116563,JPMC-CLIENT-1116424,UNITED-ARAB-EMIRATES,461.43,JPMC-CLIENT-1116426,USA,QUICK-PAYMENT,jpm_fraud_payment,payment_transaction,FALSE,banking,synthetic_research
09/10/2038 19:25,0,QUICK-PAYMENT-1112507,CLIENT-1112392,MARSHALL-ISLANDS,217.54,JPMC-CLIENT-1112384,MAURITIUS,QUICK-PAYMENT,jpm_fraud_payment,payment_transaction,FALSE,banking,synthetic_research
09/10/2038 20:55,0,CASH-CHECK-1123476,,,870.31,JPMC-CLIENT-1123330,USA,DEPOSIT-CHECK,jpm_fraud_payment,payment_transaction,FALSE,banking,synthetic_research
12/10/2038 8:45,0,PAYMENT-1120580,JPMC-CLIENT-1120429,USA,67.98,BILL-COMPANY-1120581,TAIWAN,MAKE-PAYMENT,jpm_fraud_payment,payment_transaction,FALSE,banking,synthetic_research
15/10/2038 22:15,0,CASH-CHECK-1115942,,,798.41,JPMC-CLIENT-1115768,USA,DEPOSIT-CHECK,jpm_fraud_payment,payment_transaction,FALSE,banking,synthetic_research
16/10/2038 3:15,0,QUICK-PAYMENT-1117587,CLIENT-1117426,ECUADOR,935.13,JPMC-CLIENT-1117366,SOLOMON-ISLANDS,QUICK-PAYMENT,jpm_fraud_payment,payment_transaction,FALSE,banking,synthetic_research
17/10/2038 11:45,0,PAY-CHECK-1123518,JPMC-CLIENT-1123330,ALBANIA,238.84,CLIENT-1123445,MICRONESIA,PAY-CHECK,jpm_fraud_payment,payment_transaction,FALSE,banking,synthetic_research
18/10/2038 0:45,0,DEPOSIT-CHECK-1118705,,,751.07,JPMC-CLIENT-1118514,BARBADOS,DEPOSIT-CHECK,jpm_fraud_payment,payment_transaction,FALSE,banking,synthetic_research
24/10/2038 1:15,0,PAY-BILL-1119006,JPMC-CLIENT-1118795,COTE-DIVOIRE,803.02,BILL-COMPANY-1118834,USA,MAKE-PAYMENT,jpm_fraud_payment,payment_transaction,FALSE,banking,synthetic_research
25/10/2038 2:25,0,MOVE-FUNDS-1120163,JPMC-COMPANY-1119947,GERMANY,2000.99,JPMC-CLIENT-1119942,USA,MOVE-FUNDS,jpm_fraud_payment,payment_transaction,FALSE,banking,synthetic_research
28/10/2038 15:15,0,WITHDRAWAL-1113436,JPMC-CLIENT-1113194,MICRONESIA,985.13,,,WITHDRAWAL,jpm_fraud_payment,payment_transaction,FALSE,banking,synthetic_research
30/10/2038 13:25,0,CASH-CHECK-1116004,,,822.83,JPMC-CLIENT-1115768,USA,DEPOSIT-CHECK,jpm_fraud_payment,payment_transaction,FALSE,banking,synthetic_research
04/11/2038 16:25,0,PAYMENT-1120995,JPMC-CLIENT-1120719,USA,25.84,BILL-COMPANY-1120996,USA,MAKE-PAYMENT,jpm_fraud_payment,payment_transaction,FALSE,banking,synthetic_research
10/11/2038 16:45,0,PAY-BILL-1124237,JPMC-CLIENT-1124208,USA,722.29,COMPANY-1124214,USA,MAKE-PAYMENT,jpm_fraud_payment,payment_transaction,FALSE,banking,synthetic_research
13/11/2038 4:05,0,WITHDRAWAL-1131570,JPMC-CLIENT-1131536,BAHRAIN,515.55,,,WITHDRAWAL,jpm_fraud_payment,payment_transaction,FALSE,banking,synthetic_research
15/11/2038 18:35,0,PAY-BILL-1132390,JPMC-CLIENT-1132328,USA,254.91,COMPANY-1132336,USA,MAKE-PAYMENT,jpm_fraud_payment,payment_transaction,FALSE,banking,synthetic_research
21/11/2038 17:55,0,PAYMENT-1128855,JPMC-CLIENT-1128782,USA,41.42,BILL-COMPANY-1128856,USA,MAKE-PAYMENT,jpm_fraud_payment,payment_transaction,FALSE,banking,synthetic_research
22/11/2038 18:35,0,QUICK-PAYMENT-1132696,JPMC-CLIENT-1132616,USA,659.08,CLIENT-1132634,VENEZUELA,QUICK-PAYMENT,jpm_fraud_payment,payment_transaction,FALSE,banking,synthetic_research
25/11/2038 7:55,0,PAYMENT-1130426,JPMC-CLIENT-1130333,USA,23.83,BILL-COMPANY-1130427,TOGO,MAKE-PAYMENT,jpm_fraud_payment,payment_transaction,FALSE,banking,synthetic_research
27/11/2038 20:55,0,PAY-BILL-1125441,JPMC-CLIENT-1125329,USA,970.55,BILL-COMPANY-1125420,USA,MAKE-PAYMENT,jpm_fraud_payment,payment_transaction,FALSE,banking,synthetic_research
01/12/2038 11:35,0,PAYMENT-1131990,JPMC-CLIENT-1131846,USA,91.39,BILL-COMPANY-1131991,USA,MAKE-PAYMENT,jpm_fraud_payment,payment_transaction,FALSE,banking,synthetic_research
17/12/2038 15:45,0,WITHDRAWAL-1133137,JPMC-CLIENT-1132924,USA,716.33,,,WITHDRAWAL,jpm_fraud_payment,payment_transaction,FALSE,banking,synthetic_research
26/12/2038 5:15,0,PAYMENT-1130273,JPMC-CLIENT-1130023,USA,46.22,BILL-COMPANY-1130274,USA,MAKE-PAYMENT,jpm_fraud_payment,payment_transaction,FALSE,banking,synthetic_research
28/12/2038 7:15,0,MOVE-FUNDS-1129668,COMPANY-1129390,GERMANY,2000.32,JPMC-CLIENT-1129386,SINT-EUSTATIUS-AND-SABA,MOVE-FUNDS,jpm_fraud_payment,payment_transaction,FALSE,banking,synthetic_research
30/12/2038 5:35,0,QUICK-PAYMENT-1125034,JPMC-CLIENT-1124769,USA,779.93,CLIENT-1124771,USA,QUICK-PAYMENT,jpm_fraud_payment,payment_transaction,FALSE,banking,synthetic_research
10/01/2039 5:05,0,CASH-CHECK-1135150,JPMC-CLIENT-1135122,USA,100.9,,,WITHDRAWAL,jpm_fraud_payment,payment_transaction,FALSE,banking,synthetic_research
11/01/2039 17:35,0,MOVE-FUNDS-1140721,JPMC-CLIENT-1140689,USA,265.78,CLIENT-1140691,CANADA,MOVE-FUNDS,jpm_fraud_payment,payment_transaction,FALSE,banking,synthetic_research
14/01/2039 19:35,0,WITHDRAWAL-1142730,JPMC-CLIENT-1142674,USA,647.26,,,EXCHANGE,jpm_fraud_payment,payment_transaction,FALSE,banking,synthetic_research
16/01/2039 7:25,0,CASH-CHECK-1135183,JPMC-CLIENT-1135122,USA,757.32,,,WITHDRAWAL,jpm_fraud_payment,payment_transaction,FALSE,banking,synthetic_research
20/01/2039 22:05,0,PAYMENT-1135748,JPMC-CLIENT-1135648,COCOS-KEELING-IS,95.4,BILL-COMPANY-1135749,USA,MAKE-PAYMENT,jpm_fraud_payment,payment_transaction,FALSE,banking,synthetic_research
25/01/2039 10:55,0,WITHDRAWAL-1137481,JPMC-CLIENT-1137369,USA,616.06,,,EXCHANGE,jpm_fraud_payment,payment_transaction,FALSE,banking,synthetic_research
28/01/2039 11:55,0,PAY-CHECK-1138923,CLIENT-1138798,USA,987.06,JPMC-CLIENT-1138796,USA,PAY-CHECK,jpm_fraud_payment,payment_transaction,FALSE,banking,synthetic_research
28/01/2039 13:05,0,CASH-CHECK-1139691,,,398.4,JPMC-CLIENT-1139551,USA,DEPOSIT-CHECK,jpm_fraud_payment,payment_transaction,FALSE,banking,synthetic_research
29/01/2039 22:25,0,MOVE-FUNDS-1138599,JPMC-COMPANY-1138485,GERMANY,2000.69,JPMC-CLIENT-1138480,USA,MOVE-FUNDS,jpm_fraud_payment,payment_transaction,FALSE,banking,synthetic_research
30/01/2039 10:15,0,MOVE-FUNDS-1141661,COMPANY-1141546,GERMANY,2000.77,JPMC-CLIENT-1141541,INDONESIA,MOVE-FUNDS,jpm_fraud_payment,payment_transaction,FALSE,banking,synthetic_research
30/01/2039 22:45,0,QUICK-PAYMENT-1136348,JPMC-CLIENT-1136217,USA,384.09,CLIENT-1136236,AUSTRALIA,QUICK-PAYMENT,jpm_fraud_payment,payment_transaction,FALSE,banking,synthetic_research
02/02/2039 12:15,0,PAYMENT-1137747,JPMC-CLIENT-1137610,USA,400.85,CLIENT-1137611,CANADA,MAKE-PAYMENT,jpm_fraud_payment,payment_transaction,FALSE,banking,synthetic_research
05/02/2039 10:45,0,MOVE-FUNDS-1138030,COMPANY-1137897,GERMANY,2000.23,JPMC-CLIENT-1137892,USA,MOVE-FUNDS,jpm_fraud_payment,payment_transaction,FALSE,banking,synthetic_research
07/02/2039 14:45,0,MAKE-PAYMENT-1144877,CLIENT-1144720,ST-VINCENT-GRENADINES,100.05,JPMC-CLIENT-1144699,USA,MAKE-PAYMENT,jpm_fraud_payment,payment_transaction,FALSE,banking,synthetic_research
09/02/2039 2:25,0,QUICK-PAYMENT-1138353,JPMC-CLIENT-1138174,USA,309.61,CLIENT-1138284,BRITISH-INDIAN-OCEAN-TERRITORY,QUICK-PAYMENT,jpm_fraud_payment,payment_transaction,FALSE,banking,synthetic_research
09/02/2039 3:05,0,MOVE-FUNDS-1144884,CLIENT-1144720,ST-VINCENT-GRENADINES,350.48,JPMC-CLIENT-1144699,USA,MOVE-FUNDS,jpm_fraud_payment,payment_transaction,FALSE,banking,synthetic_research
14/02/2039 17:45,0,MAKE-PAYMENT-1142888,JPMC-CLIENT-1142674,USA,110.11,CLIENT-1142676,CANADA,MAKE-PAYMENT,jpm_fraud_payment,payment_transaction,FALSE,banking,synthetic_research
21/02/2039 16:45,0,DEPOSIT-CHECK-1137843,,,100.64,JPMC-CLIENT-1137610,USA,DEPOSIT-CHECK,jpm_fraud_payment,payment_transaction,FALSE,banking,synthetic_research
24/02/2039 7:15,0,PAYMENT-1133755,JPMC-CLIENT-1133505,USA,60.18,BILL-COMPANY-1133756,USA,MAKE-PAYMENT,jpm_fraud_payment,payment_transaction,FALSE,banking,synthetic_research
04/03/2039 7:05,0,WITHDRAWAL-1134402,JPMC-CLIENT-1134125,USA,702.45,,,EXCHANGE,jpm_fraud_payment,payment_transaction,FALSE,banking,synthetic_research
06/03/2039 18:45,0,PAY-BILL-1148131,JPMC-CLIENT-1148108,USA,754.01,COMPANY-1148115,USA,MAKE-PAYMENT,jpm_fraud_payment,payment_transaction,FALSE,banking,synthetic_research
07/03/2039 7:25,0,QUICK-PAYMENT-1149259,CLIENT-1149233,USA,732.74,JPMC-CLIENT-1149231,USA,QUICK-PAYMENT,jpm_fraud_payment,payment_transaction,FALSE,banking,synthetic_research
18/03/2039 10:25,0,WITHDRAWAL-1147459,JPMC-CLIENT-1147379,USA,984.15,,,EXCHANGE,jpm_fraud_payment,payment_transaction,FALSE,banking,synthetic_research
21/03/2039 0:55,0,WITHDRAWAL-1153813,JPMC-CLIENT-1153707,USA,419.61,,,WITHDRAWAL,jpm_fraud_payment,payment_transaction,FALSE,banking,synthetic_research
25/03/2039 11:55,0,PAY-BILL-1154894,JPMC-CLIENT-1154793,USA,640.08,BILL-COMPANY-1154882,USA,MAKE-PAYMENT,jpm_fraud_payment,payment_transaction,FALSE,banking,synthetic_research
26/03/2039 12:55,0,PAY-CHECK-1151985,JPMC-CLIENT-1151873,USA,475.8,CLIENT-1151875,CANADA,PAY-CHECK,jpm_fraud_payment,payment_transaction,FALSE,banking,synthetic_research
01/04/2039 2:25,0,QUICK-PAYMENT-1152926,JPMC-CLIENT-1152792,USA,981.78,CLIENT-1152794,CANADA,QUICK-PAYMENT,jpm_fraud_payment,payment_transaction,FALSE,banking,synthetic_research
04/04/2039 14:55,0,CASH-CHECK-1154146,JPMC-CLIENT-1153992,USA,653.76,,,EXCHANGE,jpm_fraud_payment,payment_transaction,FALSE,banking,synthetic_research
06/04/2039 16:15,1,PAY-BILL-1152959,JPMC-CLIENT-1152792,USA,395.9,BILL-COMPANY-1152832,BRITISH-INDIAN-OCEAN-TERRITORY,MAKE-PAYMENT,jpm_fraud_payment,payment_transaction,TRUE,banking,synthetic_research
09/04/2039 6:25,0,QUICK-PAYMENT-1153615,JPMC-CLIENT-1153425,USA,913.41,CLIENT-1153443,GUINEA,QUICK-PAYMENT,jpm_fraud_payment,payment_transaction,FALSE,banking,synthetic_research
12/04/2039 5:15,0,DEPOSIT-CASH-1147287,,,144.3,JPMC-CLIENT-1147097,USA,DEPOSIT-CASH,jpm_fraud_payment,payment_transaction,FALSE,banking,synthetic_research
14/04/2039 6:15,0,DEPOSIT-CHECK-1147303,,,100.02,JPMC-CLIENT-1147097,USA,DEPOSIT-CHECK,jpm_fraud_payment,payment_transaction,FALSE,banking,synthetic_research
14/04/2039 21:45,0,PAYMENT-1147839,JPMC-CLIENT-1147612,USA,36.07,BILL-COMPANY-1147840,NORFOLK-ISLAND,MAKE-PAYMENT,jpm_fraud_payment,payment_transaction,FALSE,banking,synthetic_research
19/04/2039 6:05,0,QUICK-PAYMENT-1145192,JPMC-CLIENT-1144982,USA,107.55,CLIENT-1145167,SAINT-MARTIN,QUICK-PAYMENT,jpm_fraud_payment,payment_transaction,FALSE,banking,synthetic_research
04/05/2039 21:35,0,DEPOSIT-CHECK-1158883,,,336.02,JPMC-CLIENT-1158858,USA,DEPOSIT-CHECK,jpm_fraud_payment,payment_transaction,FALSE,banking,synthetic_research
04/05/2039 22:15,0,MOVE-FUNDS-1157344,JPMC-CLIENT-1157316,USA,143.58,CLIENT-1157334,JAMAICA,MOVE-FUNDS,jpm_fraud_payment,payment_transaction,FALSE,banking,synthetic_research
05/05/2039 11:05,0,WITHDRAWAL-1156183,JPMC-CLIENT-1156149,USA,726.39,,,WITHDRAWAL,jpm_fraud_payment,payment_transaction,FALSE,banking,synthetic_research
12/05/2039 0:45,0,MOVE-FUNDS-1161162,JPMC-COMPANY-1161102,GERMANY,2000.33,JPMC-CLIENT-1161098,USA,MOVE-FUNDS,jpm_fraud_payment,payment_transaction,FALSE,banking,synthetic_research
13/05/2039 12:25,0,PAYMENT-1162937,JPMC-CLIENT-1162872,USA,48.94,BILL-COMPANY-1162938,HEARD-ISLAND-AND-MCDONALD-ISLANDS,MAKE-PAYMENT,jpm_fraud_payment,payment_transaction,FALSE,banking,synthetic_research
18/05/2039 16:25,0,PAY-BILL-1156259,JPMC-CLIENT-1156149,USA,549.9,BILL-COMPANY-1156217,USA,MAKE-PAYMENT,jpm_fraud_payment,payment_transaction,FALSE,banking,synthetic_research
19/05/2039 4:45,0,PAYMENT-1159829,JPMC-CLIENT-1159708,USA,28.09,BILL-COMPANY-1159830,USA,MAKE-PAYMENT,jpm_fraud_payment,payment_transaction,FALSE,banking,synthetic_research
20/05/2039 5:05,0,CASH-CHECK-1156274,,,379.47,JPMC-CLIENT-1156149,USA,DEPOSIT-CHECK,jpm_fraud_payment,payment_transaction,FALSE,banking,synthetic_research
25/05/2039 6:05,0,PAYMENT-1156011,JPMC-CLIENT-1155868,USA,20.95,BILL-COMPANY-1156012,AMERICAN-SAMOA,MAKE-PAYMENT,jpm_fraud_payment,payment_transaction,FALSE,banking,synthetic_research
28/05/2039 6:15,0,PAY-BILL-1160425,JPMC-CLIENT-1160272,SWITZERLAND,404.75,BILL-COMPANY-1160342,CURACAO,MAKE-PAYMENT,jpm_fraud_payment,payment_transaction,FALSE,banking,synthetic_research
05/06/2039 10:55,0,PAY-CHECK-1159919,JPMC-CLIENT-1159708,USA,357.73,CLIENT-1159711,USA,PAY-CHECK,jpm_fraud_payment,payment_transaction,FALSE,banking,synthetic_research
08/06/2039 9:55,0,WITHDRAWAL-1156077,JPMC-CLIENT-1155868,USA,100.06,,,WITHDRAWAL,jpm_fraud_payment,payment_transaction,FALSE,banking,synthetic_research
09/06/2039 23:55,0,MAKE-PAYMENT-1163970,JPMC-CLIENT-1163739,USA,842.61,CLIENT-1163740,USA,MAKE-PAYMENT,jpm_fraud_payment,payment_transaction,FALSE,banking,synthetic_research
10/06/2039 8:25,0,PAYMENT-1164558,JPMC-CLIENT-1164359,USA,29.84,BILL-COMPANY-1164559,USA,MAKE-PAYMENT,jpm_fraud_payment,payment_transaction,FALSE,banking,synthetic_research
19/06/2039 22:55,0,DEPOSIT-CHECK-1160919,,,739.47,JPMC-CLIENT-1160676,ARMENIA,DEPOSIT-CHECK,jpm_fraud_payment,payment_transaction,FALSE,banking,synthetic_research
01/07/2039 0:55,0,DEPOSIT-CASH-1170894,,,599.28,JPMC-CLIENT-1170855,USA,DEPOSIT-CASH,jpm_fraud_payment,payment_transaction,FALSE,banking,synthetic_research
01/07/2039 1:05,0,CASH-CHECK-1173304,JPMC-CLIENT-1173272,USA,612.73,,,EXCHANGE,jpm_fraud_payment,payment_transaction,FALSE,banking,synthetic_research
03/07/2039 14:25,0,QUICK-PAYMENT-1169766,JPMC-CLIENT-1169717,USA,746.96,CLIENT-1169719,KAZAKHSTAN,QUICK-PAYMENT,jpm_fraud_payment,payment_transaction,FALSE,banking,synthetic_research
12/07/2039 17:05,0,QUICK-PAYMENT-1165328,JPMC-CLIENT-1165227,USA,103.73,CLIENT-1165245,USA,QUICK-PAYMENT,jpm_fraud_payment,payment_transaction,FALSE,banking,synthetic_research
19/07/2039 18:35,0,PAYMENT-1173679,JPMC-CLIENT-1173557,USA,31.03,BILL-COMPANY-1173680,USA,MAKE-PAYMENT,jpm_fraud_payment,payment_transaction,FALSE,banking,synthetic_research
21/07/2039 5:35,0,QUICK-PAYMENT-1167510,JPMC-CLIENT-1167387,COSTA-RICA,285.16,JPMC-CLIENT-1167389,CANADA,QUICK-PAYMENT,jpm_fraud_payment,payment_transaction,FALSE,banking,synthetic_research
21/07/2039 8:45,0,PAYMENT-1172552,JPMC-CLIENT-1172403,USA,41.68,BILL-COMPANY-1172553,SAMOA,MAKE-PAYMENT,jpm_fraud_payment,payment_transaction,FALSE,banking,synthetic_research
22/07/2039 5:45,0,QUICK-DEPOSIT-1168626,,,633.46,JPMC-CLIENT-1168501,USA,DEPOSIT-CASH,jpm_fraud_payment,payment_transaction,FALSE,banking,synthetic_research
26/07/2039 9:35,0,MAKE-PAYMENT-1169879,CLIENT-1169719,KAZAKHSTAN,590.56,JPMC-CLIENT-1169717,USA,MAKE-PAYMENT,jpm_fraud_payment,payment_transaction,FALSE,banking,synthetic_research
27/07/2039 11:45,0,EXCHANGE-1166989,JPMC-CLIENT-1166802,USA,976.44,,,EXCHANGE,jpm_fraud_payment,payment_transaction,FALSE,banking,synthetic_research
28/07/2039 10:25,0,QUICK-DEPOSIT-1166673,,,560.41,JPMC-CLIENT-1166496,NORTH-KOREA,DEPOSIT-CASH,jpm_fraud_payment,payment_transaction,FALSE,banking,synthetic_research
28/07/2039 11:45,0,QUICK-PAYMENT-1168995,JPMC-CLIENT-1168805,USA,867.27,BILL-COMPANY-1168875,BELIZE,QUICK-PAYMENT,jpm_fraud_payment,payment_transaction,FALSE,banking,synthetic_research
01/08/2039 2:45,0,QUICK-PAYMENT-1166067,JPMC-CLIENT-1165848,USA,735.01,CLIENT-1165850,USA,QUICK-PAYMENT,jpm_fraud_payment,payment_transaction,FALSE,banking,synthetic_research
01/08/2039 11:25,0,PAYMENT-1174372,JPMC-CLIENT-1174177,USA,88.05,BILL-COMPANY-1174373,NIUE,MAKE-PAYMENT,jpm_fraud_payment,payment_transaction,FALSE,banking,synthetic_research
04/08/2039 13:55,0,MAKE-PAYMENT-1169652,JPMC-CLIENT-1169433,USA,184.85,CLIENT-1169451,KAZAKHSTAN,MAKE-PAYMENT,jpm_fraud_payment,payment_transaction,FALSE,banking,synthetic_research
10/08/2039 12:45,0,MOVE-FUNDS-1173197,COMPANY-1172980,GERMANY,2000.99,JPMC-CLIENT-1172975,BELGIUM,MOVE-FUNDS,jpm_fraud_payment,payment_transaction,FALSE,banking,synthetic_research
19/08/2039 1:45,0,PAY-BILL-1168194,JPMC-CLIENT-1167931,USA,226.07,BILL-COMPANY-1168181,GUINEA,MAKE-PAYMENT,jpm_fraud_payment,payment_transaction,FALSE,banking,synthetic_research
26/08/2039 14:45,0,PAY-BILL-1179492,JPMC-CLIENT-1179464,USA,909.63,COMPANY-1179469,USA,MAKE-PAYMENT,jpm_fraud_payment,payment_transaction,FALSE,banking,synthetic_research
02/09/2039 2:35,0,MAKE-PAYMENT-1175507,JPMC-CLIENT-1175460,USA,735.34,CLIENT-1175478,CYPRUS,MAKE-PAYMENT,jpm_fraud_payment,payment_transaction,FALSE,banking,synthetic_research
07/09/2039 4:55,0,DEPOSIT-CASH-1175375,,,917.56,JPMC-CLIENT-1175298,USA,DEPOSIT-CASH,jpm_fraud_payment,payment_transaction,FALSE,banking,synthetic_research
13/09/2039 0:35,0,PAYMENT-1180176,JPMC-CLIENT-1180029,COOK-ISLANDS,38.98,BILL-COMPANY-1180177,USA,MAKE-PAYMENT,jpm_fraud_payment,payment_transaction,FALSE,banking,synthetic_research
13/09/2039 21:25,0,PAY-BILL-1180970,JPMC-CLIENT-1180840,USA,504.72,BILL-COMPANY-1180912,BULGARIA,MAKE-PAYMENT,jpm_fraud_payment,payment_transaction,FALSE,banking,synthetic_research
29/09/2039 9:55,0,PAY-BILL-1181877,JPMC-CLIENT-1181699,USA,141.74,BILL-COMPANY-1181746,USA,MAKE-PAYMENT,jpm_fraud_payment,payment_transaction,FALSE,banking,synthetic_research
01/10/2039 15:25,0,DEPOSIT-CASH-1179683,,,116.21,JPMC-CLIENT-1179464,USA,DEPOSIT-CASH,jpm_fraud_payment,payment_transaction,FALSE,banking,synthetic_research
02/10/2039 1:15,0,MOVE-FUNDS-1178200,CLIENT-1177994,USA,808.38,JPMC-CLIENT-1177992,PHILIPPINES,MOVE-FUNDS,jpm_fraud_payment,payment_transaction,FALSE,banking,synthetic_research
03/10/2039 2:25,0,PAY-CHECK-1177425,JPMC-CLIENT-1177210,USA,543.51,CLIENT-1177212,CANADA,PAY-CHECK,jpm_fraud_payment,payment_transaction,FALSE,banking,synthetic_research
03/10/2039 2:35,0,QUICK-PAYMENT-1183667,CLIENT-1183446,USA,258.91,JPMC-CLIENT-1183445,USA,QUICK-PAYMENT,jpm_fraud_payment,payment_transaction,FALSE,banking,synthetic_research
06/10/2039 11:55,0,QUICK-PAYMENT-1181623,JPMC-CLIENT-1181416,CHINA,484.9,CLIENT-1181434,USA,QUICK-PAYMENT,jpm_fraud_payment,payment_transaction,FALSE,banking,synthetic_research
10/10/2039 1:15,0,MOVE-FUNDS-1181634,COMPANY-1181420,GERMANY,2000.39,JPMC-CLIENT-1181416,USA,MOVE-FUNDS,jpm_fraud_payment,payment_transaction,FALSE,banking,synthetic_research
10/10/2039 16:45,0,PAYMENT-1183696,JPMC-CLIENT-1183445,USA,400.89,CLIENT-1183447,CANADA,MAKE-PAYMENT,jpm_fraud_payment,payment_transaction,FALSE,banking,synthetic_research
26/10/2039 2:25,0,PAY-CHECK-1187776,JPMC-CLIENT-1187756,USA,295.07,CLIENT-1187774,USA,PAY-CHECK,jpm_fraud_payment,payment_transaction,FALSE,banking,synthetic_research
29/10/2039 2:05,0,MOVE-FUNDS-1191887,CLIENT-1191861,CANADA,100.26,JPMC-CLIENT-1191859,USA,MOVE-FUNDS,jpm_fraud_payment,payment_transaction,FALSE,banking,synthetic_research
29/10/2039 15:05,0,MOVE-FUNDS-1187513,COMPANY-1187480,GERMANY,2000.23,JPMC-CLIENT-1187476,USA,MOVE-FUNDS,jpm_fraud_payment,payment_transaction,FALSE,banking,synthetic_research
01/11/2039 17:15,0,DEPOSIT-CHECK-1192958,,,603.21,JPMC-CLIENT-1192894,USA,DEPOSIT-CHECK,jpm_fraud_payment,payment_transaction,FALSE,banking,synthetic_research
02/11/2039 3:45,0,WITHDRAWAL-1191069,JPMC-CLIENT-1191014,USA,983.56,,,EXCHANGE,jpm_fraud_payment,payment_transaction,FALSE,banking,synthetic_research
04/11/2039 3:45,0,PAY-CHECK-1187534,CLIENT-1187495,USA,867.33,JPMC-CLIENT-1187476,USA,PAY-CHECK,jpm_fraud_payment,payment_transaction,FALSE,banking,synthetic_research
04/11/2039 5:25,0,WITHDRAWAL-1190023,JPMC-CLIENT-1189946,USA,711.88,,,WITHDRAWAL,jpm_fraud_payment,payment_transaction,FALSE,banking,synthetic_research
13/11/2039 8:15,0,PAYMENT-1193017,JPMC-CLIENT-1192894,USA,11.35,BILL-COMPANY-1193018,USA,MAKE-PAYMENT,jpm_fraud_payment,payment_transaction,FALSE,banking,synthetic_research
14/11/2039 10:05,0,DEPOSIT-CHECK-1185909,,,967.88,JPMC-CLIENT-1185774,USA,DEPOSIT-CHECK,jpm_fraud_payment,payment_transaction,FALSE,banking,synthetic_research
18/11/2039 21:05,0,PAY-CHECK-1188700,JPMC-CLIENT-1188551,USA,879.86,CLIENT-1188553,USA,PAY-CHECK,jpm_fraud_payment,payment_transaction,FALSE,banking,synthetic_research
19/11/2039 9:15,0,PAY-BILL-1186598,JPMC-CLIENT-1186455,USA,328.36,COMPANY-1186459,UZBEKISTAN,MAKE-PAYMENT,jpm_fraud_payment,payment_transaction,FALSE,banking,synthetic_research
20/11/2039 9:05,1,EXCHANGE-1185635,JPMC-CLIENT-1185495,USA,236.85,,,WITHDRAWAL,jpm_fraud_payment,payment_transaction,TRUE,banking,synthetic_research
20/11/2039 22:15,0,PAY-BILL-1194336,JPMC-CLIENT-1194179,USA,850.67,BILL-COMPANY-1194274,USA,MAKE-PAYMENT,jpm_fraud_payment,payment_transaction,FALSE,banking,synthetic_research
03/12/2039 2:55,0,QUICK-PAYMENT-1187701,JPMC-CLIENT-1187476,MINOR-OUTLYING-ISLANDS,495.65,CLIENT-1187495,USA,QUICK-PAYMENT,jpm_fraud_payment,payment_transaction,FALSE,banking,synthetic_research
05/12/2039 13:45,0,EXCHANGE-1191517,JPMC-CLIENT-1191298,USA,386.91,,,EXCHANGE,jpm_fraud_payment,payment_transaction,FALSE,banking,synthetic_research
10/12/2039 15:05,0,PAY-BILL-1192103,JPMC-CLIENT-1191859,USA,100.57,BILL-COMPANY-1192034,LITHUANIA,MAKE-PAYMENT,jpm_fraud_payment,payment_transaction,FALSE,banking,synthetic_research
15/12/2039 15:15,0,CASH-CHECK-1190514,,,632.05,JPMC-CLIENT-1190256,USA,DEPOSIT-CHECK,jpm_fraud_payment,payment_transaction,FALSE,banking,synthetic_research
20/12/2039 18:05,0,PAY-BILL-1197906,JPMC-CLIENT-1197872,USA,423.95,COMPANY-1197879,ALGERIA,MAKE-PAYMENT,jpm_fraud_payment,payment_transaction,FALSE,banking,synthetic_research
22/12/2039 18:05,0,PAY-CHECK-1196487,JPMC-CLIENT-1196456,CANADA,320.03,JPMC-CLIENT-1196454,USA,PAY-CHECK,jpm_fraud_payment,payment_transaction,FALSE,banking,synthetic_research
27/12/2039 7:55,0,PAY-CHECK-1196514,BILL-COMPANY-1196498,TURKEY,100.28,JPMC-CLIENT-1196454,USA,PAY-CHECK,jpm_fraud_payment,payment_transaction,FALSE,banking,synthetic_research
28/12/2039 8:05,1,QUICK-PAYMENT-1202430,BILL-COMPANY-1202408,USA,967.78,JPMC-CLIENT-1202369,USA,QUICK-PAYMENT,jpm_fraud_payment,payment_transaction,TRUE,banking,synthetic_research
28/12/2039 18:35,0,CASH-CHECK-1203601,JPMC-CLIENT-1203541,USA,100.73,,,EXCHANGE,jpm_fraud_payment,payment_transaction,FALSE,banking,synthetic_research
02/01/2040 20:45,0,QUICK-PAYMENT-1200889,JPMC-CLIENT-1200800,MINOR-OUTLYING-ISLANDS,260.46,COMPANY-1200806,USA,QUICK-PAYMENT,jpm_fraud_payment,payment_transaction,FALSE,banking,synthetic_research
04/01/2040 23:55,0,WITHDRAWAL-1198703,JPMC-CLIENT-1198585,USA,255.98,,,EXCHANGE,jpm_fraud_payment,payment_transaction,FALSE,banking,synthetic_research
20/01/2040 15:35,0,QUICK-PAYMENT-1205111,JPMC-CLIENT-1204925,USA,458.43,CLIENT-1204943,PALAU,QUICK-PAYMENT,jpm_fraud_payment,payment_transaction,FALSE,banking,synthetic_research
24/01/2040 19:35,0,PAYMENT-1198818,JPMC-CLIENT-1198585,USA,400.91,CLIENT-1198586,CANADA,MAKE-PAYMENT,jpm_fraud_payment,payment_transaction,FALSE,banking,synthetic_research
27/01/2040 4:35,0,CASH-CHECK-1199258,JPMC-CLIENT-1199043,USA,956.7,,,EXCHANGE,jpm_fraud_payment,payment_transaction,FALSE,banking,synthetic_research
29/01/2040 14:25,0,MOVE-FUNDS-1197216,COMPANY-1197021,GERMANY,2000.71,JPMC-CLIENT-1197015,USA,MOVE-FUNDS,jpm_fraud_payment,payment_transaction,FALSE,banking,synthetic_research
09/02/2040 16:25,0,PAYMENT-1197549,JPMC-CLIENT-1197305,USA,14.44,BILL-COMPANY-1197550,USA,MAKE-PAYMENT,jpm_fraud_payment,payment_transaction,FALSE,banking,synthetic_research
16/02/2040 19:55,0,QUICK-PAYMENT-1213524,JPMC-CLIENT-1213494,USA,458.55,CLIENT-1213496,USA,QUICK-PAYMENT,jpm_fraud_payment,payment_transaction,FALSE,banking,synthetic_research
22/02/2040 20:15,0,PAY-BILL-1212364,JPMC-CLIENT-1212312,USA,100.73,COMPANY-1212314,USA,MAKE-PAYMENT,jpm_fraud_payment,payment_transaction,FALSE,banking,synthetic_research
23/02/2040 9:25,0,PAY-CHECK-1210923,JPMC-CLIENT-1210865,USA,789.42,BILL-COMPANY-1210902,USA,PAY-CHECK,jpm_fraud_payment,payment_transaction,FALSE,banking,synthetic_research
23/02/2040 9:55,0,PAY-BILL-1212942,JPMC-CLIENT-1212879,USA,716.5,JPMC-COMPANY-1212882,NEPAL,MAKE-PAYMENT,jpm_fraud_payment,payment_transaction,FALSE,banking,synthetic_research
26/02/2040 15:25,0,PAYMENT-1209858,JPMC-CLIENT-1209738,USA,85.18,BILL-COMPANY-1209859,HEARD-ISLAND-AND-MCDONALD-ISLANDS,MAKE-PAYMENT,jpm_fraud_payment,payment_transaction,FALSE,banking,synthetic_research
02/03/2040 12:35,0,QUICK-DEPOSIT-1205938,,,629.64,JPMC-CLIENT-1205828,USA,DEPOSIT-CASH,jpm_fraud_payment,payment_transaction,FALSE,banking,synthetic_research
03/03/2040 1:45,0,MAKE-PAYMENT-1210155,CLIENT-1210058,LUXEMBOURG,572.09,JPMC-CLIENT-1210040,USA,MAKE-PAYMENT,jpm_fraud_payment,payment_transaction,FALSE,banking,synthetic_research
03/03/2040 23:35,0,PAY-BILL-1210685,JPMC-CLIENT-1210578,USA,100.42,BILL-COMPANY-1210625,USA,MAKE-PAYMENT,jpm_fraud_payment,payment_transaction,FALSE,banking,synthetic_research
06/03/2040 1:45,0,PAYMENT-1208016,JPMC-CLIENT-1207893,USA,71.65,BILL-COMPANY-1208017,USA,MAKE-PAYMENT,jpm_fraud_payment,payment_transaction,FALSE,banking,synthetic_research
07/03/2040 13:25,0,PAY-CHECK-1213007,BILL-COMPANY-1212952,LUXEMBOURG,414.39,JPMC-CLIENT-1212879,USA,PAY-CHECK,jpm_fraud_payment,payment_transaction,FALSE,banking,synthetic_research
15/03/2040 14:35,0,DEPOSIT-CHECK-1210738,,,654.99,JPMC-CLIENT-1210578,LATVIA,DEPOSIT-CHECK,jpm_fraud_payment,payment_transaction,FALSE,banking,synthetic_research
16/03/2040 4:05,0,MOVE-FUNDS-1207189,COMPANY-1207027,GERMANY,2000.56,JPMC-CLIENT-1207023,USA,MOVE-FUNDS,jpm_fraud_payment,payment_transaction,FALSE,banking,synthetic_research
16/03/2040 20:45,0,PAY-BILL-1211355,JPMC-CLIENT-1211144,USA,976.39,BILL-COMPANY-1211345,USA,MAKE-PAYMENT,jpm_fraud_payment,payment_transaction,FALSE,banking,synthetic_research
23/03/2040 22:15,0,PAYMENT-1207271,JPMC-CLIENT-1207023,USA,15.91,BILL-COMPANY-1207272,USA,MAKE-PAYMENT,jpm_fraud_payment,payment_transaction,FALSE,banking,synthetic_research
24/03/2040 17:15,0,WITHDRAWAL-1214262,JPMC-CLIENT-1214054,USA,312.07,,,EXCHANGE,jpm_fraud_payment,payment_transaction,FALSE,banking,synthetic_research
29/03/2040 0:05,0,PAY-CHECK-1212000,JPMC-CLIENT-1211740,USA,752.18,CLIENT-1211741,CANADA,PAY-CHECK,jpm_fraud_payment,payment_transaction,FALSE,banking,synthetic_research
04/04/2040 0:25,0,PAYMENT-1209490,JPMC-CLIENT-1209212,USA,61.36,BILL-COMPANY-1209491,USA,MAKE-PAYMENT,jpm_fraud_payment,payment_transaction,FALSE,banking,synthetic_research
05/04/2040 23:35,0,MAKE-PAYMENT-1213463,CLIENT-1213190,USA,597.02,JPMC-CLIENT-1213188,GRENADA,MAKE-PAYMENT,jpm_fraud_payment,payment_transaction,FALSE,banking,synthetic_research
15/04/2040 10:55,0,MOVE-FUNDS-1221212,JPMC-CLIENT-1221176,USA,579.67,CLIENT-1221178,USA,MOVE-FUNDS,jpm_fraud_payment,payment_transaction,FALSE,banking,synthetic_research
15/04/2040 22:05,0,QUICK-PAYMENT-1219162,JPMC-CLIENT-1219132,USA,545.01,CLIENT-1219151,ETHIOPIA,QUICK-PAYMENT,jpm_fraud_payment,payment_transaction,FALSE,banking,synthetic_research
16/04/2040 22:15,0,WITHDRAWAL-1222120,JPMC-CLIENT-1222085,USA,304.57,,,EXCHANGE,jpm_fraud_payment,payment_transaction,FALSE,banking,synthetic_research
17/04/2040 21:05,0,MAKE-PAYMENT-1224454,CLIENT-1224444,CAMEROON,514.51,JPMC-CLIENT-1224426,USA,MAKE-PAYMENT,jpm_fraud_payment,payment_transaction,FALSE,banking,synthetic_research
17/04/2040 22:25,0,QUICK-DEPOSIT-1225238,,,915.41,JPMC-CLIENT-1225190,USA,DEPOSIT-CASH,jpm_fraud_payment,payment_transaction,FALSE,banking,synthetic_research
18/04/2040 22:15,0,MOVE-FUNDS-1216494,JPMC-CLIENT-1216455,USA,674.71,COMPANY-1216462,USA,MOVE-FUNDS,jpm_fraud_payment,payment_transaction,FALSE,banking,synthetic_research
20/04/2040 13:25,1,WITHDRAWAL-1217374,JPMC-CLIENT-1217302,USA,658.78,,,WITHDRAWAL,jpm_fraud_payment,payment_transaction,TRUE,banking,synthetic_research
21/04/2040 23:45,1,PAY-BILL-1222706,JPMC-CLIENT-1222653,USA,654.54,COMPANY-1222658,PALESTINE,MAKE-PAYMENT,jpm_fraud_payment,payment_transaction,TRUE,banking,synthetic_research
25/04/2040 13:15,0,QUICK-PAYMENT-1217983,CLIENT-1217907,JERSEY,100.12,JPMC-CLIENT-1217905,USA,QUICK-PAYMENT,jpm_fraud_payment,payment_transaction,FALSE,banking,synthetic_research
27/04/2040 14:25,0,PAYMENT-1221552,JPMC-CLIENT-1221462,ALAND-ISLANDS,4.01,BILL-COMPANY-1221553,USA,MAKE-PAYMENT,jpm_fraud_payment,payment_transaction,FALSE,banking,synthetic_research
30/04/2040 14:15,0,MAKE-PAYMENT-1222189,JPMC-CLIENT-1222085,USA,820.07,BILL-COMPANY-1222185,ICELAND,MAKE-PAYMENT,jpm_fraud_payment,payment_transaction,FALSE,banking,synthetic_research
02/05/2040 14:25,0,WITHDRAWAL-1216283,JPMC-CLIENT-1216173,SOLOMON-ISLANDS,691.78,,,WITHDRAWAL,jpm_fraud_payment,payment_transaction,FALSE,banking,synthetic_research
02/05/2040 15:25,0,PAYMENT-1224736,JPMC-CLIENT-1224623,USA,400.07,CLIENT-1224624,CANADA,MAKE-PAYMENT,jpm_fraud_payment,payment_transaction,FALSE,banking,synthetic_research
03/05/2040 13:55,0,QUICK-PAYMENT-1216564,JPMC-CLIENT-1216455,USA,194.87,BILL-COMPANY-1216502,GUADELOUPE,QUICK-PAYMENT,jpm_fraud_payment,payment_transaction,FALSE,banking,synthetic_research
03/05/2040 16:35,0,CASH-CHECK-1223060,,,989.73,JPMC-CLIENT-1222927,USA,DEPOSIT-CHECK,jpm_fraud_payment,payment_transaction,FALSE,banking,synthetic_research
07/05/2040 3:45,0,PAY-BILL-1223800,JPMC-CLIENT-1223670,USA,241.87,JPMC-COMPANY-1223673,USA,MAKE-PAYMENT,jpm_fraud_payment,payment_transaction,FALSE,banking,synthetic_research
09/05/2040 14:25,0,CASH-CHECK-1224976,JPMC-CLIENT-1224848,USA,100.79,,,WITHDRAWAL,jpm_fraud_payment,payment_transaction,FALSE,banking,synthetic_research
11/05/2040 20:55,1,MOVE-FUNDS-1221649,CLIENT-1221480,USA,271.93,JPMC-CLIENT-1221462,ALAND-ISLANDS,MOVE-FUNDS,jpm_fraud_payment,payment_transaction,TRUE,banking,synthetic_research
12/05/2040 7:05,0,MOVE-FUNDS-1216057,JPMC-COMPANY-1215897,GERMANY,2000.07,JPMC-CLIENT-1215892,USA,MOVE-FUNDS,jpm_fraud_payment,payment_transaction,FALSE,banking,synthetic_research
13/05/2040 6:05,0,MOVE-FUNDS-1221344,JPMC-COMPANY-1221181,GERMANY,2000.56,JPMC-CLIENT-1221176,USA,MOVE-FUNDS,jpm_fraud_payment,payment_transaction,FALSE,banking,synthetic_research
14/05/2040 17:45,0,PAY-BILL-1224128,JPMC-CLIENT-1223961,USA,208.36,BILL-COMPANY-1224031,USA,MAKE-PAYMENT,jpm_fraud_payment,payment_transaction,FALSE,banking,synthetic_research
16/05/2040 19:25,0,PAY-BILL-1225657,JPMC-CLIENT-1225473,MALI,413.04,BILL-COMPANY-1225545,UZBEKISTAN,MAKE-PAYMENT,jpm_fraud_payment,payment_transaction,FALSE,banking,synthetic_research
18/05/2040 17:55,1,MAKE-PAYMENT-1221959,JPMC-CLIENT-1221774,USA,732.92,CLIENT-1221792,MICRONESIA,MAKE-PAYMENT,jpm_fraud_payment,payment_transaction,TRUE,banking,synthetic_research
25/05/2040 20:25,0,QUICK-DEPOSIT-1221991,,,458.33,JPMC-CLIENT-1221774,USA,DEPOSIT-CASH,jpm_fraud_payment,payment_transaction,FALSE,banking,synthetic_research
26/05/2040 15:45,0,PAY-BILL-1217575,JPMC-CLIENT-1217302,SAINT-LUCIA,100.83,BILL-COMPANY-1217556,USA,MAKE-PAYMENT,jpm_fraud_payment,payment_transaction,FALSE,banking,synthetic_research
31/05/2040 1:05,0,QUICK-PAYMENT-1222350,JPMC-CLIENT-1222085,USA,480.99,CLIENT-1222087,USA,QUICK-PAYMENT,jpm_fraud_payment,payment_transaction,FALSE,banking,synthetic_research
08/06/2040 12:25,0,QUICK-PAYMENT-1235231,JPMC-CLIENT-1235208,USA,640.24,CLIENT-1235226,SOUTH-SUDAN,QUICK-PAYMENT,jpm_fraud_payment,payment_transaction,FALSE,banking,synthetic_research
08/06/2040 12:45,0,WITHDRAWAL-1236104,JPMC-CLIENT-1236078,USA,696.54,,,WITHDRAWAL,jpm_fraud_payment,payment_transaction,FALSE,banking,synthetic_research
09/06/2040 13:25,0,MOVE-FUNDS-1226584,JPMC-CLIENT-1226556,DJIBOUTI,286.44,JPMC-CLIENT-1226554,USA,MOVE-FUNDS,jpm_fraud_payment,payment_transaction,FALSE,banking,synthetic_research
12/06/2040 1:25,0,MOVE-FUNDS-1233836,JPMC-CLIENT-1233800,USA,123.21,COMPANY-1233803,USA,MOVE-FUNDS,jpm_fraud_payment,payment_transaction,FALSE,banking,synthetic_research
15/06/2040 14:55,0,QUICK-PAYMENT-1232933,JPMC-CLIENT-1232871,USA,753.31,CLIENT-1232873,MAURITANIA,QUICK-PAYMENT,jpm_fraud_payment,payment_transaction,FALSE,banking,synthetic_research
20/06/2040 18:05,0,PAY-BILL-1230278,JPMC-CLIENT-1230175,USA,100.92,JPMC-COMPANY-1230182,USA,MAKE-PAYMENT,jpm_fraud_payment,payment_transaction,FALSE,banking,synthetic_research
23/06/2040 17:25,0,EXCHANGE-1231819,JPMC-CLIENT-1231714,USA,100.74,,,EXCHANGE,jpm_fraud_payment,payment_transaction,FALSE,banking,synthetic_research
25/06/2040 17:45,0,QUICK-DEPOSIT-1230003,,,215.31,JPMC-CLIENT-1229896,USA,DEPOSIT-CASH,jpm_fraud_payment,payment_transaction,FALSE,banking,synthetic_research
27/06/2040 5:55,0,QUICK-PAYMENT-1232985,CLIENT-1232873,MAURITANIA,100.36,JPMC-CLIENT-1232871,USA,QUICK-PAYMENT,jpm_fraud_payment,payment_transaction,FALSE,banking,synthetic_research
02/07/2040 20:55,0,EXCHANGE-1229204,JPMC-CLIENT-1229051,USA,477.84,,,EXCHANGE,jpm_fraud_payment,payment_transaction,FALSE,banking,synthetic_research
02/07/2040 22:55,0,CASH-CHECK-1230343,,,880.71,JPMC-CLIENT-1230175,SYRIA,DEPOSIT-CHECK,jpm_fraud_payment,payment_transaction,FALSE,banking,synthetic_research
07/07/2040 1:05,0,PAYMENT-1228105,JPMC-CLIENT-1227909,NEW-ZEALAND,77.12,BILL-COMPANY-1228106,ITALY,MAKE-PAYMENT,jpm_fraud_payment,payment_transaction,FALSE,banking,synthetic_research
08/07/2040 0:05,0,PAY-BILL-1231907,JPMC-CLIENT-1231714,USA,747.18,BILL-COMPANY-1231806,USA,MAKE-PAYMENT,jpm_fraud_payment,payment_transaction,FALSE,banking,synthetic_research
08/07/2040 11:35,0,WITHDRAWAL-1236267,JPMC-CLIENT-1236078,USA,873.29,,,WITHDRAWAL,jpm_fraud_payment,payment_transaction,FALSE,banking,synthetic_research
09/07/2040 22:15,0,QUICK-PAYMENT-1226536,JPMC-CLIENT-1226352,USA,100.49,CLIENT-1226354,DJIBOUTI,QUICK-PAYMENT,jpm_fraud_payment,payment_transaction,FALSE,banking,synthetic_research
15/07/2040 1:05,0,DEPOSIT-CASH-1233088,,,612.45,JPMC-CLIENT-1232871,USA,DEPOSIT-CASH,jpm_fraud_payment,payment_transaction,FALSE,banking,synthetic_research
23/07/2040 15:15,0,MAKE-PAYMENT-1235465,CLIENT-1235226,SOUTH-SUDAN,584.85,JPMC-CLIENT-1235208,USA,MAKE-PAYMENT,jpm_fraud_payment,payment_transaction,FALSE,banking,synthetic_research
29/07/2040 14:45,0,PAY-BILL-1232273,JPMC-CLIENT-1232003,USA,465.82,BILL-COMPANY-1232259,USA,MAKE-PAYMENT,jpm_fraud_payment,payment_transaction,FALSE,banking,synthetic_research
04/08/2040 2:45,0,CASH-CHECK-1237498,,,276.76,JPMC-CLIENT-1237472,USA,DEPOSIT-CHECK,jpm_fraud_payment,payment_transaction,FALSE,banking,synthetic_research
07/08/2040 15:35,0,QUICK-DEPOSIT-1236937,,,248.97,JPMC-CLIENT-1236891,USA,DEPOSIT-CASH,jpm_fraud_payment,payment_transaction,FALSE,banking,synthetic_research
08/08/2040 17:05,0,PAY-CHECK-1237813,COMPANY-1237765,USA,588.41,JPMC-CLIENT-1237758,USA,PAY-CHECK,jpm_fraud_payment,payment_transaction,FALSE,banking,synthetic_research
23/08/2040 21:35,0,PAY-CHECK-1245815,JPMC-CLIENT-1245688,USA,794.8,CLIENT-1245690,USA,PAY-CHECK,jpm_fraud_payment,payment_transaction,FALSE,banking,synthetic_research
26/08/2040 23:05,0,PAYMENT-1245276,JPMC-CLIENT-1245128,USA,41.12,BILL-COMPANY-1245277,SINT-MAARTEN,MAKE-PAYMENT,jpm_fraud_payment,payment_transaction,FALSE,banking,synthetic_research
27/08/2040 0:15,0,QUICK-DEPOSIT-1241263,,,114.7,JPMC-CLIENT-1241106,USA,DEPOSIT-CASH,jpm_fraud_payment,payment_transaction,FALSE,banking,synthetic_research
27/08/2040 9:05,0,PAY-BILL-1242985,JPMC-CLIENT-1242852,USA,284.37,BILL-COMPANY-1242918,ALGERIA,MAKE-PAYMENT,jpm_fraud_payment,payment_transaction,FALSE,banking,synthetic_research
07/09/2040 14:55,0,PAY-BILL-1245056,JPMC-CLIENT-1244848,USA,337.63,BILL-COMPANY-1244919,USA,MAKE-PAYMENT,jpm_fraud_payment,payment_transaction,FALSE,banking,synthetic_research
09/09/2040 0:55,0,QUICK-PAYMENT-1243645,JPMC-CLIENT-1243436,USA,100.01,CLIENT-1243573,USA,QUICK-PAYMENT,jpm_fraud_payment,payment_transaction,FALSE,banking,synthetic_research
16/09/2040 3:25,0,WITHDRAWAL-1243677,JPMC-CLIENT-1243436,USA,286.74,,,EXCHANGE,jpm_fraud_payment,payment_transaction,FALSE,banking,synthetic_research
18/09/2040 15:55,0,PAYMENT-1245098,JPMC-CLIENT-1244848,USA,96.54,BILL-COMPANY-1245099,SAINT-HELENA-ASCENSION-AND-TRISTAN-DA-CUNHA,MAKE-PAYMENT,jpm_fraud_payment,payment_transaction,FALSE,banking,synthetic_research
20/09/2040 17:25,0,MOVE-FUNDS-1238024,BILL-COMPANY-1238015,USA,417.23,JPMC-CLIENT-1237758,USA,MOVE-FUNDS,jpm_fraud_payment,payment_transaction,FALSE,banking,synthetic_research
23/09/2040 2:35,0,PAYMENT-1240455,JPMC-CLIENT-1240213,USA,400.09,CLIENT-1240214,CANADA,MAKE-PAYMENT,jpm_fraud_payment,payment_transaction,FALSE,banking,synthetic_research
28/09/2040 17:05,0,WITHDRAWAL-1251077,JPMC-CLIENT-1251054,USA,905.66,,,EXCHANGE,jpm_fraud_payment,payment_transaction,FALSE,banking,synthetic_research
03/10/2040 5:05,0,QUICK-DEPOSIT-1249985,,,941.86,JPMC-CLIENT-1249954,USA,DEPOSIT-CASH,jpm_fraud_payment,payment_transaction,FALSE,banking,synthetic_research
14/10/2040 20:25,0,CASH-CHECK-1249076,,,100.78,JPMC-CLIENT-1248988,USA,DEPOSIT-CHECK,jpm_fraud_payment,payment_transaction,FALSE,banking,synthetic_research
16/10/2040 20:55,0,CASH-CHECK-1251604,,,100.69,JPMC-CLIENT-1251504,USA,DEPOSIT-CHECK,jpm_fraud_payment,payment_transaction,FALSE,banking,synthetic_research
17/10/2040 22:45,0,PAYMENT-1252183,JPMC-CLIENT-1252065,USA,85.21,BILL-COMPANY-1252184,NIGER,MAKE-PAYMENT,jpm_fraud_payment,payment_transaction,FALSE,banking,synthetic_research
19/10/2040 10:45,0,PAYMENT-1253577,JPMC-CLIENT-1253461,USA,400.71,CLIENT-1253462,CANADA,MAKE-PAYMENT,jpm_fraud_payment,payment_transaction,FALSE,banking,synthetic_research
31/10/2040 12:35,0,PAYMENT-1248297,JPMC-CLIENT-1248126,USA,50.63,BILL-COMPANY-1248298,USA,MAKE-PAYMENT,jpm_fraud_payment,payment_transaction,FALSE,banking,synthetic_research
09/11/2040 18:25,0,QUICK-PAYMENT-1255184,JPMC-CLIENT-1254946,USA,740.96,BILL-COMPANY-1255043,USA,QUICK-PAYMENT,jpm_fraud_payment,payment_transaction,FALSE,banking,synthetic_research
16/11/2040 15:05,0,MAKE-PAYMENT-1252642,CLIENT-1252409,USA,184.49,JPMC-CLIENT-1252407,TRINIDAD-AND-TOBAGO,MAKE-PAYMENT,jpm_fraud_payment,payment_transaction,FALSE,banking,synthetic_research
26/11/2040 5:25,0,EXCHANGE-1260631,JPMC-CLIENT-1260611,USA,437.61,,,EXCHANGE,jpm_fraud_payment,payment_transaction,FALSE,banking,synthetic_research
26/11/2040 5:25,0,EXCHANGE-1258722,JPMC-CLIENT-1258704,USA,737.99,,,EXCHANGE,jpm_fraud_payment,payment_transaction,FALSE,banking,synthetic_research
26/11/2040 5:45,0,PAY-BILL-1263548,JPMC-CLIENT-1263524,USA,339.61,JPMC-COMPANY-1263531,GERMANY,MAKE-PAYMENT,jpm_fraud_payment,payment_transaction,FALSE,banking,synthetic_research
28/11/2040 6:35,0,QUICK-PAYMENT-1261170,JPMC-CLIENT-1261137,USA,202.09,JPMC-CLIENT-1261134,USA,QUICK-PAYMENT,jpm_fraud_payment,payment_transaction,FALSE,banking,synthetic_research
29/11/2040 7:55,0,PAYMENT-1266210,JPMC-CLIENT-1266164,USA,2.73,BILL-COMPANY-1266211,ZIMBABWE,MAKE-PAYMENT,jpm_fraud_payment,payment_transaction,FALSE,banking,synthetic_research
01/12/2040 20:25,0,PAY-CHECK-1261474,CLIENT-1261423,USA,975.86,JPMC-CLIENT-1261421,USA,PAY-CHECK,jpm_fraud_payment,payment_transaction,FALSE,banking,synthetic_research
02/12/2040 18:25,0,MOVE-FUNDS-1263124,COMPANY-1263091,GERMANY,2000.7,JPMC-CLIENT-1263087,USA,MOVE-FUNDS,jpm_fraud_payment,payment_transaction,FALSE,banking,synthetic_research
04/12/2040 8:55,0,EXCHANGE-1263943,JPMC-CLIENT-1263878,USA,500.59,,,EXCHANGE,jpm_fraud_payment,payment_transaction,FALSE,banking,synthetic_research
05/12/2040 7:55,0,DEPOSIT-CHECK-1259274,,,722.74,JPMC-CLIENT-1259215,USA,DEPOSIT-CHECK,jpm_fraud_payment,payment_transaction,FALSE,banking,synthetic_research
08/12/2040 23:25,0,QUICK-DEPOSIT-1264348,,,240.27,JPMC-CLIENT-1264247,USA,DEPOSIT-CASH,jpm_fraud_payment,payment_transaction,FALSE,banking,synthetic_research
10/12/2040 0:15,0,PAY-CHECK-1266273,JPMC-CLIENT-1266164,USA,930.35,CLIENT-1266166,USA,PAY-CHECK,jpm_fraud_payment,payment_transaction,FALSE,banking,synthetic_research
11/12/2040 21:05,0,CASH-CHECK-1259299,JPMC-CLIENT-1259215,USA,452.58,,,EXCHANGE,jpm_fraud_payment,payment_transaction,FALSE,banking,synthetic_research
14/12/2040 10:45,0,QUICK-PAYMENT-1258809,JPMC-CLIENT-1258704,USA,100.05,JPMC-CLIENT-1258706,SINT-MAARTEN,QUICK-PAYMENT,jpm_fraud_payment,payment_transaction,FALSE,banking,synthetic_research
14/12/2040 11:45,0,WITHDRAWAL-1259610,JPMC-CLIENT-1259497,PALESTINE,971.18,,,WITHDRAWAL,jpm_fraud_payment,payment_transaction,FALSE,banking,synthetic_research
18/12/2040 0:05,0,WITHDRAWAL-1259140,JPMC-CLIENT-1259013,USA,545.67,,,WITHDRAWAL,jpm_fraud_payment,payment_transaction,FALSE,banking,synthetic_research
25/12/2040 6:15,0,PAY-BILL-1265866,JPMC-CLIENT-1265677,USA,255.22,BILL-COMPANY-1265744,USA,MAKE-PAYMENT,jpm_fraud_payment,payment_transaction,FALSE,banking,synthetic_research
26/12/2040 7:45,0,PAY-BILL-1266374,JPMC-CLIENT-1266164,USA,691.44,BILL-COMPANY-1266208,USA,MAKE-PAYMENT,jpm_fraud_payment,payment_transaction,FALSE,banking,synthetic_research
27/12/2040 15:05,0,PAYMENT-1258873,JPMC-CLIENT-1258704,USA,400.33,CLIENT-1258705,CANADA,MAKE-PAYMENT,jpm_fraud_payment,payment_transaction,FALSE,banking,synthetic_research
27/12/2040 15:45,0,CASH-CHECK-1261882,,,929.66,JPMC-CLIENT-1261701,USA,DEPOSIT-CHECK,jpm_fraud_payment,payment_transaction,FALSE,banking,synthetic_research
29/12/2040 15:05,0,EXCHANGE-1259193,JPMC-CLIENT-1259013,USA,757.22,,,WITHDRAWAL,jpm_fraud_payment,payment_transaction,FALSE,banking,synthetic_research
01/01/2041 7:15,0,QUICK-PAYMENT-1266663,JPMC-CLIENT-1266447,UZBEKISTAN,895.15,CLIENT-1266449,CANADA,QUICK-PAYMENT,jpm_fraud_payment,payment_transaction,FALSE,banking,synthetic_research
05/01/2041 17:45,0,DEPOSIT-CASH-1259717,,,835.48,JPMC-CLIENT-1259497,USA,DEPOSIT-CASH,jpm_fraud_payment,payment_transaction,FALSE,banking,synthetic_research
07/01/2041 18:15,0,QUICK-DEPOSIT-1262495,,,100.38,JPMC-CLIENT-1262263,USA,DEPOSIT-CASH,jpm_fraud_payment,payment_transaction,FALSE,banking,synthetic_research
10/01/2041 7:05,0,PAY-BILL-1260568,JPMC-CLIENT-1260327,USA,746.66,BILL-COMPANY-1260423,UNITED-KINGDOM,MAKE-PAYMENT,jpm_fraud_payment,payment_transaction,FALSE,banking,synthetic_research
15/01/2041 16:35,0,MAKE-PAYMENT-1263042,BILL-COMPANY-1262875,USA,100.36,JPMC-CLIENT-1262805,USA,MAKE-PAYMENT,jpm_fraud_payment,payment_transaction,FALSE,banking,synthetic_research
25/01/2041 6:35,0,MAKE-PAYMENT-1270973,JPMC-CLIENT-1270953,USA,337.93,CLIENT-1270955,USA,MAKE-PAYMENT,jpm_fraud_payment,payment_transaction,FALSE,banking,synthetic_research
04/02/2041 21:35,0,PAYMENT-1270375,JPMC-CLIENT-1270302,USA,94.11,BILL-COMPANY-1270376,ERITREA,MAKE-PAYMENT,jpm_fraud_payment,payment_transaction,FALSE,banking,synthetic_research
09/02/2041 23:15,0,PAYMENT-1275046,JPMC-CLIENT-1274949,USA,79.28,BILL-COMPANY-1275047,JORDAN,MAKE-PAYMENT,jpm_fraud_payment,payment_transaction,FALSE,banking,synthetic_research
11/02/2041 1:45,0,PAYMENT-1274494,JPMC-CLIENT-1274377,USA,400.3,CLIENT-1274378,CANADA,MAKE-PAYMENT,jpm_fraud_payment,payment_transaction,FALSE,banking,synthetic_research
12/02/2041 23:55,0,PAY-BILL-1272104,JPMC-CLIENT-1271995,USA,941.64,COMPANY-1272003,USA,MAKE-PAYMENT,jpm_fraud_payment,payment_transaction,FALSE,banking,synthetic_research
13/02/2041 2:35,0,QUICK-PAYMENT-1267698,JPMC-CLIENT-1267568,PANAMA,236.51,BILL-COMPANY-1267661,USA,QUICK-PAYMENT,jpm_fraud_payment,payment_transaction,FALSE,banking,synthetic_research
26/02/2041 5:55,0,QUICK-DEPOSIT-1270497,,,646.74,JPMC-CLIENT-1270302,VENEZUELA,DEPOSIT-CASH,jpm_fraud_payment,payment_transaction,FALSE,banking,synthetic_research
27/02/2041 7:45,0,MAKE-PAYMENT-1275758,JPMC-CLIENT-1275548,BELIZE,792.21,CLIENT-1275550,USA,MAKE-PAYMENT,jpm_fraud_payment,payment_transaction,FALSE,banking,synthetic_research
03/03/2041 17:45,0,MAKE-PAYMENT-1268055,CLIENT-1267868,USA,930.03,JPMC-CLIENT-1267850,USA,MAKE-PAYMENT,jpm_fraud_payment,payment_transaction,FALSE,banking,synthetic_research
07/03/2041 20:35,0,QUICK-PAYMENT-1269459,JPMC-CLIENT-1269221,BHUTAN,127.39,CLIENT-1269223,USA,QUICK-PAYMENT,jpm_fraud_payment,payment_transaction,FALSE,banking,synthetic_research
07/03/2041 23:45,0,PAY-BILL-1268792,JPMC-CLIENT-1268530,USA,547.01,BILL-COMPANY-1268596,USA,MAKE-PAYMENT,jpm_fraud_payment,payment_transaction,FALSE,banking,synthetic_research
15/03/2041 21:25,0,DEPOSIT-CHECK-1275508,,,516.94,JPMC-CLIENT-1275246,USA,DEPOSIT-CHECK,jpm_fraud_payment,payment_transaction,FALSE,banking,synthetic_research
16/03/2041 22:55,0,PAYMENT-1271227,JPMC-CLIENT-1270953,USA,400.7,CLIENT-1270954,CANADA,MAKE-PAYMENT,jpm_fraud_payment,payment_transaction,FALSE,banking,synthetic_research
17/03/2041 19:15,0,MAKE-PAYMENT-1272534,BILL-COMPANY-1272474,GUINEA,135.35,JPMC-CLIENT-1272278,USA,MAKE-PAYMENT,jpm_fraud_payment,payment_transaction,FALSE,banking,synthetic_research
23/03/2041 21:16,0,CASH-CHECK-1283906,,,100.34,JPMC-CLIENT-1283883,USA,DEPOSIT-CHECK,jpm_fraud_payment,payment_transaction,FALSE,banking,synthetic_research
23/03/2041 21:56,0,MAKE-PAYMENT-1285952,JPMC-CLIENT-1285925,USA,836.27,CLIENT-1285944,USA,MAKE-PAYMENT,jpm_fraud_payment,payment_transaction,FALSE,banking,synthetic_research
25/03/2041 12:26,0,PAYMENT-1277004,JPMC-CLIENT-1276969,USA,80.71,BILL-COMPANY-1277005,SENEGAL,MAKE-PAYMENT,jpm_fraud_payment,payment_transaction,FALSE,banking,synthetic_research
28/03/2041 12:06,0,MOVE-FUNDS-1282938,JPMC-CLIENT-1282887,USA,786.4,CLIENT-1282889,USA,MOVE-FUNDS,jpm_fraud_payment,payment_transaction,FALSE,banking,synthetic_research
28/03/2041 13:06,0,QUICK-DEPOSIT-1285367,,,807.15,JPMC-CLIENT-1285311,USA,DEPOSIT-CASH,jpm_fraud_payment,payment_transaction,FALSE,banking,synthetic_research
30/03/2041 12:16,0,PAY-CHECK-1280407,JPMC-CLIENT-1280352,USA,804.16,CLIENT-1280371,USA,PAY-CHECK,jpm_fraud_payment,payment_transaction,FALSE,banking,synthetic_research
31/03/2041 12:36,0,MAKE-PAYMENT-1286266,COMPANY-1286212,USA,100.64,JPMC-CLIENT-1286207,USA,MAKE-PAYMENT,jpm_fraud_payment,payment_transaction,FALSE,banking,synthetic_research
03/04/2041 13:36,0,PAY-BILL-1283961,JPMC-CLIENT-1283883,SLOVENIA,805.33,BILL-COMPANY-1283925,USA,MAKE-PAYMENT,jpm_fraud_payment,payment_transaction,FALSE,banking,synthetic_research
06/04/2041 0:26,0,QUICK-PAYMENT-1284549,CLIENT-1284491,MALI,733.1,JPMC-CLIENT-1284473,USA,QUICK-PAYMENT,jpm_fraud_payment,payment_transaction,FALSE,banking,synthetic_research
09/04/2041 6:06,1,DEPOSIT-CASH-1282301,,,295.84,JPMC-CLIENT-1282166,USA,DEPOSIT-CASH,jpm_fraud_payment,payment_transaction,TRUE,banking,synthetic_research
13/04/2041 19:26,0,PAYMENT-1286919,JPMC-CLIENT-1286774,USA,52.85,BILL-COMPANY-1286920,USA,MAKE-PAYMENT,jpm_fraud_payment,payment_transaction,FALSE,banking,synthetic_research
17/04/2041 20:36,0,PAY-CHECK-1284334,JPMC-CLIENT-1284168,USA,689.77,CLIENT-1284186,GERMANY,PAY-CHECK,jpm_fraud_payment,payment_transaction,FALSE,banking,synthetic_research
19/04/2041 7:06,0,DEPOSIT-CASH-1280226,,,308,JPMC-CLIENT-1280067,USA,DEPOSIT-CASH,jpm_fraud_payment,payment_transaction,FALSE,banking,synthetic_research
19/04/2041 7:26,0,QUICK-DEPOSIT-1284045,,,931.14,JPMC-CLIENT-1283883,USA,DEPOSIT-CASH,jpm_fraud_payment,payment_transaction,FALSE,banking,synthetic_research
20/04/2041 16:36,0,DEPOSIT-CASH-1284621,,,465.34,JPMC-CLIENT-1284473,USA,DEPOSIT-CASH,jpm_fraud_payment,payment_transaction,FALSE,banking,synthetic_research
27/04/2041 5:16,0,PAYMENT-1284919,JPMC-CLIENT-1284754,USA,12.92,BILL-COMPANY-1284920,USA,MAKE-PAYMENT,jpm_fraud_payment,payment_transaction,FALSE,banking,synthetic_research
03/05/2041 13:46,0,PAYMENT-1278055,JPMC-CLIENT-1277809,ETHIOPIA,19.38,BILL-COMPANY-1278056,SINT-MAARTEN,MAKE-PAYMENT,jpm_fraud_payment,payment_transaction,FALSE,banking,synthetic_research
04/05/2041 21:36,0,PAY-BILL-1286425,JPMC-CLIENT-1286207,USA,923.53,BILL-COMPANY-1286254,MINOR-OUTLYING-ISLANDS,MAKE-PAYMENT,jpm_fraud_payment,payment_transaction,FALSE,banking,synthetic_research
06/05/2041 3:26,0,MOVE-FUNDS-1281192,JPMC-CLIENT-1280925,VENEZUELA,528.24,CLIENT-1280943,USA,MOVE-FUNDS,jpm_fraud_payment,payment_transaction,FALSE,banking,synthetic_research
07/05/2041 3:26,0,PAYMENT-1280342,JPMC-CLIENT-1280067,USA,52.17,BILL-COMPANY-1280343,ANGOLA,MAKE-PAYMENT,jpm_fraud_payment,payment_transaction,FALSE,banking,synthetic_research
08/05/2041 3:36,0,PAYMENT-1278087,JPMC-CLIENT-1277809,USA,31.59,BILL-COMPANY-1278088,NAURU,MAKE-PAYMENT,jpm_fraud_payment,payment_transaction,FALSE,banking,synthetic_research
08/05/2041 15:16,0,PAY-BILL-1282153,JPMC-CLIENT-1281879,USA,741.54,BILL-COMPANY-1282106,USA,MAKE-PAYMENT,jpm_fraud_payment,payment_transaction,FALSE,banking,synthetic_research
10/05/2041 0:36,0,PAY-CHECK-1278631,JPMC-CLIENT-1278373,USA,100.56,CLIENT-1278391,SAMOA,PAY-CHECK,jpm_fraud_payment,payment_transaction,FALSE,banking,synthetic_research
18/05/2041 11:46,0,MOVE-FUNDS-1277794,COMPANY-1277532,GERMANY,2000.58,JPMC-CLIENT-1277528,USA,MOVE-FUNDS,jpm_fraud_payment,payment_transaction,FALSE,banking,synthetic_research
20/05/2041 11:36,0,WITHDRAWAL-1294844,JPMC-CLIENT-1294827,USA,404.61,,,EXCHANGE,jpm_fraud_payment,payment_transaction,FALSE,banking,synthetic_research
20/05/2041 11:36,0,CASH-CHECK-1291385,,,372.7,JPMC-CLIENT-1291367,USA,DEPOSIT-CHECK,jpm_fraud_payment,payment_transaction,FALSE,banking,synthetic_research
20/05/2041 11:56,0,QUICK-PAYMENT-1289376,JPMC-CLIENT-1289353,USA,672.43,CLIENT-1289354,USA,QUICK-PAYMENT,jpm_fraud_payment,payment_transaction,FALSE,banking,synthetic_research
21/05/2041 0:56,0,DEPOSIT-CASH-1289953,,,100.79,JPMC-CLIENT-1289921,USA,DEPOSIT-CASH,jpm_fraud_payment,payment_transaction,FALSE,banking,synthetic_research
24/05/2041 13:06,0,MAKE-PAYMENT-1298359,CLIENT-1298307,SAINT-HELENA-ASCENSION-AND-TRISTAN-DA-CUNHA,507.42,JPMC-CLIENT-1298306,USA,MAKE-PAYMENT,jpm_fraud_payment,payment_transaction,FALSE,banking,synthetic_research
28/05/2041 13:46,0,PAY-BILL-1291420,JPMC-CLIENT-1291367,USA,727.8,BILL-COMPANY-1291412,JAMAICA,MAKE-PAYMENT,jpm_fraud_payment,payment_transaction,FALSE,banking,synthetic_research
01/06/2041 2:46,0,MOVE-FUNDS-1294618,JPMC-CLIENT-1294545,USA,728.31,COMPANY-1294549,USA,MOVE-FUNDS,jpm_fraud_payment,payment_transaction,FALSE,banking,synthetic_research
02/06/2041 4:26,0,PAY-CHECK-1292491,JPMC-CLIENT-1292405,USA,433.37,JPMC-CLIENT-1292407,CANADA,PAY-CHECK,jpm_fraud_payment,payment_transaction,FALSE,banking,synthetic_research
04/06/2041 20:16,0,QUICK-PAYMENT-1299011,CLIENT-1298883,SAINT-HELENA-ASCENSION-AND-TRISTAN-DA-CUNHA,100.14,JPMC-CLIENT-1298881,AZERBAIJAN,QUICK-PAYMENT,jpm_fraud_payment,payment_transaction,FALSE,banking,synthetic_research
05/06/2041 3:46,0,MOVE-FUNDS-1293037,COMPANY-1292953,GERMANY,2000.34,JPMC-CLIENT-1292949,USA,MOVE-FUNDS,jpm_fraud_payment,payment_transaction,FALSE,banking,synthetic_research
18/06/2041 6:46,0,MOVE-FUNDS-1295583,COMPANY-1295442,GERMANY,2000.36,JPMC-CLIENT-1295438,USA,MOVE-FUNDS,jpm_fraud_payment,payment_transaction,FALSE,banking,synthetic_research
18/06/2041 23:26,0,PAY-BILL-1290107,JPMC-CLIENT-1289921,USA,936.98,BILL-COMPANY-1290013,USA,MAKE-PAYMENT,jpm_fraud_payment,payment_transaction,FALSE,banking,synthetic_research
19/06/2041 9:06,0,PAYMENT-1291535,JPMC-CLIENT-1291367,USA,400.49,CLIENT-1291368,CANADA,MAKE-PAYMENT,jpm_fraud_payment,payment_transaction,FALSE,banking,synthetic_research
21/06/2041 7:46,0,PAY-BILL-1293392,JPMC-CLIENT-1293229,USA,470.83,BILL-COMPANY-1293348,PALESTINE,MAKE-PAYMENT,jpm_fraud_payment,payment_transaction,FALSE,banking,synthetic_research
23/06/2041 7:56,0,MAKE-PAYMENT-1295606,JPMC-CLIENT-1295438,USA,169.4,BILL-COMPANY-1295559,USA,MAKE-PAYMENT,jpm_fraud_payment,payment_transaction,FALSE,banking,synthetic_research
24/06/2041 19:16,1,QUICK-PAYMENT-1298204,CLIENT-1298032,SAINT-HELENA-ASCENSION-AND-TRISTAN-DA-CUNHA,620.75,JPMC-CLIENT-1298030,USA,QUICK-PAYMENT,jpm_fraud_payment,payment_transaction,TRUE,banking,synthetic_research
07/07/2041 1:06,0,PAYMENT-1297683,JPMC-CLIENT-1297442,USA,87.43,BILL-COMPANY-1297684,PERU,MAKE-PAYMENT,jpm_fraud_payment,payment_transaction,FALSE,banking,synthetic_research
07/07/2041 3:06,0,QUICK-PAYMENT-1290751,JPMC-CLIENT-1290488,USA,990.09,COMPANY-1290493,NICARAGUA,QUICK-PAYMENT,jpm_fraud_payment,payment_transaction,FALSE,banking,synthetic_research
09/07/2041 2:46,0,PAY-BILL-1289905,JPMC-CLIENT-1289637,ECUADOR,613.7,BILL-COMPANY-1289787,USA,MAKE-PAYMENT,jpm_fraud_payment,payment_transaction,FALSE,banking,synthetic_research
17/07/2041 1:36,0,CASH-CHECK-1303188,,,489.65,JPMC-CLIENT-1303170,USA,DEPOSIT-CHECK,jpm_fraud_payment,payment_transaction,FALSE,banking,synthetic_research
21/07/2041 2:46,0,QUICK-DEPOSIT-1300031,,,100.81,JPMC-CLIENT-1299994,USA,DEPOSIT-CASH,jpm_fraud_payment,payment_transaction,FALSE,banking,synthetic_research
22/07/2041 2:46,0,PAYMENT-1306438,JPMC-CLIENT-1306399,USA,56.5,BILL-COMPANY-1306439,INDONESIA,MAKE-PAYMENT,jpm_fraud_payment,payment_transaction,FALSE,banking,synthetic_research
06/08/2041 20:16,0,QUICK-DEPOSIT-1301458,,,941.16,JPMC-CLIENT-1301330,USA,DEPOSIT-CASH,jpm_fraud_payment,payment_transaction,FALSE,banking,synthetic_research
07/08/2041 20:16,0,QUICK-DEPOSIT-1301461,,,525.18,JPMC-CLIENT-1301330,USA,DEPOSIT-CASH,jpm_fraud_payment,payment_transaction,FALSE,banking,synthetic_research
11/08/2041 10:26,0,WITHDRAWAL-1299860,JPMC-CLIENT-1299708,USA,124.33,,,EXCHANGE,jpm_fraud_payment,payment_transaction,FALSE,banking,synthetic_research
11/08/2041 22:36,0,MAKE-PAYMENT-1304580,JPMC-CLIENT-1304424,USA,204.56,CLIENT-1304442,USA,MAKE-PAYMENT,jpm_fraud_payment,payment_transaction,FALSE,banking,synthetic_research
19/08/2041 13:36,0,PAYMENT-1301531,JPMC-CLIENT-1301330,USA,23.35,BILL-COMPANY-1301532,USA,MAKE-PAYMENT,jpm_fraud_payment,payment_transaction,FALSE,banking,synthetic_research
26/08/2041 23:56,0,WITHDRAWAL-1304064,JPMC-CLIENT-1303860,USA,361.8,,,WITHDRAWAL,jpm_fraud_payment,payment_transaction,FALSE,banking,synthetic_research
02/09/2041 18:46,0,PAYMENT-1299666,JPMC-CLIENT-1299395,USA,400.26,JPMC-CLIENT-1299397,CANADA,MAKE-PAYMENT,jpm_fraud_payment,payment_transaction,FALSE,banking,synthetic_research
15/09/2041 3:26,0,CASH-CHECK-1314947,JPMC-CLIENT-1314921,USA,290.91,,,EXCHANGE,jpm_fraud_payment,payment_transaction,FALSE,banking,synthetic_research
15/09/2041 15:06,0,EXCHANGE-1315227,JPMC-CLIENT-1315204,USA,799.78,,,WITHDRAWAL,jpm_fraud_payment,payment_transaction,FALSE,banking,synthetic_research
19/09/2041 16:56,0,PAY-BILL-1318978,JPMC-CLIENT-1318930,USA,263.33,COMPANY-1318933,USA,MAKE-PAYMENT,jpm_fraud_payment,payment_transaction,FALSE,banking,synthetic_research
19/09/2041 17:46,0,PAY-BILL-1315542,JPMC-CLIENT-1315489,USA,791.44,COMPANY-1315491,USA,MAKE-PAYMENT,jpm_fraud_payment,payment_transaction,FALSE,banking,synthetic_research
27/09/2041 19:06,0,QUICK-PAYMENT-1319305,JPMC-CLIENT-1319219,USA,563.61,CLIENT-1319221,USA,QUICK-PAYMENT,jpm_fraud_payment,payment_transaction,FALSE,banking,synthetic_research
30/09/2041 20:36,0,PAY-BILL-1310002,JPMC-CLIENT-1309898,USA,391.46,BILL-COMPANY-1309966,VANUATU,MAKE-PAYMENT,jpm_fraud_payment,payment_transaction,FALSE,banking,synthetic_research
05/10/2041 8:26,0,QUICK-DEPOSIT-1313316,,,100.44,JPMC-CLIENT-1313203,BULGARIA,DEPOSIT-CASH,jpm_fraud_payment,payment_transaction,FALSE,banking,synthetic_research
05/10/2041 21:56,0,MAKE-PAYMENT-1317079,JPMC-CLIENT-1316952,USA,954.51,BILL-COMPANY-1316994,USA,MAKE-PAYMENT,jpm_fraud_payment,payment_transaction,FALSE,banking,synthetic_research
07/10/2041 12:06,0,MOVE-FUNDS-1314222,JPMC-CLIENT-1314071,USA,418.81,CLIENT-1314118,MAURITIUS,MOVE-FUNDS,jpm_fraud_payment,payment_transaction,FALSE,banking,synthetic_research
08/10/2041 23:46,0,EXCHANGE-1319082,JPMC-CLIENT-1318930,USA,468.93,,,EXCHANGE,jpm_fraud_payment,payment_transaction,FALSE,banking,synthetic_research
09/10/2041 12:16,0,QUICK-DEPOSIT-1319086,,,568.14,JPMC-CLIENT-1318930,USA,DEPOSIT-CASH,jpm_fraud_payment,payment_transaction,FALSE,banking,synthetic_research
12/10/2041 11:56,0,WITHDRAWAL-1309127,JPMC-CLIENT-1308966,USA,100.42,,,WITHDRAWAL,jpm_fraud_payment,payment_transaction,FALSE,banking,synthetic_research
19/10/2041 15:16,0,PAY-BILL-1312248,JPMC-CLIENT-1312044,USA,812.78,BILL-COMPANY-1312184,USA,MAKE-PAYMENT,jpm_fraud_payment,payment_transaction,FALSE,banking,synthetic_research
23/10/2041 3:36,0,EXCHANGE-1310527,JPMC-CLIENT-1310310,USA,923.69,,,EXCHANGE,jpm_fraud_payment,payment_transaction,FALSE,banking,synthetic_research
26/10/2041 4:56,0,MOVE-FUNDS-1310546,JPMC-CLIENT-1310310,USA,625.43,BILL-COMPANY-1310455,LIBYA,MOVE-FUNDS,jpm_fraud_payment,payment_transaction,FALSE,banking,synthetic_research
26/10/2041 14:06,0,QUICK-PAYMENT-1312822,JPMC-CLIENT-1312611,ESTONIA,100.54,JPMC-CLIENT-1312610,USA,QUICK-PAYMENT,jpm_fraud_payment,payment_transaction,FALSE,banking,synthetic_research
06/11/2041 5:36,0,QUICK-PAYMENT-1309851,JPMC-CLIENT-1309563,USA,542.69,CLIENT-1309564,CANADA,QUICK-PAYMENT,jpm_fraud_payment,payment_transaction,FALSE,banking,synthetic_research
14/11/2041 16:46,0,DEPOSIT-CHECK-1325394,,,969.63,JPMC-CLIENT-1325363,USA,DEPOSIT-CHECK,jpm_fraud_payment,payment_transaction,FALSE,banking,synthetic_research
14/11/2041 17:56,0,MOVE-FUNDS-1322195,JPMC-COMPANY-1322161,GERMANY,2000.86,JPMC-CLIENT-1322157,USA,MOVE-FUNDS,jpm_fraud_payment,payment_transaction,FALSE,banking,synthetic_research
24/11/2041 19:26,0,QUICK-PAYMENT-1321383,CLIENT-1321320,USA,545.26,JPMC-CLIENT-1321302,USA,QUICK-PAYMENT,jpm_fraud_payment,payment_transaction,FALSE,banking,synthetic_research
04/12/2041 13:06,0,QUICK-PAYMENT-1326922,JPMC-CLIENT-1326766,USA,768.42,CLIENT-1326785,ISLE-OF-MAN,QUICK-PAYMENT,jpm_fraud_payment,payment_transaction,FALSE,banking,synthetic_research
09/12/2041 14:06,0,PAYMENT-1329111,JPMC-CLIENT-1328940,USA,32.47,BILL-COMPANY-1329112,ST-PIERRE-MIQUELON,MAKE-PAYMENT,jpm_fraud_payment,payment_transaction,FALSE,banking,synthetic_research
16/12/2041 12:46,0,QUICK-DEPOSIT-1328836,,,522.87,JPMC-CLIENT-1328654,USA,DEPOSIT-CASH,jpm_fraud_payment,payment_transaction,FALSE,banking,synthetic_research
20/12/2041 13:46,0,PAYMENT-1328851,JPMC-CLIENT-1328654,SINT-MAARTEN,400.9,CLIENT-1328656,CANADA,MAKE-PAYMENT,jpm_fraud_payment,payment_transaction,FALSE,banking,synthetic_research
20/12/2041 19:46,0,EXCHANGE-1329485,JPMC-CLIENT-1329229,EGYPT,317.38,,,EXCHANGE,jpm_fraud_payment,payment_transaction,FALSE,banking,synthetic_research
21/12/2041 4:56,0,PAYMENT-1321524,JPMC-CLIENT-1321302,USA,39.39,BILL-COMPANY-1321525,CHRISTMAS-ISLAND,MAKE-PAYMENT,jpm_fraud_payment,payment_transaction,FALSE,banking,synthetic_research
22/12/2041 6:46,0,WITHDRAWAL-1325317,JPMC-CLIENT-1325074,USA,673.45,,,EXCHANGE,jpm_fraud_payment,payment_transaction,FALSE,banking,synthetic_research
17/01/2042 22:16,0,PAY-BILL-1332119,JPMC-CLIENT-1332041,USA,419.95,BILL-COMPANY-1332084,CANADA,MAKE-PAYMENT,jpm_fraud_payment,payment_transaction,FALSE,banking,synthetic_research
18/01/2042 9:26,0,PAY-BILL-1330711,JPMC-CLIENT-1330639,USA,540.91,BILL-COMPANY-1330706,SERBIA,MAKE-PAYMENT,jpm_fraud_payment,payment_transaction,FALSE,banking,synthetic_research
18/01/2042 22:46,0,MAKE-PAYMENT-1332124,JPMC-CLIENT-1332041,USA,671.83,CLIENT-1332062,MICRONESIA,MAKE-PAYMENT,jpm_fraud_payment,payment_transaction,FALSE,banking,synthetic_research
21/01/2042 12:46,0,MOVE-FUNDS-1338417,CLIENT-1338329,USA,586.56,JPMC-CLIENT-1338311,POLAND,MOVE-FUNDS,jpm_fraud_payment,payment_transaction,FALSE,banking,synthetic_research
23/01/2042 13:46,0,PAYMENT-1340590,JPMC-CLIENT-1340469,USA,72.4,BILL-COMPANY-1340591,NAURU,MAKE-PAYMENT,jpm_fraud_payment,payment_transaction,FALSE,banking,synthetic_research
23/01/2042 23:46,0,PAY-BILL-1332456,JPMC-CLIENT-1332353,USA,324.57,COMPANY-1332356,FIJI,MAKE-PAYMENT,jpm_fraud_payment,payment_transaction,FALSE,banking,synthetic_research
24/01/2042 21:46,0,MOVE-FUNDS-1337081,COMPANY-1336997,GERMANY,2000.19,JPMC-CLIENT-1336993,USA,MOVE-FUNDS,jpm_fraud_payment,payment_transaction,FALSE,banking,synthetic_research
26/01/2042 23:26,0,QUICK-DEPOSIT-1333642,,,617.99,JPMC-CLIENT-1333528,USA,DEPOSIT-CASH,jpm_fraud_payment,payment_transaction,FALSE,banking,synthetic_research
27/01/2042 14:46,0,MOVE-FUNDS-1333050,JPMC-CLIENT-1332913,USA,514.63,BILL-COMPANY-1333032,BOTSWANA,MOVE-FUNDS,jpm_fraud_payment,payment_transaction,FALSE,banking,synthetic_research
28/01/2042 10:56,0,PAY-CHECK-1337102,JPMC-CLIENT-1336993,USA,100.17,BILL-COMPANY-1337090,GUADELOUPE,PAY-CHECK,jpm_fraud_payment,payment_transaction,FALSE,banking,synthetic_research
03/02/2042 15:56,0,PAYMENT-1339045,JPMC-CLIENT-1338873,USA,29.48,BILL-COMPANY-1339046,USA,MAKE-PAYMENT,jpm_fraud_payment,payment_transaction,FALSE,banking,synthetic_research
08/02/2042 2:36,0,PAYMENT-1337683,JPMC-CLIENT-1337518,USA,63.54,BILL-COMPANY-1337684,CHINA,MAKE-PAYMENT,jpm_fraud_payment,payment_transaction,FALSE,banking,synthetic_research
08/02/2042 18:56,0,QUICK-DEPOSIT-1338515,,,618.69,JPMC-CLIENT-1338311,POLAND,DEPOSIT-CASH,jpm_fraud_payment,payment_transaction,FALSE,banking,synthetic_research
09/02/2042 12:16,0,CASH-CHECK-1337407,,,564.15,JPMC-CLIENT-1337253,USA,DEPOSIT-CHECK,jpm_fraud_payment,payment_transaction,FALSE,banking,synthetic_research
14/02/2042 22:46,0,QUICK-PAYMENT-1331425,JPMC-CLIENT-1331183,CANADA,395.44,JPMC-CLIENT-1331181,USA,QUICK-PAYMENT,jpm_fraud_payment,payment_transaction,FALSE,banking,synthetic_research
15/02/2042 15:06,0,QUICK-PAYMENT-1337182,JPMC-CLIENT-1336993,USA,123.74,BILL-COMPANY-1337084,USA,QUICK-PAYMENT,jpm_fraud_payment,payment_transaction,FALSE,banking,synthetic_research
18/02/2042 11:36,0,EXCHANGE-1341008,JPMC-CLIENT-1340747,USA,372.71,,,EXCHANGE,jpm_fraud_payment,payment_transaction,FALSE,banking,synthetic_research
05/03/2042 20:46,0,EXCHANGE-1345850,JPMC-CLIENT-1345824,USA,592.05,,,EXCHANGE,jpm_fraud_payment,payment_transaction,FALSE,banking,synthetic_research
10/03/2042 11:26,0,QUICK-PAYMENT-1346453,JPMC-CLIENT-1346399,USA,213.56,CLIENT-1346417,USA,QUICK-PAYMENT,jpm_fraud_payment,payment_transaction,FALSE,banking,synthetic_research
11/03/2042 12:06,0,QUICK-DEPOSIT-1342787,,,100.42,JPMC-CLIENT-1342728,USA,DEPOSIT-CASH,jpm_fraud_payment,payment_transaction,FALSE,banking,synthetic_research
12/03/2042 22:36,0,PAY-CHECK-1343400,JPMC-CLIENT-1343346,USA,287.35,JPMC-CLIENT-1343348,CANADA,PAY-CHECK,jpm_fraud_payment,payment_transaction,FALSE,banking,synthetic_research
16/03/2042 12:16,0,QUICK-PAYMENT-1344370,JPMC-CLIENT-1344292,USA,128.12,CLIENT-1344311,WESTERN-SAHARA,QUICK-PAYMENT,jpm_fraud_payment,payment_transaction,FALSE,banking,synthetic_research
18/03/2042 1:06,0,MOVE-FUNDS-1343121,JPMC-CLIENT-1343037,USA,961.15,JPMC-CLIENT-1343039,CANADA,MOVE-FUNDS,jpm_fraud_payment,payment_transaction,FALSE,banking,synthetic_research
21/03/2042 2:26,0,WITHDRAWAL-1342832,JPMC-CLIENT-1342728,USA,743.73,,,EXCHANGE,jpm_fraud_payment,payment_transaction,FALSE,banking,synthetic_research
22/03/2042 15:06,0,PAY-BILL-1342528,JPMC-CLIENT-1342416,USA,757.81,BILL-COMPANY-1342459,USA,MAKE-PAYMENT,jpm_fraud_payment,payment_transaction,FALSE,banking,synthetic_research
24/03/2042 2:16,0,QUICK-DEPOSIT-1347494,,,473.31,JPMC-CLIENT-1347380,UKRAINE,DEPOSIT-CASH,jpm_fraud_payment,payment_transaction,FALSE,banking,synthetic_research
24/03/2042 2:56,0,PAYMENT-1341990,JPMC-CLIENT-1341868,USA,92.24,BILL-COMPANY-1341991,IRELAND,MAKE-PAYMENT,jpm_fraud_payment,payment_transaction,FALSE,banking,synthetic_research
28/03/2042 4:06,0,QUICK-PAYMENT-1348964,CLIENT-1348851,CHRISTMAS-ISLAND,100.38,JPMC-CLIENT-1348833,USA,QUICK-PAYMENT,jpm_fraud_payment,payment_transaction,FALSE,banking,synthetic_research
29/03/2042 18:06,0,PAYMENT-1342561,JPMC-CLIENT-1342416,USA,67.96,BILL-COMPANY-1342562,USA,MAKE-PAYMENT,jpm_fraud_payment,payment_transaction,FALSE,banking,synthetic_research
30/03/2042 16:56,0,PAYMENT-1346264,JPMC-CLIENT-1346117,USA,91.27,BILL-COMPANY-1346265,MARTINIQUE,MAKE-PAYMENT,jpm_fraud_payment,payment_transaction,FALSE,banking,synthetic_research
31/03/2042 17:06,0,PAYMENT-1345510,JPMC-CLIENT-1345360,USA,27.37,BILL-COMPANY-1345511,ECUADOR,MAKE-PAYMENT,jpm_fraud_payment,payment_transaction,FALSE,banking,synthetic_research
04/04/2042 21:06,0,MOVE-FUNDS-1343224,JPMC-CLIENT-1343037,USA,196.9,CLIENT-1343173,BAHAMAS,MOVE-FUNDS,jpm_fraud_payment,payment_transaction,FALSE,banking,synthetic_research
18/04/2042 20:46,0,PAYMENT-1344798,JPMC-CLIENT-1344579,ROMANIA,22.87,BILL-COMPANY-1344799,MACAU,MAKE-PAYMENT,jpm_fraud_payment,payment_transaction,FALSE,banking,synthetic_research
23/04/2042 23:56,0,QUICK-PAYMENT-1347074,JPMC-CLIENT-1346815,USA,984.66,JPMC-CLIENT-1346818,USA,QUICK-PAYMENT,jpm_fraud_payment,payment_transaction,FALSE,banking,synthetic_research
02/05/2042 0:56,0,MAKE-PAYMENT-1360228,JPMC-CLIENT-1360196,USA,429.49,CLIENT-1360199,CANADA,MAKE-PAYMENT,jpm_fraud_payment,payment_transaction,FALSE,banking,synthetic_research
03/05/2042 1:46,0,PAYMENT-1350045,JPMC-CLIENT-1350009,USA,400.11,CLIENT-1350011,CANADA,MAKE-PAYMENT,jpm_fraud_payment,payment_transaction,FALSE,banking,synthetic_research
05/05/2042 2:16,0,QUICK-PAYMENT-1354909,JPMC-CLIENT-1354857,USA,278.69,COMPANY-1354865,SWEDEN,QUICK-PAYMENT,jpm_fraud_payment,payment_transaction,FALSE,banking,synthetic_research
07/05/2042 2:16,0,QUICK-PAYMENT-1359106,CLIENT-1359070,PARAGUAY,100.66,JPMC-CLIENT-1359052,USA,QUICK-PAYMENT,jpm_fraud_payment,payment_transaction,FALSE,banking,synthetic_research
09/05/2042 15:56,0,QUICK-DEPOSIT-1350643,,,910.69,JPMC-CLIENT-1350568,USA,DEPOSIT-CASH,jpm_fraud_payment,payment_transaction,FALSE,banking,synthetic_research
09/05/2042 16:16,0,WITHDRAWAL-1352773,JPMC-CLIENT-1352697,USA,463.27,,,WITHDRAWAL,jpm_fraud_payment,payment_transaction,FALSE,banking,synthetic_research
12/05/2042 16:36,0,DEPOSIT-CASH-1356175,,,427.65,JPMC-CLIENT-1356089,USA,DEPOSIT-CASH,jpm_fraud_payment,payment_transaction,FALSE,banking,synthetic_research
20/05/2042 5:46,0,QUICK-PAYMENT-1351737,JPMC-CLIENT-1351624,USA,630.44,CLIENT-1351626,FRENCH-GUIANA,QUICK-PAYMENT,jpm_fraud_payment,payment_transaction,FALSE,banking,synthetic_research
27/05/2042 9:06,0,CASH-CHECK-1357982,JPMC-CLIENT-1357821,USA,979.66,,,EXCHANGE,jpm_fraud_payment,payment_transaction,FALSE,banking,synthetic_research
02/06/2042 0:26,0,PAY-BILL-1360131,JPMC-CLIENT-1359926,TANZANIA,690.03,COMPANY-1359930,JERSEY,MAKE-PAYMENT,jpm_fraud_payment,payment_transaction,FALSE,banking,synthetic_research
03/06/2042 23:26,0,PAYMENT-1352894,JPMC-CLIENT-1352697,USA,64.29,BILL-COMPANY-1352895,USA,MAKE-PAYMENT,jpm_fraud_payment,payment_transaction,FALSE,banking,synthetic_research
05/06/2042 23:56,0,WITHDRAWAL-1353745,JPMC-CLIENT-1353533,USA,955.19,,,WITHDRAWAL,jpm_fraud_payment,payment_transaction,FALSE,banking,synthetic_research
09/06/2042 22:36,0,WITHDRAWAL-1358314,JPMC-CLIENT-1358103,USA,443.73,,,WITHDRAWAL,jpm_fraud_payment,payment_transaction,FALSE,banking,synthetic_research
15/06/2042 0:06,0,QUICK-PAYMENT-1358341,JPMC-CLIENT-1358103,BONAIRE,655.36,JPMC-COMPANY-1358109,USA,QUICK-PAYMENT,jpm_fraud_payment,payment_transaction,FALSE,banking,synthetic_research
28/06/2042 13:56,0,CASH-CHECK-1364260,,,483.84,JPMC-CLIENT-1364235,USA,DEPOSIT-CHECK,jpm_fraud_payment,payment_transaction,FALSE,banking,synthetic_research
29/06/2042 3:26,0,PAY-BILL-1362869,JPMC-CLIENT-1362834,USA,110.11,JPMC-COMPANY-1362839,USA,MAKE-PAYMENT,jpm_fraud_payment,payment_transaction,FALSE,banking,synthetic_research
01/07/2042 2:56,0,PAY-BILL-1362124,JPMC-CLIENT-1362092,USA,340.99,COMPANY-1362098,USA,MAKE-PAYMENT,jpm_fraud_payment,payment_transaction,FALSE,banking,synthetic_research
04/07/2042 15:16,0,MOVE-FUNDS-1364851,JPMC-CLIENT-1364803,USA,397.48,CLIENT-1364805,CANADA,MOVE-FUNDS,jpm_fraud_payment,payment_transaction,FALSE,banking,synthetic_research
06/07/2042 16:06,0,WITHDRAWAL-1367351,JPMC-CLIENT-1367294,USA,283.39,,,WITHDRAWAL,jpm_fraud_payment,payment_transaction,FALSE,banking,synthetic_research
07/07/2042 4:46,0,WITHDRAWAL-1362730,JPMC-CLIENT-1362659,USA,586.97,,,WITHDRAWAL,jpm_fraud_payment,payment_transaction,FALSE,banking,synthetic_research
12/07/2042 17:26,0,PAY-CHECK-1365694,JPMC-CLIENT-1365609,COCOS-KEELING-IS,216.9,BILL-COMPANY-1365680,TUVALU,PAY-CHECK,jpm_fraud_payment,payment_transaction,FALSE,banking,synthetic_research
25/07/2042 9:26,0,PAY-CHECK-1370731,CLIENT-1370578,SURINAME,459.15,JPMC-CLIENT-1370576,USA,PAY-CHECK,jpm_fraud_payment,payment_transaction,FALSE,banking,synthetic_research
31/07/2042 11:26,0,WITHDRAWAL-1368826,JPMC-CLIENT-1368637,SENEGAL,709.74,,,WITHDRAWAL,jpm_fraud_payment,payment_transaction,FALSE,banking,synthetic_research
04/08/2042 2:56,0,WITHDRAWAL-1363058,JPMC-CLIENT-1362834,USA,135.16,,,EXCHANGE,jpm_fraud_payment,payment_transaction,FALSE,banking,synthetic_research
07/08/2042 2:46,0,QUICK-PAYMENT-1368871,JPMC-CLIENT-1368637,USA,671.23,CLIENT-1368639,USA,QUICK-PAYMENT,jpm_fraud_payment,payment_transaction,FALSE,banking,synthetic_research
10/08/2042 5:46,0,QUICK-PAYMENT-1371429,JPMC-CLIENT-1371171,USA,100.06,CLIENT-1371173,USA,QUICK-PAYMENT,jpm_fraud_payment,payment_transaction,FALSE,banking,synthetic_research
11/08/2042 13:46,0,CASH-CHECK-1362604,JPMC-CLIENT-1362373,USA,544.01,,,WITHDRAWAL,jpm_fraud_payment,payment_transaction,FALSE,banking,synthetic_research
12/08/2042 5:36,0,PAY-BILL-1369155,JPMC-CLIENT-1368897,USA,208.06,BILL-COMPANY-1369147,USA,MAKE-PAYMENT,jpm_fraud_payment,payment_transaction,FALSE,banking,synthetic_research
12/08/2042 5:46,0,PAY-CHECK-1365307,JPMC-CLIENT-1365041,USA,926.82,BILL-COMPANY-1365161,BHUTAN,PAY-CHECK,jpm_fraud_payment,payment_transaction,FALSE,banking,synthetic_research
16/08/2042 3:36,0,PAY-CHECK-1367611,JPMC-CLIENT-1367354,USA,171.78,CLIENT-1367372,JAMAICA,PAY-CHECK,jpm_fraud_payment,payment_transaction,FALSE,banking,synthetic_research
23/08/2042 15:46,0,MAKE-PAYMENT-1380576,CLIENT-1380561,CANADA,100.29,JPMC-CLIENT-1380559,USA,MAKE-PAYMENT,jpm_fraud_payment,payment_transaction,FALSE,banking,synthetic_research
29/08/2042 17:36,0,QUICK-PAYMENT-1379453,CLIENT-1379419,USA,100.07,JPMC-CLIENT-1379401,USA,QUICK-PAYMENT,jpm_fraud_payment,payment_transaction,FALSE,banking,synthetic_research
30/08/2042 4:36,0,PAYMENT-1375881,JPMC-CLIENT-1375840,USA,400.76,JPMC-CLIENT-1375841,CANADA,MAKE-PAYMENT,jpm_fraud_payment,payment_transaction,FALSE,banking,synthetic_research
30/08/2042 20:26,0,PAYMENT-1380627,JPMC-CLIENT-1380559,USA,22.68,BILL-COMPANY-1380628,USA,MAKE-PAYMENT,jpm_fraud_payment,payment_transaction,FALSE,banking,synthetic_research
07/09/2042 8:06,0,QUICK-DEPOSIT-1380373,,,749.47,JPMC-CLIENT-1380287,USA,DEPOSIT-CASH,jpm_fraud_payment,payment_transaction,FALSE,banking,synthetic_research
11/09/2042 22:36,0,PAYMENT-1373638,JPMC-CLIENT-1373515,USA,47.15,BILL-COMPANY-1373639,LESOTHO,MAKE-PAYMENT,jpm_fraud_payment,payment_transaction,FALSE,banking,synthetic_research
13/09/2042 10:46,0,WITHDRAWAL-1375402,JPMC-CLIENT-1375273,USA,680.7,,,EXCHANGE,jpm_fraud_payment,payment_transaction,FALSE,banking,synthetic_research
19/09/2042 13:36,0,WITHDRAWAL-1382406,JPMC-CLIENT-1382245,USA,100.98,,,EXCHANGE,jpm_fraud_payment,payment_transaction,FALSE,banking,synthetic_research
27/09/2042 9:36,0,QUICK-PAYMENT-1372909,CLIENT-1372662,CURACAO,590.65,JPMC-CLIENT-1372661,USA,QUICK-PAYMENT,jpm_fraud_payment,payment_transaction,FALSE,banking,synthetic_research
30/09/2042 6:16,0,PAYMENT-1378749,JPMC-CLIENT-1378522,USA,85.59,BILL-COMPANY-1378750,NEPAL,MAKE-PAYMENT,jpm_fraud_payment,payment_transaction,FALSE,banking,synthetic_research
30/09/2042 23:46,0,PAYMENT-1372939,JPMC-CLIENT-1372661,USA,12.59,BILL-COMPANY-1372940,NORTH-KOREA,MAKE-PAYMENT,jpm_fraud_payment,payment_transaction,FALSE,banking,synthetic_research
01/10/2042 17:56,0,QUICK-PAYMENT-1375790,BILL-COMPANY-1375682,USA,978.44,JPMC-CLIENT-1375557,USA,QUICK-PAYMENT,jpm_fraud_payment,payment_transaction,FALSE,banking,synthetic_research
02/10/2042 6:16,0,EXCHANGE-1377131,JPMC-CLIENT-1376890,USA,919.78,,,EXCHANGE,jpm_fraud_payment,payment_transaction,FALSE,banking,synthetic_research
08/10/2042 8:06,0,CASH-CHECK-1378042,,,447.36,JPMC-CLIENT-1377772,USA,DEPOSIT-CHECK,jpm_fraud_payment,payment_transaction,FALSE,banking,synthetic_research
20/10/2042 20:26,0,PAYMENT-1386497,JPMC-CLIENT-1386458,USA,400.66,JPMC-CLIENT-1386459,CANADA,MAKE-PAYMENT,jpm_fraud_payment,payment_transaction,FALSE,banking,synthetic_research
22/10/2042 8:46,1,QUICK-PAYMENT-1391572,JPMC-CLIENT-1391529,USA,920.48,JPMC-CLIENT-1391531,FINLAND,QUICK-PAYMENT,jpm_fraud_payment,payment_transaction,TRUE,banking,synthetic_research
22/10/2042 20:06,0,PAYMENT-1383103,JPMC-CLIENT-1383059,USA,27.03,BILL-COMPANY-1383104,LIBYA,MAKE-PAYMENT,jpm_fraud_payment,payment_transaction,FALSE,banking,synthetic_research
24/10/2042 7:46,0,PAYMENT-1384283,JPMC-CLIENT-1384242,USA,400.29,JPMC-CLIENT-1384243,CANADA,MAKE-PAYMENT,jpm_fraud_payment,payment_transaction,FALSE,banking,synthetic_research
27/10/2042 10:56,0,MAKE-PAYMENT-1389077,JPMC-CLIENT-1389001,USA,934.48,CLIENT-1389003,CANADA,MAKE-PAYMENT,jpm_fraud_payment,payment_transaction,FALSE,banking,synthetic_research
27/10/2042 10:56,0,CASH-CHECK-1386535,JPMC-CLIENT-1386458,USA,344.06,,,WITHDRAWAL,jpm_fraud_payment,payment_transaction,FALSE,banking,synthetic_research
30/10/2042 9:46,0,EXCHANGE-1392483,JPMC-CLIENT-1392400,USA,388.76,,,WITHDRAWAL,jpm_fraud_payment,payment_transaction,FALSE,banking,synthetic_research
02/11/2042 9:56,0,PAYMENT-1387425,JPMC-CLIENT-1387328,USA,8.75,BILL-COMPANY-1387426,USA,MAKE-PAYMENT,jpm_fraud_payment,payment_transaction,FALSE,banking,synthetic_research
02/11/2042 20:36,0,CASH-CHECK-1385195,JPMC-CLIENT-1385113,USA,331.29,,,EXCHANGE,jpm_fraud_payment,payment_transaction,FALSE,banking,synthetic_research
07/11/2042 0:46,0,PAYMENT-1383770,JPMC-CLIENT-1383650,USA,38.07,BILL-COMPANY-1383771,USA,MAKE-PAYMENT,jpm_fraud_payment,payment_transaction,FALSE,banking,synthetic_research
07/11/2042 0:56,0,PAY-CHECK-1392529,JPMC-CLIENT-1392400,USA,177.65,CLIENT-1392418,USA,PAY-CHECK,jpm_fraud_payment,payment_transaction,FALSE,banking,synthetic_research
17/11/2042 12:36,0,PAYMENT-1390304,JPMC-CLIENT-1390154,USA,25.46,BILL-COMPANY-1390305,USA,MAKE-PAYMENT,jpm_fraud_payment,payment_transaction,FALSE,banking,synthetic_research
17/11/2042 13:06,0,PAY-CHECK-1393214,CLIENT-1393082,USA,783.37,JPMC-CLIENT-1393055,USA,PAY-CHECK,jpm_fraud_payment,payment_transaction,FALSE,banking,synthetic_research
26/11/2042 4:16,0,DEPOSIT-CASH-1390079,,,181.77,JPMC-CLIENT-1389875,USA,DEPOSIT-CASH,jpm_fraud_payment,payment_transaction,FALSE,banking,synthetic_research
28/11/2042 20:26,0,PAY-BILL-1387009,JPMC-CLIENT-1386765,USA,107.98,BILL-COMPANY-1386969,USA,MAKE-PAYMENT,jpm_fraud_payment,payment_transaction,FALSE,banking,synthetic_research
29/11/2042 5:26,0,WITHDRAWAL-1383569,JPMC-CLIENT-1383344,USA,499.14,,,EXCHANGE,jpm_fraud_payment,payment_transaction,FALSE,banking,synthetic_research
30/11/2042 16:06,0,QUICK-PAYMENT-1393270,CLIENT-1393082,USA,935.92,JPMC-CLIENT-1393055,USA,QUICK-PAYMENT,jpm_fraud_payment,payment_transaction,FALSE,banking,synthetic_research
04/12/2042 4:46,0,PAY-CHECK-1384629,JPMC-CLIENT-1384399,USA,384.64,BILL-COMPANY-1384563,USA,PAY-CHECK,jpm_fraud_payment,payment_transaction,FALSE,banking,synthetic_research
17/12/2042 7:06,0,PAY-CHECK-1399796,CLIENT-1399773,CANADA,461.48,JPMC-CLIENT-1399771,USA,PAY-CHECK,jpm_fraud_payment,payment_transaction,FALSE,banking,synthetic_research
19/12/2042 19:46,1,DEPOSIT-CASH-1396715,,,151.3,JPMC-CLIENT-1396680,USA,DEPOSIT-CASH,jpm_fraud_payment,payment_transaction,TRUE,banking,synthetic_research
23/12/2042 22:36,0,MOVE-FUNDS-1398463,JPMC-COMPANY-1398403,GERMANY,2000.01,JPMC-CLIENT-1398397,USA,MOVE-FUNDS,jpm_fraud_payment,payment_transaction,FALSE,banking,synthetic_research
24/12/2042 22:26,0,PAYMENT-1403664,JPMC-CLIENT-1403602,USA,400.7,CLIENT-1403603,CANADA,MAKE-PAYMENT,jpm_fraud_payment,payment_transaction,FALSE,banking,synthetic_research
28/12/2042 23:56,0,PAY-BILL-1399867,JPMC-CLIENT-1399771,MALDIVES,233.05,BILL-COMPANY-1399840,LEBANON,MAKE-PAYMENT,jpm_fraud_payment,payment_transaction,FALSE,banking,synthetic_research
30/12/2042 11:16,0,PAYMENT-1395971,JPMC-CLIENT-1395869,USA,74,BILL-COMPANY-1395972,USA,MAKE-PAYMENT,jpm_fraud_payment,payment_transaction,FALSE,banking,synthetic_research
04/01/2043 5:56,0,PAYMENT-1399687,JPMC-CLIENT-1399535,USA,400.19,JPMC-CLIENT-1399536,CANADA,MAKE-PAYMENT,jpm_fraud_payment,payment_transaction,FALSE,banking,synthetic_research
20/01/2043 4:46,0,MAKE-PAYMENT-1404351,JPMC-CLIENT-1404165,USA,476.59,CLIENT-1404167,USA,MAKE-PAYMENT,jpm_fraud_payment,payment_transaction,FALSE,banking,synthetic_research
22/01/2043 17:56,0,WITHDRAWAL-1404370,JPMC-CLIENT-1404165,HONG-KONG,255.38,,,WITHDRAWAL,jpm_fraud_payment,payment_transaction,FALSE,banking,synthetic_research
24/01/2043 19:56,0,WITHDRAWAL-1395247,JPMC-CLIENT-1395020,COMOROS,924.26,,,WITHDRAWAL,jpm_fraud_payment,payment_transaction,FALSE,banking,synthetic_research
26/01/2043 11:46,0,PAY-BILL-1399228,JPMC-CLIENT-1398967,USA,173.65,BILL-COMPANY-1399162,LIBYA,MAKE-PAYMENT,jpm_fraud_payment,payment_transaction,FALSE,banking,synthetic_research
27/01/2043 8:46,0,QUICK-PAYMENT-1396116,CLIENT-1396086,SOMALIA,678.56,JPMC-CLIENT-1395869,USA,QUICK-PAYMENT,jpm_fraud_payment,payment_transaction,FALSE,banking,synthetic_research
03/02/2043 18:16,0,MAKE-PAYMENT-1402623,JPMC-CLIENT-1402379,USA,702.94,CLIENT-1402381,USA,MAKE-PAYMENT,jpm_fraud_payment,payment_transaction,FALSE,banking,synthetic_research
08/02/2043 7:16,0,PAY-BILL-1395560,JPMC-CLIENT-1395299,USA,477.24,BILL-COMPANY-1395342,USA,MAKE-PAYMENT,jpm_fraud_payment,payment_transaction,FALSE,banking,synthetic_research
18/02/2043 9:26,0,PAYMENT-1408770,JPMC-CLIENT-1408725,USA,78.56,BILL-COMPANY-1408771,USA,MAKE-PAYMENT,jpm_fraud_payment,payment_transaction,FALSE,banking,synthetic_research
23/02/2043 23:06,0,PAYMENT-1411321,JPMC-CLIENT-1411254,USA,27.9,BILL-COMPANY-1411322,AUSTRALIA,MAKE-PAYMENT,jpm_fraud_payment,payment_transaction,FALSE,banking,synthetic_research
24/02/2043 22:26,0,MOVE-FUNDS-1409659,JPMC-COMPANY-1409599,GERMANY,2000,JPMC-CLIENT-1409594,USA,MOVE-FUNDS,jpm_fraud_payment,payment_transaction,FALSE,banking,synthetic_research
25/02/2043 22:46,0,EXCHANGE-1410520,JPMC-CLIENT-1410445,USA,100.65,,,EXCHANGE,jpm_fraud_payment,payment_transaction,FALSE,banking,synthetic_research
26/02/2043 11:56,0,PAY-CHECK-1404870,JPMC-CLIENT-1404792,USA,321.81,CLIENT-1404793,CANADA,PAY-CHECK,jpm_fraud_payment,payment_transaction,FALSE,banking,synthetic_research
27/02/2043 12:16,0,PAYMENT-1406901,JPMC-CLIENT-1406816,USA,400.4,CLIENT-1406817,CANADA,MAKE-PAYMENT,jpm_fraud_payment,payment_transaction,FALSE,banking,synthetic_research
27/02/2043 13:56,0,PAYMENT-1409137,JPMC-CLIENT-1409035,USA,36.28,BILL-COMPANY-1409138,NIUE,MAKE-PAYMENT,jpm_fraud_payment,payment_transaction,FALSE,banking,synthetic_research
04/03/2043 1:36,0,QUICK-PAYMENT-1412392,CLIENT-1412285,CANADA,100.85,JPMC-CLIENT-1412283,LEBANON,QUICK-PAYMENT,jpm_fraud_payment,payment_transaction,FALSE,banking,synthetic_research
05/03/2043 1:56,0,QUICK-PAYMENT-1405181,JPMC-CLIENT-1405068,USA,562.2,JPMC-CLIENT-1405070,CANADA,QUICK-PAYMENT,jpm_fraud_payment,payment_transaction,FALSE,banking,synthetic_research
14/03/2043 17:46,0,QUICK-PAYMENT-1414921,JPMC-CLIENT-1414749,USA,301.07,CLIENT-1414898,USA,QUICK-PAYMENT,jpm_fraud_payment,payment_transaction,FALSE,banking,synthetic_research
15/03/2043 5:06,0,PAYMENT-1408613,JPMC-CLIENT-1408443,USA,67.07,BILL-COMPANY-1408614,NIGER,MAKE-PAYMENT,jpm_fraud_payment,payment_transaction,FALSE,banking,synthetic_research
18/03/2043 8:56,0,QUICK-PAYMENT-1414380,JPMC-CLIENT-1414175,FINLAND,605,COMPANY-1414181,FALKLAND-ISLANDS,QUICK-PAYMENT,jpm_fraud_payment,payment_transaction,FALSE,banking,synthetic_research
18/03/2043 15:46,0,PAYMENT-1406979,JPMC-CLIENT-1406816,CABO-VERDE,24.33,BILL-COMPANY-1406980,USA,MAKE-PAYMENT,jpm_fraud_payment,payment_transaction,FALSE,banking,synthetic_research
25/03/2043 9:36,0,DEPOSIT-CHECK-1414972,,,376.42,JPMC-CLIENT-1414749,USA,DEPOSIT-CHECK,jpm_fraud_payment,payment_transaction,FALSE,banking,synthetic_research
26/03/2043 12:46,0,QUICK-PAYMENT-1409281,JPMC-CLIENT-1409037,USA,713.75,JPMC-CLIENT-1409035,USA,QUICK-PAYMENT,jpm_fraud_payment,payment_transaction,FALSE,banking,synthetic_research
26/03/2043 21:46,0,PAYMENT-1412228,JPMC-CLIENT-1412002,USA,80.98,BILL-COMPANY-1412229,USA,MAKE-PAYMENT,jpm_fraud_payment,payment_transaction,FALSE,banking,synthetic_research
27/03/2043 10:36,0,CASH-CHECK-1413183,JPMC-CLIENT-1412948,USA,728.93,,,EXCHANGE,jpm_fraud_payment,payment_transaction,FALSE,banking,synthetic_research
29/03/2043 13:36,0,EXCHANGE-1406521,JPMC-CLIENT-1406260,USA,356.25,,,EXCHANGE,jpm_fraud_payment,payment_transaction,FALSE,banking,synthetic_research
01/04/2043 1:56,0,EXCHANGE-1405941,JPMC-CLIENT-1405658,USA,263.8,,,WITHDRAWAL,jpm_fraud_payment,payment_transaction,FALSE,banking,synthetic_research
12/04/2043 10:06,0,PAYMENT-1411813,JPMC-CLIENT-1411537,USA,14.15,BILL-COMPANY-1411814,GHANA,MAKE-PAYMENT,jpm_fraud_payment,payment_transaction,FALSE,banking,synthetic_research
13/04/2043 10:16,0,PAY-CHECK-1424137,JPMC-CLIENT-1424120,USA,799.17,JPMC-CLIENT-1424122,LIBERIA,PAY-CHECK,jpm_fraud_payment,payment_transaction,FALSE,banking,synthetic_research
13/04/2043 10:16,0,WITHDRAWAL-1420685,JPMC-CLIENT-1420664,USA,589.75,,,EXCHANGE,jpm_fraud_payment,payment_transaction,FALSE,banking,synthetic_research
15/04/2043 23:36,0,QUICK-PAYMENT-1423310,JPMC-COMPANY-1423281,USA,642.82,JPMC-CLIENT-1423273,ALBANIA,QUICK-PAYMENT,jpm_fraud_payment,payment_transaction,FALSE,banking,synthetic_research
16/04/2043 10:16,0,PAY-CHECK-1422782,JPMC-CLIENT-1422758,USA,533.14,JPMC-CLIENT-1422760,CANADA,PAY-CHECK,jpm_fraud_payment,payment_transaction,FALSE,banking,synthetic_research
16/04/2043 23:06,0,PAY-BILL-1420139,JPMC-CLIENT-1420106,USA,845.81,COMPANY-1420114,KENYA,MAKE-PAYMENT,jpm_fraud_payment,payment_transaction,FALSE,banking,synthetic_research
22/04/2043 1:46,0,PAYMENT-1415830,JPMC-CLIENT-1415769,USA,400.31,CLIENT-1415770,CANADA,MAKE-PAYMENT,jpm_fraud_payment,payment_transaction,FALSE,banking,synthetic_research
22/04/2043 14:26,0,PAYMENT-1417315,JPMC-CLIENT-1417244,USA,54.41,BILL-COMPANY-1417316,WALLIS-FUTUNA-IS,MAKE-PAYMENT,jpm_fraud_payment,payment_transaction,FALSE,banking,synthetic_research
23/04/2043 15:06,0,QUICK-DEPOSIT-1417327,,,100.79,JPMC-CLIENT-1417244,USA,DEPOSIT-CASH,jpm_fraud_payment,payment_transaction,FALSE,banking,synthetic_research
24/04/2043 0:26,0,QUICK-PAYMENT-1426228,CLIENT-1426187,USA,732.98,JPMC-CLIENT-1426168,USA,QUICK-PAYMENT,jpm_fraud_payment,payment_transaction,FALSE,banking,synthetic_research
27/04/2043 3:16,0,PAYMENT-1425391,JPMC-CLIENT-1425302,USA,13.46,BILL-COMPANY-1425392,TUVALU,MAKE-PAYMENT,jpm_fraud_payment,payment_transaction,FALSE,banking,synthetic_research
02/05/2043 3:56,0,QUICK-DEPOSIT-1420215,,,450.4,JPMC-CLIENT-1420106,USA,DEPOSIT-CASH,jpm_fraud_payment,payment_transaction,FALSE,banking,synthetic_research
07/05/2043 18:26,0,PAYMENT-1420253,JPMC-CLIENT-1420106,USA,21.04,BILL-COMPANY-1420254,TUVALU,MAKE-PAYMENT,jpm_fraud_payment,payment_transaction,FALSE,banking,synthetic_research
08/05/2043 4:36,0,QUICK-PAYMENT-1419653,JPMC-CLIENT-1419522,USA,783.46,CLIENT-1419542,USA,QUICK-PAYMENT,jpm_fraud_payment,payment_transaction,FALSE,banking,synthetic_research
08/05/2043 6:56,0,PAYMENT-1419388,JPMC-CLIENT-1419242,DOMINICAN-REPUBLIC,23.44,BILL-COMPANY-1419389,USA,MAKE-PAYMENT,jpm_fraud_payment,payment_transaction,FALSE,banking,synthetic_research
09/05/2043 7:16,0,WITHDRAWAL-1419398,JPMC-CLIENT-1419242,DOMINICAN-REPUBLIC,100.51,,,EXCHANGE,jpm_fraud_payment,payment_transaction,FALSE,banking,synthetic_research
14/05/2043 11:46,0,PAY-BILL-1425505,JPMC-CLIENT-1425302,USA,479.86,BILL-COMPANY-1425474,USA,MAKE-PAYMENT,jpm_fraud_payment,payment_transaction,FALSE,banking,synthetic_research
18/05/2043 22:46,0,PAY-BILL-1416852,JPMC-CLIENT-1416645,USA,112.65,BILL-COMPANY-1416762,EQUATORIAL-GUINEA,MAKE-PAYMENT,jpm_fraud_payment,payment_transaction,FALSE,banking,synthetic_research
19/05/2043 12:06,0,PAY-CHECK-1419459,JPMC-CLIENT-1419242,DOMINICAN-REPUBLIC,479.91,BILL-COMPANY-1419420,GUERNSEY,PAY-CHECK,jpm_fraud_payment,payment_transaction,FALSE,banking,synthetic_research
21/05/2043 9:26,0,PAYMENT-1420860,JPMC-CLIENT-1420664,USA,400.91,CLIENT-1420665,CANADA,MAKE-PAYMENT,jpm_fraud_payment,payment_transaction,FALSE,banking,synthetic_research
21/05/2043 10:26,0,DEPOSIT-CHECK-1420875,,,854.53,JPMC-CLIENT-1420664,URUGUAY,DEPOSIT-CHECK,jpm_fraud_payment,payment_transaction,FALSE,banking,synthetic_research
21/05/2043 21:36,0,QUICK-PAYMENT-1416288,JPMC-CLIENT-1416083,USA,746.68,JPMC-CLIENT-1416085,USA,QUICK-PAYMENT,jpm_fraud_payment,payment_transaction,FALSE,banking,synthetic_research
24/05/2043 2:26,0,PAYMENT-1425552,JPMC-CLIENT-1425302,USA,89.48,BILL-COMPANY-1425553,KUWAIT,MAKE-PAYMENT,jpm_fraud_payment,payment_transaction,FALSE,banking,synthetic_research
30/05/2043 0:16,0,CASH-CHECK-1425831,JPMC-CLIENT-1425581,USA,595.79,,,WITHDRAWAL,jpm_fraud_payment,payment_transaction,FALSE,banking,synthetic_research
13/06/2043 12:16,0,QUICK-DEPOSIT-1430762,,,337.49,JPMC-CLIENT-1430736,USA,DEPOSIT-CASH,jpm_fraud_payment,payment_transaction,FALSE,banking,synthetic_research
22/06/2043 3:46,0,PAY-CHECK-1429868,JPMC-CLIENT-1429793,USA,254.54,CLIENT-1429795,NETHERLANDS,PAY-CHECK,jpm_fraud_payment,payment_transaction,FALSE,banking,synthetic_research
23/06/2043 16:56,0,QUICK-DEPOSIT-1427795,,,416.42,JPMC-CLIENT-1427707,USA,DEPOSIT-CASH,jpm_fraud_payment,payment_transaction,FALSE,banking,synthetic_research
27/06/2043 4:56,0,MAKE-PAYMENT-1435381,JPMC-CLIENT-1435282,GABON,478.77,CLIENT-1435284,TRINIDAD-AND-TOBAGO,MAKE-PAYMENT,jpm_fraud_payment,payment_transaction,FALSE,banking,synthetic_research
29/06/2043 14:36,0,CASH-CHECK-1436511,JPMC-CLIENT-1436414,USA,551.29,,,WITHDRAWAL,jpm_fraud_payment,payment_transaction,FALSE,banking,synthetic_research
29/06/2043 17:26,0,MAKE-PAYMENT-1437083,JPMC-CLIENT-1436975,USA,448.23,CLIENT-1436977,CANADA,MAKE-PAYMENT,jpm_fraud_payment,payment_transaction,FALSE,banking,synthetic_research
05/07/2043 18:36,0,QUICK-PAYMENT-1431437,JPMC-CLIENT-1431303,USA,100.06,CLIENT-1431322,FRENCH-POLYNESIA,QUICK-PAYMENT,jpm_fraud_payment,payment_transaction,FALSE,banking,synthetic_research
07/07/2043 8:36,0,WITHDRAWAL-1427864,JPMC-CLIENT-1427707,USA,250.24,,,EXCHANGE,jpm_fraud_payment,payment_transaction,FALSE,banking,synthetic_research
09/07/2043 20:26,0,DEPOSIT-CASH-1429368,,,862.68,JPMC-CLIENT-1429208,USA,DEPOSIT-CASH,jpm_fraud_payment,payment_transaction,FALSE,banking,synthetic_research
10/07/2043 10:46,0,PAY-CHECK-1429668,JPMC-CLIENT-1429490,USA,135.25,BILL-COMPANY-1429586,USA,PAY-CHECK,jpm_fraud_payment,payment_transaction,FALSE,banking,synthetic_research
12/07/2043 6:56,0,PAY-CHECK-1431173,JPMC-CLIENT-1431016,USA,100.21,BILL-COMPANY-1431137,USA,PAY-CHECK,jpm_fraud_payment,payment_transaction,FALSE,banking,synthetic_research
12/07/2043 12:46,0,PAYMENT-1433487,JPMC-CLIENT-1433289,USA,56.56,BILL-COMPANY-1433488,USA,MAKE-PAYMENT,jpm_fraud_payment,payment_transaction,FALSE,banking,synthetic_research
12/07/2043 19:56,0,MOVE-FUNDS-1437399,JPMC-CLIENT-1437237,USA,585.38,BILL-COMPANY-1437331,USA,MOVE-FUNDS,jpm_fraud_payment,payment_transaction,FALSE,banking,synthetic_research
19/07/2043 12:16,0,CASH-CHECK-1436347,JPMC-CLIENT-1436130,USA,417.46,,,EXCHANGE,jpm_fraud_payment,payment_transaction,FALSE,banking,synthetic_research
23/07/2043 12:06,0,PAYMENT-1435502,JPMC-CLIENT-1435282,USA,54.96,BILL-COMPANY-1435503,USA,MAKE-PAYMENT,jpm_fraud_payment,payment_transaction,FALSE,banking,synthetic_research
29/07/2043 2:06,0,WITHDRAWAL-1432131,JPMC-CLIENT-1431876,USA,181.99,,,EXCHANGE,jpm_fraud_payment,payment_transaction,FALSE,banking,synthetic_research
30/07/2043 15:46,0,PAYMENT-1430373,JPMC-CLIENT-1430098,USA,26.39,BILL-COMPANY-1430374,USA,MAKE-PAYMENT,jpm_fraud_payment,payment_transaction,FALSE,banking,synthetic_research
08/08/2043 1:46,0,QUICK-DEPOSIT-1441391,,,232.35,JPMC-CLIENT-1441374,USA,DEPOSIT-CASH,jpm_fraud_payment,payment_transaction,FALSE,banking,synthetic_research
08/08/2043 1:46,0,QUICK-PAYMENT-1440133,JPMC-CLIENT-1440116,USA,983.31,CLIENT-1440134,PANAMA,QUICK-PAYMENT,jpm_fraud_payment,payment_transaction,FALSE,banking,synthetic_research
12/08/2043 14:46,0,PAY-CHECK-1440428,JPMC-CLIENT-1440392,USA,552.15,CLIENT-1440412,BAHRAIN,PAY-CHECK,jpm_fraud_payment,payment_transaction,FALSE,banking,synthetic_research
19/08/2043 18:46,0,WITHDRAWAL-1437902,JPMC-CLIENT-1437815,USA,801.72,,,WITHDRAWAL,jpm_fraud_payment,payment_transaction,FALSE,banking,synthetic_research
23/08/2043 9:26,0,PAYMENT-1445539,JPMC-CLIENT-1445426,USA,400.85,CLIENT-1445427,CANADA,MAKE-PAYMENT,jpm_fraud_payment,payment_transaction,FALSE,banking,synthetic_research
27/08/2043 19:16,0,PAY-CHECK-1443157,JPMC-CLIENT-1443048,USA,479.03,JPMC-CLIENT-1443050,CANADA,PAY-CHECK,jpm_fraud_payment,payment_transaction,FALSE,banking,synthetic_research
27/08/2043 20:16,0,PAYMENT-1442107,JPMC-CLIENT-1441979,USA,9.81,BILL-COMPANY-1442108,USA,MAKE-PAYMENT,jpm_fraud_payment,payment_transaction,FALSE,banking,synthetic_research
31/08/2043 19:16,0,PAYMENT-1446448,JPMC-CLIENT-1446331,USA,400.96,CLIENT-1446332,CANADA,MAKE-PAYMENT,jpm_fraud_payment,payment_transaction,FALSE,banking,synthetic_research
09/09/2043 22:46,0,PAYMENT-1437703,JPMC-CLIENT-1437538,USA,400.76,CLIENT-1437540,CANADA,MAKE-PAYMENT,jpm_fraud_payment,payment_transaction,FALSE,banking,synthetic_research
10/09/2043 12:06,0,MOVE-FUNDS-1442671,JPMC-CLIENT-1442481,USA,100.24,CLIENT-1442482,USA,MOVE-FUNDS,jpm_fraud_payment,payment_transaction,FALSE,banking,synthetic_research
16/09/2043 12:46,0,PAY-CHECK-1438310,JPMC-CLIENT-1438101,USA,100.71,BILL-COMPANY-1438141,ESTONIA,PAY-CHECK,jpm_fraud_payment,payment_transaction,FALSE,banking,synthetic_research
19/09/2043 2:26,0,PAYMENT-1441110,JPMC-CLIENT-1440888,USA,47.97,BILL-COMPANY-1441111,LEBANON,MAKE-PAYMENT,jpm_fraud_payment,payment_transaction,FALSE,banking,synthetic_research
19/09/2043 5:36,0,PAYMENT-1444829,JPMC-CLIENT-1444583,USA,35.34,BILL-COMPANY-1444830,USA,MAKE-PAYMENT,jpm_fraud_payment,payment_transaction,FALSE,banking,synthetic_research
19/09/2043 7:26,0,CASH-CHECK-1438938,JPMC-CLIENT-1438672,CHRISTMAS-ISLAND,431.3,,,EXCHANGE,jpm_fraud_payment,payment_transaction,FALSE,banking,synthetic_research
29/09/2043 4:36,0,DEPOSIT-CHECK-1441157,,,240.54,JPMC-CLIENT-1440888,USA,DEPOSIT-CHECK,jpm_fraud_payment,payment_transaction,FALSE,banking,synthetic_research
05/10/2043 15:26,0,QUICK-PAYMENT-1454874,CLIENT-1454875,USA,909.06,JPMC-CLIENT-1454856,USA,QUICK-PAYMENT,jpm_fraud_payment,payment_transaction,FALSE,banking,synthetic_research
06/10/2043 15:36,0,MOVE-FUNDS-1453086,JPMC-CLIENT-1453064,USA,661.22,CLIENT-1453082,USA,MOVE-FUNDS,jpm_fraud_payment,payment_transaction,FALSE,banking,synthetic_research
13/10/2043 6:16,0,QUICK-DEPOSIT-1456392,,,733.12,JPMC-CLIENT-1456330,USA,DEPOSIT-CASH,jpm_fraud_payment,payment_transaction,FALSE,banking,synthetic_research
14/10/2043 8:06,0,QUICK-PAYMENT-1452471,JPMC-CLIENT-1452395,USA,124.92,CLIENT-1452397,CANADA,QUICK-PAYMENT,jpm_fraud_payment,payment_transaction,FALSE,banking,synthetic_research
15/10/2043 19:26,0,QUICK-DEPOSIT-1456101,,,761.1,JPMC-CLIENT-1456022,USA,DEPOSIT-CASH,jpm_fraud_payment,payment_transaction,FALSE,banking,synthetic_research
19/10/2043 9:16,0,WITHDRAWAL-1449104,JPMC-CLIENT-1449005,USA,578.52,,,EXCHANGE,jpm_fraud_payment,payment_transaction,FALSE,banking,synthetic_research
20/10/2043 19:16,0,QUICK-PAYMENT-1451906,JPMC-CLIENT-1451821,USA,360.01,CLIENT-1451841,USA,QUICK-PAYMENT,jpm_fraud_payment,payment_transaction,FALSE,banking,synthetic_research
25/10/2043 9:06,0,CASH-CHECK-1450283,JPMC-CLIENT-1450170,USA,100.39,,,WITHDRAWAL,jpm_fraud_payment,payment_transaction,FALSE,banking,synthetic_research
26/10/2043 10:26,0,MAKE-PAYMENT-1452237,JPMC-CLIENT-1452105,ALAND-ISLANDS,673.26,CLIENT-1452106,CANADA,MAKE-PAYMENT,jpm_fraud_payment,payment_transaction,FALSE,banking,synthetic_research
29/10/2043 23:56,0,WITHDRAWAL-1448575,JPMC-CLIENT-1448416,USA,869.47,,,EXCHANGE,jpm_fraud_payment,payment_transaction,FALSE,banking,synthetic_research
04/11/2043 1:46,0,PAY-CHECK-1452576,JPMC-CLIENT-1452395,USA,477.28,CLIENT-1452397,CANADA,PAY-CHECK,jpm_fraud_payment,payment_transaction,FALSE,banking,synthetic_research
11/11/2043 1:36,0,PAYMENT-1455366,JPMC-CLIENT-1455164,AFGHANISTAN,7.4,BILL-COMPANY-1455367,USA,MAKE-PAYMENT,jpm_fraud_payment,payment_transaction,FALSE,banking,synthetic_research
11/11/2043 15:06,0,QUICK-DEPOSIT-1455069,,,817.18,JPMC-CLIENT-1454856,USA,DEPOSIT-CASH,jpm_fraud_payment,payment_transaction,FALSE,banking,synthetic_research
17/11/2043 6:16,0,EXCHANGE-1453888,JPMC-CLIENT-1453631,USA,807.99,,,WITHDRAWAL,jpm_fraud_payment,payment_transaction,FALSE,banking,synthetic_research
21/11/2043 6:06,0,MOVE-FUNDS-1457428,JPMC-CLIENT-1457165,USA,286.53,BILL-COMPANY-1457236,LIBYA,MOVE-FUNDS,jpm_fraud_payment,payment_transaction,FALSE,banking,synthetic_research
22/11/2043 16:46,0,QUICK-PAYMENT-1451233,JPMC-CLIENT-1450964,USA,100.4,CLIENT-1450965,USA,QUICK-PAYMENT,jpm_fraud_payment,payment_transaction,FALSE,banking,synthetic_research
26/11/2043 4:16,0,MOVE-FUNDS-1450437,JPMC-CLIENT-1450170,USA,414.77,BILL-COMPANY-1450400,CENTRAL-AFRICAN-REPUBLIC,MOVE-FUNDS,jpm_fraud_payment,payment_transaction,FALSE,banking,synthetic_research
01/12/2043 5:36,1,MOVE-FUNDS-1462657,CLIENT-1462653,TIMOR-LESTE,752.75,JPMC-CLIENT-1462635,USA,MOVE-FUNDS,jpm_fraud_payment,payment_transaction,TRUE,banking,synthetic_research
01/12/2043 5:46,0,PAY-CHECK-1467066,JPMC-CLIENT-1467041,USA,100.17,CLIENT-1467059,MONGOLIA,PAY-CHECK,jpm_fraud_payment,payment_transaction,FALSE,banking,synthetic_research
01/12/2043 17:16,0,WITHDRAWAL-1459574,JPMC-CLIENT-1459545,USA,581.69,,,EXCHANGE,jpm_fraud_payment,payment_transaction,FALSE,banking,synthetic_research
04/12/2043 6:26,0,QUICK-PAYMENT-1458716,JPMC-CLIENT-1458670,USA,556.37,CLIENT-1458688,USA,QUICK-PAYMENT,jpm_fraud_payment,payment_transaction,FALSE,banking,synthetic_research
05/12/2043 17:56,0,CASH-CHECK-1460733,JPMC-CLIENT-1460697,USA,100.26,,,WITHDRAWAL,jpm_fraud_payment,payment_transaction,FALSE,banking,synthetic_research
06/12/2043 6:46,0,PAYMENT-1464193,JPMC-CLIENT-1464150,USA,76.21,BILL-COMPANY-1464194,USA,MAKE-PAYMENT,jpm_fraud_payment,payment_transaction,FALSE,banking,synthetic_research
08/12/2043 18:46,0,PAY-CHECK-1460750,JPMC-CLIENT-1460697,USA,403.6,CLIENT-1460715,USA,PAY-CHECK,jpm_fraud_payment,payment_transaction,FALSE,banking,synthetic_research
16/12/2043 21:56,0,QUICK-PAYMENT-1464817,JPMC-CLIENT-1464714,USA,462.18,CLIENT-1464716,SVALBARD,QUICK-PAYMENT,jpm_fraud_payment,payment_transaction,FALSE,banking,synthetic_research
22/12/2043 0:56,0,CASH-CHECK-1458805,JPMC-CLIENT-1458670,USA,510.61,,,EXCHANGE,jpm_fraud_payment,payment_transaction,FALSE,banking,synthetic_research
25/12/2043 16:06,0,WITHDRAWAL-1464319,JPMC-CLIENT-1464150,USA,690.07,,,WITHDRAWAL,jpm_fraud_payment,payment_transaction,FALSE,banking,synthetic_research
28/12/2043 0:36,0,MOVE-FUNDS-1458530,COMPANY-1458394,GERMANY,2000.93,JPMC-CLIENT-1458388,USA,MOVE-FUNDS,jpm_fraud_payment,payment_transaction,FALSE,banking,synthetic_research
28/12/2043 15:06,0,PAYMENT-1461152,JPMC-CLIENT-1460979,FEDERATION,32.4,BILL-COMPANY-1461153,USA,MAKE-PAYMENT,jpm_fraud_payment,payment_transaction,FALSE,banking,synthetic_research
31/12/2043 3:16,0,MAKE-PAYMENT-1458850,JPMC-CLIENT-1458670,DJIBOUTI,303.53,BILL-COMPANY-1458711,USA,MAKE-PAYMENT,jpm_fraud_payment,payment_transaction,FALSE,banking,synthetic_research
01/01/2044 2:16,0,MOVE-FUNDS-1465202,COMPANY-1465037,GERMANY,2000.08,JPMC-CLIENT-1465033,USA,MOVE-FUNDS,jpm_fraud_payment,payment_transaction,FALSE,banking,synthetic_research
01/01/2044 2:46,0,PAYMENT-1465492,JPMC-CLIENT-1465316,SPAIN,400.01,CLIENT-1465318,CANADA,MAKE-PAYMENT,jpm_fraud_payment,payment_transaction,FALSE,banking,synthetic_research
02/01/2044 17:56,0,PAYMENT-1460037,JPMC-CLIENT-1459834,USA,34.82,BILL-COMPANY-1460038,NEW-ZEALAND,MAKE-PAYMENT,jpm_fraud_payment,payment_transaction,FALSE,banking,synthetic_research
08/01/2044 3:06,0,MAKE-PAYMENT-1460316,JPMC-COMPANY-1460113,HEARD-ISLAND-AND-MCDONALD-ISLANDS,881.61,JPMC-CLIENT-1460110,TUVALU,MAKE-PAYMENT,jpm_fraud_payment,payment_transaction,FALSE,banking,synthetic_research
11/01/2044 16:46,0,MOVE-FUNDS-1468572,JPMC-CLIENT-1468355,USA,313.6,BILL-COMPANY-1468550,SINT-MAARTEN,MOVE-FUNDS,jpm_fraud_payment,payment_transaction,FALSE,banking,synthetic_research
14/01/2044 7:16,0,EXCHANGE-1459807,JPMC-CLIENT-1459545,USA,100.38,,,WITHDRAWAL,jpm_fraud_payment,payment_transaction,FALSE,banking,synthetic_research
18/01/2044 9:36,0,CASH-CHECK-1463472,JPMC-CLIENT-1463195,USA,813.83,,,EXCHANGE,jpm_fraud_payment,payment_transaction,FALSE,banking,synthetic_research
18/01/2044 20:56,0,MOVE-FUNDS-1462095,COMPANY-1461834,GERMANY,2000.77,JPMC-CLIENT-1461830,USA,MOVE-FUNDS,jpm_fraud_payment,payment_transaction,FALSE,banking,synthetic_research
20/01/2044 20:16,0,MAKE-PAYMENT-1467641,JPMC-CLIENT-1467372,USA,793.77,CLIENT-1467374,CANADA,MAKE-PAYMENT,jpm_fraud_payment,payment_transaction,FALSE,banking,synthetic_research
29/01/2044 19:06,0,MAKE-PAYMENT-1471753,JPMC-CLIENT-1471725,USA,434.22,CLIENT-1471727,USA,MAKE-PAYMENT,jpm_fraud_payment,payment_transaction,FALSE,banking,synthetic_research
30/01/2044 6:56,0,MOVE-FUNDS-1479212,JPMC-CLIENT-1479186,USA,694.87,COMPANY-1479188,BRUNEI,MOVE-FUNDS,jpm_fraud_payment,payment_transaction,FALSE,banking,synthetic_research
31/01/2044 9:36,0,PAY-BILL-1468958,JPMC-CLIENT-1468908,USA,460.21,COMPANY-1468915,FALKLAND-ISLANDS,MAKE-PAYMENT,jpm_fraud_payment,payment_transaction,FALSE,banking,synthetic_research
03/02/2044 20:56,0,MOVE-FUNDS-1470965,JPMC-CLIENT-1470912,USA,624.18,CLIENT-1470930,PORTUGAL,MOVE-FUNDS,jpm_fraud_payment,payment_transaction,FALSE,banking,synthetic_research
04/02/2044 8:26,0,QUICK-DEPOSIT-1473151,,,932.47,JPMC-CLIENT-1473102,USA,DEPOSIT-CASH,jpm_fraud_payment,payment_transaction,FALSE,banking,synthetic_research
12/02/2044 8:46,0,WITHDRAWAL-1476311,JPMC-CLIENT-1476233,USA,571.02,,,WITHDRAWAL,jpm_fraud_payment,payment_transaction,FALSE,banking,synthetic_research
12/02/2044 14:06,0,MOVE-FUNDS-1472402,COMPANY-1472292,GERMANY,2000.51,JPMC-CLIENT-1472288,USA,MOVE-FUNDS,jpm_fraud_payment,payment_transaction,FALSE,banking,synthetic_research
15/02/2044 9:56,0,QUICK-PAYMENT-1474066,JPMC-CLIENT-1473975,USA,100.01,COMPANY-1473983,MONACO,QUICK-PAYMENT,jpm_fraud_payment,payment_transaction,FALSE,banking,synthetic_research
21/02/2044 14:26,0,PAYMENT-1471051,JPMC-CLIENT-1470912,USA,400.19,JPMC-CLIENT-1470913,CANADA,MAKE-PAYMENT,jpm_fraud_payment,payment_transaction,FALSE,banking,synthetic_research
23/02/2044 5:36,0,PAYMENT-1474783,JPMC-CLIENT-1474617,USA,400.02,CLIENT-1474618,CANADA,MAKE-PAYMENT,jpm_fraud_payment,payment_transaction,FALSE,banking,synthetic_research
25/02/2044 4:36,0,PAY-BILL-1472465,JPMC-CLIENT-1472288,USA,315.25,BILL-COMPANY-1472327,LESOTHO,MAKE-PAYMENT,jpm_fraud_payment,payment_transaction,FALSE,banking,synthetic_research
28/02/2044 5:26,0,WITHDRAWAL-1477931,JPMC-CLIENT-1477747,USA,284.35,,,EXCHANGE,jpm_fraud_payment,payment_transaction,FALSE,banking,synthetic_research
29/02/2044 5:16,0,MOVE-FUNDS-1478808,JPMC-CLIENT-1478626,USA,787.72,CLIENT-1478629,CANADA,MOVE-FUNDS,jpm_fraud_payment,payment_transaction,FALSE,banking,synthetic_research
06/03/2044 6:16,0,QUICK-PAYMENT-1469688,JPMC-CLIENT-1469480,USA,522.48,BILL-COMPANY-1469544,USA,QUICK-PAYMENT,jpm_fraud_payment,payment_transaction,FALSE,banking,synthetic_research
06/03/2044 9:26,0,CASH-CHECK-1474850,,,171.06,JPMC-CLIENT-1474617,USA,DEPOSIT-CHECK,jpm_fraud_payment,payment_transaction,FALSE,banking,synthetic_research
07/03/2044 6:46,0,MOVE-FUNDS-1472501,CLIENT-1472306,GUAM,120.1,JPMC-CLIENT-1472288,USA,MOVE-FUNDS,jpm_fraud_payment,payment_transaction,FALSE,banking,synthetic_research
07/03/2044 16:36,0,DEPOSIT-CASH-1469968,,,981.44,JPMC-CLIENT-1469760,FAROE-ISLANDS,DEPOSIT-CASH,jpm_fraud_payment,payment_transaction,FALSE,banking,synthetic_research
07/03/2044 17:36,0,CASH-CHECK-1469974,,,463.22,JPMC-CLIENT-1469760,FAROE-ISLANDS,DEPOSIT-CHECK,jpm_fraud_payment,payment_transaction,FALSE,banking,synthetic_research
12/03/2044 8:36,0,WITHDRAWAL-1469436,JPMC-CLIENT-1469194,USA,126.37,,,WITHDRAWAL,jpm_fraud_payment,payment_transaction,FALSE,banking,synthetic_research
26/03/2044 23:16,0,QUICK-PAYMENT-1481981,COMPANY-1481955,USA,829.54,JPMC-CLIENT-1481949,USA,QUICK-PAYMENT,jpm_fraud_payment,payment_transaction,FALSE,banking,synthetic_research
29/03/2044 11:36,0,MOVE-FUNDS-1480981,JPMC-COMPANY-1480948,GERMANY,2000.02,JPMC-CLIENT-1480944,USA,MOVE-FUNDS,jpm_fraud_payment,payment_transaction,FALSE,banking,synthetic_research
30/03/2044 23:16,0,PAYMENT-1486673,JPMC-CLIENT-1486630,USA,50.46,BILL-COMPANY-1486674,CHILE,MAKE-PAYMENT,jpm_fraud_payment,payment_transaction,FALSE,banking,synthetic_research
31/03/2044 9:46,0,MOVE-FUNDS-1486093,JPMC-CLIENT-1486061,USA,322.61,CLIENT-1486079,USA,MOVE-FUNDS,jpm_fraud_payment,payment_transaction,FALSE,banking,synthetic_research
07/04/2044 2:16,0,QUICK-PAYMENT-1489645,CLIENT-1489580,BONAIRE,864.07,JPMC-CLIENT-1489561,USA,QUICK-PAYMENT,jpm_fraud_payment,payment_transaction,FALSE,banking,synthetic_research
07/04/2044 13:26,0,PAY-BILL-1488795,JPMC-CLIENT-1488716,USA,724.47,BILL-COMPANY-1488759,USA,MAKE-PAYMENT,jpm_fraud_payment,payment_transaction,FALSE,banking,synthetic_research
13/04/2044 15:46,0,PAY-CHECK-1490512,JPMC-CLIENT-1490400,USA,125.3,CLIENT-1490419,FALKLAND-ISLANDS,PAY-CHECK,jpm_fraud_payment,payment_transaction,FALSE,banking,synthetic_research
15/04/2044 1:26,0,MAKE-PAYMENT-1490781,JPMC-CLIENT-1490680,USA,512.59,CLIENT-1490682,CANADA,MAKE-PAYMENT,jpm_fraud_payment,payment_transaction,FALSE,banking,synthetic_research
15/04/2044 7:16,0,QUICK-PAYMENT-1482092,JPMC-CLIENT-1481949,USA,693.27,BILL-COMPANY-1481988,ARUBA,QUICK-PAYMENT,jpm_fraud_payment,payment_transaction,FALSE,banking,synthetic_research
17/04/2044 17:16,0,WITHDRAWAL-1481802,JPMC-CLIENT-1481665,USA,124.18,,,WITHDRAWAL,jpm_fraud_payment,payment_transaction,FALSE,banking,synthetic_research
22/04/2044 17:56,0,QUICK-PAYMENT-1485087,JPMC-CLIENT-1484933,USA,825.56,JPMC-CLIENT-1484935,CANADA,QUICK-PAYMENT,jpm_fraud_payment,payment_transaction,FALSE,banking,synthetic_research
23/04/2044 3:46,0,PAY-BILL-1487729,JPMC-CLIENT-1487594,USA,710.53,BILL-COMPANY-1487711,ALBANIA,MAKE-PAYMENT,jpm_fraud_payment,payment_transaction,FALSE,banking,synthetic_research
23/04/2044 18:46,0,MAKE-PAYMENT-1482863,JPMC-CLIENT-1482703,TONGA,503.1,BILL-COMPANY-1482846,USA,MAKE-PAYMENT,jpm_fraud_payment,payment_transaction,FALSE,banking,synthetic_research
27/04/2044 5:46,0,PAY-CHECK-1485945,CLIENT-1485781,MADAGASCAR,790.24,JPMC-CLIENT-1485779,USA,PAY-CHECK,jpm_fraud_payment,payment_transaction,FALSE,banking,synthetic_research
30/04/2044 8:46,0,QUICK-DEPOSIT-1483429,,,142.09,JPMC-CLIENT-1483238,USA,DEPOSIT-CASH,jpm_fraud_payment,payment_transaction,FALSE,banking,synthetic_research
01/05/2044 21:06,0,PAYMENT-1487140,JPMC-CLIENT-1486940,USA,13.57,BILL-COMPANY-1487141,USA,MAKE-PAYMENT,jpm_fraud_payment,payment_transaction,FALSE,banking,synthetic_research
02/05/2044 22:16,0,MOVE-FUNDS-1481574,JPMC-CLIENT-1481358,USA,386.32,JPMC-CLIENT-1481360,USA,MOVE-FUNDS,jpm_fraud_payment,payment_transaction,FALSE,banking,synthetic_research
20/05/2044 0:26,0,PAY-CHECK-1491547,JPMC-CLIENT-1491530,USA,828.46,CLIENT-1491548,USA,PAY-CHECK,jpm_fraud_payment,payment_transaction,FALSE,banking,synthetic_research
21/05/2044 0:46,0,PAY-BILL-1499118,JPMC-CLIENT-1499095,USA,100.93,COMPANY-1499098,USA,MAKE-PAYMENT,jpm_fraud_payment,payment_transaction,FALSE,banking,synthetic_research
21/05/2044 13:06,0,DEPOSIT-CASH-1492451,,,114.92,JPMC-CLIENT-1492424,USA,DEPOSIT-CASH,jpm_fraud_payment,payment_transaction,FALSE,banking,synthetic_research
22/05/2044 1:16,0,QUICK-PAYMENT-1494682,JPMC-CLIENT-1494655,USA,450.3,CLIENT-1494657,MACEDONIA,QUICK-PAYMENT,jpm_fraud_payment,payment_transaction,FALSE,banking,synthetic_research
22/05/2044 13:46,0,MOVE-FUNDS-1496117,JPMC-CLIENT-1496086,USA,783.76,CLIENT-1496088,CANADA,MOVE-FUNDS,jpm_fraud_payment,payment_transaction,FALSE,banking,synthetic_research
24/05/2044 2:16,0,PAYMENT-1496685,JPMC-CLIENT-1496648,USA,400.5,CLIENT-1496649,CANADA,MAKE-PAYMENT,jpm_fraud_payment,payment_transaction,FALSE,banking,synthetic_research
24/05/2044 2:26,0,PAYMENT-1493566,JPMC-CLIENT-1493524,USA,46.05,BILL-COMPANY-1493567,TANZANIA,MAKE-PAYMENT,jpm_fraud_payment,payment_transaction,FALSE,banking,synthetic_research
30/05/2044 15:06,0,MOVE-FUNDS-1499732,JPMC-COMPANY-1499677,GERMANY,2000.42,JPMC-CLIENT-1499672,USA,MOVE-FUNDS,jpm_fraud_payment,payment_transaction,FALSE,banking,synthetic_research
05/06/2044 5:56,0,QUICK-PAYMENT-1501474,JPMC-CLIENT-1501371,USA,513.49,JPMC-COMPANY-1501374,SAINT-BARTHELEMY,QUICK-PAYMENT,jpm_fraud_payment,payment_transaction,FALSE,banking,synthetic_research
05/06/2044 6:46,0,CASH-CHECK-1495325,,,155.82,JPMC-CLIENT-1495218,USA,DEPOSIT-CHECK,jpm_fraud_payment,payment_transaction,FALSE,banking,synthetic_research
08/06/2044 19:36,0,PAYMENT-1499217,JPMC-CLIENT-1499095,USA,24.94,BILL-COMPANY-1499218,USA,MAKE-PAYMENT,jpm_fraud_payment,payment_transaction,FALSE,banking,synthetic_research
09/06/2044 8:16,0,QUICK-PAYMENT-1492815,JPMC-CLIENT-1492685,USA,937.57,BILL-COMPANY-1492802,USA,QUICK-PAYMENT,jpm_fraud_payment,payment_transaction,FALSE,banking,synthetic_research
12/06/2044 10:06,0,QUICK-PAYMENT-1501529,JPMC-CLIENT-1501371,USA,418.2,BILL-COMPANY-1501417,USA,QUICK-PAYMENT,jpm_fraud_payment,payment_transaction,FALSE,banking,synthetic_research
12/06/2044 10:26,0,PAY-BILL-1501531,JPMC-CLIENT-1501371,ARMENIA,130.15,BILL-COMPANY-1501444,CAYMAN-ISLANDS,MAKE-PAYMENT,jpm_fraud_payment,payment_transaction,FALSE,banking,synthetic_research
14/06/2044 21:26,0,PAY-BILL-1493967,JPMC-CLIENT-1493806,USA,292.92,BILL-COMPANY-1493958,USA,MAKE-PAYMENT,jpm_fraud_payment,payment_transaction,FALSE,banking,synthetic_research
16/06/2044 19:26,0,PAYMENT-1491121,JPMC-CLIENT-1490977,USA,62.92,BILL-COMPANY-1491122,USA,MAKE-PAYMENT,jpm_fraud_payment,payment_transaction,FALSE,banking,synthetic_research
16/06/2044 21:26,0,QUICK-PAYMENT-1496527,CLIENT-1496386,USA,842.76,JPMC-CLIENT-1496367,USA,QUICK-PAYMENT,jpm_fraud_payment,payment_transaction,FALSE,banking,synthetic_research
20/06/2044 23:56,0,MOVE-FUNDS-1501566,JPMC-CLIENT-1501371,USA,513.52,CLIENT-1501389,IRAQ,MOVE-FUNDS,jpm_fraud_payment,payment_transaction,FALSE,banking,synthetic_research
21/06/2044 10:46,0,QUICK-PAYMENT-1496549,CLIENT-1496386,USA,300.75,JPMC-CLIENT-1496367,USA,QUICK-PAYMENT,jpm_fraud_payment,payment_transaction,FALSE,banking,synthetic_research
22/06/2044 8:36,0,MOVE-FUNDS-1500966,JPMC-COMPANY-1500805,GERMANY,2000.1,JPMC-CLIENT-1500801,USA,MOVE-FUNDS,jpm_fraud_payment,payment_transaction,FALSE,banking,synthetic_research
22/06/2044 11:36,0,PAYMENT-1494010,JPMC-CLIENT-1493806,USA,25.18,BILL-COMPANY-1494011,USA,MAKE-PAYMENT,jpm_fraud_payment,payment_transaction,FALSE,banking,synthetic_research
24/06/2044 0:46,0,PAY-CHECK-1497353,JPMC-CLIENT-1497147,USA,486.67,JPMC-CLIENT-1497149,CANADA,PAY-CHECK,jpm_fraud_payment,payment_transaction,FALSE,banking,synthetic_research
24/06/2044 0:56,0,PAY-BILL-1497576,JPMC-CLIENT-1497371,USA,100.56,COMPANY-1497374,CAMEROON,MAKE-PAYMENT,jpm_fraud_payment,payment_transaction,FALSE,banking,synthetic_research
25/06/2044 13:16,0,QUICK-PAYMENT-1498163,JPMC-CLIENT-1497952,USA,599.03,CLIENT-1497955,CANADA,QUICK-PAYMENT,jpm_fraud_payment,payment_transaction,FALSE,banking,synthetic_research
30/06/2044 0:26,0,DEPOSIT-CHECK-1493191,,,804.68,JPMC-CLIENT-1492965,USA,DEPOSIT-CHECK,jpm_fraud_payment,payment_transaction,FALSE,banking,synthetic_research
30/06/2044 2:36,0,PAY-BILL-1501619,JPMC-CLIENT-1501371,USA,222.26,BILL-COMPANY-1501517,ARUBA,MAKE-PAYMENT,jpm_fraud_payment,payment_transaction,FALSE,banking,synthetic_research
04/07/2044 2:16,0,PAY-BILL-1493765,JPMC-CLIENT-1493524,USA,754.49,BILL-COMPANY-1493727,USA,MAKE-PAYMENT,jpm_fraud_payment,payment_transaction,FALSE,banking,synthetic_research
05/07/2044 23:16,0,WITHDRAWAL-1498769,JPMC-CLIENT-1498533,UZBEKISTAN,799.67,,,WITHDRAWAL,jpm_fraud_payment,payment_transaction,FALSE,banking,synthetic_research
07/07/2044 3:46,0,PAY-CHECK-1494636,BILL-COMPANY-1494421,USA,899.91,JPMC-CLIENT-1494374,USA,PAY-CHECK,jpm_fraud_payment,payment_transaction,FALSE,banking,synthetic_research
17/07/2044 2:16,0,MOVE-FUNDS-1502892,JPMC-CLIENT-1502874,USA,712.02,JPMC-COMPANY-1502881,CANADA,MOVE-FUNDS,jpm_fraud_payment,payment_transaction,FALSE,banking,synthetic_research
22/07/2044 16:16,0,PAYMENT-1505319,JPMC-CLIENT-1505281,USA,400.63,CLIENT-1505282,CANADA,MAKE-PAYMENT,jpm_fraud_payment,payment_transaction,FALSE,banking,synthetic_research
23/07/2044 3:56,0,MOVE-FUNDS-1503813,COMPANY-1503779,GERMANY,2000.08,JPMC-CLIENT-1503774,USA,MOVE-FUNDS,jpm_fraud_payment,payment_transaction,FALSE,banking,synthetic_research
25/07/2044 6:46,0,PAY-CHECK-1505878,JPMC-CLIENT-1505801,USA,100.04,BILL-COMPANY-1505849,USA,PAY-CHECK,jpm_fraud_payment,payment_transaction,FALSE,banking,synthetic_research
26/07/2044 17:46,0,PAYMENT-1503842,JPMC-CLIENT-1503774,USA,34.46,BILL-COMPANY-1503843,USA,MAKE-PAYMENT,jpm_fraud_payment,payment_transaction,FALSE,banking,synthetic_research
01/08/2044 7:56,0,PAY-BILL-1508421,JPMC-CLIENT-1508320,USA,681.79,BILL-COMPANY-1508362,CHILE,MAKE-PAYMENT,jpm_fraud_payment,payment_transaction,FALSE,banking,synthetic_research
03/08/2044 9:36,0,PAYMENT-1505923,JPMC-CLIENT-1505801,USA,34.41,BILL-COMPANY-1505924,USA,MAKE-PAYMENT,jpm_fraud_payment,payment_transaction,FALSE,banking,synthetic_research
04/08/2044 20:26,0,CASH-CHECK-1509901,,,845.34,JPMC-CLIENT-1509786,USA,DEPOSIT-CHECK,jpm_fraud_payment,payment_transaction,FALSE,banking,synthetic_research
05/08/2044 19:36,0,PAY-BILL-1502422,JPMC-CLIENT-1502315,USA,135.01,BILL-COMPANY-1502381,USA,MAKE-PAYMENT,jpm_fraud_payment,payment_transaction,FALSE,banking,synthetic_research
18/08/2044 12:46,0,QUICK-DEPOSIT-1505755,,,405.63,JPMC-CLIENT-1505564,EGYPT,DEPOSIT-CASH,jpm_fraud_payment,payment_transaction,FALSE,banking,synthetic_research
20/08/2044 12:36,0,PAY-CHECK-1504899,JPMC-CLIENT-1504714,USA,100.6,JPMC-CLIENT-1504716,CANADA,PAY-CHECK,jpm_fraud_payment,payment_transaction,FALSE,banking,synthetic_research
25/08/2044 1:36,0,QUICK-DEPOSIT-1506946,,,147.71,JPMC-CLIENT-1506734,USA,DEPOSIT-CASH,jpm_fraud_payment,payment_transaction,FALSE,banking,synthetic_research
30/08/2044 13:36,0,PAYMENT-1504152,JPMC-CLIENT-1503927,WALLIS-FUTUNA-IS,76.71,BILL-COMPANY-1504153,USA,MAKE-PAYMENT,jpm_fraud_payment,payment_transaction,FALSE,banking,synthetic_research
12/09/2044 17:16,0,MAKE-PAYMENT-1512729,JPMC-CLIENT-1512704,USA,274.01,CLIENT-1512706,USA,MAKE-PAYMENT,jpm_fraud_payment,payment_transaction,FALSE,banking,synthetic_research
18/09/2044 6:06,0,QUICK-DEPOSIT-1512753,,,854.49,JPMC-CLIENT-1512704,USA,DEPOSIT-CASH,jpm_fraud_payment,payment_transaction,FALSE,banking,synthetic_research
18/09/2044 21:26,0,DEPOSIT-CASH-1518809,,,293.09,JPMC-CLIENT-1518731,USA,DEPOSIT-CASH,jpm_fraud_payment,payment_transaction,FALSE,banking,synthetic_research
24/09/2044 22:16,0,PAYMENT-1516051,JPMC-CLIENT-1515954,USA,3.14,BILL-COMPANY-1516052,VENEZUELA,MAKE-PAYMENT,jpm_fraud_payment,payment_transaction,FALSE,banking,synthetic_research
28/09/2044 8:46,0,PAY-CHECK-1513675,JPMC-CLIENT-1513576,USA,100.33,CLIENT-1513596,USA,PAY-CHECK,jpm_fraud_payment,payment_transaction,FALSE,banking,synthetic_research
30/09/2044 22:16,0,CASH-CHECK-1520999,JPMC-CLIENT-1520886,USA,177.39,,,WITHDRAWAL,jpm_fraud_payment,payment_transaction,FALSE,banking,synthetic_research
04/10/2044 10:26,0,DEPOSIT-CHECK-1514566,,,680.76,JPMC-CLIENT-1514441,SRI-LANKA,DEPOSIT-CHECK,jpm_fraud_payment,payment_transaction,FALSE,banking,synthetic_research
07/10/2044 2:56,0,WITHDRAWAL-1513463,JPMC-CLIENT-1513299,USA,808.48,,,WITHDRAWAL,jpm_fraud_payment,payment_transaction,FALSE,banking,synthetic_research
07/10/2044 12:26,0,MOVE-FUNDS-1518330,COMPANY-1518191,GERMANY,2000.62,JPMC-CLIENT-1518185,USA,MOVE-FUNDS,jpm_fraud_payment,payment_transaction,FALSE,banking,synthetic_research
08/10/2044 1:16,0,MAKE-PAYMENT-1514012,JPMC-CLIENT-1513857,USA,659.81,CLIENT-1513875,USA,MAKE-PAYMENT,jpm_fraud_payment,payment_transaction,FALSE,banking,synthetic_research
10/10/2044 15:56,0,QUICK-PAYMENT-1516441,JPMC-CLIENT-1516259,USA,100.66,BILL-COMPANY-1516429,USA,QUICK-PAYMENT,jpm_fraud_payment,payment_transaction,FALSE,banking,synthetic_research
15/10/2044 4:06,0,MOVE-FUNDS-1511677,JPMC-CLIENT-1511490,USA,869.03,CLIENT-1511498,ANGUILLA,MOVE-FUNDS,jpm_fraud_payment,payment_transaction,FALSE,banking,synthetic_research
17/10/2044 13:46,0,DEPOSIT-CASH-1518082,,,100.93,JPMC-CLIENT-1517898,USA,DEPOSIT-CASH,jpm_fraud_payment,payment_transaction,FALSE,banking,synthetic_research
19/10/2044 18:16,0,PAYMENT-1516486,JPMC-CLIENT-1516259,USA,85.02,BILL-COMPANY-1516487,USA,MAKE-PAYMENT,jpm_fraud_payment,payment_transaction,FALSE,banking,synthetic_research
20/10/2044 18:06,0,DEPOSIT-CHECK-1512929,,,100.98,JPMC-CLIENT-1512704,USA,DEPOSIT-CHECK,jpm_fraud_payment,payment_transaction,FALSE,banking,synthetic_research
26/10/2044 19:46,0,WITHDRAWAL-1513274,JPMC-CLIENT-1513019,USA,847.12,,,WITHDRAWAL,jpm_fraud_payment,payment_transaction,FALSE,banking,synthetic_research
16/11/2044 8:16,0,PAY-BILL-1521557,JPMC-CLIENT-1521506,USA,736.09,COMPANY-1521519,USA,MAKE-PAYMENT,jpm_fraud_payment,payment_transaction,FALSE,banking,synthetic_research
18/11/2044 6:36,0,QUICK-DEPOSIT-1523504,,,462.25,JPMC-CLIENT-1523451,USA,DEPOSIT-CASH,jpm_fraud_payment,payment_transaction,FALSE,banking,synthetic_research
20/11/2044 21:06,0,QUICK-PAYMENT-1530311,JPMC-CLIENT-1530229,THAILAND,100.8,JPMC-CLIENT-1530231,KUWAIT,QUICK-PAYMENT,jpm_fraud_payment,payment_transaction,FALSE,banking,synthetic_research
20/11/2044 21:56,0,WITHDRAWAL-1529690,JPMC-CLIENT-1529606,USA,725.6,,,EXCHANGE,jpm_fraud_payment,payment_transaction,FALSE,banking,synthetic_research
25/11/2044 1:16,0,MAKE-PAYMENT-1525770,JPMC-CLIENT-1525648,USA,380.52,CLIENT-1525649,CANADA,MAKE-PAYMENT,jpm_fraud_payment,payment_transaction,FALSE,banking,synthetic_research
27/11/2044 23:16,0,DEPOSIT-CASH-1527464,,,668.94,JPMC-CLIENT-1527353,USA,DEPOSIT-CASH,jpm_fraud_payment,payment_transaction,FALSE,banking,synthetic_research
28/11/2044 22:16,0,WITHDRAWAL-1524428,JPMC-CLIENT-1524324,USA,873.79,,,EXCHANGE,jpm_fraud_payment,payment_transaction,FALSE,banking,synthetic_research
29/11/2044 0:06,0,MOVE-FUNDS-1530347,JPMC-COMPANY-1530234,GERMANY,2000.5,JPMC-CLIENT-1530229,THAILAND,MOVE-FUNDS,jpm_fraud_payment,payment_transaction,FALSE,banking,synthetic_research
29/11/2044 0:16,0,PAYMENT-1527193,JPMC-CLIENT-1527072,USA,12.06,BILL-COMPANY-1527194,BURKINA-FASO,MAKE-PAYMENT,jpm_fraud_payment,payment_transaction,FALSE,banking,synthetic_research
02/12/2044 0:26,0,QUICK-PAYMENT-1529738,CLIENT-1529624,BERMUDA,565.18,JPMC-CLIENT-1529606,SERBIA,QUICK-PAYMENT,jpm_fraud_payment,payment_transaction,FALSE,banking,synthetic_research
05/12/2044 1:56,0,DEPOSIT-CHECK-1529760,,,574.89,JPMC-CLIENT-1529606,USA,DEPOSIT-CHECK,jpm_fraud_payment,payment_transaction,FALSE,banking,synthetic_research
05/12/2044 2:26,0,PAY-BILL-1521937,JPMC-CLIENT-1521780,USA,284.72,BILL-COMPANY-1521924,GAMBIA,MAKE-PAYMENT,jpm_fraud_payment,payment_transaction,FALSE,banking,synthetic_research
09/12/2044 15:16,0,PAYMENT-1529776,JPMC-CLIENT-1529606,USA,400.18,CLIENT-1529607,CANADA,MAKE-PAYMENT,jpm_fraud_payment,payment_transaction,FALSE,banking,synthetic_research
10/12/2044 15:26,0,WITHDRAWAL-1523908,JPMC-CLIENT-1523725,UGANDA,729.04,,,WITHDRAWAL,jpm_fraud_payment,payment_transaction,FALSE,banking,synthetic_research
24/12/2044 6:26,0,PAY-CHECK-1523056,BILL-COMPANY-1522990,USA,352.98,JPMC-CLIENT-1522810,USA,PAY-CHECK,jpm_fraud_payment,payment_transaction,FALSE,banking,synthetic_research
03/01/2045 21:36,0,WITHDRAWAL-1530841,JPMC-CLIENT-1530813,USA,718.12,,,EXCHANGE,jpm_fraud_payment,payment_transaction,FALSE,banking,synthetic_research
05/01/2045 9:06,0,QUICK-PAYMENT-1538308,JPMC-CLIENT-1538278,USA,378.51,CLIENT-1538296,USA,QUICK-PAYMENT,jpm_fraud_payment,payment_transaction,FALSE,banking,synthetic_research
2/17/2021 10:54,STANDARD-NO-FAILURE-MIXED,NA,NA,NA,0,NA,NA,CUSTOMER_EVENT,jpm_customer_journey,customer_event,FALSE,banking,synthetic_research
2/21/2021 16:58,STANDARD-NO-FAILURE-MIXED,NA,NA,NA,0,NA,NA,CUSTOMER_EVENT,jpm_customer_journey,customer_event,FALSE,banking,synthetic_research
5/26/2021 2:11,STANDARD-NO-FAILURE-MIXED,NA,NA,NA,0,NA,NA,CUSTOMER_EVENT,jpm_customer_journey,customer_event,FALSE,banking,synthetic_research
5/29/2021 19:21,STANDARD-NO-FAILURE-MIXED,NA,NA,NA,0,NA,NA,CUSTOMER_EVENT,jpm_customer_journey,customer_event,FALSE,banking,synthetic_research
8/28/2021 22:40,STANDARD-NO-FAILURE-MIXED,NA,NA,NA,0,NA,NA,CUSTOMER_EVENT,jpm_customer_journey,customer_event,FALSE,banking,synthetic_research
9/29/2021 14:19,STANDARD-NO-FAILURE-MIXED,NA,NA,NA,0,NA,NA,CUSTOMER_EVENT,jpm_customer_journey,customer_event,FALSE,banking,synthetic_research
10/09/2021 3:57,STANDARD-NO-FAILURE-MIXED,NA,NA,NA,0,NA,NA,CUSTOMER_EVENT,jpm_customer_journey,customer_event,FALSE,banking,synthetic_research
10/29/2021 7:30,STANDARD-NO-FAILURE-MIXED,NA,NA,NA,0,NA,NA,CUSTOMER_EVENT,jpm_customer_journey,customer_event,FALSE,banking,synthetic_research
10/31/2021 19:59,STANDARD-NO-FAILURE-MIXED,NA,NA,NA,0,NA,NA,CUSTOMER_EVENT,jpm_customer_journey,customer_event,FALSE,banking,synthetic_research
12/08/2021 8:30,STANDARD-NO-FAILURE-MIXED,NA,NA,NA,0,NA,NA,CUSTOMER_EVENT,jpm_customer_journey,customer_event,FALSE,banking,synthetic_research
01/02/2022 15:10,STANDARD-NO-FAILURE-MIXED,NA,NA,NA,0,NA,NA,CUSTOMER_EVENT,jpm_customer_journey,customer_event,FALSE,banking,synthetic_research
1/23/2022 17:52,STANDARD-NO-FAILURE-MIXED,NA,NA,NA,0,NA,NA,CUSTOMER_EVENT,jpm_customer_journey,customer_event,FALSE,banking,synthetic_research
1/30/2022 17:38,STANDARD-NO-FAILURE-MIXED,NA,NA,NA,0,NA,NA,CUSTOMER_EVENT,jpm_customer_journey,customer_event,FALSE,banking,synthetic_research
02/11/2022 3:38,STANDARD-NO-FAILURE-MIXED,NA,NA,NA,0,NA,NA,CUSTOMER_EVENT,jpm_customer_journey,customer_event,FALSE,banking,synthetic_research
2/28/2022 8:43,STANDARD-NO-FAILURE-MIXED,NA,NA,NA,0,NA,NA,CUSTOMER_EVENT,jpm_customer_journey,customer_event,FALSE,banking,synthetic_research
2/28/2022 13:09,STANDARD-NO-FAILURE-MIXED,NA,NA,NA,0,NA,NA,CUSTOMER_EVENT,jpm_customer_journey,customer_event,FALSE,banking,synthetic_research
03/05/2022 12:31,STANDARD-NO-FAILURE-MIXED,NA,NA,NA,0,NA,NA,CUSTOMER_EVENT,jpm_customer_journey,customer_event,FALSE,banking,synthetic_research
3/26/2022 22:48,STANDARD-NO-FAILURE-MIXED,NA,NA,NA,0,NA,NA,CUSTOMER_EVENT,jpm_customer_journey,customer_event,FALSE,banking,synthetic_research
4/24/2022 18:43,STANDARD-NO-FAILURE-MIXED,NA,NA,NA,0,NA,NA,CUSTOMER_EVENT,jpm_customer_journey,customer_event,FALSE,banking,synthetic_research
4/30/2022 21:25,STANDARD-NO-FAILURE-MIXED,NA,NA,NA,0,NA,NA,CUSTOMER_EVENT,jpm_customer_journey,customer_event,FALSE,banking,synthetic_research
05/07/2022 0:17,STANDARD-NO-FAILURE-MIXED,NA,NA,NA,0,NA,NA,CUSTOMER_EVENT,jpm_customer_journey,customer_event,FALSE,banking,synthetic_research
6/13/2022 4:08,STANDARD-NO-FAILURE-MIXED,NA,NA,NA,0,NA,NA,CUSTOMER_EVENT,jpm_customer_journey,customer_event,FALSE,banking,synthetic_research
6/27/2022 18:43,STANDARD-NO-FAILURE-MIXED,NA,NA,NA,0,NA,NA,CUSTOMER_EVENT,jpm_customer_journey,customer_event,FALSE,banking,synthetic_research
8/25/2022 12:08,STANDARD-NO-FAILURE-MIXED,NA,NA,NA,0,NA,NA,CUSTOMER_EVENT,jpm_customer_journey,customer_event,FALSE,banking,synthetic_research
09/06/2022 13:16,STANDARD-NO-FAILURE-MIXED,NA,NA,NA,0,NA,NA,CUSTOMER_EVENT,jpm_customer_journey,customer_event,FALSE,banking,synthetic_research
10/12/2022 10:43,STANDARD-NO-FAILURE-MIXED,NA,NA,NA,0,NA,NA,CUSTOMER_EVENT,jpm_customer_journey,customer_event,FALSE,banking,synthetic_research
1/17/2023 7:37,STANDARD-NO-FAILURE-MIXED,NA,NA,NA,0,NA,NA,CUSTOMER_EVENT,jpm_customer_journey,customer_event,FALSE,banking,synthetic_research
03/10/2021 4:46,STANDARD-NO-FAILURE-DIGITAL,NA,NA,NA,0,NA,NA,CUSTOMER_EVENT,jpm_customer_journey,customer_event,FALSE,banking,synthetic_research
3/23/2021 16:08,STANDARD-NO-FAILURE-DIGITAL,NA,NA,NA,0,NA,NA,CUSTOMER_EVENT,jpm_customer_journey,customer_event,FALSE,banking,synthetic_research
3/26/2021 14:28,STANDARD-NO-FAILURE-DIGITAL,NA,NA,NA,0,NA,NA,CUSTOMER_EVENT,jpm_customer_journey,customer_event,FALSE,banking,synthetic_research
04/02/2021 17:07,STANDARD-NO-FAILURE-DIGITAL,NA,NA,NA,0,NA,NA,CUSTOMER_EVENT,jpm_customer_journey,customer_event,FALSE,banking,synthetic_research
04/03/2021 10:30,STANDARD-NO-FAILURE-DIGITAL,NA,NA,NA,0,NA,NA,CUSTOMER_EVENT,jpm_customer_journey,customer_event,FALSE,banking,synthetic_research
8/13/2021 3:00,STANDARD-NO-FAILURE-DIGITAL,NA,NA,NA,0,NA,NA,CUSTOMER_EVENT,jpm_customer_journey,customer_event,FALSE,banking,synthetic_research
8/15/2021 2:09,STANDARD-NO-FAILURE-DIGITAL,NA,NA,NA,0,NA,NA,CUSTOMER_EVENT,jpm_customer_journey,customer_event,FALSE,banking,synthetic_research
8/30/2021 0:41,STANDARD-NO-FAILURE-DIGITAL,NA,NA,NA,0,NA,NA,CUSTOMER_EVENT,jpm_customer_journey,customer_event,FALSE,banking,synthetic_research
09/01/2021 7:10,STANDARD-NO-FAILURE-DIGITAL,NA,NA,NA,0,NA,NA,CUSTOMER_EVENT,jpm_customer_journey,customer_event,FALSE,banking,synthetic_research
09/11/2021 2:02,STANDARD-NO-FAILURE-DIGITAL,NA,NA,NA,0,NA,NA,CUSTOMER_EVENT,jpm_customer_journey,customer_event,FALSE,banking,synthetic_research
9/18/2021 13:22,STANDARD-NO-FAILURE-DIGITAL,NA,NA,NA,0,NA,NA,CUSTOMER_EVENT,jpm_customer_journey,customer_event,FALSE,banking,synthetic_research
10/01/2021 13:06,STANDARD-NO-FAILURE-DIGITAL,NA,NA,NA,0,NA,NA,CUSTOMER_EVENT,jpm_customer_journey,customer_event,FALSE,banking,synthetic_research
10/17/2021 13:03,STANDARD-NO-FAILURE-DIGITAL,NA,NA,NA,0,NA,NA,CUSTOMER_EVENT,jpm_customer_journey,customer_event,FALSE,banking,synthetic_research
10/19/2021 18:41,STANDARD-NO-FAILURE-DIGITAL,NA,NA,NA,0,NA,NA,CUSTOMER_EVENT,jpm_customer_journey,customer_event,FALSE,banking,synthetic_research
01/01/2022 19:40,STANDARD-NO-FAILURE-DIGITAL,NA,NA,NA,0,NA,NA,CUSTOMER_EVENT,jpm_customer_journey,customer_event,FALSE,banking,synthetic_research
01/10/2022 13:50,STANDARD-NO-FAILURE-DIGITAL,NA,NA,NA,0,NA,NA,CUSTOMER_EVENT,jpm_customer_journey,customer_event,FALSE,banking,synthetic_research
5/18/2022 22:06,STANDARD-NO-FAILURE-DIGITAL,NA,NA,NA,0,NA,NA,CUSTOMER_EVENT,jpm_customer_journey,customer_event,FALSE,banking,synthetic_research
6/21/2022 14:52,STANDARD-NO-FAILURE-DIGITAL,NA,NA,NA,0,NA,NA,CUSTOMER_EVENT,jpm_customer_journey,customer_event,FALSE,banking,synthetic_research
8/25/2022 2:36,STANDARD-NO-FAILURE-DIGITAL,NA,NA,NA,0,NA,NA,CUSTOMER_EVENT,jpm_customer_journey,customer_event,FALSE,banking,synthetic_research
