timestamp,risk_label,transaction_id,sender_id,sender_country,amount_usd,beneficiary_id,beneficiary_country,transaction_type,source_dataset,record_type,exception_signal,system_type,provenance
2026-01-05T09:01,GOOD,txn_0000001,cust_payer_71483,USA,1447.39,cust_payee_11396,USA,GOODS_SETTLEMENT,proofrail_synthetic,conditional_settlement_case,FALSE,proofrail,synthetic_research
2026-01-05T09:04,GOOD,txn_0000002,cust_payer_00852,USA,1897.53,cust_payee_99459,USA,MILESTONE_PAYMENT,proofrail_synthetic,conditional_settlement_case,FALSE,proofrail,synthetic_research
2026-01-05T09:06,GOOD,txn_0000003,cust_payer_70285,USA,13079.94,cust_payee_16362,CANADA,INVOICE_PAYMENT,proofrail_synthetic,conditional_settlement_case,FALSE,proofrail,synthetic_research
2026-01-05T09:12,GOOD,txn_0000004,cust_payer_30513,CANADA,823.86,cust_payee_13239,USA,GOODS_SETTLEMENT,proofrail_synthetic,conditional_settlement_case,FALSE,proofrail,synthetic_research
2026-01-05T09:13,GOOD,txn_0000005,cust_payer_83887,CANADA,2722.63,cust_payee_90199,USA,MILESTONE_PAYMENT,proofrail_synthetic,conditional_settlement_case,FALSE,proofrail,synthetic_research
2026-01-05T09:13,GOOD,txn_0000006,cust_payer_84260,USA,7047.3,cust_payee_60143,USA,INVOICE_PAYMENT,proofrail_synthetic,conditional_settlement_case,FALSE,proofrail,synthetic_research
2026-01-05T09:14,GOOD,txn_0000007,cust_payer_20970,USA,2377.83,cust_payee_89193,SINGAPORE,GOODS_SETTLEMENT,proofrail_synthetic,conditional_settlement_case,FALSE,proofrail,synthetic_research
2026-01-05T09:16,REVIEW,txn_0000008,cust_payer_84013,USA,9252.65,cust_payee_44588,MEXICO,MILESTONE_PAYMENT,proofrail_synthetic,conditional_settlement_case,FALSE,proofrail,synthetic_research
2026-01-05T09:16,GOOD,txn_0000009,cust_payer_99944,USA,871.83,cust_payee_21175,USA,GOODS_SETTLEMENT,proofrail_synthetic,conditional_settlement_case,FALSE,proofrail,synthetic_research
2026-01-05T09:16,REVIEW,txn_0000010,cust_payer_74365,USA,6172.52,cust_payee_10323,USA,SERVICE_RETAINER,proofrail_synthetic,conditional_settlement_case,TRUE,proofrail,synthetic_research
2026-01-05T09:18,REVIEW,txn_0000011,cust_payer_90423,USA,2079.8,cust_payee_26366,USA,GOODS_SETTLEMENT,proofrail_synthetic,conditional_settlement_case,FALSE,proofrail,synthetic_research
2026-01-05T09:19,GOOD,txn_0000012,cust_payer_04118,USA,2957.64,cust_payee_43310,USA,INVOICE_PAYMENT,proofrail_synthetic,conditional_settlement_case,FALSE,proofrail,synthetic_research
2026-01-05T09:19,GOOD,txn_0000013,cust_payer_86375,CANADA,40706.02,cust_payee_56499,USA,GOODS_SETTLEMENT,proofrail_synthetic,conditional_settlement_case,FALSE,proofrail,synthetic_research
2026-01-05T09:19,REVIEW,txn_0000014,cust_payer_58801,USA,4726.19,cust_payee_18374,UNITED-KINGDOM,INVOICE_PAYMENT,proofrail_synthetic,conditional_settlement_case,TRUE,proofrail,synthetic_research
2026-01-05T09:20,GOOD,txn_0000015,cust_payer_52566,USA,5504.55,cust_payee_07686,UNITED-KINGDOM,GOODS_SETTLEMENT,proofrail_synthetic,conditional_settlement_case,FALSE,proofrail,synthetic_research
2026-01-05T09:20,REVIEW,txn_0000016,cust_payer_38891,USA,12154.73,cust_payee_28535,USA,MILESTONE_PAYMENT,proofrail_synthetic,conditional_settlement_case,TRUE,proofrail,synthetic_research
2026-01-05T09:21,REVIEW,txn_0000017,cust_payer_30829,USA,944.67,cust_payee_52924,USA,GOODS_SETTLEMENT,proofrail_synthetic,conditional_settlement_case,TRUE,proofrail,synthetic_research
2026-01-05T09:21,GOOD,txn_0000018,cust_payer_51877,USA,7008.94,cust_payee_17155,USA,GOODS_SETTLEMENT,proofrail_synthetic,conditional_settlement_case,FALSE,proofrail,synthetic_research
2026-01-05T09:21,BAD,txn_0000019,cust_payer_45746,USA,898.39,cust_payee_09017,CANADA,SERVICE_RETAINER,proofrail_synthetic,conditional_settlement_case,TRUE,proofrail,synthetic_research
2026-01-05T09:22,GOOD,txn_0000020,cust_payer_14030,USA,811.87,cust_payee_97311,USA,SERVICE_RETAINER,proofrail_synthetic,conditional_settlement_case,FALSE,proofrail,synthetic_research
2026-01-05T09:22,GOOD,txn_0000021,cust_payer_43720,USA,658.08,cust_payee_17147,USA,INVOICE_PAYMENT,proofrail_synthetic,conditional_settlement_case,FALSE,proofrail,synthetic_research
2026-01-05T09:23,BAD,txn_0000022,cust_payer_19411,CANADA,13379.62,cust_payee_56334,USA,INVOICE_PAYMENT,proofrail_synthetic,conditional_settlement_case,TRUE,proofrail,synthetic_research
2026-01-05T09:27,GOOD,txn_0000023,cust_payer_31030,CANADA,8477.58,cust_payee_21300,USA,INVOICE_PAYMENT,proofrail_synthetic,conditional_settlement_case,FALSE,proofrail,synthetic_research
2026-01-05T09:28,REVIEW,txn_0000024,cust_payer_05076,USA,315.58,cust_payee_61695,USA,SERVICE_RETAINER,proofrail_synthetic,conditional_settlement_case,TRUE,proofrail,synthetic_research
2026-01-05T09:28,GOOD,txn_0000025,cust_payer_66769,USA,229.27,cust_payee_52387,USA,INVOICE_PAYMENT,proofrail_synthetic,conditional_settlement_case,FALSE,proofrail,synthetic_research
2026-01-05T09:30,BAD,txn_0000026,cust_payer_67034,USA,639.42,cust_payee_15158,USA,GOODS_SETTLEMENT,proofrail_synthetic,conditional_settlement_case,TRUE,proofrail,synthetic_research
2026-01-05T09:30,GOOD,txn_0000027,cust_payer_87063,USA,9999.19,cust_payee_43280,UNITED-KINGDOM,GOODS_SETTLEMENT,proofrail_synthetic,conditional_settlement_case,FALSE,proofrail,synthetic_research
2026-01-05T09:32,GOOD,txn_0000028,cust_payer_22811,CANADA,2838.7,cust_payee_80677,USA,INVOICE_PAYMENT,proofrail_synthetic,conditional_settlement_case,FALSE,proofrail,synthetic_research
2026-01-05T09:33,GOOD,txn_0000029,cust_payer_96464,USA,1781.8,cust_payee_22242,USA,GOODS_SETTLEMENT,proofrail_synthetic,conditional_settlement_case,FALSE,proofrail,synthetic_research
2026-01-05T09:34,GOOD,txn_0000030,cust_payer_62278,USA,4927.23,cust_payee_80121,USA,INVOICE_PAYMENT,proofrail_synthetic,conditional_settlement_case,FALSE,proofrail,synthetic_research
2026-01-05T09:36,GOOD,txn_0000031,cust_payer_28684,USA,19605.15,cust_payee_23054,USA,GOODS_SETTLEMENT,proofrail_synthetic,conditional_settlement_case,FALSE,proofrail,synthetic_research
2026-01-05T09:40,GOOD,txn_0000032,cust_payer_58009,USA,2856.18,cust_payee_80302,UNITED-KINGDOM,INVOICE_PAYMENT,proofrail_synthetic,conditional_settlement_case,FALSE,proofrail,synthetic_research
2026-01-05T09:42,GOOD,txn_0000033,cust_payer_68328,USA,48582.7,cust_payee_63518,USA,MILESTONE_PAYMENT,proofrail_synthetic,conditional_settlement_case,FALSE,proofrail,synthetic_research
2026-01-05T09:43,GOOD,txn_0000034,cust_payer_53425,USA,476.77,cust_payee_43370,USA,GOODS_SETTLEMENT,proofrail_synthetic,conditional_settlement_case,FALSE,proofrail,synthetic_research
2026-01-05T09:47,REVIEW,txn_0000035,cust_payer_39140,CANADA,5613.49,cust_payee_98760,USA,MILESTONE_PAYMENT,proofrail_synthetic,conditional_settlement_case,TRUE,proofrail,synthetic_research
2026-01-05T09:47,GOOD,txn_0000036,cust_payer_89017,UNITED-KINGDOM,1086.8,cust_payee_52995,SINGAPORE,MILESTONE_PAYMENT,proofrail_synthetic,conditional_settlement_case,FALSE,proofrail,synthetic_research
2026-01-05T09:48,GOOD,txn_0000037,cust_payer_34100,USA,632.69,cust_payee_49690,CANADA,GOODS_SETTLEMENT,proofrail_synthetic,conditional_settlement_case,FALSE,proofrail,synthetic_research
2026-01-05T10:02,REVIEW,txn_0000038,cust_payer_45871,USA,1999.76,cust_payee_29390,USA,GOODS_SETTLEMENT,proofrail_synthetic,conditional_settlement_case,TRUE,proofrail,synthetic_research
2026-01-05T10:06,REVIEW,txn_0000039,cust_payer_60953,USA,295.93,cust_payee_91681,GERMANY,INVOICE_PAYMENT,proofrail_synthetic,conditional_settlement_case,FALSE,proofrail,synthetic_research
2026-01-05T10:08,REVIEW,txn_0000040,cust_payer_49193,USA,20172.14,cust_payee_51991,CANADA,INVOICE_PAYMENT,proofrail_synthetic,conditional_settlement_case,FALSE,proofrail,synthetic_research
2026-01-05T10:09,REVIEW,txn_0000041,cust_payer_48572,CANADA,2846.36,cust_payee_09039,CANADA,INVOICE_PAYMENT,proofrail_synthetic,conditional_settlement_case,FALSE,proofrail,synthetic_research
2026-01-05T10:10,REVIEW,txn_0000042,cust_payer_85257,USA,4999.27,cust_payee_35401,USA,GOODS_SETTLEMENT,proofrail_synthetic,conditional_settlement_case,TRUE,proofrail,synthetic_research
2026-01-05T10:10,GOOD,txn_0000043,cust_payer_60911,USA,7796.83,cust_payee_74692,CANADA,INVOICE_PAYMENT,proofrail_synthetic,conditional_settlement_case,FALSE,proofrail,synthetic_research
2026-01-05T10:11,GOOD,txn_0000044,cust_payer_67716,USA,27607.37,cust_payee_25043,USA,MILESTONE_PAYMENT,proofrail_synthetic,conditional_settlement_case,FALSE,proofrail,synthetic_research
2026-01-05T10:12,REVIEW,txn_0000045,cust_payer_87027,USA,932.14,cust_payee_76226,SINGAPORE,GOODS_SETTLEMENT,proofrail_synthetic,conditional_settlement_case,TRUE,proofrail,synthetic_research
2026-01-05T10:12,GOOD,txn_0000046,cust_payer_70237,USA,403.28,cust_payee_99902,USA,GOODS_SETTLEMENT,proofrail_synthetic,conditional_settlement_case,FALSE,proofrail,synthetic_research
2026-01-05T10:12,BAD,txn_0000047,cust_payer_01855,GERMANY,6099.56,cust_payee_92802,USA,GOODS_SETTLEMENT,proofrail_synthetic,conditional_settlement_case,TRUE,proofrail,synthetic_research
2026-01-05T10:13,GOOD,txn_0000048,cust_payer_44658,CANADA,13034.52,cust_payee_24165,USA,MILESTONE_PAYMENT,proofrail_synthetic,conditional_settlement_case,FALSE,proofrail,synthetic_research
2026-01-05T10:15,GOOD,txn_0000049,cust_payer_81058,UNITED-KINGDOM,853.03,cust_payee_29582,USA,GOODS_SETTLEMENT,proofrail_synthetic,conditional_settlement_case,FALSE,proofrail,synthetic_research
2026-01-05T10:16,GOOD,txn_0000050,cust_payer_20586,USA,9395.76,cust_payee_31440,USA,GOODS_SETTLEMENT,proofrail_synthetic,conditional_settlement_case,FALSE,proofrail,synthetic_research
2026-01-05T10:20,GOOD,txn_0000051,cust_payer_81928,USA,5042.46,cust_payee_77305,USA,INVOICE_PAYMENT,proofrail_synthetic,conditional_settlement_case,FALSE,proofrail,synthetic_research
2026-01-05T10:24,REVIEW,txn_0000052,cust_payer_57561,USA,1005.79,cust_payee_16300,USA,MILESTONE_PAYMENT,proofrail_synthetic,conditional_settlement_case,FALSE,proofrail,synthetic_research
2026-01-05T10:24,BAD,txn_0000053,cust_payer_88382,USA,7637.88,cust_payee_75393,CANADA,GOODS_SETTLEMENT,proofrail_synthetic,conditional_settlement_case,TRUE,proofrail,synthetic_research
2026-01-05T10:25,GOOD,txn_0000054,cust_payer_64452,USA,2149.56,cust_payee_11960,USA,INVOICE_PAYMENT,proofrail_synthetic,conditional_settlement_case,FALSE,proofrail,synthetic_research
2026-01-05T10:26,GOOD,txn_0000055,cust_payer_41225,USA,1141.03,cust_payee_33083,USA,GOODS_SETTLEMENT,proofrail_synthetic,conditional_settlement_case,FALSE,proofrail,synthetic_research
2026-01-05T10:28,GOOD,txn_0000056,cust_payer_99614,UNITED-KINGDOM,992.57,cust_payee_06765,USA,GOODS_SETTLEMENT,proofrail_synthetic,conditional_settlement_case,FALSE,proofrail,synthetic_research
2026-01-05T10:28,REVIEW,txn_0000057,cust_payer_53477,USA,1393.4,cust_payee_12218,MEXICO,SERVICE_RETAINER,proofrail_synthetic,conditional_settlement_case,FALSE,proofrail,synthetic_research
2026-01-05T10:34,GOOD,txn_0000058,cust_payer_31947,UNITED-KINGDOM,4852.33,cust_payee_59872,USA,SERVICE_RETAINER,proofrail_synthetic,conditional_settlement_case,FALSE,proofrail,synthetic_research
2026-01-05T10:34,REVIEW,txn_0000059,cust_payer_00337,USA,217.65,cust_payee_37073,USA,INVOICE_PAYMENT,proofrail_synthetic,conditional_settlement_case,TRUE,proofrail,synthetic_research
2026-01-05T10:37,GOOD,txn_0000060,cust_payer_91423,USA,5544.5,cust_payee_31301,USA,GOODS_SETTLEMENT,proofrail_synthetic,conditional_settlement_case,FALSE,proofrail,synthetic_research
2026-01-05T10:38,GOOD,txn_0000061,cust_payer_04853,CANADA,14006.55,cust_payee_16548,CANADA,MILESTONE_PAYMENT,proofrail_synthetic,conditional_settlement_case,FALSE,proofrail,synthetic_research
2026-01-05T10:38,REVIEW,txn_0000062,cust_payer_34738,USA,1528.37,cust_payee_44376,USA,GOODS_SETTLEMENT,proofrail_synthetic,conditional_settlement_case,TRUE,proofrail,synthetic_research
2026-01-05T10:38,REVIEW,txn_0000063,cust_payer_08969,SINGAPORE,10424.19,cust_payee_30772,USA,SERVICE_RETAINER,proofrail_synthetic,conditional_settlement_case,FALSE,proofrail,synthetic_research
2026-01-05T10:38,REVIEW,txn_0000064,cust_payer_42517,USA,1766.43,cust_payee_07356,USA,GOODS_SETTLEMENT,proofrail_synthetic,conditional_settlement_case,TRUE,proofrail,synthetic_research
2026-01-05T10:39,GOOD,txn_0000065,cust_payer_76436,USA,15744.3,cust_payee_18759,USA,INVOICE_PAYMENT,proofrail_synthetic,conditional_settlement_case,FALSE,proofrail,synthetic_research
2026-01-05T10:42,GOOD,txn_0000066,cust_payer_13980,USA,2224.59,cust_payee_31092,USA,INVOICE_PAYMENT,proofrail_synthetic,conditional_settlement_case,FALSE,proofrail,synthetic_research
2026-01-05T10:45,GOOD,txn_0000067,cust_payer_30163,USA,39806.79,cust_payee_79570,USA,INVOICE_PAYMENT,proofrail_synthetic,conditional_settlement_case,FALSE,proofrail,synthetic_research
2026-01-05T10:45,GOOD,txn_0000068,cust_payer_57780,USA,324.9,cust_payee_04374,USA,MILESTONE_PAYMENT,proofrail_synthetic,conditional_settlement_case,FALSE,proofrail,synthetic_research
2026-01-05T10:48,GOOD,txn_0000069,cust_payer_33682,CANADA,16656.35,cust_payee_63157,USA,INVOICE_PAYMENT,proofrail_synthetic,conditional_settlement_case,FALSE,proofrail,synthetic_research
2026-01-05T10:53,GOOD,txn_0000070,cust_payer_73049,USA,6946.45,cust_payee_47943,USA,MILESTONE_PAYMENT,proofrail_synthetic,conditional_settlement_case,FALSE,proofrail,synthetic_research
2026-01-05T10:54,GOOD,txn_0000071,cust_payer_81206,USA,3789.63,cust_payee_73585,USA,INVOICE_PAYMENT,proofrail_synthetic,conditional_settlement_case,FALSE,proofrail,synthetic_research
2026-01-05T10:55,GOOD,txn_0000072,cust_payer_87882,USA,847.15,cust_payee_97405,USA,GOODS_SETTLEMENT,proofrail_synthetic,conditional_settlement_case,FALSE,proofrail,synthetic_research
2026-01-05T10:55,GOOD,txn_0000073,cust_payer_58288,USA,7898,cust_payee_30948,USA,MILESTONE_PAYMENT,proofrail_synthetic,conditional_settlement_case,FALSE,proofrail,synthetic_research
2026-01-05T10:55,GOOD,txn_0000074,cust_payer_43714,USA,1940.41,cust_payee_31926,CANADA,INVOICE_PAYMENT,proofrail_synthetic,conditional_settlement_case,FALSE,proofrail,synthetic_research
2026-01-05T10:56,GOOD,txn_0000075,cust_payer_18965,USA,28961.66,cust_payee_17039,CANADA,MILESTONE_PAYMENT,proofrail_synthetic,conditional_settlement_case,FALSE,proofrail,synthetic_research
2026-01-05T10:58,GOOD,txn_0000076,cust_payer_62423,USA,740.75,cust_payee_58757,USA,MILESTONE_PAYMENT,proofrail_synthetic,conditional_settlement_case,FALSE,proofrail,synthetic_research
2026-01-05T10:58,REVIEW,txn_0000077,cust_payer_62782,USA,2693.88,cust_payee_52641,USA,MILESTONE_PAYMENT,proofrail_synthetic,conditional_settlement_case,TRUE,proofrail,synthetic_research
2026-01-05T10:58,GOOD,txn_0000078,cust_payer_78302,USA,4402.1,cust_payee_69542,USA,INVOICE_PAYMENT,proofrail_synthetic,conditional_settlement_case,FALSE,proofrail,synthetic_research
2026-01-05T10:59,GOOD,txn_0000079,cust_payer_59442,USA,8385.15,cust_payee_52263,USA,MILESTONE_PAYMENT,proofrail_synthetic,conditional_settlement_case,FALSE,proofrail,synthetic_research
2026-01-05T11:00,REVIEW,txn_0000080,cust_payer_87820,MEXICO,9416.6,cust_payee_16022,USA,SERVICE_RETAINER,proofrail_synthetic,conditional_settlement_case,FALSE,proofrail,synthetic_research
2026-01-05T11:02,GOOD,txn_0000081,cust_payer_29393,USA,547.55,cust_payee_14185,USA,INVOICE_PAYMENT,proofrail_synthetic,conditional_settlement_case,FALSE,proofrail,synthetic_research
2026-01-05T11:02,REVIEW,txn_0000082,cust_payer_86224,USA,5068.36,cust_payee_90895,USA,GOODS_SETTLEMENT,proofrail_synthetic,conditional_settlement_case,TRUE,proofrail,synthetic_research
2026-01-05T11:02,GOOD,txn_0000083,cust_payer_69532,USA,2009.95,cust_payee_28198,USA,MILESTONE_PAYMENT,proofrail_synthetic,conditional_settlement_case,FALSE,proofrail,synthetic_research
2026-01-05T11:03,BAD,txn_0000084,cust_payer_35805,USA,2074.9,cust_payee_28256,USA,GOODS_SETTLEMENT,proofrail_synthetic,conditional_settlement_case,TRUE,proofrail,synthetic_research
2026-01-05T11:03,GOOD,txn_0000085,cust_payer_27687,USA,1526.55,cust_payee_17988,USA,GOODS_SETTLEMENT,proofrail_synthetic,conditional_settlement_case,FALSE,proofrail,synthetic_research
2026-01-05T11:04,GOOD,txn_0000086,cust_payer_97261,USA,3490.77,cust_payee_05545,USA,GOODS_SETTLEMENT,proofrail_synthetic,conditional_settlement_case,FALSE,proofrail,synthetic_research
2026-01-05T11:04,GOOD,txn_0000087,cust_payer_13876,USA,1961.46,cust_payee_31892,CANADA,GOODS_SETTLEMENT,proofrail_synthetic,conditional_settlement_case,FALSE,proofrail,synthetic_research
2026-01-05T11:07,GOOD,txn_0000088,cust_payer_45794,USA,4271.16,cust_payee_46020,USA,MILESTONE_PAYMENT,proofrail_synthetic,conditional_settlement_case,FALSE,proofrail,synthetic_research
2026-01-05T11:09,REVIEW,txn_0000089,cust_payer_60812,USA,3571.28,cust_payee_98887,CANADA,GOODS_SETTLEMENT,proofrail_synthetic,conditional_settlement_case,TRUE,proofrail,synthetic_research
2026-01-05T11:10,BAD,txn_0000090,cust_payer_39692,USA,1345.79,cust_payee_36003,USA,INVOICE_PAYMENT,proofrail_synthetic,conditional_settlement_case,TRUE,proofrail,synthetic_research
2026-01-05T11:14,REVIEW,txn_0000091,cust_payer_96852,USA,3335.84,cust_payee_05377,USA,INVOICE_PAYMENT,proofrail_synthetic,conditional_settlement_case,FALSE,proofrail,synthetic_research
2026-01-05T11:15,GOOD,txn_0000092,cust_payer_22618,USA,7873.12,cust_payee_05131,USA,INVOICE_PAYMENT,proofrail_synthetic,conditional_settlement_case,FALSE,proofrail,synthetic_research
2026-01-05T11:15,GOOD,txn_0000093,cust_payer_12388,USA,1170.89,cust_payee_73134,USA,INVOICE_PAYMENT,proofrail_synthetic,conditional_settlement_case,FALSE,proofrail,synthetic_research
2026-01-05T11:16,GOOD,txn_0000094,cust_payer_92909,USA,883,cust_payee_11105,USA,INVOICE_PAYMENT,proofrail_synthetic,conditional_settlement_case,FALSE,proofrail,synthetic_research
2026-01-05T11:17,GOOD,txn_0000095,cust_payer_02390,USA,2877.71,cust_payee_47527,USA,MILESTONE_PAYMENT,proofrail_synthetic,conditional_settlement_case,FALSE,proofrail,synthetic_research
2026-01-05T11:19,REVIEW,txn_0000096,cust_payer_69014,USA,7543.51,cust_payee_04948,USA,INVOICE_PAYMENT,proofrail_synthetic,conditional_settlement_case,FALSE,proofrail,synthetic_research
2026-01-05T11:24,GOOD,txn_0000097,cust_payer_80032,USA,645.16,cust_payee_37347,USA,MILESTONE_PAYMENT,proofrail_synthetic,conditional_settlement_case,FALSE,proofrail,synthetic_research
2026-01-05T11:25,GOOD,txn_0000098,cust_payer_36933,USA,5471.57,cust_payee_50053,USA,SERVICE_RETAINER,proofrail_synthetic,conditional_settlement_case,FALSE,proofrail,synthetic_research
2026-01-05T11:26,GOOD,txn_0000099,cust_payer_21013,CANADA,5699.47,cust_payee_35756,USA,INVOICE_PAYMENT,proofrail_synthetic,conditional_settlement_case,FALSE,proofrail,synthetic_research
2026-01-05T11:26,BAD,txn_0000100,cust_payer_10697,USA,1915.93,cust_payee_49141,USA,MILESTONE_PAYMENT,proofrail_synthetic,conditional_settlement_case,TRUE,proofrail,synthetic_research
2026-01-05T11:27,BAD,txn_0000101,cust_payer_80655,USA,1837.7,cust_payee_00689,USA,INVOICE_PAYMENT,proofrail_synthetic,conditional_settlement_case,TRUE,proofrail,synthetic_research
2026-01-05T11:28,REVIEW,txn_0000102,cust_payer_81634,USA,1422.62,cust_payee_59915,USA,GOODS_SETTLEMENT,proofrail_synthetic,conditional_settlement_case,TRUE,proofrail,synthetic_research
2026-01-05T11:29,GOOD,txn_0000103,cust_payer_47266,USA,2945.78,cust_payee_08871,USA,MILESTONE_PAYMENT,proofrail_synthetic,conditional_settlement_case,FALSE,proofrail,synthetic_research
2026-01-05T11:31,GOOD,txn_0000104,cust_payer_45194,USA,970.54,cust_payee_31605,USA,INVOICE_PAYMENT,proofrail_synthetic,conditional_settlement_case,FALSE,proofrail,synthetic_research
2026-01-05T11:32,REVIEW,txn_0000105,cust_payer_17676,USA,2007.98,cust_payee_08271,USA,GOODS_SETTLEMENT,proofrail_synthetic,conditional_settlement_case,TRUE,proofrail,synthetic_research
2026-01-05T11:32,GOOD,txn_0000106,cust_payer_98736,USA,883.25,cust_payee_84791,CANADA,INVOICE_PAYMENT,proofrail_synthetic,conditional_settlement_case,FALSE,proofrail,synthetic_research
2026-01-05T11:33,BAD,txn_0000107,cust_payer_10829,SINGAPORE,2464.61,cust_payee_95301,USA,INVOICE_PAYMENT,proofrail_synthetic,conditional_settlement_case,TRUE,proofrail,synthetic_research
2026-01-05T11:34,GOOD,txn_0000108,cust_payer_46078,USA,1741.6,cust_payee_58607,SINGAPORE,INVOICE_PAYMENT,proofrail_synthetic,conditional_settlement_case,FALSE,proofrail,synthetic_research
2026-01-05T11:39,GOOD,txn_0000109,cust_payer_18715,USA,3757.91,cust_payee_79636,USA,SERVICE_RETAINER,proofrail_synthetic,conditional_settlement_case,FALSE,proofrail,synthetic_research
2026-01-05T11:40,GOOD,txn_0000110,cust_payer_10078,USA,761.39,cust_payee_75226,USA,SERVICE_RETAINER,proofrail_synthetic,conditional_settlement_case,FALSE,proofrail,synthetic_research
2026-01-05T11:48,GOOD,txn_0000111,cust_payer_37432,USA,14432.58,cust_payee_90962,CANADA,INVOICE_PAYMENT,proofrail_synthetic,conditional_settlement_case,FALSE,proofrail,synthetic_research
2026-01-05T11:50,GOOD,txn_0000112,cust_payer_93001,USA,23073.87,cust_payee_08512,USA,GOODS_SETTLEMENT,proofrail_synthetic,conditional_settlement_case,FALSE,proofrail,synthetic_research
2026-01-05T11:50,GOOD,txn_0000113,cust_payer_72617,USA,5146.87,cust_payee_75010,USA,INVOICE_PAYMENT,proofrail_synthetic,conditional_settlement_case,FALSE,proofrail,synthetic_research
2026-01-05T11:50,REVIEW,txn_0000114,cust_payer_41554,USA,3084.39,cust_payee_84193,USA,SERVICE_RETAINER,proofrail_synthetic,conditional_settlement_case,FALSE,proofrail,synthetic_research
2026-01-05T11:50,REVIEW,txn_0000115,cust_payer_16275,USA,611.49,cust_payee_67909,USA,GOODS_SETTLEMENT,proofrail_synthetic,conditional_settlement_case,TRUE,proofrail,synthetic_research
2026-01-05T11:50,REVIEW,txn_0000116,cust_payer_81923,USA,688.46,cust_payee_39692,USA,MILESTONE_PAYMENT,proofrail_synthetic,conditional_settlement_case,TRUE,proofrail,synthetic_research
2026-01-05T11:53,BAD,txn_0000117,cust_payer_54603,USA,5011.84,cust_payee_81017,USA,GOODS_SETTLEMENT,proofrail_synthetic,conditional_settlement_case,TRUE,proofrail,synthetic_research
2026-01-05T11:53,GOOD,txn_0000118,cust_payer_54477,USA,1655.23,cust_payee_63472,CANADA,MILESTONE_PAYMENT,proofrail_synthetic,conditional_settlement_case,FALSE,proofrail,synthetic_research
2026-01-05T11:53,GOOD,txn_0000119,cust_payer_61142,USA,6892.73,cust_payee_16060,USA,INVOICE_PAYMENT,proofrail_synthetic,conditional_settlement_case,FALSE,proofrail,synthetic_research
2026-01-05T11:55,REVIEW,txn_0000120,cust_payer_24882,USA,962.21,cust_payee_20886,USA,INVOICE_PAYMENT,proofrail_synthetic,conditional_settlement_case,TRUE,proofrail,synthetic_research
2026-01-05T11:56,BAD,txn_0000121,cust_payer_78318,USA,1089.37,cust_payee_85756,USA,GOODS_SETTLEMENT,proofrail_synthetic,conditional_settlement_case,TRUE,proofrail,synthetic_research
2026-01-05T11:56,GOOD,txn_0000122,cust_payer_66094,SINGAPORE,3002.01,cust_payee_59029,USA,INVOICE_PAYMENT,proofrail_synthetic,conditional_settlement_case,FALSE,proofrail,synthetic_research
2026-01-05T11:57,REVIEW,txn_0000123,cust_payer_05277,USA,4558.57,cust_payee_05939,USA,INVOICE_PAYMENT,proofrail_synthetic,conditional_settlement_case,TRUE,proofrail,synthetic_research
2026-01-05T11:59,BAD,txn_0000124,cust_payer_39222,USA,1422.15,cust_payee_77821,USA,INVOICE_PAYMENT,proofrail_synthetic,conditional_settlement_case,TRUE,proofrail,synthetic_research
2026-01-05T12:00,GOOD,txn_0000125,cust_payer_34804,USA,19202.85,cust_payee_85930,USA,INVOICE_PAYMENT,proofrail_synthetic,conditional_settlement_case,FALSE,proofrail,synthetic_research
2026-01-05T12:00,GOOD,txn_0000126,cust_payer_91819,USA,5321.4,cust_payee_14405,USA,GOODS_SETTLEMENT,proofrail_synthetic,conditional_settlement_case,FALSE,proofrail,synthetic_research
2026-01-05T12:01,GOOD,txn_0000127,cust_payer_73517,USA,27881.35,cust_payee_42605,MEXICO,GOODS_SETTLEMENT,proofrail_synthetic,conditional_settlement_case,FALSE,proofrail,synthetic_research
2026-01-05T12:03,GOOD,txn_0000128,cust_payer_25201,MEXICO,21965.23,cust_payee_32312,SINGAPORE,GOODS_SETTLEMENT,proofrail_synthetic,conditional_settlement_case,FALSE,proofrail,synthetic_research
2026-01-05T12:03,GOOD,txn_0000129,cust_payer_75167,USA,2292.34,cust_payee_88687,USA,MILESTONE_PAYMENT,proofrail_synthetic,conditional_settlement_case,FALSE,proofrail,synthetic_research
2026-01-05T12:03,BAD,txn_0000130,cust_payer_70593,USA,8014.21,cust_payee_35538,USA,INVOICE_PAYMENT,proofrail_synthetic,conditional_settlement_case,TRUE,proofrail,synthetic_research
2026-01-05T12:04,GOOD,txn_0000131,cust_payer_61919,GERMANY,3290.45,cust_payee_13179,GERMANY,GOODS_SETTLEMENT,proofrail_synthetic,conditional_settlement_case,FALSE,proofrail,synthetic_research
2026-01-05T12:05,GOOD,txn_0000132,cust_payer_84660,USA,8005.46,cust_payee_07755,USA,MILESTONE_PAYMENT,proofrail_synthetic,conditional_settlement_case,FALSE,proofrail,synthetic_research
2026-01-05T12:13,GOOD,txn_0000133,cust_payer_52035,CANADA,5998.22,cust_payee_64931,USA,SERVICE_RETAINER,proofrail_synthetic,conditional_settlement_case,FALSE,proofrail,synthetic_research
2026-01-05T12:14,BAD,txn_0000134,cust_payer_64739,USA,1413.12,cust_payee_17590,USA,GOODS_SETTLEMENT,proofrail_synthetic,conditional_settlement_case,TRUE,proofrail,synthetic_research
2026-01-05T12:16,REVIEW,txn_0000135,cust_payer_25319,USA,21123.02,cust_payee_23003,USA,INVOICE_PAYMENT,proofrail_synthetic,conditional_settlement_case,FALSE,proofrail,synthetic_research
2026-01-05T12:17,BAD,txn_0000136,cust_payer_30871,USA,1288.29,cust_payee_58555,USA,INVOICE_PAYMENT,proofrail_synthetic,conditional_settlement_case,TRUE,proofrail,synthetic_research
2026-01-05T12:18,GOOD,txn_0000137,cust_payer_92217,MEXICO,884.25,cust_payee_40761,USA,MILESTONE_PAYMENT,proofrail_synthetic,conditional_settlement_case,FALSE,proofrail,synthetic_research
2026-01-05T12:22,REVIEW,txn_0000138,cust_payer_99268,USA,10902.73,cust_payee_70454,USA,GOODS_SETTLEMENT,proofrail_synthetic,conditional_settlement_case,FALSE,proofrail,synthetic_research
2026-01-05T12:22,GOOD,txn_0000139,cust_payer_71782,USA,106.94,cust_payee_66256,CANADA,GOODS_SETTLEMENT,proofrail_synthetic,conditional_settlement_case,FALSE,proofrail,synthetic_research
2026-01-05T12:23,GOOD,txn_0000140,cust_payer_67273,USA,9715.8,cust_payee_54451,USA,MILESTONE_PAYMENT,proofrail_synthetic,conditional_settlement_case,FALSE,proofrail,synthetic_research
2026-01-05T12:25,REVIEW,txn_0000141,cust_payer_70932,MEXICO,2918.53,cust_payee_07898,USA,MILESTONE_PAYMENT,proofrail_synthetic,conditional_settlement_case,TRUE,proofrail,synthetic_research
2026-01-05T12:26,BAD,txn_0000142,cust_payer_49480,CANADA,4019.76,cust_payee_49237,USA,MILESTONE_PAYMENT,proofrail_synthetic,conditional_settlement_case,TRUE,proofrail,synthetic_research
2026-01-05T12:27,GOOD,txn_0000143,cust_payer_94254,USA,33370.94,cust_payee_71362,USA,SERVICE_RETAINER,proofrail_synthetic,conditional_settlement_case,FALSE,proofrail,synthetic_research
2026-01-05T12:27,BAD,txn_0000144,cust_payer_27012,USA,75002.31,cust_payee_08820,USA,MILESTONE_PAYMENT,proofrail_synthetic,conditional_settlement_case,TRUE,proofrail,synthetic_research
2026-01-05T12:27,GOOD,txn_0000145,cust_payer_95882,USA,462.59,cust_payee_75512,USA,INVOICE_PAYMENT,proofrail_synthetic,conditional_settlement_case,FALSE,proofrail,synthetic_research
2026-01-05T12:28,GOOD,txn_0000146,cust_payer_55995,MEXICO,1674.28,cust_payee_72857,USA,GOODS_SETTLEMENT,proofrail_synthetic,conditional_settlement_case,FALSE,proofrail,synthetic_research
2026-01-05T12:29,GOOD,txn_0000147,cust_payer_29537,USA,967.54,cust_payee_39419,USA,INVOICE_PAYMENT,proofrail_synthetic,conditional_settlement_case,FALSE,proofrail,synthetic_research
2026-01-05T12:33,GOOD,txn_0000148,cust_payer_48638,USA,1253.52,cust_payee_12120,USA,GOODS_SETTLEMENT,proofrail_synthetic,conditional_settlement_case,FALSE,proofrail,synthetic_research
2026-01-05T12:34,REVIEW,txn_0000149,cust_payer_43643,MEXICO,4134.4,cust_payee_39740,GERMANY,INVOICE_PAYMENT,proofrail_synthetic,conditional_settlement_case,TRUE,proofrail,synthetic_research
2026-01-05T12:35,GOOD,txn_0000150,cust_payer_37102,USA,3202.58,cust_payee_49895,USA,GOODS_SETTLEMENT,proofrail_synthetic,conditional_settlement_case,FALSE,proofrail,synthetic_research
2026-01-05T12:36,REVIEW,txn_0000151,cust_payer_54255,USA,5168.55,cust_payee_05993,USA,MILESTONE_PAYMENT,proofrail_synthetic,conditional_settlement_case,TRUE,proofrail,synthetic_research
2026-01-05T12:37,GOOD,txn_0000152,cust_payer_85801,USA,1489.72,cust_payee_89765,USA,INVOICE_PAYMENT,proofrail_synthetic,conditional_settlement_case,FALSE,proofrail,synthetic_research
2026-01-05T12:40,GOOD,txn_0000153,cust_payer_71059,CANADA,558.75,cust_payee_84124,USA,MILESTONE_PAYMENT,proofrail_synthetic,conditional_settlement_case,FALSE,proofrail,synthetic_research
2026-01-05T12:40,GOOD,txn_0000154,cust_payer_66288,USA,3257.38,cust_payee_59771,USA,INVOICE_PAYMENT,proofrail_synthetic,conditional_settlement_case,FALSE,proofrail,synthetic_research
2026-01-05T12:40,GOOD,txn_0000155,cust_payer_12625,USA,13607.38,cust_payee_68733,USA,INVOICE_PAYMENT,proofrail_synthetic,conditional_settlement_case,FALSE,proofrail,synthetic_research
2026-01-05T12:42,GOOD,txn_0000156,cust_payer_85183,USA,486.24,cust_payee_99561,USA,INVOICE_PAYMENT,proofrail_synthetic,conditional_settlement_case,FALSE,proofrail,synthetic_research
2026-01-05T12:47,REVIEW,txn_0000157,cust_payer_69227,USA,3762.95,cust_payee_05578,USA,INVOICE_PAYMENT,proofrail_synthetic,conditional_settlement_case,TRUE,proofrail,synthetic_research
2026-01-05T12:51,GOOD,txn_0000158,cust_payer_41221,USA,3170.22,cust_payee_02053,USA,MILESTONE_PAYMENT,proofrail_synthetic,conditional_settlement_case,FALSE,proofrail,synthetic_research
2026-01-05T12:52,REVIEW,txn_0000159,cust_payer_99040,USA,7029.59,cust_payee_96960,USA,INVOICE_PAYMENT,proofrail_synthetic,conditional_settlement_case,FALSE,proofrail,synthetic_research
2026-01-05T12:53,REVIEW,txn_0000160,cust_payer_42779,USA,679.79,cust_payee_03884,USA,GOODS_SETTLEMENT,proofrail_synthetic,conditional_settlement_case,TRUE,proofrail,synthetic_research
2026-01-05T12:55,GOOD,txn_0000161,cust_payer_93469,USA,925.86,cust_payee_09635,USA,INVOICE_PAYMENT,proofrail_synthetic,conditional_settlement_case,FALSE,proofrail,synthetic_research
2026-01-05T12:55,GOOD,txn_0000162,cust_payer_11443,USA,1420.53,cust_payee_24562,USA,INVOICE_PAYMENT,proofrail_synthetic,conditional_settlement_case,FALSE,proofrail,synthetic_research
2026-01-05T12:59,REVIEW,txn_0000163,cust_payer_31817,USA,1196.94,cust_payee_74968,USA,GOODS_SETTLEMENT,proofrail_synthetic,conditional_settlement_case,TRUE,proofrail,synthetic_research
2026-01-05T12:59,GOOD,txn_0000164,cust_payer_32322,USA,439.36,cust_payee_94490,USA,INVOICE_PAYMENT,proofrail_synthetic,conditional_settlement_case,FALSE,proofrail,synthetic_research
2026-01-05T13:00,GOOD,txn_0000165,cust_payer_85333,MEXICO,5883.48,cust_payee_77909,USA,INVOICE_PAYMENT,proofrail_synthetic,conditional_settlement_case,FALSE,proofrail,synthetic_research
2026-01-05T13:02,REVIEW,txn_0000166,cust_payer_42715,USA,5150.5,cust_payee_49291,MEXICO,SERVICE_RETAINER,proofrail_synthetic,conditional_settlement_case,FALSE,proofrail,synthetic_research
2026-01-05T13:03,REVIEW,txn_0000167,cust_payer_90812,USA,7199.12,cust_payee_09065,USA,INVOICE_PAYMENT,proofrail_synthetic,conditional_settlement_case,TRUE,proofrail,synthetic_research
2026-01-05T13:04,GOOD,txn_0000168,cust_payer_70041,USA,4505.84,cust_payee_66403,USA,GOODS_SETTLEMENT,proofrail_synthetic,conditional_settlement_case,FALSE,proofrail,synthetic_research
2026-01-05T13:06,GOOD,txn_0000169,cust_payer_05807,USA,606.14,cust_payee_73823,USA,MILESTONE_PAYMENT,proofrail_synthetic,conditional_settlement_case,FALSE,proofrail,synthetic_research
2026-01-05T13:06,REVIEW,txn_0000170,cust_payer_49037,USA,2606.89,cust_payee_51267,USA,INVOICE_PAYMENT,proofrail_synthetic,conditional_settlement_case,FALSE,proofrail,synthetic_research
2026-01-05T13:07,BAD,txn_0000171,cust_payer_27115,USA,4868.33,cust_payee_68304,USA,INVOICE_PAYMENT,proofrail_synthetic,conditional_settlement_case,TRUE,proofrail,synthetic_research
2026-01-05T13:11,GOOD,txn_0000172,cust_payer_97058,USA,16250.01,cust_payee_31971,USA,MILESTONE_PAYMENT,proofrail_synthetic,conditional_settlement_case,FALSE,proofrail,synthetic_research
2026-01-05T13:12,GOOD,txn_0000173,cust_payer_56303,USA,4085.44,cust_payee_50966,USA,GOODS_SETTLEMENT,proofrail_synthetic,conditional_settlement_case,FALSE,proofrail,synthetic_research
2026-01-05T13:12,GOOD,txn_0000174,cust_payer_64158,USA,1823.7,cust_payee_69169,USA,MILESTONE_PAYMENT,proofrail_synthetic,conditional_settlement_case,FALSE,proofrail,synthetic_research
2026-01-05T13:14,GOOD,txn_0000175,cust_payer_41050,USA,12925.61,cust_payee_15449,USA,GOODS_SETTLEMENT,proofrail_synthetic,conditional_settlement_case,FALSE,proofrail,synthetic_research
2026-01-05T13:15,GOOD,txn_0000176,cust_payer_64179,USA,2367.7,cust_payee_37859,USA,GOODS_SETTLEMENT,proofrail_synthetic,conditional_settlement_case,FALSE,proofrail,synthetic_research
2026-01-05T13:16,REVIEW,txn_0000177,cust_payer_64452,USA,14674.41,cust_payee_54478,USA,INVOICE_PAYMENT,proofrail_synthetic,conditional_settlement_case,TRUE,proofrail,synthetic_research
2026-01-05T13:18,REVIEW,txn_0000178,cust_payer_64922,USA,405.54,cust_payee_72054,USA,INVOICE_PAYMENT,proofrail_synthetic,conditional_settlement_case,FALSE,proofrail,synthetic_research
2026-01-05T13:18,REVIEW,txn_0000179,cust_payer_85679,USA,2169.94,cust_payee_98481,USA,MILESTONE_PAYMENT,proofrail_synthetic,conditional_settlement_case,TRUE,proofrail,synthetic_research
2026-01-05T13:21,GOOD,txn_0000180,cust_payer_79989,USA,5265.56,cust_payee_82939,USA,MILESTONE_PAYMENT,proofrail_synthetic,conditional_settlement_case,FALSE,proofrail,synthetic_research
2026-01-05T13:27,GOOD,txn_0000181,cust_payer_89038,USA,1000.43,cust_payee_12482,USA,GOODS_SETTLEMENT,proofrail_synthetic,conditional_settlement_case,FALSE,proofrail,synthetic_research
2026-01-05T13:30,GOOD,txn_0000182,cust_payer_88636,USA,933.83,cust_payee_51473,USA,MILESTONE_PAYMENT,proofrail_synthetic,conditional_settlement_case,FALSE,proofrail,synthetic_research
2026-01-05T13:30,GOOD,txn_0000183,cust_payer_63969,CANADA,2604.17,cust_payee_42899,USA,MILESTONE_PAYMENT,proofrail_synthetic,conditional_settlement_case,FALSE,proofrail,synthetic_research
2026-01-05T13:33,REVIEW,txn_0000184,cust_payer_64844,USA,6313.63,cust_payee_35198,USA,MILESTONE_PAYMENT,proofrail_synthetic,conditional_settlement_case,TRUE,proofrail,synthetic_research
2026-01-05T13:33,REVIEW,txn_0000185,cust_payer_85799,UNITED-KINGDOM,127.31,cust_payee_47243,USA,MILESTONE_PAYMENT,proofrail_synthetic,conditional_settlement_case,TRUE,proofrail,synthetic_research
2026-01-05T13:34,GOOD,txn_0000186,cust_payer_10216,USA,6729.77,cust_payee_17394,USA,MILESTONE_PAYMENT,proofrail_synthetic,conditional_settlement_case,FALSE,proofrail,synthetic_research
2026-01-05T13:36,GOOD,txn_0000187,cust_payer_13426,USA,2367.21,cust_payee_13527,USA,MILESTONE_PAYMENT,proofrail_synthetic,conditional_settlement_case,FALSE,proofrail,synthetic_research
2026-01-05T13:37,GOOD,txn_0000188,cust_payer_94691,USA,2649.46,cust_payee_27926,USA,SERVICE_RETAINER,proofrail_synthetic,conditional_settlement_case,FALSE,proofrail,synthetic_research
2026-01-05T13:37,REVIEW,txn_0000189,cust_payer_18328,USA,3289.41,cust_payee_32478,USA,INVOICE_PAYMENT,proofrail_synthetic,conditional_settlement_case,TRUE,proofrail,synthetic_research
2026-01-05T13:39,REVIEW,txn_0000190,cust_payer_24727,USA,3835.63,cust_payee_98022,USA,MILESTONE_PAYMENT,proofrail_synthetic,conditional_settlement_case,TRUE,proofrail,synthetic_research
2026-01-05T13:39,GOOD,txn_0000191,cust_payer_74499,USA,591.62,cust_payee_55164,MEXICO,INVOICE_PAYMENT,proofrail_synthetic,conditional_settlement_case,FALSE,proofrail,synthetic_research
2026-01-05T13:41,GOOD,txn_0000192,cust_payer_55519,USA,7559.06,cust_payee_91988,USA,INVOICE_PAYMENT,proofrail_synthetic,conditional_settlement_case,FALSE,proofrail,synthetic_research
2026-01-05T13:43,BAD,txn_0000193,cust_payer_85176,USA,951.55,cust_payee_89268,MEXICO,SERVICE_RETAINER,proofrail_synthetic,conditional_settlement_case,TRUE,proofrail,synthetic_research
2026-01-05T13:43,GOOD,txn_0000194,cust_payer_92786,MEXICO,3128.47,cust_payee_17985,USA,SERVICE_RETAINER,proofrail_synthetic,conditional_settlement_case,FALSE,proofrail,synthetic_research
2026-01-05T13:45,GOOD,txn_0000195,cust_payer_03848,USA,5164.35,cust_payee_43911,USA,INVOICE_PAYMENT,proofrail_synthetic,conditional_settlement_case,FALSE,proofrail,synthetic_research
2026-01-05T13:45,GOOD,txn_0000196,cust_payer_13488,USA,2495.76,cust_payee_75224,USA,GOODS_SETTLEMENT,proofrail_synthetic,conditional_settlement_case,FALSE,proofrail,synthetic_research
2026-01-05T13:46,GOOD,txn_0000197,cust_payer_93589,USA,6567.56,cust_payee_97081,UNITED-KINGDOM,INVOICE_PAYMENT,proofrail_synthetic,conditional_settlement_case,FALSE,proofrail,synthetic_research
2026-01-05T13:49,GOOD,txn_0000198,cust_payer_06020,USA,3530.91,cust_payee_52551,CANADA,GOODS_SETTLEMENT,proofrail_synthetic,conditional_settlement_case,FALSE,proofrail,synthetic_research
2026-01-05T13:50,GOOD,txn_0000199,cust_payer_77555,USA,2972.1,cust_payee_64666,USA,INVOICE_PAYMENT,proofrail_synthetic,conditional_settlement_case,FALSE,proofrail,synthetic_research
2026-01-05T13:54,GOOD,txn_0000200,cust_payer_00192,USA,3100.73,cust_payee_99475,USA,SERVICE_RETAINER,proofrail_synthetic,conditional_settlement_case,FALSE,proofrail,synthetic_research
2026-01-05T13:55,GOOD,txn_0000201,cust_payer_98029,USA,11910.38,cust_payee_11129,USA,GOODS_SETTLEMENT,proofrail_synthetic,conditional_settlement_case,FALSE,proofrail,synthetic_research
2026-01-05T13:57,GOOD,txn_0000202,cust_payer_96385,USA,178.96,cust_payee_42763,USA,GOODS_SETTLEMENT,proofrail_synthetic,conditional_settlement_case,FALSE,proofrail,synthetic_research
2026-01-05T13:58,REVIEW,txn_0000203,cust_payer_27216,USA,2244.22,cust_payee_59234,USA,INVOICE_PAYMENT,proofrail_synthetic,conditional_settlement_case,FALSE,proofrail,synthetic_research
2026-01-05T13:59,GOOD,txn_0000204,cust_payer_46628,USA,6419.44,cust_payee_51937,SINGAPORE,MILESTONE_PAYMENT,proofrail_synthetic,conditional_settlement_case,FALSE,proofrail,synthetic_research
2026-01-05T14:02,REVIEW,txn_0000205,cust_payer_15920,USA,1039.57,cust_payee_01568,USA,GOODS_SETTLEMENT,proofrail_synthetic,conditional_settlement_case,TRUE,proofrail,synthetic_research
2026-01-05T14:02,GOOD,txn_0000206,cust_payer_08451,USA,17893.58,cust_payee_25920,UNITED-KINGDOM,SERVICE_RETAINER,proofrail_synthetic,conditional_settlement_case,FALSE,proofrail,synthetic_research
2026-01-05T14:03,GOOD,txn_0000207,cust_payer_50166,UNITED-KINGDOM,574.62,cust_payee_89551,USA,INVOICE_PAYMENT,proofrail_synthetic,conditional_settlement_case,FALSE,proofrail,synthetic_research
2026-01-05T14:04,REVIEW,txn_0000208,cust_payer_11498,USA,4353.21,cust_payee_36671,USA,GOODS_SETTLEMENT,proofrail_synthetic,conditional_settlement_case,FALSE,proofrail,synthetic_research
2026-01-05T14:05,GOOD,txn_0000209,cust_payer_63528,USA,1153.38,cust_payee_45094,USA,GOODS_SETTLEMENT,proofrail_synthetic,conditional_settlement_case,FALSE,proofrail,synthetic_research
2026-01-05T14:10,REVIEW,txn_0000210,cust_payer_13125,USA,3172.45,cust_payee_32488,UNITED-KINGDOM,MILESTONE_PAYMENT,proofrail_synthetic,conditional_settlement_case,TRUE,proofrail,synthetic_research
2026-01-05T14:18,REVIEW,txn_0000211,cust_payer_22769,USA,5966.17,cust_payee_23082,USA,INVOICE_PAYMENT,proofrail_synthetic,conditional_settlement_case,TRUE,proofrail,synthetic_research
2026-01-05T14:19,GOOD,txn_0000212,cust_payer_11831,USA,17373.38,cust_payee_07363,USA,INVOICE_PAYMENT,proofrail_synthetic,conditional_settlement_case,FALSE,proofrail,synthetic_research
2026-01-05T14:21,GOOD,txn_0000213,cust_payer_47827,USA,18007.01,cust_payee_09507,USA,INVOICE_PAYMENT,proofrail_synthetic,conditional_settlement_case,FALSE,proofrail,synthetic_research
2026-01-05T14:23,BAD,txn_0000214,cust_payer_80441,USA,3515.54,cust_payee_46770,USA,INVOICE_PAYMENT,proofrail_synthetic,conditional_settlement_case,TRUE,proofrail,synthetic_research
2026-01-05T14:23,BAD,txn_0000215,cust_payer_78957,USA,10054.55,cust_payee_41710,USA,MILESTONE_PAYMENT,proofrail_synthetic,conditional_settlement_case,TRUE,proofrail,synthetic_research
2026-01-05T14:24,GOOD,txn_0000216,cust_payer_34762,USA,7455.43,cust_payee_27484,USA,MILESTONE_PAYMENT,proofrail_synthetic,conditional_settlement_case,FALSE,proofrail,synthetic_research
2026-01-05T14:25,BAD,txn_0000217,cust_payer_49198,USA,10463,cust_payee_13295,USA,MILESTONE_PAYMENT,proofrail_synthetic,conditional_settlement_case,TRUE,proofrail,synthetic_research
2026-01-05T14:25,GOOD,txn_0000218,cust_payer_09831,USA,804.94,cust_payee_71703,SINGAPORE,MILESTONE_PAYMENT,proofrail_synthetic,conditional_settlement_case,FALSE,proofrail,synthetic_research
2026-01-05T14:25,GOOD,txn_0000219,cust_payer_26942,UNITED-KINGDOM,3575.92,cust_payee_24902,USA,GOODS_SETTLEMENT,proofrail_synthetic,conditional_settlement_case,FALSE,proofrail,synthetic_research
2026-01-05T14:26,GOOD,txn_0000220,cust_payer_56048,USA,3005.35,cust_payee_11486,USA,INVOICE_PAYMENT,proofrail_synthetic,conditional_settlement_case,FALSE,proofrail,synthetic_research
2026-01-05T14:27,GOOD,txn_0000221,cust_payer_86644,USA,6386.75,cust_payee_34735,CANADA,INVOICE_PAYMENT,proofrail_synthetic,conditional_settlement_case,FALSE,proofrail,synthetic_research
2026-01-05T14:27,GOOD,txn_0000222,cust_payer_91288,USA,1233.69,cust_payee_87487,USA,INVOICE_PAYMENT,proofrail_synthetic,conditional_settlement_case,FALSE,proofrail,synthetic_research
2026-01-05T14:28,GOOD,txn_0000223,cust_payer_30887,CANADA,8637.25,cust_payee_62425,USA,INVOICE_PAYMENT,proofrail_synthetic,conditional_settlement_case,FALSE,proofrail,synthetic_research
2026-01-05T14:34,BAD,txn_0000224,cust_payer_25261,USA,378.48,cust_payee_16540,USA,GOODS_SETTLEMENT,proofrail_synthetic,conditional_settlement_case,TRUE,proofrail,synthetic_research
2026-01-05T14:34,GOOD,txn_0000225,cust_payer_52083,USA,23121.86,cust_payee_72359,CANADA,GOODS_SETTLEMENT,proofrail_synthetic,conditional_settlement_case,FALSE,proofrail,synthetic_research
2026-01-05T14:38,GOOD,txn_0000226,cust_payer_73753,CANADA,2068.34,cust_payee_13238,CANADA,GOODS_SETTLEMENT,proofrail_synthetic,conditional_settlement_case,FALSE,proofrail,synthetic_research
2026-01-05T14:38,GOOD,txn_0000227,cust_payer_43450,UNITED-KINGDOM,887.08,cust_payee_90508,CANADA,GOODS_SETTLEMENT,proofrail_synthetic,conditional_settlement_case,FALSE,proofrail,synthetic_research
2026-01-05T14:44,GOOD,txn_0000228,cust_payer_29879,USA,2373.19,cust_payee_17615,USA,INVOICE_PAYMENT,proofrail_synthetic,conditional_settlement_case,FALSE,proofrail,synthetic_research
2026-01-05T14:46,GOOD,txn_0000229,cust_payer_49010,USA,9321.46,cust_payee_07368,USA,INVOICE_PAYMENT,proofrail_synthetic,conditional_settlement_case,FALSE,proofrail,synthetic_research
2026-01-05T14:46,GOOD,txn_0000230,cust_payer_47236,USA,5833.31,cust_payee_92358,USA,MILESTONE_PAYMENT,proofrail_synthetic,conditional_settlement_case,FALSE,proofrail,synthetic_research
2026-01-05T14:47,GOOD,txn_0000231,cust_payer_45844,USA,190.16,cust_payee_45122,USA,INVOICE_PAYMENT,proofrail_synthetic,conditional_settlement_case,FALSE,proofrail,synthetic_research
2026-01-05T14:49,GOOD,txn_0000232,cust_payer_67277,USA,5925.08,cust_payee_02629,USA,INVOICE_PAYMENT,proofrail_synthetic,conditional_settlement_case,FALSE,proofrail,synthetic_research
2026-01-05T14:50,GOOD,txn_0000233,cust_payer_49346,USA,90333.58,cust_payee_45707,USA,MILESTONE_PAYMENT,proofrail_synthetic,conditional_settlement_case,FALSE,proofrail,synthetic_research
2026-01-05T14:50,BAD,txn_0000234,cust_payer_14170,USA,3326.04,cust_payee_63143,CANADA,INVOICE_PAYMENT,proofrail_synthetic,conditional_settlement_case,TRUE,proofrail,synthetic_research
2026-01-05T14:52,GOOD,txn_0000235,cust_payer_94541,USA,10411.09,cust_payee_03337,USA,MILESTONE_PAYMENT,proofrail_synthetic,conditional_settlement_case,FALSE,proofrail,synthetic_research
2026-01-05T14:53,GOOD,txn_0000236,cust_payer_83666,USA,294.17,cust_payee_62356,CANADA,MILESTONE_PAYMENT,proofrail_synthetic,conditional_settlement_case,FALSE,proofrail,synthetic_research
2026-01-05T14:56,REVIEW,txn_0000237,cust_payer_23996,USA,969.7,cust_payee_89092,USA,INVOICE_PAYMENT,proofrail_synthetic,conditional_settlement_case,FALSE,proofrail,synthetic_research
2026-01-05T14:57,GOOD,txn_0000238,cust_payer_83152,USA,3378.47,cust_payee_76491,USA,MILESTONE_PAYMENT,proofrail_synthetic,conditional_settlement_case,FALSE,proofrail,synthetic_research
2026-01-05T14:57,GOOD,txn_0000239,cust_payer_74633,USA,5699.43,cust_payee_59975,USA,GOODS_SETTLEMENT,proofrail_synthetic,conditional_settlement_case,FALSE,proofrail,synthetic_research
2026-01-05T14:58,GOOD,txn_0000240,cust_payer_20767,USA,2229.66,cust_payee_64170,USA,INVOICE_PAYMENT,proofrail_synthetic,conditional_settlement_case,FALSE,proofrail,synthetic_research
2026-01-05T15:02,GOOD,txn_0000241,cust_payer_99202,USA,3167.62,cust_payee_69604,USA,GOODS_SETTLEMENT,proofrail_synthetic,conditional_settlement_case,FALSE,proofrail,synthetic_research
2026-01-05T15:02,GOOD,txn_0000242,cust_payer_38120,USA,3056.19,cust_payee_59760,CANADA,INVOICE_PAYMENT,proofrail_synthetic,conditional_settlement_case,FALSE,proofrail,synthetic_research
2026-01-05T15:03,GOOD,txn_0000243,cust_payer_17198,USA,9384.7,cust_payee_27682,USA,SERVICE_RETAINER,proofrail_synthetic,conditional_settlement_case,FALSE,proofrail,synthetic_research
2026-01-05T15:04,GOOD,txn_0000244,cust_payer_85665,USA,2678.3,cust_payee_02588,USA,MILESTONE_PAYMENT,proofrail_synthetic,conditional_settlement_case,FALSE,proofrail,synthetic_research
2026-01-05T15:06,GOOD,txn_0000245,cust_payer_35387,CANADA,505.29,cust_payee_81632,USA,INVOICE_PAYMENT,proofrail_synthetic,conditional_settlement_case,FALSE,proofrail,synthetic_research
2026-01-05T15:09,GOOD,txn_0000246,cust_payer_26434,USA,1228.34,cust_payee_46914,USA,INVOICE_PAYMENT,proofrail_synthetic,conditional_settlement_case,FALSE,proofrail,synthetic_research
2026-01-05T15:13,GOOD,txn_0000247,cust_payer_67071,USA,16905.28,cust_payee_09837,USA,INVOICE_PAYMENT,proofrail_synthetic,conditional_settlement_case,FALSE,proofrail,synthetic_research
2026-01-05T15:14,GOOD,txn_0000248,cust_payer_15192,USA,341.06,cust_payee_12452,USA,GOODS_SETTLEMENT,proofrail_synthetic,conditional_settlement_case,FALSE,proofrail,synthetic_research
2026-01-05T15:16,BAD,txn_0000249,cust_payer_23970,USA,485.95,cust_payee_14921,USA,MILESTONE_PAYMENT,proofrail_synthetic,conditional_settlement_case,TRUE,proofrail,synthetic_research
2026-01-05T15:17,REVIEW,txn_0000250,cust_payer_74573,USA,831.64,cust_payee_88919,USA,GOODS_SETTLEMENT,proofrail_synthetic,conditional_settlement_case,TRUE,proofrail,synthetic_research
2026-01-05T15:18,BAD,txn_0000251,cust_payer_08302,CANADA,2348.82,cust_payee_34291,USA,MILESTONE_PAYMENT,proofrail_synthetic,conditional_settlement_case,TRUE,proofrail,synthetic_research
2026-01-05T15:20,BAD,txn_0000252,cust_payer_12484,USA,10810.6,cust_payee_56735,USA,INVOICE_PAYMENT,proofrail_synthetic,conditional_settlement_case,TRUE,proofrail,synthetic_research
2026-01-05T15:21,BAD,txn_0000253,cust_payer_36459,USA,515.88,cust_payee_06600,USA,GOODS_SETTLEMENT,proofrail_synthetic,conditional_settlement_case,TRUE,proofrail,synthetic_research
2026-01-05T15:23,GOOD,txn_0000254,cust_payer_02330,USA,2489.37,cust_payee_13454,CANADA,GOODS_SETTLEMENT,proofrail_synthetic,conditional_settlement_case,FALSE,proofrail,synthetic_research
2026-01-05T15:27,BAD,txn_0000255,cust_payer_47625,USA,3514.29,cust_payee_07114,USA,GOODS_SETTLEMENT,proofrail_synthetic,conditional_settlement_case,TRUE,proofrail,synthetic_research
2026-01-05T15:28,GOOD,txn_0000256,cust_payer_83056,USA,269.58,cust_payee_38271,CANADA,INVOICE_PAYMENT,proofrail_synthetic,conditional_settlement_case,FALSE,proofrail,synthetic_research
2026-01-05T15:32,GOOD,txn_0000257,cust_payer_51498,USA,1404.44,cust_payee_28258,USA,MILESTONE_PAYMENT,proofrail_synthetic,conditional_settlement_case,FALSE,proofrail,synthetic_research
2026-01-05T15:32,GOOD,txn_0000258,cust_payer_65383,MEXICO,6365.5,cust_payee_00569,CANADA,MILESTONE_PAYMENT,proofrail_synthetic,conditional_settlement_case,FALSE,proofrail,synthetic_research
2026-01-05T15:32,GOOD,txn_0000259,cust_payer_86183,CANADA,4333.3,cust_payee_78715,USA,SERVICE_RETAINER,proofrail_synthetic,conditional_settlement_case,FALSE,proofrail,synthetic_research
2026-01-05T15:32,GOOD,txn_0000260,cust_payer_78975,CANADA,1642.41,cust_payee_91753,USA,INVOICE_PAYMENT,proofrail_synthetic,conditional_settlement_case,FALSE,proofrail,synthetic_research
2026-01-05T15:36,GOOD,txn_0000261,cust_payer_17390,USA,367.27,cust_payee_93114,USA,GOODS_SETTLEMENT,proofrail_synthetic,conditional_settlement_case,FALSE,proofrail,synthetic_research
2026-01-05T15:38,GOOD,txn_0000262,cust_payer_69980,USA,3731.39,cust_payee_37478,USA,INVOICE_PAYMENT,proofrail_synthetic,conditional_settlement_case,FALSE,proofrail,synthetic_research
2026-01-05T15:40,GOOD,txn_0000263,cust_payer_38685,USA,3749.91,cust_payee_26739,USA,INVOICE_PAYMENT,proofrail_synthetic,conditional_settlement_case,FALSE,proofrail,synthetic_research
2026-01-05T15:42,REVIEW,txn_0000264,cust_payer_91243,USA,2909.4,cust_payee_37702,USA,MILESTONE_PAYMENT,proofrail_synthetic,conditional_settlement_case,TRUE,proofrail,synthetic_research
2026-01-05T15:45,GOOD,txn_0000265,cust_payer_83072,USA,4451.76,cust_payee_92358,USA,SERVICE_RETAINER,proofrail_synthetic,conditional_settlement_case,FALSE,proofrail,synthetic_research
2026-01-05T15:46,GOOD,txn_0000266,cust_payer_33426,USA,1418.72,cust_payee_00740,USA,INVOICE_PAYMENT,proofrail_synthetic,conditional_settlement_case,FALSE,proofrail,synthetic_research
2026-01-05T15:47,REVIEW,txn_0000267,cust_payer_09553,USA,4553.78,cust_payee_92758,USA,SERVICE_RETAINER,proofrail_synthetic,conditional_settlement_case,FALSE,proofrail,synthetic_research
2026-01-05T15:48,GOOD,txn_0000268,cust_payer_38480,USA,1280.79,cust_payee_28633,USA,GOODS_SETTLEMENT,proofrail_synthetic,conditional_settlement_case,FALSE,proofrail,synthetic_research
2026-01-05T15:53,GOOD,txn_0000269,cust_payer_89464,USA,635.47,cust_payee_42066,USA,INVOICE_PAYMENT,proofrail_synthetic,conditional_settlement_case,FALSE,proofrail,synthetic_research
2026-01-05T15:53,REVIEW,txn_0000270,cust_payer_85398,USA,2641.26,cust_payee_25233,GERMANY,GOODS_SETTLEMENT,proofrail_synthetic,conditional_settlement_case,TRUE,proofrail,synthetic_research
2026-01-05T15:55,GOOD,txn_0000271,cust_payer_26946,USA,3410.68,cust_payee_70485,USA,GOODS_SETTLEMENT,proofrail_synthetic,conditional_settlement_case,FALSE,proofrail,synthetic_research
2026-01-05T15:55,GOOD,txn_0000272,cust_payer_33019,UNITED-KINGDOM,3825.37,cust_payee_73150,USA,MILESTONE_PAYMENT,proofrail_synthetic,conditional_settlement_case,FALSE,proofrail,synthetic_research
2026-01-05T15:57,GOOD,txn_0000273,cust_payer_09515,USA,3896.39,cust_payee_46885,USA,INVOICE_PAYMENT,proofrail_synthetic,conditional_settlement_case,FALSE,proofrail,synthetic_research
2026-01-05T15:58,REVIEW,txn_0000274,cust_payer_97879,USA,4449.93,cust_payee_51249,USA,GOODS_SETTLEMENT,proofrail_synthetic,conditional_settlement_case,FALSE,proofrail,synthetic_research
2026-01-05T16:02,REVIEW,txn_0000275,cust_payer_39937,USA,3135.43,cust_payee_27533,USA,SERVICE_RETAINER,proofrail_synthetic,conditional_settlement_case,TRUE,proofrail,synthetic_research
2026-01-05T16:04,GOOD,txn_0000276,cust_payer_74357,SINGAPORE,5475.87,cust_payee_07129,USA,INVOICE_PAYMENT,proofrail_synthetic,conditional_settlement_case,FALSE,proofrail,synthetic_research
2026-01-05T16:04,GOOD,txn_0000277,cust_payer_87989,USA,5734.11,cust_payee_85915,USA,INVOICE_PAYMENT,proofrail_synthetic,conditional_settlement_case,FALSE,proofrail,synthetic_research
2026-01-05T16:09,GOOD,txn_0000278,cust_payer_22104,USA,549.83,cust_payee_00634,USA,GOODS_SETTLEMENT,proofrail_synthetic,conditional_settlement_case,FALSE,proofrail,synthetic_research
2026-01-05T16:10,GOOD,txn_0000279,cust_payer_14265,USA,2335.18,cust_payee_23039,CANADA,GOODS_SETTLEMENT,proofrail_synthetic,conditional_settlement_case,FALSE,proofrail,synthetic_research
2026-01-05T16:12,GOOD,txn_0000280,cust_payer_27887,SINGAPORE,14986.27,cust_payee_04805,USA,MILESTONE_PAYMENT,proofrail_synthetic,conditional_settlement_case,FALSE,proofrail,synthetic_research
2026-01-05T16:13,REVIEW,txn_0000281,cust_payer_11870,USA,4650.84,cust_payee_52008,GERMANY,INVOICE_PAYMENT,proofrail_synthetic,conditional_settlement_case,TRUE,proofrail,synthetic_research
2026-01-05T16:15,REVIEW,txn_0000282,cust_payer_19163,USA,567.41,cust_payee_96459,USA,MILESTONE_PAYMENT,proofrail_synthetic,conditional_settlement_case,FALSE,proofrail,synthetic_research
2026-01-05T16:16,GOOD,txn_0000283,cust_payer_59592,USA,2939.19,cust_payee_06087,GERMANY,INVOICE_PAYMENT,proofrail_synthetic,conditional_settlement_case,FALSE,proofrail,synthetic_research
2026-01-05T16:16,GOOD,txn_0000284,cust_payer_85635,UNITED-KINGDOM,3091.61,cust_payee_10203,USA,MILESTONE_PAYMENT,proofrail_synthetic,conditional_settlement_case,FALSE,proofrail,synthetic_research
2026-01-05T16:17,GOOD,txn_0000285,cust_payer_30146,USA,3710.07,cust_payee_10105,USA,GOODS_SETTLEMENT,proofrail_synthetic,conditional_settlement_case,FALSE,proofrail,synthetic_research
2026-01-05T16:18,GOOD,txn_0000286,cust_payer_77437,USA,1741.87,cust_payee_21135,USA,GOODS_SETTLEMENT,proofrail_synthetic,conditional_settlement_case,FALSE,proofrail,synthetic_research
2026-01-05T16:19,BAD,txn_0000287,cust_payer_53144,CANADA,1124.04,cust_payee_78559,USA,GOODS_SETTLEMENT,proofrail_synthetic,conditional_settlement_case,TRUE,proofrail,synthetic_research
2026-01-05T16:22,GOOD,txn_0000288,cust_payer_78754,USA,2252.9,cust_payee_18706,USA,INVOICE_PAYMENT,proofrail_synthetic,conditional_settlement_case,FALSE,proofrail,synthetic_research
2026-01-05T16:22,GOOD,txn_0000289,cust_payer_02171,USA,3121.35,cust_payee_26523,CANADA,INVOICE_PAYMENT,proofrail_synthetic,conditional_settlement_case,FALSE,proofrail,synthetic_research
2026-01-05T16:22,GOOD,txn_0000290,cust_payer_86428,USA,11445.78,cust_payee_17083,MEXICO,SERVICE_RETAINER,proofrail_synthetic,conditional_settlement_case,FALSE,proofrail,synthetic_research
2026-01-05T16:23,REVIEW,txn_0000291,cust_payer_49970,USA,4803.88,cust_payee_45944,USA,GOODS_SETTLEMENT,proofrail_synthetic,conditional_settlement_case,TRUE,proofrail,synthetic_research
2026-01-05T16:24,REVIEW,txn_0000292,cust_payer_24776,USA,6434.27,cust_payee_00717,USA,GOODS_SETTLEMENT,proofrail_synthetic,conditional_settlement_case,FALSE,proofrail,synthetic_research
2026-01-05T16:25,GOOD,txn_0000293,cust_payer_70269,SINGAPORE,1838.2,cust_payee_55518,USA,MILESTONE_PAYMENT,proofrail_synthetic,conditional_settlement_case,FALSE,proofrail,synthetic_research
2026-01-05T16:26,GOOD,txn_0000294,cust_payer_92471,USA,3102.8,cust_payee_52184,USA,GOODS_SETTLEMENT,proofrail_synthetic,conditional_settlement_case,FALSE,proofrail,synthetic_research
2026-01-05T16:27,REVIEW,txn_0000295,cust_payer_89728,USA,1882.58,cust_payee_92641,USA,INVOICE_PAYMENT,proofrail_synthetic,conditional_settlement_case,FALSE,proofrail,synthetic_research
2026-01-05T16:29,GOOD,txn_0000296,cust_payer_52514,GERMANY,1228.41,cust_payee_80474,USA,GOODS_SETTLEMENT,proofrail_synthetic,conditional_settlement_case,FALSE,proofrail,synthetic_research
2026-01-05T16:30,GOOD,txn_0000297,cust_payer_30366,USA,2608.65,cust_payee_80635,USA,GOODS_SETTLEMENT,proofrail_synthetic,conditional_settlement_case,FALSE,proofrail,synthetic_research
2026-01-05T16:30,REVIEW,txn_0000298,cust_payer_92226,USA,1549.98,cust_payee_08994,USA,MILESTONE_PAYMENT,proofrail_synthetic,conditional_settlement_case,FALSE,proofrail,synthetic_research
2026-01-05T16:32,GOOD,txn_0000299,cust_payer_34224,USA,12415.34,cust_payee_22943,USA,MILESTONE_PAYMENT,proofrail_synthetic,conditional_settlement_case,FALSE,proofrail,synthetic_research
2026-01-05T16:32,REVIEW,txn_0000300,cust_payer_49425,USA,10037.99,cust_payee_73816,USA,SERVICE_RETAINER,proofrail_synthetic,conditional_settlement_case,TRUE,proofrail,synthetic_research
2026-01-05T16:34,GOOD,txn_0000301,cust_payer_30138,USA,1192.41,cust_payee_41384,USA,MILESTONE_PAYMENT,proofrail_synthetic,conditional_settlement_case,FALSE,proofrail,synthetic_research
2026-01-05T16:35,REVIEW,txn_0000302,cust_payer_46339,MEXICO,1280.07,cust_payee_28648,USA,INVOICE_PAYMENT,proofrail_synthetic,conditional_settlement_case,TRUE,proofrail,synthetic_research
2026-01-05T16:38,REVIEW,txn_0000303,cust_payer_81081,UNITED-KINGDOM,6068.12,cust_payee_46666,USA,INVOICE_PAYMENT,proofrail_synthetic,conditional_settlement_case,TRUE,proofrail,synthetic_research
2026-01-05T16:39,GOOD,txn_0000304,cust_payer_75304,UNITED-KINGDOM,471.33,cust_payee_36010,USA,MILESTONE_PAYMENT,proofrail_synthetic,conditional_settlement_case,FALSE,proofrail,synthetic_research
2026-01-05T16:39,REVIEW,txn_0000305,cust_payer_89960,USA,2286.91,cust_payee_22912,USA,INVOICE_PAYMENT,proofrail_synthetic,conditional_settlement_case,TRUE,proofrail,synthetic_research
2026-01-05T16:41,GOOD,txn_0000306,cust_payer_31083,USA,377.55,cust_payee_35312,USA,INVOICE_PAYMENT,proofrail_synthetic,conditional_settlement_case,FALSE,proofrail,synthetic_research
2026-01-05T16:46,REVIEW,txn_0000307,cust_payer_89917,USA,1505.64,cust_payee_29959,USA,INVOICE_PAYMENT,proofrail_synthetic,conditional_settlement_case,TRUE,proofrail,synthetic_research
2026-01-05T16:47,REVIEW,txn_0000308,cust_payer_82661,USA,2374.56,cust_payee_67766,USA,MILESTONE_PAYMENT,proofrail_synthetic,conditional_settlement_case,TRUE,proofrail,synthetic_research
2026-01-05T16:48,GOOD,txn_0000309,cust_payer_43865,MEXICO,1216.84,cust_payee_34049,USA,INVOICE_PAYMENT,proofrail_synthetic,conditional_settlement_case,FALSE,proofrail,synthetic_research
2026-01-05T16:49,BAD,txn_0000310,cust_payer_37305,USA,654.94,cust_payee_46545,USA,MILESTONE_PAYMENT,proofrail_synthetic,conditional_settlement_case,TRUE,proofrail,synthetic_research
2026-01-05T16:49,BAD,txn_0000311,cust_payer_80257,USA,17283.9,cust_payee_74926,USA,GOODS_SETTLEMENT,proofrail_synthetic,conditional_settlement_case,TRUE,proofrail,synthetic_research
2026-01-05T16:51,GOOD,txn_0000312,cust_payer_68281,USA,431.56,cust_payee_59021,USA,MILESTONE_PAYMENT,proofrail_synthetic,conditional_settlement_case,FALSE,proofrail,synthetic_research
2026-01-05T16:56,GOOD,txn_0000313,cust_payer_62022,USA,1240.53,cust_payee_71885,SINGAPORE,MILESTONE_PAYMENT,proofrail_synthetic,conditional_settlement_case,FALSE,proofrail,synthetic_research
2026-01-05T16:56,BAD,txn_0000314,cust_payer_16570,USA,1908.96,cust_payee_17207,USA,INVOICE_PAYMENT,proofrail_synthetic,conditional_settlement_case,TRUE,proofrail,synthetic_research
2026-01-05T17:02,REVIEW,txn_0000315,cust_payer_91439,USA,15394.27,cust_payee_70686,USA,GOODS_SETTLEMENT,proofrail_synthetic,conditional_settlement_case,TRUE,proofrail,synthetic_research
2026-01-05T17:03,GOOD,txn_0000316,cust_payer_47944,USA,1336.13,cust_payee_54029,USA,GOODS_SETTLEMENT,proofrail_synthetic,conditional_settlement_case,FALSE,proofrail,synthetic_research
2026-01-05T17:05,GOOD,txn_0000317,cust_payer_78251,USA,2393.16,cust_payee_30306,CANADA,GOODS_SETTLEMENT,proofrail_synthetic,conditional_settlement_case,FALSE,proofrail,synthetic_research
2026-01-05T17:06,GOOD,txn_0000318,cust_payer_31400,USA,5537.09,cust_payee_67714,USA,MILESTONE_PAYMENT,proofrail_synthetic,conditional_settlement_case,FALSE,proofrail,synthetic_research
2026-01-05T17:06,GOOD,txn_0000319,cust_payer_59683,USA,5652.85,cust_payee_80968,USA,MILESTONE_PAYMENT,proofrail_synthetic,conditional_settlement_case,FALSE,proofrail,synthetic_research
2026-01-05T17:08,BAD,txn_0000320,cust_payer_30515,USA,1562.62,cust_payee_11823,USA,INVOICE_PAYMENT,proofrail_synthetic,conditional_settlement_case,TRUE,proofrail,synthetic_research
2026-01-05T17:08,REVIEW,txn_0000321,cust_payer_51436,CANADA,322.65,cust_payee_09357,USA,GOODS_SETTLEMENT,proofrail_synthetic,conditional_settlement_case,TRUE,proofrail,synthetic_research
2026-01-05T17:09,GOOD,txn_0000322,cust_payer_27322,MEXICO,292.74,cust_payee_61975,USA,SERVICE_RETAINER,proofrail_synthetic,conditional_settlement_case,FALSE,proofrail,synthetic_research
2026-01-05T17:12,GOOD,txn_0000323,cust_payer_87386,USA,2376.85,cust_payee_28546,USA,GOODS_SETTLEMENT,proofrail_synthetic,conditional_settlement_case,FALSE,proofrail,synthetic_research
2026-01-05T17:13,GOOD,txn_0000324,cust_payer_11729,USA,7936.91,cust_payee_32601,MEXICO,INVOICE_PAYMENT,proofrail_synthetic,conditional_settlement_case,FALSE,proofrail,synthetic_research
2026-01-05T17:14,GOOD,txn_0000325,cust_payer_41516,USA,15458.6,cust_payee_73185,USA,INVOICE_PAYMENT,proofrail_synthetic,conditional_settlement_case,FALSE,proofrail,synthetic_research
2026-01-05T17:15,GOOD,txn_0000326,cust_payer_71138,USA,10782.7,cust_payee_91363,USA,INVOICE_PAYMENT,proofrail_synthetic,conditional_settlement_case,FALSE,proofrail,synthetic_research
2026-01-05T17:16,REVIEW,txn_0000327,cust_payer_34518,USA,637.14,cust_payee_70990,USA,GOODS_SETTLEMENT,proofrail_synthetic,conditional_settlement_case,TRUE,proofrail,synthetic_research
2026-01-05T17:21,REVIEW,txn_0000328,cust_payer_50790,USA,427.2,cust_payee_24887,USA,MILESTONE_PAYMENT,proofrail_synthetic,conditional_settlement_case,TRUE,proofrail,synthetic_research
2026-01-05T17:21,GOOD,txn_0000329,cust_payer_84116,USA,838.49,cust_payee_50935,USA,INVOICE_PAYMENT,proofrail_synthetic,conditional_settlement_case,FALSE,proofrail,synthetic_research
2026-01-05T17:22,BAD,txn_0000330,cust_payer_83745,CANADA,848.4,cust_payee_07957,CANADA,INVOICE_PAYMENT,proofrail_synthetic,conditional_settlement_case,TRUE,proofrail,synthetic_research
2026-01-05T17:26,GOOD,txn_0000331,cust_payer_68090,USA,36131,cust_payee_12730,USA,GOODS_SETTLEMENT,proofrail_synthetic,conditional_settlement_case,FALSE,proofrail,synthetic_research
2026-01-05T17:27,REVIEW,txn_0000332,cust_payer_60126,USA,3851.39,cust_payee_92085,USA,SERVICE_RETAINER,proofrail_synthetic,conditional_settlement_case,FALSE,proofrail,synthetic_research
2026-01-05T17:28,BAD,txn_0000333,cust_payer_42554,CANADA,2117.53,cust_payee_48723,USA,INVOICE_PAYMENT,proofrail_synthetic,conditional_settlement_case,TRUE,proofrail,synthetic_research
2026-01-05T17:29,GOOD,txn_0000334,cust_payer_52048,USA,5142.07,cust_payee_00026,USA,INVOICE_PAYMENT,proofrail_synthetic,conditional_settlement_case,FALSE,proofrail,synthetic_research
2026-01-05T17:33,GOOD,txn_0000335,cust_payer_67014,USA,17712.67,cust_payee_72919,USA,INVOICE_PAYMENT,proofrail_synthetic,conditional_settlement_case,FALSE,proofrail,synthetic_research
2026-01-05T17:33,REVIEW,txn_0000336,cust_payer_28500,USA,1295.48,cust_payee_96242,USA,MILESTONE_PAYMENT,proofrail_synthetic,conditional_settlement_case,FALSE,proofrail,synthetic_research
2026-01-05T17:34,REVIEW,txn_0000337,cust_payer_07330,USA,3304.08,cust_payee_43830,CANADA,MILESTONE_PAYMENT,proofrail_synthetic,conditional_settlement_case,FALSE,proofrail,synthetic_research
2026-01-05T17:35,GOOD,txn_0000338,cust_payer_74045,USA,1817.23,cust_payee_19606,USA,GOODS_SETTLEMENT,proofrail_synthetic,conditional_settlement_case,FALSE,proofrail,synthetic_research
2026-01-05T17:35,GOOD,txn_0000339,cust_payer_44063,USA,640.55,cust_payee_10820,USA,MILESTONE_PAYMENT,proofrail_synthetic,conditional_settlement_case,FALSE,proofrail,synthetic_research
2026-01-05T17:37,REVIEW,txn_0000340,cust_payer_25704,USA,2390.25,cust_payee_73554,USA,MILESTONE_PAYMENT,proofrail_synthetic,conditional_settlement_case,TRUE,proofrail,synthetic_research
2026-01-05T17:37,GOOD,txn_0000341,cust_payer_45158,USA,4386.44,cust_payee_77841,USA,SERVICE_RETAINER,proofrail_synthetic,conditional_settlement_case,FALSE,proofrail,synthetic_research
2026-01-05T17:37,GOOD,txn_0000342,cust_payer_95485,MEXICO,7104.06,cust_payee_11248,UNITED-KINGDOM,GOODS_SETTLEMENT,proofrail_synthetic,conditional_settlement_case,FALSE,proofrail,synthetic_research
2026-01-05T17:38,GOOD,txn_0000343,cust_payer_96995,USA,658.64,cust_payee_70518,USA,INVOICE_PAYMENT,proofrail_synthetic,conditional_settlement_case,FALSE,proofrail,synthetic_research
2026-01-05T17:38,REVIEW,txn_0000344,cust_payer_22325,USA,209.73,cust_payee_07879,USA,MILESTONE_PAYMENT,proofrail_synthetic,conditional_settlement_case,FALSE,proofrail,synthetic_research
2026-01-05T17:38,GOOD,txn_0000345,cust_payer_85120,GERMANY,17654.87,cust_payee_50663,USA,INVOICE_PAYMENT,proofrail_synthetic,conditional_settlement_case,FALSE,proofrail,synthetic_research
2026-01-05T17:38,GOOD,txn_0000346,cust_payer_69392,USA,2505.67,cust_payee_39968,USA,GOODS_SETTLEMENT,proofrail_synthetic,conditional_settlement_case,FALSE,proofrail,synthetic_research
2026-01-05T17:41,BAD,txn_0000347,cust_payer_03863,USA,2531.58,cust_payee_72738,USA,INVOICE_PAYMENT,proofrail_synthetic,conditional_settlement_case,TRUE,proofrail,synthetic_research
2026-01-05T17:41,GOOD,txn_0000348,cust_payer_20022,USA,23568.13,cust_payee_55898,USA,GOODS_SETTLEMENT,proofrail_synthetic,conditional_settlement_case,FALSE,proofrail,synthetic_research
2026-01-05T17:45,REVIEW,txn_0000349,cust_payer_17728,USA,6729.45,cust_payee_56370,MEXICO,GOODS_SETTLEMENT,proofrail_synthetic,conditional_settlement_case,TRUE,proofrail,synthetic_research
2026-01-05T17:47,BAD,txn_0000350,cust_payer_41772,USA,870.23,cust_payee_54270,CANADA,GOODS_SETTLEMENT,proofrail_synthetic,conditional_settlement_case,TRUE,proofrail,synthetic_research
2026-01-05T17:47,GOOD,txn_0000351,cust_payer_03419,USA,4180.33,cust_payee_47090,CANADA,INVOICE_PAYMENT,proofrail_synthetic,conditional_settlement_case,FALSE,proofrail,synthetic_research
2026-01-05T17:47,GOOD,txn_0000352,cust_payer_01968,USA,2356.72,cust_payee_35371,USA,INVOICE_PAYMENT,proofrail_synthetic,conditional_settlement_case,FALSE,proofrail,synthetic_research
2026-01-05T17:50,GOOD,txn_0000353,cust_payer_56041,CANADA,5073.31,cust_payee_53067,USA,SERVICE_RETAINER,proofrail_synthetic,conditional_settlement_case,FALSE,proofrail,synthetic_research
2026-01-05T17:52,GOOD,txn_0000354,cust_payer_59194,SINGAPORE,6159.88,cust_payee_59887,USA,GOODS_SETTLEMENT,proofrail_synthetic,conditional_settlement_case,FALSE,proofrail,synthetic_research
2026-01-05T17:52,GOOD,txn_0000355,cust_payer_39919,USA,3240.15,cust_payee_37476,USA,GOODS_SETTLEMENT,proofrail_synthetic,conditional_settlement_case,FALSE,proofrail,synthetic_research
2026-01-05T17:53,REVIEW,txn_0000356,cust_payer_54207,USA,4015.09,cust_payee_42397,USA,MILESTONE_PAYMENT,proofrail_synthetic,conditional_settlement_case,FALSE,proofrail,synthetic_research
2026-01-05T17:54,GOOD,txn_0000357,cust_payer_83110,USA,4000.7,cust_payee_47572,GERMANY,INVOICE_PAYMENT,proofrail_synthetic,conditional_settlement_case,FALSE,proofrail,synthetic_research
2026-01-05T17:55,GOOD,txn_0000358,cust_payer_18954,USA,982.24,cust_payee_23445,USA,GOODS_SETTLEMENT,proofrail_synthetic,conditional_settlement_case,FALSE,proofrail,synthetic_research
2026-01-05T17:56,BAD,txn_0000359,cust_payer_64680,USA,2477.78,cust_payee_31180,USA,INVOICE_PAYMENT,proofrail_synthetic,conditional_settlement_case,TRUE,proofrail,synthetic_research
2026-01-05T17:56,GOOD,txn_0000360,cust_payer_19433,CANADA,9638.7,cust_payee_07218,USA,MILESTONE_PAYMENT,proofrail_synthetic,conditional_settlement_case,FALSE,proofrail,synthetic_research
2026-01-05T17:58,GOOD,txn_0000361,cust_payer_90639,USA,2065.95,cust_payee_91731,USA,SERVICE_RETAINER,proofrail_synthetic,conditional_settlement_case,FALSE,proofrail,synthetic_research
2026-01-05T18:00,GOOD,txn_0000362,cust_payer_72152,USA,1676.89,cust_payee_08510,USA,INVOICE_PAYMENT,proofrail_synthetic,conditional_settlement_case,FALSE,proofrail,synthetic_research
2026-01-05T18:00,GOOD,txn_0000363,cust_payer_41483,USA,2264.31,cust_payee_34035,USA,MILESTONE_PAYMENT,proofrail_synthetic,conditional_settlement_case,FALSE,proofrail,synthetic_research
2026-01-05T18:06,GOOD,txn_0000364,cust_payer_00208,USA,532.5,cust_payee_15494,CANADA,GOODS_SETTLEMENT,proofrail_synthetic,conditional_settlement_case,FALSE,proofrail,synthetic_research
2026-01-05T18:08,GOOD,txn_0000365,cust_payer_90442,USA,3423.97,cust_payee_36914,USA,INVOICE_PAYMENT,proofrail_synthetic,conditional_settlement_case,FALSE,proofrail,synthetic_research
2026-01-05T18:08,GOOD,txn_0000366,cust_payer_44295,USA,65170.08,cust_payee_88143,USA,INVOICE_PAYMENT,proofrail_synthetic,conditional_settlement_case,FALSE,proofrail,synthetic_research
2026-01-05T18:11,BAD,txn_0000367,cust_payer_39236,USA,1707.77,cust_payee_74049,USA,MILESTONE_PAYMENT,proofrail_synthetic,conditional_settlement_case,TRUE,proofrail,synthetic_research
2026-01-05T18:11,GOOD,txn_0000368,cust_payer_49184,USA,8566.92,cust_payee_82119,USA,MILESTONE_PAYMENT,proofrail_synthetic,conditional_settlement_case,FALSE,proofrail,synthetic_research
2026-01-05T18:12,REVIEW,txn_0000369,cust_payer_31149,USA,4305.32,cust_payee_48705,USA,INVOICE_PAYMENT,proofrail_synthetic,conditional_settlement_case,TRUE,proofrail,synthetic_research
2026-01-05T18:16,BAD,txn_0000370,cust_payer_20196,CANADA,2242.24,cust_payee_24932,USA,MILESTONE_PAYMENT,proofrail_synthetic,conditional_settlement_case,TRUE,proofrail,synthetic_research
2026-01-05T18:18,BAD,txn_0000371,cust_payer_60211,USA,150000,cust_payee_50802,MEXICO,INVOICE_PAYMENT,proofrail_synthetic,conditional_settlement_case,TRUE,proofrail,synthetic_research
2026-01-05T18:18,GOOD,txn_0000372,cust_payer_99418,USA,418.88,cust_payee_40914,USA,INVOICE_PAYMENT,proofrail_synthetic,conditional_settlement_case,FALSE,proofrail,synthetic_research
2026-01-05T18:19,REVIEW,txn_0000373,cust_payer_27077,USA,1204.92,cust_payee_71111,USA,GOODS_SETTLEMENT,proofrail_synthetic,conditional_settlement_case,FALSE,proofrail,synthetic_research
2026-01-05T18:19,GOOD,txn_0000374,cust_payer_88539,USA,1446.74,cust_payee_06614,USA,INVOICE_PAYMENT,proofrail_synthetic,conditional_settlement_case,FALSE,proofrail,synthetic_research
2026-01-05T18:21,GOOD,txn_0000375,cust_payer_87933,USA,3440.2,cust_payee_69925,USA,MILESTONE_PAYMENT,proofrail_synthetic,conditional_settlement_case,FALSE,proofrail,synthetic_research
2026-01-05T18:22,GOOD,txn_0000376,cust_payer_29334,UNITED-KINGDOM,913.96,cust_payee_18838,USA,MILESTONE_PAYMENT,proofrail_synthetic,conditional_settlement_case,FALSE,proofrail,synthetic_research
2026-01-05T18:22,BAD,txn_0000377,cust_payer_62738,USA,2282.75,cust_payee_60456,USA,MILESTONE_PAYMENT,proofrail_synthetic,conditional_settlement_case,TRUE,proofrail,synthetic_research
2026-01-05T18:23,GOOD,txn_0000378,cust_payer_52536,USA,2802.01,cust_payee_77403,GERMANY,MILESTONE_PAYMENT,proofrail_synthetic,conditional_settlement_case,FALSE,proofrail,synthetic_research
2026-01-05T18:24,GOOD,txn_0000379,cust_payer_30954,MEXICO,6465.53,cust_payee_22687,USA,MILESTONE_PAYMENT,proofrail_synthetic,conditional_settlement_case,FALSE,proofrail,synthetic_research
2026-01-05T18:24,GOOD,txn_0000380,cust_payer_14254,USA,5227.46,cust_payee_89851,USA,GOODS_SETTLEMENT,proofrail_synthetic,conditional_settlement_case,FALSE,proofrail,synthetic_research
2026-01-05T18:27,BAD,txn_0000381,cust_payer_86624,USA,20239.76,cust_payee_19559,USA,MILESTONE_PAYMENT,proofrail_synthetic,conditional_settlement_case,TRUE,proofrail,synthetic_research
2026-01-05T18:27,REVIEW,txn_0000382,cust_payer_16719,GERMANY,3736.37,cust_payee_38560,USA,INVOICE_PAYMENT,proofrail_synthetic,conditional_settlement_case,TRUE,proofrail,synthetic_research
2026-01-05T18:29,GOOD,txn_0000383,cust_payer_93294,USA,527.04,cust_payee_50174,USA,INVOICE_PAYMENT,proofrail_synthetic,conditional_settlement_case,FALSE,proofrail,synthetic_research
2026-01-05T18:29,GOOD,txn_0000384,cust_payer_09404,USA,2007.29,cust_payee_84986,USA,MILESTONE_PAYMENT,proofrail_synthetic,conditional_settlement_case,FALSE,proofrail,synthetic_research
2026-01-05T18:30,GOOD,txn_0000385,cust_payer_59559,USA,1687.36,cust_payee_66771,USA,GOODS_SETTLEMENT,proofrail_synthetic,conditional_settlement_case,FALSE,proofrail,synthetic_research
2026-01-05T18:32,REVIEW,txn_0000386,cust_payer_04386,USA,4323.62,cust_payee_04964,USA,GOODS_SETTLEMENT,proofrail_synthetic,conditional_settlement_case,TRUE,proofrail,synthetic_research
2026-01-05T18:32,BAD,txn_0000387,cust_payer_82663,USA,2326.83,cust_payee_97215,USA,MILESTONE_PAYMENT,proofrail_synthetic,conditional_settlement_case,TRUE,proofrail,synthetic_research
2026-01-05T18:33,GOOD,txn_0000388,cust_payer_43453,USA,460.87,cust_payee_55184,USA,SERVICE_RETAINER,proofrail_synthetic,conditional_settlement_case,FALSE,proofrail,synthetic_research
2026-01-05T18:34,REVIEW,txn_0000389,cust_payer_06766,USA,738.46,cust_payee_86026,USA,INVOICE_PAYMENT,proofrail_synthetic,conditional_settlement_case,TRUE,proofrail,synthetic_research
2026-01-05T18:34,GOOD,txn_0000390,cust_payer_14622,USA,953.03,cust_payee_79145,USA,MILESTONE_PAYMENT,proofrail_synthetic,conditional_settlement_case,FALSE,proofrail,synthetic_research
2026-01-05T18:35,GOOD,txn_0000391,cust_payer_20205,USA,1808.31,cust_payee_65005,USA,MILESTONE_PAYMENT,proofrail_synthetic,conditional_settlement_case,FALSE,proofrail,synthetic_research
2026-01-05T18:35,REVIEW,txn_0000392,cust_payer_21968,USA,796.91,cust_payee_60820,USA,GOODS_SETTLEMENT,proofrail_synthetic,conditional_settlement_case,TRUE,proofrail,synthetic_research
2026-01-05T18:37,REVIEW,txn_0000393,cust_payer_05377,MEXICO,1851.31,cust_payee_12762,USA,MILESTONE_PAYMENT,proofrail_synthetic,conditional_settlement_case,FALSE,proofrail,synthetic_research
2026-01-05T18:38,GOOD,txn_0000394,cust_payer_88512,USA,278.91,cust_payee_98185,USA,INVOICE_PAYMENT,proofrail_synthetic,conditional_settlement_case,FALSE,proofrail,synthetic_research
2026-01-05T18:38,GOOD,txn_0000395,cust_payer_95061,USA,1756.82,cust_payee_37133,USA,INVOICE_PAYMENT,proofrail_synthetic,conditional_settlement_case,FALSE,proofrail,synthetic_research
2026-01-05T18:40,GOOD,txn_0000396,cust_payer_84923,USA,347.1,cust_payee_74196,USA,INVOICE_PAYMENT,proofrail_synthetic,conditional_settlement_case,FALSE,proofrail,synthetic_research
2026-01-05T18:41,GOOD,txn_0000397,cust_payer_09699,USA,7444.61,cust_payee_36345,USA,INVOICE_PAYMENT,proofrail_synthetic,conditional_settlement_case,FALSE,proofrail,synthetic_research
2026-01-05T18:42,GOOD,txn_0000398,cust_payer_14213,USA,19919.2,cust_payee_18858,USA,GOODS_SETTLEMENT,proofrail_synthetic,conditional_settlement_case,FALSE,proofrail,synthetic_research
2026-01-05T18:45,GOOD,txn_0000399,cust_payer_19511,USA,17182.36,cust_payee_85573,USA,INVOICE_PAYMENT,proofrail_synthetic,conditional_settlement_case,FALSE,proofrail,synthetic_research
2026-01-05T18:46,GOOD,txn_0000400,cust_payer_95390,MEXICO,12758.56,cust_payee_09189,USA,GOODS_SETTLEMENT,proofrail_synthetic,conditional_settlement_case,FALSE,proofrail,synthetic_research
2026-01-05T18:47,GOOD,txn_0000401,cust_payer_44573,USA,4431.66,cust_payee_10546,USA,SERVICE_RETAINER,proofrail_synthetic,conditional_settlement_case,FALSE,proofrail,synthetic_research
2026-01-05T18:48,GOOD,txn_0000402,cust_payer_82942,USA,1982.03,cust_payee_57408,USA,GOODS_SETTLEMENT,proofrail_synthetic,conditional_settlement_case,FALSE,proofrail,synthetic_research
2026-01-05T18:53,GOOD,txn_0000403,cust_payer_02152,USA,1147.74,cust_payee_04856,USA,INVOICE_PAYMENT,proofrail_synthetic,conditional_settlement_case,FALSE,proofrail,synthetic_research
2026-01-05T18:53,BAD,txn_0000404,cust_payer_09442,USA,11287.68,cust_payee_04834,UNITED-KINGDOM,GOODS_SETTLEMENT,proofrail_synthetic,conditional_settlement_case,TRUE,proofrail,synthetic_research
2026-01-05T18:54,GOOD,txn_0000405,cust_payer_22373,USA,34540.96,cust_payee_77470,USA,GOODS_SETTLEMENT,proofrail_synthetic,conditional_settlement_case,FALSE,proofrail,synthetic_research
2026-01-05T18:55,GOOD,txn_0000406,cust_payer_89665,GERMANY,28077.07,cust_payee_75494,USA,INVOICE_PAYMENT,proofrail_synthetic,conditional_settlement_case,FALSE,proofrail,synthetic_research
2026-01-05T18:56,GOOD,txn_0000407,cust_payer_57497,USA,4483.85,cust_payee_31935,CANADA,INVOICE_PAYMENT,proofrail_synthetic,conditional_settlement_case,FALSE,proofrail,synthetic_research
2026-01-05T18:57,GOOD,txn_0000408,cust_payer_62392,USA,269.8,cust_payee_90749,USA,INVOICE_PAYMENT,proofrail_synthetic,conditional_settlement_case,FALSE,proofrail,synthetic_research
2026-01-05T18:58,GOOD,txn_0000409,cust_payer_39479,USA,7190.76,cust_payee_45594,SINGAPORE,MILESTONE_PAYMENT,proofrail_synthetic,conditional_settlement_case,FALSE,proofrail,synthetic_research
2026-01-05T18:59,BAD,txn_0000410,cust_payer_25392,GERMANY,2567.29,cust_payee_14770,USA,MILESTONE_PAYMENT,proofrail_synthetic,conditional_settlement_case,TRUE,proofrail,synthetic_research
2026-01-05T19:00,GOOD,txn_0000411,cust_payer_99407,UNITED-KINGDOM,1219.98,cust_payee_59395,USA,INVOICE_PAYMENT,proofrail_synthetic,conditional_settlement_case,FALSE,proofrail,synthetic_research
2026-01-05T19:01,BAD,txn_0000412,cust_payer_97923,USA,6973.38,cust_payee_88717,USA,INVOICE_PAYMENT,proofrail_synthetic,conditional_settlement_case,TRUE,proofrail,synthetic_research
2026-01-05T19:04,BAD,txn_0000413,cust_payer_18998,USA,359.38,cust_payee_28334,USA,INVOICE_PAYMENT,proofrail_synthetic,conditional_settlement_case,TRUE,proofrail,synthetic_research
2026-01-05T19:05,GOOD,txn_0000414,cust_payer_14564,USA,254.28,cust_payee_61019,CANADA,SERVICE_RETAINER,proofrail_synthetic,conditional_settlement_case,FALSE,proofrail,synthetic_research
2026-01-05T19:06,GOOD,txn_0000415,cust_payer_60656,CANADA,9347.57,cust_payee_36592,USA,GOODS_SETTLEMENT,proofrail_synthetic,conditional_settlement_case,FALSE,proofrail,synthetic_research
2026-01-05T19:08,BAD,txn_0000416,cust_payer_66089,USA,2125.36,cust_payee_04407,USA,SERVICE_RETAINER,proofrail_synthetic,conditional_settlement_case,TRUE,proofrail,synthetic_research
2026-01-05T19:08,REVIEW,txn_0000417,cust_payer_38770,USA,4620.86,cust_payee_31335,USA,INVOICE_PAYMENT,proofrail_synthetic,conditional_settlement_case,TRUE,proofrail,synthetic_research
2026-01-05T19:09,GOOD,txn_0000418,cust_payer_48552,CANADA,1720.81,cust_payee_82158,USA,MILESTONE_PAYMENT,proofrail_synthetic,conditional_settlement_case,FALSE,proofrail,synthetic_research
2026-01-05T19:10,GOOD,txn_0000419,cust_payer_44001,UNITED-KINGDOM,3691.11,cust_payee_96438,USA,INVOICE_PAYMENT,proofrail_synthetic,conditional_settlement_case,FALSE,proofrail,synthetic_research
2026-01-05T19:11,GOOD,txn_0000420,cust_payer_26833,USA,1221.26,cust_payee_18142,USA,GOODS_SETTLEMENT,proofrail_synthetic,conditional_settlement_case,FALSE,proofrail,synthetic_research
2026-01-05T19:15,GOOD,txn_0000421,cust_payer_66004,USA,4541.37,cust_payee_89159,USA,SERVICE_RETAINER,proofrail_synthetic,conditional_settlement_case,FALSE,proofrail,synthetic_research
2026-01-05T19:15,GOOD,txn_0000422,cust_payer_60015,USA,2165.97,cust_payee_11444,MEXICO,GOODS_SETTLEMENT,proofrail_synthetic,conditional_settlement_case,FALSE,proofrail,synthetic_research
2026-01-05T19:16,GOOD,txn_0000423,cust_payer_89444,USA,10942.57,cust_payee_70967,USA,MILESTONE_PAYMENT,proofrail_synthetic,conditional_settlement_case,FALSE,proofrail,synthetic_research
2026-01-05T19:16,REVIEW,txn_0000424,cust_payer_44931,USA,9319.13,cust_payee_85952,USA,INVOICE_PAYMENT,proofrail_synthetic,conditional_settlement_case,TRUE,proofrail,synthetic_research
2026-01-05T19:17,GOOD,txn_0000425,cust_payer_48746,USA,4833.3,cust_payee_37768,USA,INVOICE_PAYMENT,proofrail_synthetic,conditional_settlement_case,FALSE,proofrail,synthetic_research
2026-01-05T19:17,GOOD,txn_0000426,cust_payer_15325,USA,7441.68,cust_payee_05394,USA,MILESTONE_PAYMENT,proofrail_synthetic,conditional_settlement_case,FALSE,proofrail,synthetic_research
2026-01-05T19:18,BAD,txn_0000427,cust_payer_15924,USA,749.62,cust_payee_03267,USA,GOODS_SETTLEMENT,proofrail_synthetic,conditional_settlement_case,TRUE,proofrail,synthetic_research
2026-01-05T19:21,BAD,txn_0000428,cust_payer_98850,USA,848.2,cust_payee_75200,UNITED-KINGDOM,MILESTONE_PAYMENT,proofrail_synthetic,conditional_settlement_case,TRUE,proofrail,synthetic_research
2026-01-05T19:22,GOOD,txn_0000429,cust_payer_28884,USA,3657.07,cust_payee_58455,USA,GOODS_SETTLEMENT,proofrail_synthetic,conditional_settlement_case,FALSE,proofrail,synthetic_research
2026-01-05T19:23,GOOD,txn_0000430,cust_payer_79309,USA,11013.14,cust_payee_67051,USA,MILESTONE_PAYMENT,proofrail_synthetic,conditional_settlement_case,FALSE,proofrail,synthetic_research
2026-01-05T19:25,GOOD,txn_0000431,cust_payer_37832,USA,5419.15,cust_payee_21469,CANADA,INVOICE_PAYMENT,proofrail_synthetic,conditional_settlement_case,FALSE,proofrail,synthetic_research
2026-01-05T19:25,GOOD,txn_0000432,cust_payer_77422,USA,1741.34,cust_payee_99106,USA,INVOICE_PAYMENT,proofrail_synthetic,conditional_settlement_case,FALSE,proofrail,synthetic_research
2026-01-05T19:28,BAD,txn_0000433,cust_payer_39835,USA,1146.11,cust_payee_64763,USA,GOODS_SETTLEMENT,proofrail_synthetic,conditional_settlement_case,TRUE,proofrail,synthetic_research
2026-01-05T19:28,GOOD,txn_0000434,cust_payer_90157,USA,37376.92,cust_payee_84514,SINGAPORE,MILESTONE_PAYMENT,proofrail_synthetic,conditional_settlement_case,FALSE,proofrail,synthetic_research
2026-01-05T19:34,REVIEW,txn_0000435,cust_payer_15675,CANADA,16196.82,cust_payee_48917,USA,GOODS_SETTLEMENT,proofrail_synthetic,conditional_settlement_case,FALSE,proofrail,synthetic_research
2026-01-05T19:35,GOOD,txn_0000436,cust_payer_46660,MEXICO,1043.66,cust_payee_06386,USA,MILESTONE_PAYMENT,proofrail_synthetic,conditional_settlement_case,FALSE,proofrail,synthetic_research
2026-01-05T19:38,REVIEW,txn_0000437,cust_payer_39463,USA,4772.99,cust_payee_35581,USA,INVOICE_PAYMENT,proofrail_synthetic,conditional_settlement_case,TRUE,proofrail,synthetic_research
2026-01-05T19:38,GOOD,txn_0000438,cust_payer_20258,CANADA,2394.31,cust_payee_65980,USA,GOODS_SETTLEMENT,proofrail_synthetic,conditional_settlement_case,FALSE,proofrail,synthetic_research
2026-01-05T19:42,GOOD,txn_0000439,cust_payer_15279,USA,4315.33,cust_payee_17201,USA,GOODS_SETTLEMENT,proofrail_synthetic,conditional_settlement_case,FALSE,proofrail,synthetic_research
2026-01-05T19:44,REVIEW,txn_0000440,cust_payer_15545,USA,894.78,cust_payee_29145,USA,GOODS_SETTLEMENT,proofrail_synthetic,conditional_settlement_case,TRUE,proofrail,synthetic_research
2026-01-05T19:44,REVIEW,txn_0000441,cust_payer_86480,UNITED-KINGDOM,2372.75,cust_payee_67303,USA,GOODS_SETTLEMENT,proofrail_synthetic,conditional_settlement_case,TRUE,proofrail,synthetic_research
2026-01-05T19:44,GOOD,txn_0000442,cust_payer_46077,MEXICO,3983.17,cust_payee_03836,MEXICO,INVOICE_PAYMENT,proofrail_synthetic,conditional_settlement_case,FALSE,proofrail,synthetic_research
2026-01-05T19:47,REVIEW,txn_0000443,cust_payer_01833,USA,804.64,cust_payee_69316,UNITED-KINGDOM,GOODS_SETTLEMENT,proofrail_synthetic,conditional_settlement_case,TRUE,proofrail,synthetic_research
2026-01-05T19:49,GOOD,txn_0000444,cust_payer_24265,CANADA,2568.65,cust_payee_57628,SINGAPORE,INVOICE_PAYMENT,proofrail_synthetic,conditional_settlement_case,FALSE,proofrail,synthetic_research
2026-01-05T19:49,REVIEW,txn_0000445,cust_payer_99913,USA,1297.07,cust_payee_47350,USA,INVOICE_PAYMENT,proofrail_synthetic,conditional_settlement_case,TRUE,proofrail,synthetic_research
2026-01-05T19:50,REVIEW,txn_0000446,cust_payer_56094,USA,12582.77,cust_payee_24745,MEXICO,GOODS_SETTLEMENT,proofrail_synthetic,conditional_settlement_case,FALSE,proofrail,synthetic_research
2026-01-05T19:50,GOOD,txn_0000447,cust_payer_51749,USA,1659.65,cust_payee_52511,CANADA,GOODS_SETTLEMENT,proofrail_synthetic,conditional_settlement_case,FALSE,proofrail,synthetic_research
2026-01-05T19:53,GOOD,txn_0000448,cust_payer_95054,USA,7434.27,cust_payee_65420,USA,INVOICE_PAYMENT,proofrail_synthetic,conditional_settlement_case,FALSE,proofrail,synthetic_research
2026-01-05T19:54,GOOD,txn_0000449,cust_payer_19317,USA,3466.62,cust_payee_59590,USA,INVOICE_PAYMENT,proofrail_synthetic,conditional_settlement_case,FALSE,proofrail,synthetic_research
2026-01-05T19:54,GOOD,txn_0000450,cust_payer_81689,USA,1253.42,cust_payee_12627,USA,INVOICE_PAYMENT,proofrail_synthetic,conditional_settlement_case,FALSE,proofrail,synthetic_research
2026-01-05T19:55,REVIEW,txn_0000451,cust_payer_04142,USA,3806.23,cust_payee_56415,CANADA,GOODS_SETTLEMENT,proofrail_synthetic,conditional_settlement_case,FALSE,proofrail,synthetic_research
2026-01-05T19:57,GOOD,txn_0000452,cust_payer_63892,USA,821.23,cust_payee_14337,USA,INVOICE_PAYMENT,proofrail_synthetic,conditional_settlement_case,FALSE,proofrail,synthetic_research
2026-01-05T19:59,GOOD,txn_0000453,cust_payer_46238,USA,839.02,cust_payee_37282,CANADA,INVOICE_PAYMENT,proofrail_synthetic,conditional_settlement_case,FALSE,proofrail,synthetic_research
2026-01-05T20:06,BAD,txn_0000454,cust_payer_53993,USA,1793.95,cust_payee_46042,USA,INVOICE_PAYMENT,proofrail_synthetic,conditional_settlement_case,TRUE,proofrail,synthetic_research
2026-01-05T20:07,GOOD,txn_0000455,cust_payer_55375,USA,648.08,cust_payee_74456,USA,MILESTONE_PAYMENT,proofrail_synthetic,conditional_settlement_case,FALSE,proofrail,synthetic_research
2026-01-05T20:08,GOOD,txn_0000456,cust_payer_65899,USA,566.99,cust_payee_87476,USA,GOODS_SETTLEMENT,proofrail_synthetic,conditional_settlement_case,FALSE,proofrail,synthetic_research
2026-01-05T20:08,REVIEW,txn_0000457,cust_payer_75173,MEXICO,2748.84,cust_payee_52695,USA,MILESTONE_PAYMENT,proofrail_synthetic,conditional_settlement_case,TRUE,proofrail,synthetic_research
2026-01-05T20:10,GOOD,txn_0000458,cust_payer_85399,USA,2769.35,cust_payee_39564,USA,INVOICE_PAYMENT,proofrail_synthetic,conditional_settlement_case,FALSE,proofrail,synthetic_research
2026-01-05T20:13,REVIEW,txn_0000459,cust_payer_75609,USA,5311.49,cust_payee_65432,USA,GOODS_SETTLEMENT,proofrail_synthetic,conditional_settlement_case,FALSE,proofrail,synthetic_research
2026-01-05T20:13,REVIEW,txn_0000460,cust_payer_26300,USA,1873.93,cust_payee_47747,USA,GOODS_SETTLEMENT,proofrail_synthetic,conditional_settlement_case,TRUE,proofrail,synthetic_research
2026-01-05T20:16,BAD,txn_0000461,cust_payer_84679,USA,12897.78,cust_payee_21049,USA,MILESTONE_PAYMENT,proofrail_synthetic,conditional_settlement_case,TRUE,proofrail,synthetic_research
2026-01-05T20:16,GOOD,txn_0000462,cust_payer_35745,USA,3054.16,cust_payee_17883,USA,MILESTONE_PAYMENT,proofrail_synthetic,conditional_settlement_case,FALSE,proofrail,synthetic_research
2026-01-05T20:20,REVIEW,txn_0000463,cust_payer_53348,USA,1515.97,cust_payee_47637,CANADA,MILESTONE_PAYMENT,proofrail_synthetic,conditional_settlement_case,TRUE,proofrail,synthetic_research
2026-01-05T20:20,REVIEW,txn_0000464,cust_payer_11830,USA,296.51,cust_payee_31206,CANADA,GOODS_SETTLEMENT,proofrail_synthetic,conditional_settlement_case,FALSE,proofrail,synthetic_research
2026-01-05T20:26,BAD,txn_0000465,cust_payer_57603,USA,1377.83,cust_payee_53527,USA,MILESTONE_PAYMENT,proofrail_synthetic,conditional_settlement_case,TRUE,proofrail,synthetic_research
2026-01-05T20:28,GOOD,txn_0000466,cust_payer_02763,CANADA,9122.97,cust_payee_84594,USA,GOODS_SETTLEMENT,proofrail_synthetic,conditional_settlement_case,FALSE,proofrail,synthetic_research
2026-01-05T20:32,GOOD,txn_0000467,cust_payer_89817,USA,2887.36,cust_payee_15998,USA,MILESTONE_PAYMENT,proofrail_synthetic,conditional_settlement_case,FALSE,proofrail,synthetic_research
2026-01-05T20:35,GOOD,txn_0000468,cust_payer_82753,USA,164.81,cust_payee_41574,USA,SERVICE_RETAINER,proofrail_synthetic,conditional_settlement_case,FALSE,proofrail,synthetic_research
2026-01-05T20:38,GOOD,txn_0000469,cust_payer_13160,USA,888.89,cust_payee_21017,USA,SERVICE_RETAINER,proofrail_synthetic,conditional_settlement_case,FALSE,proofrail,synthetic_research
2026-01-05T20:38,GOOD,txn_0000470,cust_payer_26225,USA,8097.81,cust_payee_82353,USA,GOODS_SETTLEMENT,proofrail_synthetic,conditional_settlement_case,FALSE,proofrail,synthetic_research
2026-01-05T20:39,GOOD,txn_0000471,cust_payer_96361,CANADA,3377.57,cust_payee_17500,USA,GOODS_SETTLEMENT,proofrail_synthetic,conditional_settlement_case,FALSE,proofrail,synthetic_research
2026-01-05T20:40,REVIEW,txn_0000472,cust_payer_91916,USA,32506.14,cust_payee_22120,USA,INVOICE_PAYMENT,proofrail_synthetic,conditional_settlement_case,TRUE,proofrail,synthetic_research
2026-01-05T20:42,GOOD,txn_0000473,cust_payer_64770,MEXICO,3100.07,cust_payee_15534,USA,GOODS_SETTLEMENT,proofrail_synthetic,conditional_settlement_case,FALSE,proofrail,synthetic_research
2026-01-05T20:44,GOOD,txn_0000474,cust_payer_24821,USA,1234.28,cust_payee_54832,GERMANY,INVOICE_PAYMENT,proofrail_synthetic,conditional_settlement_case,FALSE,proofrail,synthetic_research
2026-01-05T20:44,GOOD,txn_0000475,cust_payer_42369,USA,3387.84,cust_payee_90836,USA,INVOICE_PAYMENT,proofrail_synthetic,conditional_settlement_case,FALSE,proofrail,synthetic_research
2026-01-05T20:53,GOOD,txn_0000476,cust_payer_87922,USA,11632.63,cust_payee_78412,USA,GOODS_SETTLEMENT,proofrail_synthetic,conditional_settlement_case,FALSE,proofrail,synthetic_research
2026-01-05T20:57,GOOD,txn_0000477,cust_payer_61353,USA,1206.15,cust_payee_17291,USA,GOODS_SETTLEMENT,proofrail_synthetic,conditional_settlement_case,FALSE,proofrail,synthetic_research
2026-01-05T20:58,BAD,txn_0000478,cust_payer_34501,USA,1309.91,cust_payee_80339,USA,GOODS_SETTLEMENT,proofrail_synthetic,conditional_settlement_case,TRUE,proofrail,synthetic_research
2026-01-05T21:00,BAD,txn_0000479,cust_payer_06976,USA,9758.49,cust_payee_24763,USA,GOODS_SETTLEMENT,proofrail_synthetic,conditional_settlement_case,TRUE,proofrail,synthetic_research
2026-01-05T21:01,BAD,txn_0000480,cust_payer_60000,USA,650.25,cust_payee_64617,USA,SERVICE_RETAINER,proofrail_synthetic,conditional_settlement_case,TRUE,proofrail,synthetic_research
2026-01-05T21:02,REVIEW,txn_0000481,cust_payer_76487,USA,10074.72,cust_payee_00541,USA,MILESTONE_PAYMENT,proofrail_synthetic,conditional_settlement_case,TRUE,proofrail,synthetic_research
2026-01-05T21:03,GOOD,txn_0000482,cust_payer_13903,CANADA,7298.39,cust_payee_42407,USA,MILESTONE_PAYMENT,proofrail_synthetic,conditional_settlement_case,FALSE,proofrail,synthetic_research
2026-01-05T21:03,REVIEW,txn_0000483,cust_payer_06381,USA,8817.09,cust_payee_84364,USA,GOODS_SETTLEMENT,proofrail_synthetic,conditional_settlement_case,FALSE,proofrail,synthetic_research
2026-01-05T21:06,GOOD,txn_0000484,cust_payer_21357,USA,5851.52,cust_payee_50922,USA,INVOICE_PAYMENT,proofrail_synthetic,conditional_settlement_case,FALSE,proofrail,synthetic_research
2026-01-05T21:07,REVIEW,txn_0000485,cust_payer_12598,CANADA,801.55,cust_payee_48164,USA,GOODS_SETTLEMENT,proofrail_synthetic,conditional_settlement_case,TRUE,proofrail,synthetic_research
2026-01-05T21:07,REVIEW,txn_0000486,cust_payer_67285,USA,3654.66,cust_payee_44794,USA,MILESTONE_PAYMENT,proofrail_synthetic,conditional_settlement_case,TRUE,proofrail,synthetic_research
2026-01-05T21:08,GOOD,txn_0000487,cust_payer_16750,USA,2342.36,cust_payee_89695,USA,GOODS_SETTLEMENT,proofrail_synthetic,conditional_settlement_case,FALSE,proofrail,synthetic_research
2026-01-05T21:10,REVIEW,txn_0000488,cust_payer_46591,USA,2137.87,cust_payee_33406,USA,INVOICE_PAYMENT,proofrail_synthetic,conditional_settlement_case,FALSE,proofrail,synthetic_research
2026-01-05T21:11,GOOD,txn_0000489,cust_payer_59638,USA,1464.75,cust_payee_99268,GERMANY,MILESTONE_PAYMENT,proofrail_synthetic,conditional_settlement_case,FALSE,proofrail,synthetic_research
2026-01-05T21:12,REVIEW,txn_0000490,cust_payer_02349,USA,11539,cust_payee_00767,USA,INVOICE_PAYMENT,proofrail_synthetic,conditional_settlement_case,TRUE,proofrail,synthetic_research
2026-01-05T21:13,REVIEW,txn_0000491,cust_payer_88317,USA,341.25,cust_payee_90479,USA,MILESTONE_PAYMENT,proofrail_synthetic,conditional_settlement_case,TRUE,proofrail,synthetic_research
2026-01-05T21:14,GOOD,txn_0000492,cust_payer_57120,USA,447.27,cust_payee_82059,USA,MILESTONE_PAYMENT,proofrail_synthetic,conditional_settlement_case,FALSE,proofrail,synthetic_research
2026-01-05T21:15,BAD,txn_0000493,cust_payer_58919,CANADA,5632.6,cust_payee_76707,USA,INVOICE_PAYMENT,proofrail_synthetic,conditional_settlement_case,TRUE,proofrail,synthetic_research
2026-01-05T21:26,REVIEW,txn_0000494,cust_payer_04852,USA,1823.55,cust_payee_63898,MEXICO,MILESTONE_PAYMENT,proofrail_synthetic,conditional_settlement_case,FALSE,proofrail,synthetic_research
2026-01-05T21:29,GOOD,txn_0000495,cust_payer_15328,USA,2867.83,cust_payee_64853,USA,INVOICE_PAYMENT,proofrail_synthetic,conditional_settlement_case,FALSE,proofrail,synthetic_research
2026-01-05T21:33,GOOD,txn_0000496,cust_payer_93743,USA,2588.91,cust_payee_86109,USA,GOODS_SETTLEMENT,proofrail_synthetic,conditional_settlement_case,FALSE,proofrail,synthetic_research
2026-01-05T21:34,GOOD,txn_0000497,cust_payer_37023,USA,414.38,cust_payee_90532,USA,GOODS_SETTLEMENT,proofrail_synthetic,conditional_settlement_case,FALSE,proofrail,synthetic_research
2026-01-05T21:45,BAD,txn_0000498,cust_payer_47027,CANADA,1564.57,cust_payee_34185,CANADA,INVOICE_PAYMENT,proofrail_synthetic,conditional_settlement_case,TRUE,proofrail,synthetic_research
2026-01-05T21:53,GOOD,txn_0000499,cust_payer_46563,CANADA,993.78,cust_payee_06118,CANADA,GOODS_SETTLEMENT,proofrail_synthetic,conditional_settlement_case,FALSE,proofrail,synthetic_research
2026-01-05T21:55,GOOD,txn_0000500,cust_payer_05502,CANADA,10778.21,cust_payee_66494,UNITED-KINGDOM,INVOICE_PAYMENT,proofrail_synthetic,conditional_settlement_case,FALSE,proofrail,synthetic_research
2026-01-05T21:56,GOOD,txn_0000501,cust_payer_18059,USA,4069.47,cust_payee_16120,USA,GOODS_SETTLEMENT,proofrail_synthetic,conditional_settlement_case,FALSE,proofrail,synthetic_research
2026-01-05T21:57,GOOD,txn_0000502,cust_payer_87163,USA,718.27,cust_payee_32172,USA,INVOICE_PAYMENT,proofrail_synthetic,conditional_settlement_case,FALSE,proofrail,synthetic_research
2026-01-05T21:59,GOOD,txn_0000503,cust_payer_94061,USA,1910.66,cust_payee_67810,SINGAPORE,INVOICE_PAYMENT,proofrail_synthetic,conditional_settlement_case,FALSE,proofrail,synthetic_research
2026-01-05T22:05,GOOD,txn_0000504,cust_payer_93503,USA,38653.09,cust_payee_86555,CANADA,MILESTONE_PAYMENT,proofrail_synthetic,conditional_settlement_case,FALSE,proofrail,synthetic_research
2026-01-05T22:06,REVIEW,txn_0000505,cust_payer_19250,CANADA,456.73,cust_payee_91790,USA,MILESTONE_PAYMENT,proofrail_synthetic,conditional_settlement_case,FALSE,proofrail,synthetic_research
2026-01-05T22:06,REVIEW,txn_0000506,cust_payer_04846,USA,8724.57,cust_payee_70443,USA,INVOICE_PAYMENT,proofrail_synthetic,conditional_settlement_case,TRUE,proofrail,synthetic_research
2026-01-05T22:06,GOOD,txn_0000507,cust_payer_70771,USA,2950.61,cust_payee_77661,USA,INVOICE_PAYMENT,proofrail_synthetic,conditional_settlement_case,FALSE,proofrail,synthetic_research
2026-01-05T22:07,GOOD,txn_0000508,cust_payer_75031,USA,2540.71,cust_payee_96582,USA,MILESTONE_PAYMENT,proofrail_synthetic,conditional_settlement_case,FALSE,proofrail,synthetic_research
2026-01-05T22:08,GOOD,txn_0000509,cust_payer_93698,USA,5840.37,cust_payee_75074,USA,SERVICE_RETAINER,proofrail_synthetic,conditional_settlement_case,FALSE,proofrail,synthetic_research
2026-01-05T22:10,GOOD,txn_0000510,cust_payer_52790,CANADA,2305.69,cust_payee_77102,USA,MILESTONE_PAYMENT,proofrail_synthetic,conditional_settlement_case,FALSE,proofrail,synthetic_research
2026-01-05T22:10,BAD,txn_0000511,cust_payer_16663,USA,5292.14,cust_payee_63540,CANADA,MILESTONE_PAYMENT,proofrail_synthetic,conditional_settlement_case,TRUE,proofrail,synthetic_research
2026-01-05T22:11,REVIEW,txn_0000512,cust_payer_53559,USA,9440.73,cust_payee_14462,USA,GOODS_SETTLEMENT,proofrail_synthetic,conditional_settlement_case,TRUE,proofrail,synthetic_research
2026-01-05T22:11,GOOD,txn_0000513,cust_payer_39999,USA,4743.93,cust_payee_37157,USA,INVOICE_PAYMENT,proofrail_synthetic,conditional_settlement_case,FALSE,proofrail,synthetic_research
2026-01-05T22:12,GOOD,txn_0000514,cust_payer_94377,USA,8678.82,cust_payee_79392,USA,INVOICE_PAYMENT,proofrail_synthetic,conditional_settlement_case,FALSE,proofrail,synthetic_research
2026-01-05T22:13,GOOD,txn_0000515,cust_payer_51826,CANADA,4673.04,cust_payee_44434,USA,MILESTONE_PAYMENT,proofrail_synthetic,conditional_settlement_case,FALSE,proofrail,synthetic_research
2026-01-05T22:14,REVIEW,txn_0000516,cust_payer_84400,USA,16883.14,cust_payee_73316,USA,MILESTONE_PAYMENT,proofrail_synthetic,conditional_settlement_case,FALSE,proofrail,synthetic_research
2026-01-05T22:16,GOOD,txn_0000517,cust_payer_32151,USA,12357.64,cust_payee_92487,USA,MILESTONE_PAYMENT,proofrail_synthetic,conditional_settlement_case,FALSE,proofrail,synthetic_research
2026-01-05T22:19,BAD,txn_0000518,cust_payer_41600,USA,1729.36,cust_payee_50071,USA,GOODS_SETTLEMENT,proofrail_synthetic,conditional_settlement_case,TRUE,proofrail,synthetic_research
2026-01-05T22:20,GOOD,txn_0000519,cust_payer_93494,USA,2025.22,cust_payee_07668,CANADA,INVOICE_PAYMENT,proofrail_synthetic,conditional_settlement_case,FALSE,proofrail,synthetic_research
2026-01-05T22:21,GOOD,txn_0000520,cust_payer_98618,USA,738.63,cust_payee_66116,USA,MILESTONE_PAYMENT,proofrail_synthetic,conditional_settlement_case,FALSE,proofrail,synthetic_research
2026-01-05T22:21,GOOD,txn_0000521,cust_payer_72707,USA,6775.9,cust_payee_85401,USA,INVOICE_PAYMENT,proofrail_synthetic,conditional_settlement_case,FALSE,proofrail,synthetic_research
2026-01-05T22:22,REVIEW,txn_0000522,cust_payer_00132,USA,2826.99,cust_payee_60903,USA,SERVICE_RETAINER,proofrail_synthetic,conditional_settlement_case,FALSE,proofrail,synthetic_research
2026-01-05T22:22,GOOD,txn_0000523,cust_payer_21158,USA,5681.07,cust_payee_96887,USA,INVOICE_PAYMENT,proofrail_synthetic,conditional_settlement_case,FALSE,proofrail,synthetic_research
2026-01-05T22:23,REVIEW,txn_0000524,cust_payer_89405,USA,830.58,cust_payee_44910,USA,SERVICE_RETAINER,proofrail_synthetic,conditional_settlement_case,TRUE,proofrail,synthetic_research
2026-01-05T22:25,BAD,txn_0000525,cust_payer_70534,USA,3536.62,cust_payee_10637,USA,INVOICE_PAYMENT,proofrail_synthetic,conditional_settlement_case,TRUE,proofrail,synthetic_research
2026-01-05T22:25,GOOD,txn_0000526,cust_payer_48560,USA,1804.97,cust_payee_25296,USA,GOODS_SETTLEMENT,proofrail_synthetic,conditional_settlement_case,FALSE,proofrail,synthetic_research
2026-01-05T22:31,GOOD,txn_0000527,cust_payer_47580,USA,670.38,cust_payee_04823,USA,INVOICE_PAYMENT,proofrail_synthetic,conditional_settlement_case,FALSE,proofrail,synthetic_research
2026-01-05T22:32,REVIEW,txn_0000528,cust_payer_96838,USA,3234.93,cust_payee_74149,USA,INVOICE_PAYMENT,proofrail_synthetic,conditional_settlement_case,TRUE,proofrail,synthetic_research
2026-01-05T22:39,REVIEW,txn_0000529,cust_payer_90832,USA,152.7,cust_payee_88833,USA,SERVICE_RETAINER,proofrail_synthetic,conditional_settlement_case,TRUE,proofrail,synthetic_research
2026-01-05T22:39,GOOD,txn_0000530,cust_payer_89152,USA,10755.31,cust_payee_67934,CANADA,SERVICE_RETAINER,proofrail_synthetic,conditional_settlement_case,FALSE,proofrail,synthetic_research
2026-01-05T22:46,GOOD,txn_0000531,cust_payer_29574,USA,395.83,cust_payee_90381,USA,GOODS_SETTLEMENT,proofrail_synthetic,conditional_settlement_case,FALSE,proofrail,synthetic_research
2026-01-05T22:49,GOOD,txn_0000532,cust_payer_32395,CANADA,10412.23,cust_payee_14135,CANADA,INVOICE_PAYMENT,proofrail_synthetic,conditional_settlement_case,FALSE,proofrail,synthetic_research
2026-01-05T22:50,GOOD,txn_0000533,cust_payer_11212,CANADA,2199.04,cust_payee_07955,USA,INVOICE_PAYMENT,proofrail_synthetic,conditional_settlement_case,FALSE,proofrail,synthetic_research
2026-01-05T22:52,GOOD,txn_0000534,cust_payer_73304,USA,3611.4,cust_payee_06843,USA,MILESTONE_PAYMENT,proofrail_synthetic,conditional_settlement_case,FALSE,proofrail,synthetic_research
2026-01-05T22:53,GOOD,txn_0000535,cust_payer_88576,USA,858.03,cust_payee_03405,USA,GOODS_SETTLEMENT,proofrail_synthetic,conditional_settlement_case,FALSE,proofrail,synthetic_research
2026-01-05T22:53,GOOD,txn_0000536,cust_payer_63098,USA,3659.3,cust_payee_94978,USA,MILESTONE_PAYMENT,proofrail_synthetic,conditional_settlement_case,FALSE,proofrail,synthetic_research
2026-01-05T22:55,REVIEW,txn_0000537,cust_payer_19322,USA,1311.93,cust_payee_61542,USA,GOODS_SETTLEMENT,proofrail_synthetic,conditional_settlement_case,FALSE,proofrail,synthetic_research
2026-01-05T22:57,GOOD,txn_0000538,cust_payer_26380,USA,2082.34,cust_payee_08966,SINGAPORE,INVOICE_PAYMENT,proofrail_synthetic,conditional_settlement_case,FALSE,proofrail,synthetic_research
2026-01-05T22:57,BAD,txn_0000539,cust_payer_05531,USA,3644.41,cust_payee_65003,USA,GOODS_SETTLEMENT,proofrail_synthetic,conditional_settlement_case,TRUE,proofrail,synthetic_research
2026-01-05T22:58,BAD,txn_0000540,cust_payer_00882,USA,735.68,cust_payee_47556,USA,MILESTONE_PAYMENT,proofrail_synthetic,conditional_settlement_case,TRUE,proofrail,synthetic_research
2026-01-05T23:00,GOOD,txn_0000541,cust_payer_44541,USA,1483.89,cust_payee_72681,USA,SERVICE_RETAINER,proofrail_synthetic,conditional_settlement_case,FALSE,proofrail,synthetic_research
2026-01-05T23:00,GOOD,txn_0000542,cust_payer_31477,MEXICO,7496.46,cust_payee_48450,GERMANY,INVOICE_PAYMENT,proofrail_synthetic,conditional_settlement_case,FALSE,proofrail,synthetic_research
2026-01-05T23:02,GOOD,txn_0000543,cust_payer_41675,UNITED-KINGDOM,4976.63,cust_payee_78585,USA,MILESTONE_PAYMENT,proofrail_synthetic,conditional_settlement_case,FALSE,proofrail,synthetic_research
2026-01-05T23:05,GOOD,txn_0000544,cust_payer_66620,USA,689.83,cust_payee_76557,USA,INVOICE_PAYMENT,proofrail_synthetic,conditional_settlement_case,FALSE,proofrail,synthetic_research
2026-01-05T23:06,REVIEW,txn_0000545,cust_payer_23462,USA,4366.8,cust_payee_42183,MEXICO,GOODS_SETTLEMENT,proofrail_synthetic,conditional_settlement_case,TRUE,proofrail,synthetic_research
2026-01-05T23:07,REVIEW,txn_0000546,cust_payer_30722,USA,3570.5,cust_payee_51892,USA,GOODS_SETTLEMENT,proofrail_synthetic,conditional_settlement_case,TRUE,proofrail,synthetic_research
2026-01-05T23:08,REVIEW,txn_0000547,cust_payer_60982,USA,1119.09,cust_payee_67144,USA,INVOICE_PAYMENT,proofrail_synthetic,conditional_settlement_case,TRUE,proofrail,synthetic_research
2026-01-05T23:11,GOOD,txn_0000548,cust_payer_38604,USA,606.4,cust_payee_65768,UNITED-KINGDOM,INVOICE_PAYMENT,proofrail_synthetic,conditional_settlement_case,FALSE,proofrail,synthetic_research
2026-01-05T23:13,GOOD,txn_0000549,cust_payer_89593,USA,1064.87,cust_payee_35975,CANADA,INVOICE_PAYMENT,proofrail_synthetic,conditional_settlement_case,FALSE,proofrail,synthetic_research
2026-01-05T23:18,REVIEW,txn_0000550,cust_payer_76016,USA,1331.37,cust_payee_99328,USA,INVOICE_PAYMENT,proofrail_synthetic,conditional_settlement_case,TRUE,proofrail,synthetic_research
2026-01-05T23:19,REVIEW,txn_0000551,cust_payer_61439,USA,2262.94,cust_payee_94701,CANADA,INVOICE_PAYMENT,proofrail_synthetic,conditional_settlement_case,TRUE,proofrail,synthetic_research
2026-01-05T23:21,GOOD,txn_0000552,cust_payer_46487,USA,616.9,cust_payee_44542,USA,INVOICE_PAYMENT,proofrail_synthetic,conditional_settlement_case,FALSE,proofrail,synthetic_research
2026-01-05T23:24,REVIEW,txn_0000553,cust_payer_49981,USA,4744.39,cust_payee_26766,USA,GOODS_SETTLEMENT,proofrail_synthetic,conditional_settlement_case,FALSE,proofrail,synthetic_research
2026-01-05T23:24,GOOD,txn_0000554,cust_payer_90312,USA,371.25,cust_payee_79085,GERMANY,GOODS_SETTLEMENT,proofrail_synthetic,conditional_settlement_case,FALSE,proofrail,synthetic_research
2026-01-05T23:25,GOOD,txn_0000555,cust_payer_53853,USA,441.21,cust_payee_51263,USA,GOODS_SETTLEMENT,proofrail_synthetic,conditional_settlement_case,FALSE,proofrail,synthetic_research
2026-01-05T23:25,GOOD,txn_0000556,cust_payer_75379,USA,939.98,cust_payee_40674,USA,MILESTONE_PAYMENT,proofrail_synthetic,conditional_settlement_case,FALSE,proofrail,synthetic_research
2026-01-05T23:28,REVIEW,txn_0000557,cust_payer_60320,USA,8502.8,cust_payee_60647,CANADA,INVOICE_PAYMENT,proofrail_synthetic,conditional_settlement_case,FALSE,proofrail,synthetic_research
2026-01-05T23:29,GOOD,txn_0000558,cust_payer_23538,UNITED-KINGDOM,7681.31,cust_payee_80968,USA,MILESTONE_PAYMENT,proofrail_synthetic,conditional_settlement_case,FALSE,proofrail,synthetic_research
2026-01-05T23:30,REVIEW,txn_0000559,cust_payer_08749,UNITED-KINGDOM,6547.82,cust_payee_91495,USA,SERVICE_RETAINER,proofrail_synthetic,conditional_settlement_case,FALSE,proofrail,synthetic_research
2026-01-05T23:31,REVIEW,txn_0000560,cust_payer_33131,USA,2595.83,cust_payee_27181,USA,INVOICE_PAYMENT,proofrail_synthetic,conditional_settlement_case,TRUE,proofrail,synthetic_research
2026-01-05T23:33,REVIEW,txn_0000561,cust_payer_17889,USA,2052.77,cust_payee_42876,USA,MILESTONE_PAYMENT,proofrail_synthetic,conditional_settlement_case,TRUE,proofrail,synthetic_research
2026-01-05T23:34,GOOD,txn_0000562,cust_payer_23231,USA,1520.93,cust_payee_38555,USA,GOODS_SETTLEMENT,proofrail_synthetic,conditional_settlement_case,FALSE,proofrail,synthetic_research
2026-01-05T23:37,GOOD,txn_0000563,cust_payer_68535,USA,2788.58,cust_payee_84019,USA,GOODS_SETTLEMENT,proofrail_synthetic,conditional_settlement_case,FALSE,proofrail,synthetic_research
2026-01-05T23:37,GOOD,txn_0000564,cust_payer_02103,CANADA,1180.73,cust_payee_55271,USA,INVOICE_PAYMENT,proofrail_synthetic,conditional_settlement_case,FALSE,proofrail,synthetic_research
2026-01-05T23:38,REVIEW,txn_0000565,cust_payer_14115,USA,7678.24,cust_payee_42880,MEXICO,INVOICE_PAYMENT,proofrail_synthetic,conditional_settlement_case,TRUE,proofrail,synthetic_research
2026-01-05T23:39,GOOD,txn_0000566,cust_payer_48363,USA,1247.69,cust_payee_05760,USA,INVOICE_PAYMENT,proofrail_synthetic,conditional_settlement_case,FALSE,proofrail,synthetic_research
2026-01-05T23:41,BAD,txn_0000567,cust_payer_82690,USA,5553.94,cust_payee_91268,USA,GOODS_SETTLEMENT,proofrail_synthetic,conditional_settlement_case,TRUE,proofrail,synthetic_research
2026-01-05T23:42,BAD,txn_0000568,cust_payer_76682,USA,3500.75,cust_payee_58840,USA,MILESTONE_PAYMENT,proofrail_synthetic,conditional_settlement_case,TRUE,proofrail,synthetic_research
2026-01-05T23:44,BAD,txn_0000569,cust_payer_07855,USA,631.26,cust_payee_18030,USA,GOODS_SETTLEMENT,proofrail_synthetic,conditional_settlement_case,TRUE,proofrail,synthetic_research
2026-01-05T23:44,BAD,txn_0000570,cust_payer_99680,USA,4898.1,cust_payee_05192,USA,GOODS_SETTLEMENT,proofrail_synthetic,conditional_settlement_case,TRUE,proofrail,synthetic_research
2026-01-05T23:47,GOOD,txn_0000571,cust_payer_91263,USA,5533.55,cust_payee_94307,USA,INVOICE_PAYMENT,proofrail_synthetic,conditional_settlement_case,FALSE,proofrail,synthetic_research
2026-01-05T23:47,BAD,txn_0000572,cust_payer_10246,USA,638.49,cust_payee_55869,USA,GOODS_SETTLEMENT,proofrail_synthetic,conditional_settlement_case,TRUE,proofrail,synthetic_research
2026-01-05T23:47,GOOD,txn_0000573,cust_payer_47132,USA,3552.77,cust_payee_52199,USA,INVOICE_PAYMENT,proofrail_synthetic,conditional_settlement_case,FALSE,proofrail,synthetic_research
2026-01-05T23:49,GOOD,txn_0000574,cust_payer_39352,USA,5926.95,cust_payee_78012,USA,SERVICE_RETAINER,proofrail_synthetic,conditional_settlement_case,FALSE,proofrail,synthetic_research
2026-01-05T23:49,GOOD,txn_0000575,cust_payer_24855,USA,829.12,cust_payee_00548,USA,GOODS_SETTLEMENT,proofrail_synthetic,conditional_settlement_case,FALSE,proofrail,synthetic_research
2026-01-05T23:50,GOOD,txn_0000576,cust_payer_05090,USA,2366.37,cust_payee_16316,USA,SERVICE_RETAINER,proofrail_synthetic,conditional_settlement_case,FALSE,proofrail,synthetic_research
2026-01-05T23:52,GOOD,txn_0000577,cust_payer_55580,UNITED-KINGDOM,2333.49,cust_payee_96425,USA,MILESTONE_PAYMENT,proofrail_synthetic,conditional_settlement_case,FALSE,proofrail,synthetic_research
2026-01-05T23:52,GOOD,txn_0000578,cust_payer_78925,USA,88779.34,cust_payee_75805,USA,GOODS_SETTLEMENT,proofrail_synthetic,conditional_settlement_case,FALSE,proofrail,synthetic_research
2026-01-05T23:55,GOOD,txn_0000579,cust_payer_21735,GERMANY,12036.96,cust_payee_55951,USA,INVOICE_PAYMENT,proofrail_synthetic,conditional_settlement_case,FALSE,proofrail,synthetic_research
2026-01-05T23:57,REVIEW,txn_0000580,cust_payer_45141,USA,4006,cust_payee_18706,USA,INVOICE_PAYMENT,proofrail_synthetic,conditional_settlement_case,TRUE,proofrail,synthetic_research
2026-01-05T23:58,GOOD,txn_0000581,cust_payer_96082,USA,6071.67,cust_payee_56486,USA,GOODS_SETTLEMENT,proofrail_synthetic,conditional_settlement_case,FALSE,proofrail,synthetic_research
2026-01-06T00:04,REVIEW,txn_0000582,cust_payer_53582,CANADA,208.11,cust_payee_57768,USA,GOODS_SETTLEMENT,proofrail_synthetic,conditional_settlement_case,TRUE,proofrail,synthetic_research
2026-01-06T00:04,GOOD,txn_0000583,cust_payer_34876,USA,3407.06,cust_payee_98540,USA,INVOICE_PAYMENT,proofrail_synthetic,conditional_settlement_case,FALSE,proofrail,synthetic_research
2026-01-06T00:05,GOOD,txn_0000584,cust_payer_44176,CANADA,8198.53,cust_payee_79217,SINGAPORE,INVOICE_PAYMENT,proofrail_synthetic,conditional_settlement_case,FALSE,proofrail,synthetic_research
2026-01-06T00:08,GOOD,txn_0000585,cust_payer_00405,CANADA,683.07,cust_payee_59890,UNITED-KINGDOM,GOODS_SETTLEMENT,proofrail_synthetic,conditional_settlement_case,FALSE,proofrail,synthetic_research
2026-01-06T00:09,BAD,txn_0000586,cust_payer_86361,USA,4700.69,cust_payee_62286,USA,GOODS_SETTLEMENT,proofrail_synthetic,conditional_settlement_case,TRUE,proofrail,synthetic_research
2026-01-06T00:10,REVIEW,txn_0000587,cust_payer_80294,MEXICO,3874.35,cust_payee_10666,USA,GOODS_SETTLEMENT,proofrail_synthetic,conditional_settlement_case,TRUE,proofrail,synthetic_research
2026-01-06T00:13,REVIEW,txn_0000588,cust_payer_93935,USA,5044.97,cust_payee_66144,CANADA,INVOICE_PAYMENT,proofrail_synthetic,conditional_settlement_case,FALSE,proofrail,synthetic_research
2026-01-06T00:13,BAD,txn_0000589,cust_payer_27741,USA,13125.9,cust_payee_22339,USA,GOODS_SETTLEMENT,proofrail_synthetic,conditional_settlement_case,TRUE,proofrail,synthetic_research
2026-01-06T00:15,BAD,txn_0000590,cust_payer_87898,USA,4763.07,cust_payee_16135,USA,SERVICE_RETAINER,proofrail_synthetic,conditional_settlement_case,TRUE,proofrail,synthetic_research
2026-01-06T00:17,GOOD,txn_0000591,cust_payer_73650,USA,92.83,cust_payee_57274,USA,INVOICE_PAYMENT,proofrail_synthetic,conditional_settlement_case,FALSE,proofrail,synthetic_research
2026-01-06T00:17,REVIEW,txn_0000592,cust_payer_49833,USA,794.93,cust_payee_75618,USA,SERVICE_RETAINER,proofrail_synthetic,conditional_settlement_case,TRUE,proofrail,synthetic_research
2026-01-06T00:18,REVIEW,txn_0000593,cust_payer_70556,USA,5319.44,cust_payee_60373,USA,MILESTONE_PAYMENT,proofrail_synthetic,conditional_settlement_case,TRUE,proofrail,synthetic_research
2026-01-06T00:25,REVIEW,txn_0000594,cust_payer_16183,USA,686.45,cust_payee_35842,CANADA,INVOICE_PAYMENT,proofrail_synthetic,conditional_settlement_case,TRUE,proofrail,synthetic_research
2026-01-06T00:28,BAD,txn_0000595,cust_payer_29501,USA,401.27,cust_payee_91804,CANADA,INVOICE_PAYMENT,proofrail_synthetic,conditional_settlement_case,TRUE,proofrail,synthetic_research
2026-01-06T00:35,BAD,txn_0000596,cust_payer_99316,USA,1758.31,cust_payee_51297,USA,MILESTONE_PAYMENT,proofrail_synthetic,conditional_settlement_case,TRUE,proofrail,synthetic_research
2026-01-06T00:37,GOOD,txn_0000597,cust_payer_93008,USA,7773.91,cust_payee_39856,USA,INVOICE_PAYMENT,proofrail_synthetic,conditional_settlement_case,FALSE,proofrail,synthetic_research
2026-01-06T00:40,REVIEW,txn_0000598,cust_payer_19347,CANADA,6829.13,cust_payee_49356,UNITED-KINGDOM,INVOICE_PAYMENT,proofrail_synthetic,conditional_settlement_case,TRUE,proofrail,synthetic_research
2026-01-06T00:40,GOOD,txn_0000599,cust_payer_51990,USA,3737.11,cust_payee_64046,USA,INVOICE_PAYMENT,proofrail_synthetic,conditional_settlement_case,FALSE,proofrail,synthetic_research
2026-01-06T00:40,GOOD,txn_0000600,cust_payer_85616,USA,1714.7,cust_payee_58343,USA,GOODS_SETTLEMENT,proofrail_synthetic,conditional_settlement_case,FALSE,proofrail,synthetic_research
2026-01-06T00:43,GOOD,txn_0000601,cust_payer_23737,USA,3019.24,cust_payee_50327,USA,INVOICE_PAYMENT,proofrail_synthetic,conditional_settlement_case,FALSE,proofrail,synthetic_research
2026-01-06T00:43,REVIEW,txn_0000602,cust_payer_76641,USA,3604.6,cust_payee_70646,USA,SERVICE_RETAINER,proofrail_synthetic,conditional_settlement_case,TRUE,proofrail,synthetic_research
2026-01-06T00:43,GOOD,txn_0000603,cust_payer_16885,USA,643.95,cust_payee_75378,CANADA,INVOICE_PAYMENT,proofrail_synthetic,conditional_settlement_case,FALSE,proofrail,synthetic_research
2026-01-06T00:43,GOOD,txn_0000604,cust_payer_06052,USA,2891,cust_payee_68085,USA,GOODS_SETTLEMENT,proofrail_synthetic,conditional_settlement_case,FALSE,proofrail,synthetic_research
2026-01-06T00:45,BAD,txn_0000605,cust_payer_05864,CANADA,3764.72,cust_payee_31078,USA,SERVICE_RETAINER,proofrail_synthetic,conditional_settlement_case,TRUE,proofrail,synthetic_research
2026-01-06T00:46,REVIEW,txn_0000606,cust_payer_50041,USA,5281.98,cust_payee_85167,USA,GOODS_SETTLEMENT,proofrail_synthetic,conditional_settlement_case,FALSE,proofrail,synthetic_research
2026-01-06T00:47,GOOD,txn_0000607,cust_payer_84905,USA,3960.14,cust_payee_67034,SINGAPORE,GOODS_SETTLEMENT,proofrail_synthetic,conditional_settlement_case,FALSE,proofrail,synthetic_research
2026-01-06T00:47,GOOD,txn_0000608,cust_payer_43715,USA,2756.64,cust_payee_35816,USA,GOODS_SETTLEMENT,proofrail_synthetic,conditional_settlement_case,FALSE,proofrail,synthetic_research
2026-01-06T00:48,REVIEW,txn_0000609,cust_payer_64176,CANADA,557.6,cust_payee_12523,USA,SERVICE_RETAINER,proofrail_synthetic,conditional_settlement_case,TRUE,proofrail,synthetic_research
2026-01-06T00:53,BAD,txn_0000610,cust_payer_69689,USA,1818.54,cust_payee_72309,USA,INVOICE_PAYMENT,proofrail_synthetic,conditional_settlement_case,TRUE,proofrail,synthetic_research
2026-01-06T00:57,GOOD,txn_0000611,cust_payer_83781,USA,1053.21,cust_payee_48517,USA,INVOICE_PAYMENT,proofrail_synthetic,conditional_settlement_case,FALSE,proofrail,synthetic_research
2026-01-06T00:57,GOOD,txn_0000612,cust_payer_11396,USA,1193.65,cust_payee_40064,USA,MILESTONE_PAYMENT,proofrail_synthetic,conditional_settlement_case,FALSE,proofrail,synthetic_research
2026-01-06T01:00,GOOD,txn_0000613,cust_payer_01402,USA,7004.52,cust_payee_55573,USA,INVOICE_PAYMENT,proofrail_synthetic,conditional_settlement_case,FALSE,proofrail,synthetic_research
2026-01-06T01:00,GOOD,txn_0000614,cust_payer_96860,CANADA,1844.63,cust_payee_86662,USA,GOODS_SETTLEMENT,proofrail_synthetic,conditional_settlement_case,FALSE,proofrail,synthetic_research
2026-01-06T01:01,GOOD,txn_0000615,cust_payer_48111,USA,11346.4,cust_payee_17475,USA,SERVICE_RETAINER,proofrail_synthetic,conditional_settlement_case,FALSE,proofrail,synthetic_research
2026-01-06T01:01,GOOD,txn_0000616,cust_payer_63325,USA,3429.2,cust_payee_38476,USA,SERVICE_RETAINER,proofrail_synthetic,conditional_settlement_case,FALSE,proofrail,synthetic_research
2026-01-06T01:01,GOOD,txn_0000617,cust_payer_94691,USA,2247.15,cust_payee_24401,USA,SERVICE_RETAINER,proofrail_synthetic,conditional_settlement_case,FALSE,proofrail,synthetic_research
2026-01-06T01:02,BAD,txn_0000618,cust_payer_56144,SINGAPORE,1025.79,cust_payee_23879,USA,INVOICE_PAYMENT,proofrail_synthetic,conditional_settlement_case,TRUE,proofrail,synthetic_research
2026-01-06T01:02,GOOD,txn_0000619,cust_payer_97508,USA,894.83,cust_payee_43413,USA,MILESTONE_PAYMENT,proofrail_synthetic,conditional_settlement_case,FALSE,proofrail,synthetic_research
2026-01-06T01:04,GOOD,txn_0000620,cust_payer_52413,CANADA,18115.74,cust_payee_65780,USA,GOODS_SETTLEMENT,proofrail_synthetic,conditional_settlement_case,FALSE,proofrail,synthetic_research
2026-01-06T01:05,GOOD,txn_0000621,cust_payer_37941,USA,1798.35,cust_payee_36992,USA,INVOICE_PAYMENT,proofrail_synthetic,conditional_settlement_case,FALSE,proofrail,synthetic_research
2026-01-06T01:08,REVIEW,txn_0000622,cust_payer_13509,USA,5317.82,cust_payee_91901,CANADA,MILESTONE_PAYMENT,proofrail_synthetic,conditional_settlement_case,TRUE,proofrail,synthetic_research
2026-01-06T01:08,GOOD,txn_0000623,cust_payer_80802,USA,1474.07,cust_payee_26168,USA,INVOICE_PAYMENT,proofrail_synthetic,conditional_settlement_case,FALSE,proofrail,synthetic_research
2026-01-06T01:09,GOOD,txn_0000624,cust_payer_47655,USA,2634.14,cust_payee_36774,CANADA,INVOICE_PAYMENT,proofrail_synthetic,conditional_settlement_case,FALSE,proofrail,synthetic_research
2026-01-06T01:09,GOOD,txn_0000625,cust_payer_33065,USA,1424.03,cust_payee_64394,USA,GOODS_SETTLEMENT,proofrail_synthetic,conditional_settlement_case,FALSE,proofrail,synthetic_research
2026-01-06T01:11,REVIEW,txn_0000626,cust_payer_31229,USA,766.21,cust_payee_85230,USA,INVOICE_PAYMENT,proofrail_synthetic,conditional_settlement_case,TRUE,proofrail,synthetic_research
2026-01-06T01:11,BAD,txn_0000627,cust_payer_71642,SINGAPORE,878.75,cust_payee_81135,USA,INVOICE_PAYMENT,proofrail_synthetic,conditional_settlement_case,TRUE,proofrail,synthetic_research
2026-01-06T01:11,GOOD,txn_0000628,cust_payer_54920,USA,1772.46,cust_payee_68651,USA,INVOICE_PAYMENT,proofrail_synthetic,conditional_settlement_case,FALSE,proofrail,synthetic_research
2026-01-06T01:12,GOOD,txn_0000629,cust_payer_69792,USA,15342.24,cust_payee_67304,USA,INVOICE_PAYMENT,proofrail_synthetic,conditional_settlement_case,FALSE,proofrail,synthetic_research
2026-01-06T01:15,GOOD,txn_0000630,cust_payer_67214,USA,1100.79,cust_payee_59696,CANADA,INVOICE_PAYMENT,proofrail_synthetic,conditional_settlement_case,FALSE,proofrail,synthetic_research
2026-01-06T01:19,GOOD,txn_0000631,cust_payer_36407,USA,2733.92,cust_payee_17429,USA,INVOICE_PAYMENT,proofrail_synthetic,conditional_settlement_case,FALSE,proofrail,synthetic_research
2026-01-06T01:24,GOOD,txn_0000632,cust_payer_71995,USA,3424.1,cust_payee_34609,USA,INVOICE_PAYMENT,proofrail_synthetic,conditional_settlement_case,FALSE,proofrail,synthetic_research
2026-01-06T01:26,GOOD,txn_0000633,cust_payer_90193,USA,17116.74,cust_payee_50068,USA,MILESTONE_PAYMENT,proofrail_synthetic,conditional_settlement_case,FALSE,proofrail,synthetic_research
2026-01-06T01:26,GOOD,txn_0000634,cust_payer_30373,UNITED-KINGDOM,14068.57,cust_payee_95658,USA,INVOICE_PAYMENT,proofrail_synthetic,conditional_settlement_case,FALSE,proofrail,synthetic_research
2026-01-06T01:26,GOOD,txn_0000635,cust_payer_21355,USA,2340,cust_payee_23296,USA,MILESTONE_PAYMENT,proofrail_synthetic,conditional_settlement_case,FALSE,proofrail,synthetic_research
2026-01-06T01:27,GOOD,txn_0000636,cust_payer_49529,USA,4083.43,cust_payee_50331,USA,GOODS_SETTLEMENT,proofrail_synthetic,conditional_settlement_case,FALSE,proofrail,synthetic_research
2026-01-06T01:32,GOOD,txn_0000637,cust_payer_13939,USA,3189.82,cust_payee_71090,USA,INVOICE_PAYMENT,proofrail_synthetic,conditional_settlement_case,FALSE,proofrail,synthetic_research
2026-01-06T01:33,GOOD,txn_0000638,cust_payer_35057,USA,1717.35,cust_payee_82246,USA,GOODS_SETTLEMENT,proofrail_synthetic,conditional_settlement_case,FALSE,proofrail,synthetic_research
2026-01-06T01:34,GOOD,txn_0000639,cust_payer_85900,USA,1275.78,cust_payee_37598,CANADA,INVOICE_PAYMENT,proofrail_synthetic,conditional_settlement_case,FALSE,proofrail,synthetic_research
2026-01-06T01:34,GOOD,txn_0000640,cust_payer_11116,USA,1240.63,cust_payee_05682,USA,INVOICE_PAYMENT,proofrail_synthetic,conditional_settlement_case,FALSE,proofrail,synthetic_research
2026-01-06T01:35,GOOD,txn_0000641,cust_payer_65438,UNITED-KINGDOM,6271.12,cust_payee_86735,USA,GOODS_SETTLEMENT,proofrail_synthetic,conditional_settlement_case,FALSE,proofrail,synthetic_research
2026-01-06T01:37,REVIEW,txn_0000642,cust_payer_62710,USA,1143.08,cust_payee_08823,USA,SERVICE_RETAINER,proofrail_synthetic,conditional_settlement_case,TRUE,proofrail,synthetic_research
2026-01-06T01:38,GOOD,txn_0000643,cust_payer_83441,UNITED-KINGDOM,2447.86,cust_payee_43708,USA,MILESTONE_PAYMENT,proofrail_synthetic,conditional_settlement_case,FALSE,proofrail,synthetic_research
2026-01-06T01:39,GOOD,txn_0000644,cust_payer_90899,USA,1434.08,cust_payee_98080,USA,GOODS_SETTLEMENT,proofrail_synthetic,conditional_settlement_case,FALSE,proofrail,synthetic_research
2026-01-06T01:40,GOOD,txn_0000645,cust_payer_18893,USA,437.63,cust_payee_72287,CANADA,GOODS_SETTLEMENT,proofrail_synthetic,conditional_settlement_case,FALSE,proofrail,synthetic_research
2026-01-06T01:40,GOOD,txn_0000646,cust_payer_91935,CANADA,1971.49,cust_payee_13895,CANADA,SERVICE_RETAINER,proofrail_synthetic,conditional_settlement_case,FALSE,proofrail,synthetic_research
2026-01-06T01:42,GOOD,txn_0000647,cust_payer_61574,MEXICO,5038.49,cust_payee_97460,USA,INVOICE_PAYMENT,proofrail_synthetic,conditional_settlement_case,FALSE,proofrail,synthetic_research
2026-01-06T01:43,GOOD,txn_0000648,cust_payer_01425,CANADA,4930.47,cust_payee_51956,USA,GOODS_SETTLEMENT,proofrail_synthetic,conditional_settlement_case,FALSE,proofrail,synthetic_research
2026-01-06T01:45,GOOD,txn_0000649,cust_payer_16402,USA,2107.42,cust_payee_97405,USA,GOODS_SETTLEMENT,proofrail_synthetic,conditional_settlement_case,FALSE,proofrail,synthetic_research
2026-01-06T01:45,REVIEW,txn_0000650,cust_payer_49869,USA,2292.32,cust_payee_21604,USA,MILESTONE_PAYMENT,proofrail_synthetic,conditional_settlement_case,TRUE,proofrail,synthetic_research
2026-01-06T01:45,GOOD,txn_0000651,cust_payer_78265,USA,1389.87,cust_payee_01439,USA,MILESTONE_PAYMENT,proofrail_synthetic,conditional_settlement_case,FALSE,proofrail,synthetic_research
2026-01-06T01:45,GOOD,txn_0000652,cust_payer_12218,USA,4435.65,cust_payee_40450,USA,SERVICE_RETAINER,proofrail_synthetic,conditional_settlement_case,FALSE,proofrail,synthetic_research
2026-01-06T01:49,BAD,txn_0000653,cust_payer_66006,USA,3818.96,cust_payee_13239,USA,MILESTONE_PAYMENT,proofrail_synthetic,conditional_settlement_case,TRUE,proofrail,synthetic_research
2026-01-06T01:53,GOOD,txn_0000654,cust_payer_30353,USA,3632.3,cust_payee_28266,USA,INVOICE_PAYMENT,proofrail_synthetic,conditional_settlement_case,FALSE,proofrail,synthetic_research
2026-01-06T01:54,GOOD,txn_0000655,cust_payer_47228,CANADA,8576.67,cust_payee_81720,USA,MILESTONE_PAYMENT,proofrail_synthetic,conditional_settlement_case,FALSE,proofrail,synthetic_research
2026-01-06T01:54,GOOD,txn_0000656,cust_payer_01959,CANADA,429.12,cust_payee_18694,USA,GOODS_SETTLEMENT,proofrail_synthetic,conditional_settlement_case,FALSE,proofrail,synthetic_research
2026-01-06T01:55,REVIEW,txn_0000657,cust_payer_11696,USA,1652.64,cust_payee_09324,USA,GOODS_SETTLEMENT,proofrail_synthetic,conditional_settlement_case,FALSE,proofrail,synthetic_research
2026-01-06T01:56,GOOD,txn_0000658,cust_payer_37569,USA,482.34,cust_payee_52552,USA,GOODS_SETTLEMENT,proofrail_synthetic,conditional_settlement_case,FALSE,proofrail,synthetic_research
2026-01-06T01:57,GOOD,txn_0000659,cust_payer_84393,CANADA,1855.97,cust_payee_07479,USA,INVOICE_PAYMENT,proofrail_synthetic,conditional_settlement_case,FALSE,proofrail,synthetic_research
2026-01-06T01:59,GOOD,txn_0000660,cust_payer_45736,USA,669.72,cust_payee_61064,USA,INVOICE_PAYMENT,proofrail_synthetic,conditional_settlement_case,FALSE,proofrail,synthetic_research
2026-01-06T01:59,GOOD,txn_0000661,cust_payer_79216,USA,2024.64,cust_payee_63740,USA,SERVICE_RETAINER,proofrail_synthetic,conditional_settlement_case,FALSE,proofrail,synthetic_research
2026-01-06T02:02,GOOD,txn_0000662,cust_payer_62051,MEXICO,4341.31,cust_payee_27974,USA,INVOICE_PAYMENT,proofrail_synthetic,conditional_settlement_case,FALSE,proofrail,synthetic_research
2026-01-06T02:05,GOOD,txn_0000663,cust_payer_68784,CANADA,1936.69,cust_payee_28064,USA,INVOICE_PAYMENT,proofrail_synthetic,conditional_settlement_case,FALSE,proofrail,synthetic_research
2026-01-06T02:06,GOOD,txn_0000664,cust_payer_21062,USA,1532.13,cust_payee_91317,CANADA,MILESTONE_PAYMENT,proofrail_synthetic,conditional_settlement_case,FALSE,proofrail,synthetic_research
2026-01-06T02:12,REVIEW,txn_0000665,cust_payer_96254,USA,2972.63,cust_payee_97366,CANADA,INVOICE_PAYMENT,proofrail_synthetic,conditional_settlement_case,TRUE,proofrail,synthetic_research
2026-01-06T02:12,REVIEW,txn_0000666,cust_payer_59056,USA,3902.26,cust_payee_16479,USA,INVOICE_PAYMENT,proofrail_synthetic,conditional_settlement_case,TRUE,proofrail,synthetic_research
2026-01-06T02:17,REVIEW,txn_0000667,cust_payer_89081,USA,3187.71,cust_payee_75608,USA,MILESTONE_PAYMENT,proofrail_synthetic,conditional_settlement_case,TRUE,proofrail,synthetic_research
2026-01-06T02:17,GOOD,txn_0000668,cust_payer_71103,USA,12472.3,cust_payee_55817,USA,INVOICE_PAYMENT,proofrail_synthetic,conditional_settlement_case,FALSE,proofrail,synthetic_research
2026-01-06T02:19,GOOD,txn_0000669,cust_payer_92025,USA,590.67,cust_payee_81314,USA,GOODS_SETTLEMENT,proofrail_synthetic,conditional_settlement_case,FALSE,proofrail,synthetic_research
2026-01-06T02:20,BAD,txn_0000670,cust_payer_76184,USA,4176.81,cust_payee_04278,USA,INVOICE_PAYMENT,proofrail_synthetic,conditional_settlement_case,TRUE,proofrail,synthetic_research
2026-01-06T02:21,BAD,txn_0000671,cust_payer_84524,MEXICO,637.29,cust_payee_92254,USA,MILESTONE_PAYMENT,proofrail_synthetic,conditional_settlement_case,TRUE,proofrail,synthetic_research
2026-01-06T02:21,GOOD,txn_0000672,cust_payer_74998,USA,9517.3,cust_payee_56364,USA,GOODS_SETTLEMENT,proofrail_synthetic,conditional_settlement_case,FALSE,proofrail,synthetic_research
2026-01-06T02:23,GOOD,txn_0000673,cust_payer_16559,USA,2649.16,cust_payee_66094,USA,GOODS_SETTLEMENT,proofrail_synthetic,conditional_settlement_case,FALSE,proofrail,synthetic_research
2026-01-06T02:27,REVIEW,txn_0000674,cust_payer_10325,USA,450.18,cust_payee_74947,USA,INVOICE_PAYMENT,proofrail_synthetic,conditional_settlement_case,FALSE,proofrail,synthetic_research
2026-01-06T02:29,BAD,txn_0000675,cust_payer_49560,MEXICO,1095.72,cust_payee_34142,USA,INVOICE_PAYMENT,proofrail_synthetic,conditional_settlement_case,TRUE,proofrail,synthetic_research
2026-01-06T02:29,GOOD,txn_0000676,cust_payer_23676,UNITED-KINGDOM,3061.64,cust_payee_12161,USA,INVOICE_PAYMENT,proofrail_synthetic,conditional_settlement_case,FALSE,proofrail,synthetic_research
2026-01-06T02:30,GOOD,txn_0000677,cust_payer_41103,USA,3375.77,cust_payee_83041,USA,INVOICE_PAYMENT,proofrail_synthetic,conditional_settlement_case,FALSE,proofrail,synthetic_research
2026-01-06T02:30,REVIEW,txn_0000678,cust_payer_68387,USA,2310.89,cust_payee_97216,USA,GOODS_SETTLEMENT,proofrail_synthetic,conditional_settlement_case,FALSE,proofrail,synthetic_research
2026-01-06T02:31,GOOD,txn_0000679,cust_payer_12055,USA,3782.02,cust_payee_45686,USA,INVOICE_PAYMENT,proofrail_synthetic,conditional_settlement_case,FALSE,proofrail,synthetic_research
2026-01-06T02:35,GOOD,txn_0000680,cust_payer_63942,USA,3047.65,cust_payee_56816,USA,SERVICE_RETAINER,proofrail_synthetic,conditional_settlement_case,FALSE,proofrail,synthetic_research
2026-01-06T02:36,GOOD,txn_0000681,cust_payer_04425,USA,1308.31,cust_payee_67025,CANADA,GOODS_SETTLEMENT,proofrail_synthetic,conditional_settlement_case,FALSE,proofrail,synthetic_research
2026-01-06T02:37,GOOD,txn_0000682,cust_payer_09522,USA,6947.08,cust_payee_28205,USA,INVOICE_PAYMENT,proofrail_synthetic,conditional_settlement_case,FALSE,proofrail,synthetic_research
2026-01-06T02:38,GOOD,txn_0000683,cust_payer_13490,CANADA,3021.07,cust_payee_73526,CANADA,INVOICE_PAYMENT,proofrail_synthetic,conditional_settlement_case,FALSE,proofrail,synthetic_research
2026-01-06T02:38,REVIEW,txn_0000684,cust_payer_64741,USA,1507.61,cust_payee_65360,USA,GOODS_SETTLEMENT,proofrail_synthetic,conditional_settlement_case,TRUE,proofrail,synthetic_research
2026-01-06T02:39,GOOD,txn_0000685,cust_payer_52798,USA,2886.14,cust_payee_04851,USA,INVOICE_PAYMENT,proofrail_synthetic,conditional_settlement_case,FALSE,proofrail,synthetic_research
2026-01-06T02:39,REVIEW,txn_0000686,cust_payer_41049,USA,444.84,cust_payee_64726,USA,MILESTONE_PAYMENT,proofrail_synthetic,conditional_settlement_case,TRUE,proofrail,synthetic_research
2026-01-06T02:41,GOOD,txn_0000687,cust_payer_18185,USA,3144.45,cust_payee_13781,USA,INVOICE_PAYMENT,proofrail_synthetic,conditional_settlement_case,FALSE,proofrail,synthetic_research
2026-01-06T02:44,REVIEW,txn_0000688,cust_payer_34038,USA,2684.56,cust_payee_05647,USA,MILESTONE_PAYMENT,proofrail_synthetic,conditional_settlement_case,TRUE,proofrail,synthetic_research
2026-01-06T02:45,GOOD,txn_0000689,cust_payer_19399,CANADA,703.84,cust_payee_98702,USA,INVOICE_PAYMENT,proofrail_synthetic,conditional_settlement_case,FALSE,proofrail,synthetic_research
2026-01-06T02:45,GOOD,txn_0000690,cust_payer_34579,CANADA,2435.94,cust_payee_38829,USA,INVOICE_PAYMENT,proofrail_synthetic,conditional_settlement_case,FALSE,proofrail,synthetic_research
2026-01-06T02:46,GOOD,txn_0000691,cust_payer_50471,USA,2467.89,cust_payee_24631,USA,MILESTONE_PAYMENT,proofrail_synthetic,conditional_settlement_case,FALSE,proofrail,synthetic_research
2026-01-06T02:50,GOOD,txn_0000692,cust_payer_28677,USA,17145.97,cust_payee_47664,USA,SERVICE_RETAINER,proofrail_synthetic,conditional_settlement_case,FALSE,proofrail,synthetic_research
2026-01-06T02:50,GOOD,txn_0000693,cust_payer_14048,USA,18758.47,cust_payee_97653,USA,GOODS_SETTLEMENT,proofrail_synthetic,conditional_settlement_case,FALSE,proofrail,synthetic_research
2026-01-06T02:50,GOOD,txn_0000694,cust_payer_65824,USA,2896.01,cust_payee_56473,USA,INVOICE_PAYMENT,proofrail_synthetic,conditional_settlement_case,FALSE,proofrail,synthetic_research
2026-01-06T02:52,REVIEW,txn_0000695,cust_payer_67977,USA,1590.34,cust_payee_56829,USA,GOODS_SETTLEMENT,proofrail_synthetic,conditional_settlement_case,FALSE,proofrail,synthetic_research
2026-01-06T02:53,GOOD,txn_0000696,cust_payer_13279,USA,2718.22,cust_payee_28822,USA,GOODS_SETTLEMENT,proofrail_synthetic,conditional_settlement_case,FALSE,proofrail,synthetic_research
2026-01-06T02:56,GOOD,txn_0000697,cust_payer_81543,USA,4069.69,cust_payee_62490,USA,INVOICE_PAYMENT,proofrail_synthetic,conditional_settlement_case,FALSE,proofrail,synthetic_research
2026-01-06T02:59,GOOD,txn_0000698,cust_payer_22378,USA,2175.77,cust_payee_89025,USA,INVOICE_PAYMENT,proofrail_synthetic,conditional_settlement_case,FALSE,proofrail,synthetic_research
2026-01-06T03:00,GOOD,txn_0000699,cust_payer_19213,USA,1498.38,cust_payee_12309,USA,GOODS_SETTLEMENT,proofrail_synthetic,conditional_settlement_case,FALSE,proofrail,synthetic_research
2026-01-06T03:01,GOOD,txn_0000700,cust_payer_67874,USA,1591.04,cust_payee_87024,USA,GOODS_SETTLEMENT,proofrail_synthetic,conditional_settlement_case,FALSE,proofrail,synthetic_research
2026-01-06T03:02,BAD,txn_0000701,cust_payer_04051,USA,17992.84,cust_payee_32030,USA,INVOICE_PAYMENT,proofrail_synthetic,conditional_settlement_case,TRUE,proofrail,synthetic_research
2026-01-06T03:06,REVIEW,txn_0000702,cust_payer_58887,USA,796.81,cust_payee_69063,USA,INVOICE_PAYMENT,proofrail_synthetic,conditional_settlement_case,FALSE,proofrail,synthetic_research
2026-01-06T03:06,GOOD,txn_0000703,cust_payer_59642,USA,4135.27,cust_payee_74274,GERMANY,INVOICE_PAYMENT,proofrail_synthetic,conditional_settlement_case,FALSE,proofrail,synthetic_research
2026-01-06T03:07,GOOD,txn_0000704,cust_payer_38631,CANADA,3902.39,cust_payee_02044,USA,GOODS_SETTLEMENT,proofrail_synthetic,conditional_settlement_case,FALSE,proofrail,synthetic_research
2026-01-06T03:07,REVIEW,txn_0000705,cust_payer_11273,USA,2737.32,cust_payee_93481,USA,INVOICE_PAYMENT,proofrail_synthetic,conditional_settlement_case,TRUE,proofrail,synthetic_research
2026-01-06T03:08,GOOD,txn_0000706,cust_payer_12864,USA,12640.82,cust_payee_34244,USA,GOODS_SETTLEMENT,proofrail_synthetic,conditional_settlement_case,FALSE,proofrail,synthetic_research
2026-01-06T03:08,REVIEW,txn_0000707,cust_payer_11220,USA,1114.16,cust_payee_38973,USA,INVOICE_PAYMENT,proofrail_synthetic,conditional_settlement_case,TRUE,proofrail,synthetic_research
2026-01-06T03:09,GOOD,txn_0000708,cust_payer_53774,MEXICO,5317.19,cust_payee_60462,USA,INVOICE_PAYMENT,proofrail_synthetic,conditional_settlement_case,FALSE,proofrail,synthetic_research
2026-01-06T03:12,REVIEW,txn_0000709,cust_payer_38450,USA,2566.86,cust_payee_07018,USA,INVOICE_PAYMENT,proofrail_synthetic,conditional_settlement_case,FALSE,proofrail,synthetic_research
2026-01-06T03:15,GOOD,txn_0000710,cust_payer_74114,USA,3821.49,cust_payee_63107,USA,GOODS_SETTLEMENT,proofrail_synthetic,conditional_settlement_case,FALSE,proofrail,synthetic_research
2026-01-06T03:15,GOOD,txn_0000711,cust_payer_88563,USA,89543.72,cust_payee_83843,SINGAPORE,MILESTONE_PAYMENT,proofrail_synthetic,conditional_settlement_case,FALSE,proofrail,synthetic_research
2026-01-06T03:16,GOOD,txn_0000712,cust_payer_07295,USA,865.83,cust_payee_15967,USA,MILESTONE_PAYMENT,proofrail_synthetic,conditional_settlement_case,FALSE,proofrail,synthetic_research
2026-01-06T03:18,GOOD,txn_0000713,cust_payer_24224,USA,3513.76,cust_payee_18572,USA,GOODS_SETTLEMENT,proofrail_synthetic,conditional_settlement_case,FALSE,proofrail,synthetic_research
2026-01-06T03:19,GOOD,txn_0000714,cust_payer_91443,USA,13803.64,cust_payee_14069,USA,INVOICE_PAYMENT,proofrail_synthetic,conditional_settlement_case,FALSE,proofrail,synthetic_research
2026-01-06T03:19,GOOD,txn_0000715,cust_payer_46495,USA,5722.07,cust_payee_18259,SINGAPORE,GOODS_SETTLEMENT,proofrail_synthetic,conditional_settlement_case,FALSE,proofrail,synthetic_research
2026-01-06T03:19,GOOD,txn_0000716,cust_payer_19845,USA,4734.69,cust_payee_46120,CANADA,GOODS_SETTLEMENT,proofrail_synthetic,conditional_settlement_case,FALSE,proofrail,synthetic_research
2026-01-06T03:20,BAD,txn_0000717,cust_payer_75503,USA,1101.95,cust_payee_92865,USA,GOODS_SETTLEMENT,proofrail_synthetic,conditional_settlement_case,TRUE,proofrail,synthetic_research
2026-01-06T03:21,GOOD,txn_0000718,cust_payer_87198,USA,2067.13,cust_payee_13923,USA,INVOICE_PAYMENT,proofrail_synthetic,conditional_settlement_case,FALSE,proofrail,synthetic_research
2026-01-06T03:22,GOOD,txn_0000719,cust_payer_03862,USA,5817.22,cust_payee_22816,SINGAPORE,MILESTONE_PAYMENT,proofrail_synthetic,conditional_settlement_case,FALSE,proofrail,synthetic_research
2026-01-06T03:23,GOOD,txn_0000720,cust_payer_69276,MEXICO,1508.26,cust_payee_25205,USA,INVOICE_PAYMENT,proofrail_synthetic,conditional_settlement_case,FALSE,proofrail,synthetic_research
2026-01-06T03:23,REVIEW,txn_0000721,cust_payer_95680,CANADA,6471.19,cust_payee_95458,USA,INVOICE_PAYMENT,proofrail_synthetic,conditional_settlement_case,TRUE,proofrail,synthetic_research
2026-01-06T03:25,GOOD,txn_0000722,cust_payer_16672,USA,2007.79,cust_payee_67797,USA,GOODS_SETTLEMENT,proofrail_synthetic,conditional_settlement_case,FALSE,proofrail,synthetic_research
2026-01-06T03:28,BAD,txn_0000723,cust_payer_20692,CANADA,514.36,cust_payee_37758,MEXICO,SERVICE_RETAINER,proofrail_synthetic,conditional_settlement_case,TRUE,proofrail,synthetic_research
2026-01-06T03:29,GOOD,txn_0000724,cust_payer_04231,CANADA,623.9,cust_payee_44309,USA,INVOICE_PAYMENT,proofrail_synthetic,conditional_settlement_case,FALSE,proofrail,synthetic_research
2026-01-06T03:33,REVIEW,txn_0000725,cust_payer_92156,USA,2348.34,cust_payee_04635,USA,INVOICE_PAYMENT,proofrail_synthetic,conditional_settlement_case,TRUE,proofrail,synthetic_research
2026-01-06T03:34,GOOD,txn_0000726,cust_payer_85241,CANADA,4001.55,cust_payee_45909,GERMANY,GOODS_SETTLEMENT,proofrail_synthetic,conditional_settlement_case,FALSE,proofrail,synthetic_research
2026-01-06T03:36,REVIEW,txn_0000727,cust_payer_02372,USA,3967.19,cust_payee_72417,USA,MILESTONE_PAYMENT,proofrail_synthetic,conditional_settlement_case,TRUE,proofrail,synthetic_research
2026-01-06T03:36,GOOD,txn_0000728,cust_payer_57217,USA,24025.59,cust_payee_07593,USA,INVOICE_PAYMENT,proofrail_synthetic,conditional_settlement_case,FALSE,proofrail,synthetic_research
2026-01-06T03:36,GOOD,txn_0000729,cust_payer_23671,USA,1515.75,cust_payee_37041,USA,GOODS_SETTLEMENT,proofrail_synthetic,conditional_settlement_case,FALSE,proofrail,synthetic_research
2026-01-06T03:36,REVIEW,txn_0000730,cust_payer_92440,CANADA,861.74,cust_payee_96367,USA,GOODS_SETTLEMENT,proofrail_synthetic,conditional_settlement_case,FALSE,proofrail,synthetic_research
2026-01-06T03:36,REVIEW,txn_0000731,cust_payer_53849,USA,1186.36,cust_payee_92472,UNITED-KINGDOM,GOODS_SETTLEMENT,proofrail_synthetic,conditional_settlement_case,TRUE,proofrail,synthetic_research
2026-01-06T03:41,GOOD,txn_0000732,cust_payer_02791,USA,1023.48,cust_payee_65393,USA,INVOICE_PAYMENT,proofrail_synthetic,conditional_settlement_case,FALSE,proofrail,synthetic_research
2026-01-06T03:41,GOOD,txn_0000733,cust_payer_26966,USA,574.46,cust_payee_49720,USA,MILESTONE_PAYMENT,proofrail_synthetic,conditional_settlement_case,FALSE,proofrail,synthetic_research
2026-01-06T03:43,GOOD,txn_0000734,cust_payer_81466,UNITED-KINGDOM,5070.24,cust_payee_56896,USA,INVOICE_PAYMENT,proofrail_synthetic,conditional_settlement_case,FALSE,proofrail,synthetic_research
2026-01-06T03:45,BAD,txn_0000735,cust_payer_34092,SINGAPORE,2801.47,cust_payee_21306,USA,SERVICE_RETAINER,proofrail_synthetic,conditional_settlement_case,TRUE,proofrail,synthetic_research
2026-01-06T03:47,GOOD,txn_0000736,cust_payer_47409,USA,1018.16,cust_payee_35226,USA,MILESTONE_PAYMENT,proofrail_synthetic,conditional_settlement_case,FALSE,proofrail,synthetic_research
2026-01-06T03:47,GOOD,txn_0000737,cust_payer_04851,USA,809.03,cust_payee_47019,USA,INVOICE_PAYMENT,proofrail_synthetic,conditional_settlement_case,FALSE,proofrail,synthetic_research
2026-01-06T03:47,GOOD,txn_0000738,cust_payer_82620,USA,5001.25,cust_payee_22872,USA,GOODS_SETTLEMENT,proofrail_synthetic,conditional_settlement_case,FALSE,proofrail,synthetic_research
2026-01-06T03:48,GOOD,txn_0000739,cust_payer_05864,USA,1355.23,cust_payee_78720,USA,MILESTONE_PAYMENT,proofrail_synthetic,conditional_settlement_case,FALSE,proofrail,synthetic_research
2026-01-06T03:51,REVIEW,txn_0000740,cust_payer_18754,USA,3611.58,cust_payee_03237,USA,GOODS_SETTLEMENT,proofrail_synthetic,conditional_settlement_case,TRUE,proofrail,synthetic_research
2026-01-06T03:53,GOOD,txn_0000741,cust_payer_93434,USA,8203.15,cust_payee_45096,USA,SERVICE_RETAINER,proofrail_synthetic,conditional_settlement_case,FALSE,proofrail,synthetic_research
2026-01-06T03:55,BAD,txn_0000742,cust_payer_69175,USA,6300.82,cust_payee_06742,USA,GOODS_SETTLEMENT,proofrail_synthetic,conditional_settlement_case,TRUE,proofrail,synthetic_research
2026-01-06T03:57,GOOD,txn_0000743,cust_payer_58329,USA,1191.4,cust_payee_96050,USA,SERVICE_RETAINER,proofrail_synthetic,conditional_settlement_case,FALSE,proofrail,synthetic_research
2026-01-06T04:01,GOOD,txn_0000744,cust_payer_32106,USA,5041.66,cust_payee_53428,USA,GOODS_SETTLEMENT,proofrail_synthetic,conditional_settlement_case,FALSE,proofrail,synthetic_research
2026-01-06T04:05,GOOD,txn_0000745,cust_payer_59516,USA,673.35,cust_payee_02034,USA,INVOICE_PAYMENT,proofrail_synthetic,conditional_settlement_case,FALSE,proofrail,synthetic_research
2026-01-06T04:08,REVIEW,txn_0000746,cust_payer_55360,USA,474.87,cust_payee_46448,USA,MILESTONE_PAYMENT,proofrail_synthetic,conditional_settlement_case,TRUE,proofrail,synthetic_research
2026-01-06T04:09,GOOD,txn_0000747,cust_payer_62536,USA,6478.08,cust_payee_91766,UNITED-KINGDOM,INVOICE_PAYMENT,proofrail_synthetic,conditional_settlement_case,FALSE,proofrail,synthetic_research
2026-01-06T04:09,GOOD,txn_0000748,cust_payer_23164,USA,1240.96,cust_payee_66673,USA,MILESTONE_PAYMENT,proofrail_synthetic,conditional_settlement_case,FALSE,proofrail,synthetic_research
2026-01-06T04:10,GOOD,txn_0000749,cust_payer_41757,USA,3102.07,cust_payee_99261,USA,GOODS_SETTLEMENT,proofrail_synthetic,conditional_settlement_case,FALSE,proofrail,synthetic_research
2026-01-06T04:10,GOOD,txn_0000750,cust_payer_37729,USA,3184.44,cust_payee_35894,MEXICO,GOODS_SETTLEMENT,proofrail_synthetic,conditional_settlement_case,FALSE,proofrail,synthetic_research
2026-01-06T04:13,REVIEW,txn_0000751,cust_payer_98942,MEXICO,1574.91,cust_payee_22132,USA,INVOICE_PAYMENT,proofrail_synthetic,conditional_settlement_case,FALSE,proofrail,synthetic_research
2026-01-06T04:13,REVIEW,txn_0000752,cust_payer_59487,UNITED-KINGDOM,4127.02,cust_payee_38659,USA,MILESTONE_PAYMENT,proofrail_synthetic,conditional_settlement_case,FALSE,proofrail,synthetic_research
2026-01-06T04:16,GOOD,txn_0000753,cust_payer_97554,USA,707.73,cust_payee_29156,USA,INVOICE_PAYMENT,proofrail_synthetic,conditional_settlement_case,FALSE,proofrail,synthetic_research
2026-01-06T04:16,REVIEW,txn_0000754,cust_payer_73161,MEXICO,389.61,cust_payee_86656,USA,MILESTONE_PAYMENT,proofrail_synthetic,conditional_settlement_case,FALSE,proofrail,synthetic_research
2026-01-06T04:19,GOOD,txn_0000755,cust_payer_96150,CANADA,845.78,cust_payee_65107,MEXICO,MILESTONE_PAYMENT,proofrail_synthetic,conditional_settlement_case,FALSE,proofrail,synthetic_research
2026-01-06T04:19,GOOD,txn_0000756,cust_payer_90176,USA,2868.98,cust_payee_34482,USA,INVOICE_PAYMENT,proofrail_synthetic,conditional_settlement_case,FALSE,proofrail,synthetic_research
2026-01-06T04:21,REVIEW,txn_0000757,cust_payer_51408,USA,21069.98,cust_payee_78361,USA,MILESTONE_PAYMENT,proofrail_synthetic,conditional_settlement_case,TRUE,proofrail,synthetic_research
2026-01-06T04:21,BAD,txn_0000758,cust_payer_41800,USA,942.01,cust_payee_86588,USA,INVOICE_PAYMENT,proofrail_synthetic,conditional_settlement_case,TRUE,proofrail,synthetic_research
2026-01-06T04:22,GOOD,txn_0000759,cust_payer_53610,USA,1234.49,cust_payee_07970,USA,GOODS_SETTLEMENT,proofrail_synthetic,conditional_settlement_case,FALSE,proofrail,synthetic_research
2026-01-06T04:22,GOOD,txn_0000760,cust_payer_53715,USA,2413.97,cust_payee_29008,USA,INVOICE_PAYMENT,proofrail_synthetic,conditional_settlement_case,FALSE,proofrail,synthetic_research
2026-01-06T04:26,GOOD,txn_0000761,cust_payer_72469,USA,4681.33,cust_payee_08319,USA,INVOICE_PAYMENT,proofrail_synthetic,conditional_settlement_case,FALSE,proofrail,synthetic_research
2026-01-06T04:30,GOOD,txn_0000762,cust_payer_04729,USA,1666.82,cust_payee_02626,USA,MILESTONE_PAYMENT,proofrail_synthetic,conditional_settlement_case,FALSE,proofrail,synthetic_research
2026-01-06T04:33,GOOD,txn_0000763,cust_payer_49527,CANADA,3609.61,cust_payee_85889,CANADA,INVOICE_PAYMENT,proofrail_synthetic,conditional_settlement_case,FALSE,proofrail,synthetic_research
2026-01-06T04:35,REVIEW,txn_0000764,cust_payer_51266,USA,6602.41,cust_payee_25466,USA,MILESTONE_PAYMENT,proofrail_synthetic,conditional_settlement_case,TRUE,proofrail,synthetic_research
2026-01-06T04:40,GOOD,txn_0000765,cust_payer_73531,USA,1662,cust_payee_36512,USA,GOODS_SETTLEMENT,proofrail_synthetic,conditional_settlement_case,FALSE,proofrail,synthetic_research
2026-01-06T04:41,GOOD,txn_0000766,cust_payer_03263,USA,2759.01,cust_payee_52082,USA,INVOICE_PAYMENT,proofrail_synthetic,conditional_settlement_case,FALSE,proofrail,synthetic_research
2026-01-06T04:42,GOOD,txn_0000767,cust_payer_10996,USA,2890.13,cust_payee_18525,CANADA,GOODS_SETTLEMENT,proofrail_synthetic,conditional_settlement_case,FALSE,proofrail,synthetic_research
2026-01-06T04:43,GOOD,txn_0000768,cust_payer_74097,USA,38696.45,cust_payee_78477,USA,GOODS_SETTLEMENT,proofrail_synthetic,conditional_settlement_case,FALSE,proofrail,synthetic_research
2026-01-06T04:44,GOOD,txn_0000769,cust_payer_96952,USA,787.78,cust_payee_96085,USA,INVOICE_PAYMENT,proofrail_synthetic,conditional_settlement_case,FALSE,proofrail,synthetic_research
2026-01-06T04:46,GOOD,txn_0000770,cust_payer_68759,USA,551.95,cust_payee_63858,USA,MILESTONE_PAYMENT,proofrail_synthetic,conditional_settlement_case,FALSE,proofrail,synthetic_research
2026-01-06T04:47,BAD,txn_0000771,cust_payer_21751,USA,1321.61,cust_payee_18549,MEXICO,MILESTONE_PAYMENT,proofrail_synthetic,conditional_settlement_case,TRUE,proofrail,synthetic_research
2026-01-06T04:47,GOOD,txn_0000772,cust_payer_93728,USA,705.25,cust_payee_62112,USA,GOODS_SETTLEMENT,proofrail_synthetic,conditional_settlement_case,FALSE,proofrail,synthetic_research
2026-01-06T04:48,GOOD,txn_0000773,cust_payer_77917,CANADA,2780.77,cust_payee_20507,USA,INVOICE_PAYMENT,proofrail_synthetic,conditional_settlement_case,FALSE,proofrail,synthetic_research
2026-01-06T04:50,BAD,txn_0000774,cust_payer_52858,USA,1494.12,cust_payee_33391,USA,INVOICE_PAYMENT,proofrail_synthetic,conditional_settlement_case,TRUE,proofrail,synthetic_research
2026-01-06T04:51,GOOD,txn_0000775,cust_payer_77617,CANADA,572.12,cust_payee_79270,USA,INVOICE_PAYMENT,proofrail_synthetic,conditional_settlement_case,FALSE,proofrail,synthetic_research
2026-01-06T04:51,BAD,txn_0000776,cust_payer_06841,USA,1124.73,cust_payee_17954,USA,MILESTONE_PAYMENT,proofrail_synthetic,conditional_settlement_case,TRUE,proofrail,synthetic_research
2026-01-06T04:54,GOOD,txn_0000777,cust_payer_41547,USA,1657.39,cust_payee_69559,USA,GOODS_SETTLEMENT,proofrail_synthetic,conditional_settlement_case,FALSE,proofrail,synthetic_research
2026-01-06T04:56,GOOD,txn_0000778,cust_payer_73126,CANADA,1742.17,cust_payee_57071,CANADA,INVOICE_PAYMENT,proofrail_synthetic,conditional_settlement_case,FALSE,proofrail,synthetic_research
2026-01-06T04:56,GOOD,txn_0000779,cust_payer_47316,USA,984.57,cust_payee_68945,UNITED-KINGDOM,GOODS_SETTLEMENT,proofrail_synthetic,conditional_settlement_case,FALSE,proofrail,synthetic_research
2026-01-06T04:56,GOOD,txn_0000780,cust_payer_91161,GERMANY,5428.14,cust_payee_92310,CANADA,INVOICE_PAYMENT,proofrail_synthetic,conditional_settlement_case,FALSE,proofrail,synthetic_research
2026-01-06T04:58,REVIEW,txn_0000781,cust_payer_05007,USA,2414.59,cust_payee_48436,USA,SERVICE_RETAINER,proofrail_synthetic,conditional_settlement_case,FALSE,proofrail,synthetic_research
2026-01-06T04:59,REVIEW,txn_0000782,cust_payer_88080,SINGAPORE,560.57,cust_payee_41482,USA,INVOICE_PAYMENT,proofrail_synthetic,conditional_settlement_case,TRUE,proofrail,synthetic_research
2026-01-06T05:02,GOOD,txn_0000783,cust_payer_65736,USA,3502.69,cust_payee_19335,USA,GOODS_SETTLEMENT,proofrail_synthetic,conditional_settlement_case,FALSE,proofrail,synthetic_research
2026-01-06T05:03,REVIEW,txn_0000784,cust_payer_91265,USA,1295.36,cust_payee_11285,USA,INVOICE_PAYMENT,proofrail_synthetic,conditional_settlement_case,TRUE,proofrail,synthetic_research
2026-01-06T05:04,BAD,txn_0000785,cust_payer_60339,USA,27078.86,cust_payee_10653,USA,GOODS_SETTLEMENT,proofrail_synthetic,conditional_settlement_case,TRUE,proofrail,synthetic_research
2026-01-06T05:04,REVIEW,txn_0000786,cust_payer_18406,USA,1405.11,cust_payee_74061,CANADA,MILESTONE_PAYMENT,proofrail_synthetic,conditional_settlement_case,TRUE,proofrail,synthetic_research
2026-01-06T05:07,GOOD,txn_0000787,cust_payer_68557,USA,2389.27,cust_payee_58940,MEXICO,MILESTONE_PAYMENT,proofrail_synthetic,conditional_settlement_case,FALSE,proofrail,synthetic_research
2026-01-06T05:07,BAD,txn_0000788,cust_payer_91706,USA,1757.11,cust_payee_66030,USA,GOODS_SETTLEMENT,proofrail_synthetic,conditional_settlement_case,TRUE,proofrail,synthetic_research
2026-01-06T05:07,BAD,txn_0000789,cust_payer_76916,USA,2727.56,cust_payee_42336,USA,INVOICE_PAYMENT,proofrail_synthetic,conditional_settlement_case,TRUE,proofrail,synthetic_research
2026-01-06T05:07,GOOD,txn_0000790,cust_payer_46925,USA,2000.44,cust_payee_40145,USA,MILESTONE_PAYMENT,proofrail_synthetic,conditional_settlement_case,FALSE,proofrail,synthetic_research
2026-01-06T05:08,REVIEW,txn_0000791,cust_payer_44287,GERMANY,2340.49,cust_payee_63250,CANADA,MILESTONE_PAYMENT,proofrail_synthetic,conditional_settlement_case,TRUE,proofrail,synthetic_research
2026-01-06T05:08,GOOD,txn_0000792,cust_payer_39398,USA,2061.62,cust_payee_78231,GERMANY,GOODS_SETTLEMENT,proofrail_synthetic,conditional_settlement_case,FALSE,proofrail,synthetic_research
2026-01-06T05:11,BAD,txn_0000793,cust_payer_60125,USA,9036.12,cust_payee_51904,CANADA,INVOICE_PAYMENT,proofrail_synthetic,conditional_settlement_case,TRUE,proofrail,synthetic_research
2026-01-06T05:14,REVIEW,txn_0000794,cust_payer_49055,USA,897.9,cust_payee_00649,USA,INVOICE_PAYMENT,proofrail_synthetic,conditional_settlement_case,FALSE,proofrail,synthetic_research
2026-01-06T05:14,REVIEW,txn_0000795,cust_payer_41728,USA,12919.16,cust_payee_17502,USA,GOODS_SETTLEMENT,proofrail_synthetic,conditional_settlement_case,TRUE,proofrail,synthetic_research
2026-01-06T05:15,GOOD,txn_0000796,cust_payer_00209,USA,1130,cust_payee_80029,USA,GOODS_SETTLEMENT,proofrail_synthetic,conditional_settlement_case,FALSE,proofrail,synthetic_research
2026-01-06T05:15,GOOD,txn_0000797,cust_payer_50701,MEXICO,1914.64,cust_payee_88510,USA,INVOICE_PAYMENT,proofrail_synthetic,conditional_settlement_case,FALSE,proofrail,synthetic_research
2026-01-06T05:17,GOOD,txn_0000798,cust_payer_01519,USA,1120,cust_payee_63720,USA,MILESTONE_PAYMENT,proofrail_synthetic,conditional_settlement_case,FALSE,proofrail,synthetic_research
2026-01-06T05:18,REVIEW,txn_0000799,cust_payer_43918,USA,11743.77,cust_payee_70127,USA,INVOICE_PAYMENT,proofrail_synthetic,conditional_settlement_case,TRUE,proofrail,synthetic_research
2026-01-06T05:19,GOOD,txn_0000800,cust_payer_60918,USA,974.59,cust_payee_36925,USA,INVOICE_PAYMENT,proofrail_synthetic,conditional_settlement_case,FALSE,proofrail,synthetic_research
2026-01-06T05:19,GOOD,txn_0000801,cust_payer_42551,USA,1342.86,cust_payee_39018,USA,GOODS_SETTLEMENT,proofrail_synthetic,conditional_settlement_case,FALSE,proofrail,synthetic_research
2026-01-06T05:22,GOOD,txn_0000802,cust_payer_45271,CANADA,8021.75,cust_payee_60036,CANADA,INVOICE_PAYMENT,proofrail_synthetic,conditional_settlement_case,FALSE,proofrail,synthetic_research
2026-01-06T05:23,GOOD,txn_0000803,cust_payer_95080,USA,1886.95,cust_payee_10324,USA,GOODS_SETTLEMENT,proofrail_synthetic,conditional_settlement_case,FALSE,proofrail,synthetic_research
2026-01-06T05:24,REVIEW,txn_0000804,cust_payer_06401,MEXICO,4013.16,cust_payee_49052,USA,MILESTONE_PAYMENT,proofrail_synthetic,conditional_settlement_case,TRUE,proofrail,synthetic_research
2026-01-06T05:24,GOOD,txn_0000805,cust_payer_53371,USA,1979.29,cust_payee_27150,USA,GOODS_SETTLEMENT,proofrail_synthetic,conditional_settlement_case,FALSE,proofrail,synthetic_research
2026-01-06T05:25,GOOD,txn_0000806,cust_payer_95442,USA,650.35,cust_payee_93328,USA,INVOICE_PAYMENT,proofrail_synthetic,conditional_settlement_case,FALSE,proofrail,synthetic_research
2026-01-06T05:26,GOOD,txn_0000807,cust_payer_97331,USA,366.94,cust_payee_65402,USA,GOODS_SETTLEMENT,proofrail_synthetic,conditional_settlement_case,FALSE,proofrail,synthetic_research
2026-01-06T05:28,GOOD,txn_0000808,cust_payer_69415,USA,2983.37,cust_payee_48391,USA,SERVICE_RETAINER,proofrail_synthetic,conditional_settlement_case,FALSE,proofrail,synthetic_research
2026-01-06T05:30,GOOD,txn_0000809,cust_payer_64325,USA,1267.52,cust_payee_30766,MEXICO,GOODS_SETTLEMENT,proofrail_synthetic,conditional_settlement_case,FALSE,proofrail,synthetic_research
2026-01-06T05:31,GOOD,txn_0000810,cust_payer_46141,USA,131.87,cust_payee_98472,USA,INVOICE_PAYMENT,proofrail_synthetic,conditional_settlement_case,FALSE,proofrail,synthetic_research
2026-01-06T05:32,REVIEW,txn_0000811,cust_payer_52949,UNITED-KINGDOM,4190.24,cust_payee_64859,USA,MILESTONE_PAYMENT,proofrail_synthetic,conditional_settlement_case,FALSE,proofrail,synthetic_research
2026-01-06T05:35,REVIEW,txn_0000812,cust_payer_50247,USA,10585.36,cust_payee_76043,USA,INVOICE_PAYMENT,proofrail_synthetic,conditional_settlement_case,TRUE,proofrail,synthetic_research
2026-01-06T05:36,BAD,txn_0000813,cust_payer_32761,USA,5041.84,cust_payee_21819,USA,GOODS_SETTLEMENT,proofrail_synthetic,conditional_settlement_case,TRUE,proofrail,synthetic_research
2026-01-06T05:36,GOOD,txn_0000814,cust_payer_93428,CANADA,908.01,cust_payee_26187,USA,GOODS_SETTLEMENT,proofrail_synthetic,conditional_settlement_case,FALSE,proofrail,synthetic_research
2026-01-06T05:39,BAD,txn_0000815,cust_payer_20876,USA,2501.14,cust_payee_32095,USA,GOODS_SETTLEMENT,proofrail_synthetic,conditional_settlement_case,TRUE,proofrail,synthetic_research
2026-01-06T05:42,REVIEW,txn_0000816,cust_payer_70431,SINGAPORE,622.14,cust_payee_15858,USA,SERVICE_RETAINER,proofrail_synthetic,conditional_settlement_case,TRUE,proofrail,synthetic_research
2026-01-06T05:43,REVIEW,txn_0000817,cust_payer_93930,USA,23817.22,cust_payee_67052,USA,INVOICE_PAYMENT,proofrail_synthetic,conditional_settlement_case,TRUE,proofrail,synthetic_research
2026-01-06T05:44,REVIEW,txn_0000818,cust_payer_31860,USA,4843,cust_payee_63255,USA,GOODS_SETTLEMENT,proofrail_synthetic,conditional_settlement_case,TRUE,proofrail,synthetic_research
2026-01-06T05:45,GOOD,txn_0000819,cust_payer_74480,USA,1246.91,cust_payee_36084,USA,INVOICE_PAYMENT,proofrail_synthetic,conditional_settlement_case,FALSE,proofrail,synthetic_research
2026-01-06T05:47,GOOD,txn_0000820,cust_payer_20243,USA,4046.4,cust_payee_97483,CANADA,INVOICE_PAYMENT,proofrail_synthetic,conditional_settlement_case,FALSE,proofrail,synthetic_research
2026-01-06T05:48,REVIEW,txn_0000821,cust_payer_81063,USA,1483.87,cust_payee_22336,USA,MILESTONE_PAYMENT,proofrail_synthetic,conditional_settlement_case,FALSE,proofrail,synthetic_research
2026-01-06T05:51,GOOD,txn_0000822,cust_payer_01866,USA,9652.26,cust_payee_87654,USA,SERVICE_RETAINER,proofrail_synthetic,conditional_settlement_case,FALSE,proofrail,synthetic_research
2026-01-06T05:54,GOOD,txn_0000823,cust_payer_68698,USA,1515.05,cust_payee_29934,USA,MILESTONE_PAYMENT,proofrail_synthetic,conditional_settlement_case,FALSE,proofrail,synthetic_research
2026-01-06T05:59,BAD,txn_0000824,cust_payer_07337,USA,10290.31,cust_payee_58542,USA,INVOICE_PAYMENT,proofrail_synthetic,conditional_settlement_case,TRUE,proofrail,synthetic_research
2026-01-06T06:00,GOOD,txn_0000825,cust_payer_11975,USA,2293.11,cust_payee_97401,UNITED-KINGDOM,INVOICE_PAYMENT,proofrail_synthetic,conditional_settlement_case,FALSE,proofrail,synthetic_research
2026-01-06T06:04,REVIEW,txn_0000826,cust_payer_06696,USA,3328.63,cust_payee_41794,USA,INVOICE_PAYMENT,proofrail_synthetic,conditional_settlement_case,FALSE,proofrail,synthetic_research
2026-01-06T06:06,GOOD,txn_0000827,cust_payer_25533,USA,619.48,cust_payee_77194,USA,GOODS_SETTLEMENT,proofrail_synthetic,conditional_settlement_case,FALSE,proofrail,synthetic_research
2026-01-06T06:06,GOOD,txn_0000828,cust_payer_69756,USA,2571.84,cust_payee_32640,USA,GOODS_SETTLEMENT,proofrail_synthetic,conditional_settlement_case,FALSE,proofrail,synthetic_research
2026-01-06T06:07,GOOD,txn_0000829,cust_payer_08594,UNITED-KINGDOM,11356.88,cust_payee_99673,USA,INVOICE_PAYMENT,proofrail_synthetic,conditional_settlement_case,FALSE,proofrail,synthetic_research
2026-01-06T06:07,REVIEW,txn_0000830,cust_payer_69521,USA,4696.12,cust_payee_61850,USA,INVOICE_PAYMENT,proofrail_synthetic,conditional_settlement_case,TRUE,proofrail,synthetic_research
2026-01-06T06:08,REVIEW,txn_0000831,cust_payer_67695,USA,13760.05,cust_payee_62099,USA,MILESTONE_PAYMENT,proofrail_synthetic,conditional_settlement_case,TRUE,proofrail,synthetic_research
2026-01-06T06:10,GOOD,txn_0000832,cust_payer_41334,USA,914.66,cust_payee_58945,USA,MILESTONE_PAYMENT,proofrail_synthetic,conditional_settlement_case,FALSE,proofrail,synthetic_research
2026-01-06T06:10,GOOD,txn_0000833,cust_payer_92320,USA,715.48,cust_payee_26505,USA,INVOICE_PAYMENT,proofrail_synthetic,conditional_settlement_case,FALSE,proofrail,synthetic_research
2026-01-06T06:11,GOOD,txn_0000834,cust_payer_35909,USA,1213.87,cust_payee_14004,MEXICO,INVOICE_PAYMENT,proofrail_synthetic,conditional_settlement_case,FALSE,proofrail,synthetic_research
2026-01-06T06:12,REVIEW,txn_0000835,cust_payer_07775,USA,4202.72,cust_payee_13296,USA,SERVICE_RETAINER,proofrail_synthetic,conditional_settlement_case,TRUE,proofrail,synthetic_research
2026-01-06T06:13,REVIEW,txn_0000836,cust_payer_32143,USA,3721.78,cust_payee_42971,USA,MILESTONE_PAYMENT,proofrail_synthetic,conditional_settlement_case,FALSE,proofrail,synthetic_research
2026-01-06T06:17,GOOD,txn_0000837,cust_payer_47348,USA,16211.79,cust_payee_58438,USA,MILESTONE_PAYMENT,proofrail_synthetic,conditional_settlement_case,FALSE,proofrail,synthetic_research
2026-01-06T06:18,GOOD,txn_0000838,cust_payer_53842,USA,45644.42,cust_payee_56012,USA,SERVICE_RETAINER,proofrail_synthetic,conditional_settlement_case,FALSE,proofrail,synthetic_research
2026-01-06T06:20,GOOD,txn_0000839,cust_payer_64489,USA,421.18,cust_payee_37048,USA,INVOICE_PAYMENT,proofrail_synthetic,conditional_settlement_case,FALSE,proofrail,synthetic_research
2026-01-06T06:22,REVIEW,txn_0000840,cust_payer_89648,CANADA,19312.99,cust_payee_56486,SINGAPORE,GOODS_SETTLEMENT,proofrail_synthetic,conditional_settlement_case,TRUE,proofrail,synthetic_research
2026-01-06T06:25,GOOD,txn_0000841,cust_payer_52621,USA,1682.23,cust_payee_75333,USA,INVOICE_PAYMENT,proofrail_synthetic,conditional_settlement_case,FALSE,proofrail,synthetic_research
2026-01-06T06:27,GOOD,txn_0000842,cust_payer_75293,USA,7366.01,cust_payee_46485,USA,MILESTONE_PAYMENT,proofrail_synthetic,conditional_settlement_case,FALSE,proofrail,synthetic_research
2026-01-06T06:28,GOOD,txn_0000843,cust_payer_41332,USA,849.42,cust_payee_30161,SINGAPORE,INVOICE_PAYMENT,proofrail_synthetic,conditional_settlement_case,FALSE,proofrail,synthetic_research
2026-01-06T06:29,GOOD,txn_0000844,cust_payer_52322,USA,5817.26,cust_payee_26036,USA,MILESTONE_PAYMENT,proofrail_synthetic,conditional_settlement_case,FALSE,proofrail,synthetic_research
2026-01-06T06:31,GOOD,txn_0000845,cust_payer_46975,USA,4335.27,cust_payee_98263,USA,MILESTONE_PAYMENT,proofrail_synthetic,conditional_settlement_case,FALSE,proofrail,synthetic_research
2026-01-06T06:32,BAD,txn_0000846,cust_payer_13116,USA,573.23,cust_payee_46489,MEXICO,GOODS_SETTLEMENT,proofrail_synthetic,conditional_settlement_case,TRUE,proofrail,synthetic_research
2026-01-06T06:34,GOOD,txn_0000847,cust_payer_08020,USA,2604.3,cust_payee_78146,USA,MILESTONE_PAYMENT,proofrail_synthetic,conditional_settlement_case,FALSE,proofrail,synthetic_research
2026-01-06T06:36,BAD,txn_0000848,cust_payer_03930,USA,5113.29,cust_payee_65216,CANADA,INVOICE_PAYMENT,proofrail_synthetic,conditional_settlement_case,TRUE,proofrail,synthetic_research
2026-01-06T06:40,GOOD,txn_0000849,cust_payer_06095,USA,2026.43,cust_payee_70711,USA,INVOICE_PAYMENT,proofrail_synthetic,conditional_settlement_case,FALSE,proofrail,synthetic_research
2026-01-06T06:43,BAD,txn_0000850,cust_payer_70350,USA,619.58,cust_payee_57727,USA,INVOICE_PAYMENT,proofrail_synthetic,conditional_settlement_case,TRUE,proofrail,synthetic_research
2026-01-06T06:44,GOOD,txn_0000851,cust_payer_98137,USA,1296.69,cust_payee_74874,MEXICO,INVOICE_PAYMENT,proofrail_synthetic,conditional_settlement_case,FALSE,proofrail,synthetic_research
2026-01-06T06:44,GOOD,txn_0000852,cust_payer_60575,SINGAPORE,1326.67,cust_payee_87603,USA,INVOICE_PAYMENT,proofrail_synthetic,conditional_settlement_case,FALSE,proofrail,synthetic_research
2026-01-06T06:46,GOOD,txn_0000853,cust_payer_25939,CANADA,49668.63,cust_payee_23878,USA,INVOICE_PAYMENT,proofrail_synthetic,conditional_settlement_case,FALSE,proofrail,synthetic_research
2026-01-06T06:47,REVIEW,txn_0000854,cust_payer_34447,USA,11145.65,cust_payee_71550,USA,GOODS_SETTLEMENT,proofrail_synthetic,conditional_settlement_case,TRUE,proofrail,synthetic_research
2026-01-06T06:49,GOOD,txn_0000855,cust_payer_34455,USA,2282,cust_payee_08273,USA,INVOICE_PAYMENT,proofrail_synthetic,conditional_settlement_case,FALSE,proofrail,synthetic_research
2026-01-06T06:49,GOOD,txn_0000856,cust_payer_57169,CANADA,3957.79,cust_payee_72522,USA,MILESTONE_PAYMENT,proofrail_synthetic,conditional_settlement_case,FALSE,proofrail,synthetic_research
2026-01-06T06:50,GOOD,txn_0000857,cust_payer_97596,USA,5702.24,cust_payee_46392,USA,SERVICE_RETAINER,proofrail_synthetic,conditional_settlement_case,FALSE,proofrail,synthetic_research
2026-01-06T06:52,GOOD,txn_0000858,cust_payer_98449,USA,333.34,cust_payee_93859,CANADA,GOODS_SETTLEMENT,proofrail_synthetic,conditional_settlement_case,FALSE,proofrail,synthetic_research
2026-01-06T06:54,GOOD,txn_0000859,cust_payer_39321,USA,10104.39,cust_payee_00047,USA,SERVICE_RETAINER,proofrail_synthetic,conditional_settlement_case,FALSE,proofrail,synthetic_research
2026-01-06T06:57,REVIEW,txn_0000860,cust_payer_31781,USA,676.11,cust_payee_51281,USA,INVOICE_PAYMENT,proofrail_synthetic,conditional_settlement_case,TRUE,proofrail,synthetic_research
2026-01-06T06:59,GOOD,txn_0000861,cust_payer_01412,USA,767.94,cust_payee_83461,USA,SERVICE_RETAINER,proofrail_synthetic,conditional_settlement_case,FALSE,proofrail,synthetic_research
2026-01-06T07:02,GOOD,txn_0000862,cust_payer_98862,SINGAPORE,5791.58,cust_payee_94373,USA,INVOICE_PAYMENT,proofrail_synthetic,conditional_settlement_case,FALSE,proofrail,synthetic_research
2026-01-06T07:04,REVIEW,txn_0000863,cust_payer_29444,USA,24960.07,cust_payee_68530,USA,GOODS_SETTLEMENT,proofrail_synthetic,conditional_settlement_case,FALSE,proofrail,synthetic_research
2026-01-06T07:04,REVIEW,txn_0000864,cust_payer_36727,USA,11334.6,cust_payee_94903,USA,GOODS_SETTLEMENT,proofrail_synthetic,conditional_settlement_case,TRUE,proofrail,synthetic_research
2026-01-06T07:04,GOOD,txn_0000865,cust_payer_56855,CANADA,5462.77,cust_payee_87246,USA,INVOICE_PAYMENT,proofrail_synthetic,conditional_settlement_case,FALSE,proofrail,synthetic_research
2026-01-06T07:06,REVIEW,txn_0000866,cust_payer_84238,USA,3477.74,cust_payee_12921,USA,GOODS_SETTLEMENT,proofrail_synthetic,conditional_settlement_case,TRUE,proofrail,synthetic_research
2026-01-06T07:09,GOOD,txn_0000867,cust_payer_75150,USA,5066.46,cust_payee_68520,USA,GOODS_SETTLEMENT,proofrail_synthetic,conditional_settlement_case,FALSE,proofrail,synthetic_research
2026-01-06T07:12,GOOD,txn_0000868,cust_payer_03720,USA,3608.67,cust_payee_95560,USA,INVOICE_PAYMENT,proofrail_synthetic,conditional_settlement_case,FALSE,proofrail,synthetic_research
2026-01-06T07:13,REVIEW,txn_0000869,cust_payer_21050,USA,831.7,cust_payee_27444,USA,INVOICE_PAYMENT,proofrail_synthetic,conditional_settlement_case,TRUE,proofrail,synthetic_research
2026-01-06T07:15,REVIEW,txn_0000870,cust_payer_29829,USA,755.31,cust_payee_41489,USA,INVOICE_PAYMENT,proofrail_synthetic,conditional_settlement_case,FALSE,proofrail,synthetic_research
2026-01-06T07:16,GOOD,txn_0000871,cust_payer_57380,USA,548.07,cust_payee_47378,USA,INVOICE_PAYMENT,proofrail_synthetic,conditional_settlement_case,FALSE,proofrail,synthetic_research
2026-01-06T07:17,GOOD,txn_0000872,cust_payer_09953,UNITED-KINGDOM,7139.7,cust_payee_26034,USA,MILESTONE_PAYMENT,proofrail_synthetic,conditional_settlement_case,FALSE,proofrail,synthetic_research
2026-01-06T07:18,GOOD,txn_0000873,cust_payer_10776,USA,810.45,cust_payee_42446,USA,INVOICE_PAYMENT,proofrail_synthetic,conditional_settlement_case,FALSE,proofrail,synthetic_research
2026-01-06T07:19,REVIEW,txn_0000874,cust_payer_38902,USA,575.17,cust_payee_31940,USA,GOODS_SETTLEMENT,proofrail_synthetic,conditional_settlement_case,TRUE,proofrail,synthetic_research
2026-01-06T07:22,REVIEW,txn_0000875,cust_payer_50739,USA,2650.27,cust_payee_97884,USA,INVOICE_PAYMENT,proofrail_synthetic,conditional_settlement_case,FALSE,proofrail,synthetic_research
2026-01-06T07:22,GOOD,txn_0000876,cust_payer_92070,USA,2715.1,cust_payee_32362,UNITED-KINGDOM,SERVICE_RETAINER,proofrail_synthetic,conditional_settlement_case,FALSE,proofrail,synthetic_research
2026-01-06T07:24,GOOD,txn_0000877,cust_payer_84537,USA,5549.48,cust_payee_72624,CANADA,GOODS_SETTLEMENT,proofrail_synthetic,conditional_settlement_case,FALSE,proofrail,synthetic_research
2026-01-06T07:25,GOOD,txn_0000878,cust_payer_92578,MEXICO,1893.12,cust_payee_19383,USA,GOODS_SETTLEMENT,proofrail_synthetic,conditional_settlement_case,FALSE,proofrail,synthetic_research
2026-01-06T07:32,GOOD,txn_0000879,cust_payer_28208,USA,1436.69,cust_payee_86744,USA,INVOICE_PAYMENT,proofrail_synthetic,conditional_settlement_case,FALSE,proofrail,synthetic_research
2026-01-06T07:35,GOOD,txn_0000880,cust_payer_79901,USA,3160.91,cust_payee_06944,GERMANY,SERVICE_RETAINER,proofrail_synthetic,conditional_settlement_case,FALSE,proofrail,synthetic_research
2026-01-06T07:42,REVIEW,txn_0000881,cust_payer_23756,USA,760.84,cust_payee_03865,USA,MILESTONE_PAYMENT,proofrail_synthetic,conditional_settlement_case,TRUE,proofrail,synthetic_research
2026-01-06T07:44,GOOD,txn_0000882,cust_payer_23985,USA,1407.44,cust_payee_12565,USA,SERVICE_RETAINER,proofrail_synthetic,conditional_settlement_case,FALSE,proofrail,synthetic_research
2026-01-06T07:46,GOOD,txn_0000883,cust_payer_68665,SINGAPORE,3383.1,cust_payee_33787,USA,INVOICE_PAYMENT,proofrail_synthetic,conditional_settlement_case,FALSE,proofrail,synthetic_research
2026-01-06T07:49,GOOD,txn_0000884,cust_payer_74460,USA,547.16,cust_payee_73842,USA,SERVICE_RETAINER,proofrail_synthetic,conditional_settlement_case,FALSE,proofrail,synthetic_research
2026-01-06T07:50,GOOD,txn_0000885,cust_payer_57764,USA,3763,cust_payee_92586,USA,SERVICE_RETAINER,proofrail_synthetic,conditional_settlement_case,FALSE,proofrail,synthetic_research
2026-01-06T07:54,BAD,txn_0000886,cust_payer_14127,USA,4693.57,cust_payee_45752,USA,SERVICE_RETAINER,proofrail_synthetic,conditional_settlement_case,TRUE,proofrail,synthetic_research
2026-01-06T07:56,GOOD,txn_0000887,cust_payer_15255,USA,1946.04,cust_payee_87649,USA,GOODS_SETTLEMENT,proofrail_synthetic,conditional_settlement_case,FALSE,proofrail,synthetic_research
2026-01-06T07:59,GOOD,txn_0000888,cust_payer_11922,USA,28529.8,cust_payee_86968,USA,INVOICE_PAYMENT,proofrail_synthetic,conditional_settlement_case,FALSE,proofrail,synthetic_research
2026-01-06T08:00,GOOD,txn_0000889,cust_payer_10799,USA,878.69,cust_payee_64287,USA,GOODS_SETTLEMENT,proofrail_synthetic,conditional_settlement_case,FALSE,proofrail,synthetic_research
2026-01-06T08:00,REVIEW,txn_0000890,cust_payer_11690,USA,5533.12,cust_payee_40255,USA,MILESTONE_PAYMENT,proofrail_synthetic,conditional_settlement_case,TRUE,proofrail,synthetic_research
2026-01-06T08:01,BAD,txn_0000891,cust_payer_89675,USA,1788.23,cust_payee_56860,USA,INVOICE_PAYMENT,proofrail_synthetic,conditional_settlement_case,TRUE,proofrail,synthetic_research
2026-01-06T08:02,BAD,txn_0000892,cust_payer_80350,UNITED-KINGDOM,908.84,cust_payee_02044,USA,INVOICE_PAYMENT,proofrail_synthetic,conditional_settlement_case,TRUE,proofrail,synthetic_research
2026-01-06T08:04,BAD,txn_0000893,cust_payer_48731,USA,1695.85,cust_payee_52686,USA,GOODS_SETTLEMENT,proofrail_synthetic,conditional_settlement_case,TRUE,proofrail,synthetic_research
2026-01-06T08:06,REVIEW,txn_0000894,cust_payer_35733,USA,3372.93,cust_payee_53636,USA,GOODS_SETTLEMENT,proofrail_synthetic,conditional_settlement_case,TRUE,proofrail,synthetic_research
2026-01-06T08:06,GOOD,txn_0000895,cust_payer_90375,USA,3710.93,cust_payee_29226,USA,GOODS_SETTLEMENT,proofrail_synthetic,conditional_settlement_case,FALSE,proofrail,synthetic_research
2026-01-06T08:07,REVIEW,txn_0000896,cust_payer_74726,CANADA,4182.3,cust_payee_34276,CANADA,INVOICE_PAYMENT,proofrail_synthetic,conditional_settlement_case,TRUE,proofrail,synthetic_research
2026-01-06T08:07,GOOD,txn_0000897,cust_payer_99948,USA,961.34,cust_payee_90914,USA,GOODS_SETTLEMENT,proofrail_synthetic,conditional_settlement_case,FALSE,proofrail,synthetic_research
2026-01-06T08:09,BAD,txn_0000898,cust_payer_05736,CANADA,4650.85,cust_payee_74554,USA,INVOICE_PAYMENT,proofrail_synthetic,conditional_settlement_case,TRUE,proofrail,synthetic_research
2026-01-06T08:10,GOOD,txn_0000899,cust_payer_94527,CANADA,2534.3,cust_payee_57524,USA,SERVICE_RETAINER,proofrail_synthetic,conditional_settlement_case,FALSE,proofrail,synthetic_research
2026-01-06T08:11,GOOD,txn_0000900,cust_payer_42161,USA,2588.17,cust_payee_48546,USA,GOODS_SETTLEMENT,proofrail_synthetic,conditional_settlement_case,FALSE,proofrail,synthetic_research
2026-01-06T08:13,GOOD,txn_0000901,cust_payer_62447,USA,362.79,cust_payee_74907,USA,INVOICE_PAYMENT,proofrail_synthetic,conditional_settlement_case,FALSE,proofrail,synthetic_research
2026-01-06T08:14,GOOD,txn_0000902,cust_payer_47204,USA,13543.14,cust_payee_29340,GERMANY,GOODS_SETTLEMENT,proofrail_synthetic,conditional_settlement_case,FALSE,proofrail,synthetic_research
2026-01-06T08:15,GOOD,txn_0000903,cust_payer_70976,USA,4902.05,cust_payee_29752,USA,INVOICE_PAYMENT,proofrail_synthetic,conditional_settlement_case,FALSE,proofrail,synthetic_research
2026-01-06T08:15,GOOD,txn_0000904,cust_payer_52283,USA,12274.43,cust_payee_17448,USA,GOODS_SETTLEMENT,proofrail_synthetic,conditional_settlement_case,FALSE,proofrail,synthetic_research
2026-01-06T08:16,GOOD,txn_0000905,cust_payer_40226,USA,13309.97,cust_payee_27986,USA,GOODS_SETTLEMENT,proofrail_synthetic,conditional_settlement_case,FALSE,proofrail,synthetic_research
2026-01-06T08:18,GOOD,txn_0000906,cust_payer_67830,USA,1061.67,cust_payee_56595,USA,MILESTONE_PAYMENT,proofrail_synthetic,conditional_settlement_case,FALSE,proofrail,synthetic_research
2026-01-06T08:18,GOOD,txn_0000907,cust_payer_41484,USA,844.1,cust_payee_61418,USA,MILESTONE_PAYMENT,proofrail_synthetic,conditional_settlement_case,FALSE,proofrail,synthetic_research
2026-01-06T08:18,GOOD,txn_0000908,cust_payer_19740,USA,1762.81,cust_payee_27920,USA,GOODS_SETTLEMENT,proofrail_synthetic,conditional_settlement_case,FALSE,proofrail,synthetic_research
2026-01-06T08:22,GOOD,txn_0000909,cust_payer_19926,USA,382.07,cust_payee_21399,USA,INVOICE_PAYMENT,proofrail_synthetic,conditional_settlement_case,FALSE,proofrail,synthetic_research
2026-01-06T08:22,GOOD,txn_0000910,cust_payer_05162,USA,3591.84,cust_payee_17774,USA,SERVICE_RETAINER,proofrail_synthetic,conditional_settlement_case,FALSE,proofrail,synthetic_research
2026-01-06T08:27,GOOD,txn_0000911,cust_payer_88050,USA,3195.77,cust_payee_74290,USA,INVOICE_PAYMENT,proofrail_synthetic,conditional_settlement_case,FALSE,proofrail,synthetic_research
2026-01-06T08:28,BAD,txn_0000912,cust_payer_64848,SINGAPORE,3575.91,cust_payee_02092,USA,GOODS_SETTLEMENT,proofrail_synthetic,conditional_settlement_case,TRUE,proofrail,synthetic_research
2026-01-06T08:28,BAD,txn_0000913,cust_payer_31301,USA,668.03,cust_payee_91818,USA,SERVICE_RETAINER,proofrail_synthetic,conditional_settlement_case,TRUE,proofrail,synthetic_research
2026-01-06T08:30,GOOD,txn_0000914,cust_payer_02519,USA,2794.32,cust_payee_39677,USA,GOODS_SETTLEMENT,proofrail_synthetic,conditional_settlement_case,FALSE,proofrail,synthetic_research
2026-01-06T08:32,REVIEW,txn_0000915,cust_payer_72402,UNITED-KINGDOM,1915.7,cust_payee_25285,UNITED-KINGDOM,INVOICE_PAYMENT,proofrail_synthetic,conditional_settlement_case,TRUE,proofrail,synthetic_research
2026-01-06T08:32,GOOD,txn_0000916,cust_payer_08515,USA,4775.23,cust_payee_20186,USA,INVOICE_PAYMENT,proofrail_synthetic,conditional_settlement_case,FALSE,proofrail,synthetic_research
2026-01-06T08:33,BAD,txn_0000917,cust_payer_43372,USA,358.17,cust_payee_87155,USA,INVOICE_PAYMENT,proofrail_synthetic,conditional_settlement_case,TRUE,proofrail,synthetic_research
2026-01-06T08:34,BAD,txn_0000918,cust_payer_25861,USA,777.57,cust_payee_92831,USA,INVOICE_PAYMENT,proofrail_synthetic,conditional_settlement_case,TRUE,proofrail,synthetic_research
2026-01-06T08:35,REVIEW,txn_0000919,cust_payer_24818,USA,1284.01,cust_payee_91747,CANADA,INVOICE_PAYMENT,proofrail_synthetic,conditional_settlement_case,FALSE,proofrail,synthetic_research
2026-01-06T08:35,REVIEW,txn_0000920,cust_payer_55906,USA,1301.59,cust_payee_32893,USA,INVOICE_PAYMENT,proofrail_synthetic,conditional_settlement_case,TRUE,proofrail,synthetic_research
2026-01-06T08:37,GOOD,txn_0000921,cust_payer_56374,USA,710.45,cust_payee_10480,GERMANY,MILESTONE_PAYMENT,proofrail_synthetic,conditional_settlement_case,FALSE,proofrail,synthetic_research
2026-01-06T08:38,BAD,txn_0000922,cust_payer_95309,USA,6448.18,cust_payee_41821,USA,MILESTONE_PAYMENT,proofrail_synthetic,conditional_settlement_case,TRUE,proofrail,synthetic_research
2026-01-06T08:39,GOOD,txn_0000923,cust_payer_60509,GERMANY,2969.05,cust_payee_42516,USA,SERVICE_RETAINER,proofrail_synthetic,conditional_settlement_case,FALSE,proofrail,synthetic_research
2026-01-06T08:41,REVIEW,txn_0000924,cust_payer_49999,USA,2139.89,cust_payee_82863,USA,INVOICE_PAYMENT,proofrail_synthetic,conditional_settlement_case,TRUE,proofrail,synthetic_research
2026-01-06T08:42,GOOD,txn_0000925,cust_payer_02842,MEXICO,443.49,cust_payee_65186,USA,SERVICE_RETAINER,proofrail_synthetic,conditional_settlement_case,FALSE,proofrail,synthetic_research
2026-01-06T08:42,GOOD,txn_0000926,cust_payer_67996,USA,1321.84,cust_payee_64780,USA,MILESTONE_PAYMENT,proofrail_synthetic,conditional_settlement_case,FALSE,proofrail,synthetic_research
2026-01-06T08:43,GOOD,txn_0000927,cust_payer_62066,USA,560.44,cust_payee_08274,MEXICO,MILESTONE_PAYMENT,proofrail_synthetic,conditional_settlement_case,FALSE,proofrail,synthetic_research
2026-01-06T08:44,GOOD,txn_0000928,cust_payer_75658,GERMANY,10632.92,cust_payee_43393,USA,SERVICE_RETAINER,proofrail_synthetic,conditional_settlement_case,FALSE,proofrail,synthetic_research
2026-01-06T08:45,REVIEW,txn_0000929,cust_payer_02543,USA,5494.22,cust_payee_41086,USA,MILESTONE_PAYMENT,proofrail_synthetic,conditional_settlement_case,FALSE,proofrail,synthetic_research
2026-01-06T08:46,BAD,txn_0000930,cust_payer_25321,USA,8121.39,cust_payee_36204,USA,GOODS_SETTLEMENT,proofrail_synthetic,conditional_settlement_case,TRUE,proofrail,synthetic_research
2026-01-06T08:47,GOOD,txn_0000931,cust_payer_41179,USA,4289.19,cust_payee_79269,USA,INVOICE_PAYMENT,proofrail_synthetic,conditional_settlement_case,FALSE,proofrail,synthetic_research
2026-01-06T08:47,GOOD,txn_0000932,cust_payer_49285,USA,11474.27,cust_payee_55443,USA,INVOICE_PAYMENT,proofrail_synthetic,conditional_settlement_case,FALSE,proofrail,synthetic_research
2026-01-06T08:48,GOOD,txn_0000933,cust_payer_50073,USA,827.44,cust_payee_72780,MEXICO,GOODS_SETTLEMENT,proofrail_synthetic,conditional_settlement_case,FALSE,proofrail,synthetic_research
2026-01-06T08:48,GOOD,txn_0000934,cust_payer_42800,CANADA,3181.26,cust_payee_72428,USA,GOODS_SETTLEMENT,proofrail_synthetic,conditional_settlement_case,FALSE,proofrail,synthetic_research
2026-01-06T08:49,GOOD,txn_0000935,cust_payer_99155,USA,6094.64,cust_payee_74519,USA,INVOICE_PAYMENT,proofrail_synthetic,conditional_settlement_case,FALSE,proofrail,synthetic_research
2026-01-06T08:51,GOOD,txn_0000936,cust_payer_46804,USA,271.54,cust_payee_44324,USA,INVOICE_PAYMENT,proofrail_synthetic,conditional_settlement_case,FALSE,proofrail,synthetic_research
2026-01-06T08:52,GOOD,txn_0000937,cust_payer_15106,USA,2762.05,cust_payee_99978,USA,MILESTONE_PAYMENT,proofrail_synthetic,conditional_settlement_case,FALSE,proofrail,synthetic_research
2026-01-06T08:53,GOOD,txn_0000938,cust_payer_42330,USA,1378.42,cust_payee_50794,USA,MILESTONE_PAYMENT,proofrail_synthetic,conditional_settlement_case,FALSE,proofrail,synthetic_research
2026-01-06T08:53,GOOD,txn_0000939,cust_payer_10568,CANADA,669.98,cust_payee_76230,USA,MILESTONE_PAYMENT,proofrail_synthetic,conditional_settlement_case,FALSE,proofrail,synthetic_research
2026-01-06T08:54,GOOD,txn_0000940,cust_payer_26423,USA,1233.05,cust_payee_98851,USA,GOODS_SETTLEMENT,proofrail_synthetic,conditional_settlement_case,FALSE,proofrail,synthetic_research
2026-01-06T08:54,GOOD,txn_0000941,cust_payer_14771,MEXICO,4488.64,cust_payee_05461,USA,INVOICE_PAYMENT,proofrail_synthetic,conditional_settlement_case,FALSE,proofrail,synthetic_research
2026-01-06T08:55,GOOD,txn_0000942,cust_payer_07127,CANADA,664.3,cust_payee_84913,USA,INVOICE_PAYMENT,proofrail_synthetic,conditional_settlement_case,FALSE,proofrail,synthetic_research
2026-01-06T08:57,GOOD,txn_0000943,cust_payer_60016,USA,1336.47,cust_payee_51217,USA,INVOICE_PAYMENT,proofrail_synthetic,conditional_settlement_case,FALSE,proofrail,synthetic_research
2026-01-06T08:58,GOOD,txn_0000944,cust_payer_01470,USA,16712.37,cust_payee_35945,USA,MILESTONE_PAYMENT,proofrail_synthetic,conditional_settlement_case,FALSE,proofrail,synthetic_research
2026-01-06T08:59,GOOD,txn_0000945,cust_payer_85673,USA,773.2,cust_payee_02936,USA,INVOICE_PAYMENT,proofrail_synthetic,conditional_settlement_case,FALSE,proofrail,synthetic_research
2026-01-06T09:01,BAD,txn_0000946,cust_payer_62457,USA,347.88,cust_payee_22883,CANADA,SERVICE_RETAINER,proofrail_synthetic,conditional_settlement_case,TRUE,proofrail,synthetic_research
2026-01-06T09:01,GOOD,txn_0000947,cust_payer_52107,USA,2168.05,cust_payee_88870,USA,INVOICE_PAYMENT,proofrail_synthetic,conditional_settlement_case,FALSE,proofrail,synthetic_research
2026-01-06T09:04,GOOD,txn_0000948,cust_payer_03200,USA,10229.31,cust_payee_87982,USA,MILESTONE_PAYMENT,proofrail_synthetic,conditional_settlement_case,FALSE,proofrail,synthetic_research
2026-01-06T09:06,REVIEW,txn_0000949,cust_payer_93792,USA,195.27,cust_payee_97325,USA,MILESTONE_PAYMENT,proofrail_synthetic,conditional_settlement_case,TRUE,proofrail,synthetic_research
2026-01-06T09:07,GOOD,txn_0000950,cust_payer_76050,USA,2798.26,cust_payee_52663,USA,GOODS_SETTLEMENT,proofrail_synthetic,conditional_settlement_case,FALSE,proofrail,synthetic_research
2026-01-06T09:08,GOOD,txn_0000951,cust_payer_59084,CANADA,1456.77,cust_payee_98790,USA,GOODS_SETTLEMENT,proofrail_synthetic,conditional_settlement_case,FALSE,proofrail,synthetic_research
2026-01-06T09:09,REVIEW,txn_0000952,cust_payer_26977,CANADA,6669.21,cust_payee_90862,SINGAPORE,INVOICE_PAYMENT,proofrail_synthetic,conditional_settlement_case,FALSE,proofrail,synthetic_research
2026-01-06T09:10,GOOD,txn_0000953,cust_payer_43896,USA,13012.66,cust_payee_64118,USA,GOODS_SETTLEMENT,proofrail_synthetic,conditional_settlement_case,FALSE,proofrail,synthetic_research
2026-01-06T09:11,GOOD,txn_0000954,cust_payer_84398,USA,11317.62,cust_payee_59462,USA,INVOICE_PAYMENT,proofrail_synthetic,conditional_settlement_case,FALSE,proofrail,synthetic_research
2026-01-06T09:13,GOOD,txn_0000955,cust_payer_71037,USA,560.7,cust_payee_83657,USA,MILESTONE_PAYMENT,proofrail_synthetic,conditional_settlement_case,FALSE,proofrail,synthetic_research
2026-01-06T09:13,GOOD,txn_0000956,cust_payer_78324,USA,1987.64,cust_payee_39350,USA,MILESTONE_PAYMENT,proofrail_synthetic,conditional_settlement_case,FALSE,proofrail,synthetic_research
2026-01-06T09:13,GOOD,txn_0000957,cust_payer_91834,USA,15128.76,cust_payee_62076,USA,GOODS_SETTLEMENT,proofrail_synthetic,conditional_settlement_case,FALSE,proofrail,synthetic_research
2026-01-06T09:18,BAD,txn_0000958,cust_payer_99491,USA,2453.43,cust_payee_11381,USA,INVOICE_PAYMENT,proofrail_synthetic,conditional_settlement_case,TRUE,proofrail,synthetic_research
2026-01-06T09:20,REVIEW,txn_0000959,cust_payer_59140,USA,699.85,cust_payee_28385,USA,GOODS_SETTLEMENT,proofrail_synthetic,conditional_settlement_case,TRUE,proofrail,synthetic_research
2026-01-06T09:21,REVIEW,txn_0000960,cust_payer_70211,USA,1090.76,cust_payee_85683,USA,GOODS_SETTLEMENT,proofrail_synthetic,conditional_settlement_case,FALSE,proofrail,synthetic_research
2026-01-06T09:26,GOOD,txn_0000961,cust_payer_10070,USA,3487.41,cust_payee_26100,USA,MILESTONE_PAYMENT,proofrail_synthetic,conditional_settlement_case,FALSE,proofrail,synthetic_research
2026-01-06T09:28,GOOD,txn_0000962,cust_payer_15217,GERMANY,3412.88,cust_payee_13309,USA,INVOICE_PAYMENT,proofrail_synthetic,conditional_settlement_case,FALSE,proofrail,synthetic_research
2026-01-06T09:29,GOOD,txn_0000963,cust_payer_36557,USA,1450.4,cust_payee_57186,USA,MILESTONE_PAYMENT,proofrail_synthetic,conditional_settlement_case,FALSE,proofrail,synthetic_research
2026-01-06T09:30,BAD,txn_0000964,cust_payer_25758,USA,1064.87,cust_payee_58472,USA,INVOICE_PAYMENT,proofrail_synthetic,conditional_settlement_case,TRUE,proofrail,synthetic_research
2026-01-06T09:30,GOOD,txn_0000965,cust_payer_07864,USA,565.07,cust_payee_66873,USA,GOODS_SETTLEMENT,proofrail_synthetic,conditional_settlement_case,FALSE,proofrail,synthetic_research
2026-01-06T09:30,BAD,txn_0000966,cust_payer_22600,CANADA,816.88,cust_payee_50838,USA,INVOICE_PAYMENT,proofrail_synthetic,conditional_settlement_case,TRUE,proofrail,synthetic_research
2026-01-06T09:31,REVIEW,txn_0000967,cust_payer_32384,USA,39.21,cust_payee_82175,USA,INVOICE_PAYMENT,proofrail_synthetic,conditional_settlement_case,TRUE,proofrail,synthetic_research
2026-01-06T09:32,REVIEW,txn_0000968,cust_payer_16689,CANADA,1480.79,cust_payee_62832,USA,GOODS_SETTLEMENT,proofrail_synthetic,conditional_settlement_case,TRUE,proofrail,synthetic_research
2026-01-06T09:32,GOOD,txn_0000969,cust_payer_73622,USA,6201.56,cust_payee_11121,USA,GOODS_SETTLEMENT,proofrail_synthetic,conditional_settlement_case,FALSE,proofrail,synthetic_research
2026-01-06T09:36,BAD,txn_0000970,cust_payer_61593,CANADA,401.99,cust_payee_67036,USA,GOODS_SETTLEMENT,proofrail_synthetic,conditional_settlement_case,TRUE,proofrail,synthetic_research
2026-01-06T09:37,REVIEW,txn_0000971,cust_payer_44881,USA,890.24,cust_payee_69828,USA,GOODS_SETTLEMENT,proofrail_synthetic,conditional_settlement_case,TRUE,proofrail,synthetic_research
2026-01-06T09:38,GOOD,txn_0000972,cust_payer_43909,USA,3026.81,cust_payee_67853,USA,GOODS_SETTLEMENT,proofrail_synthetic,conditional_settlement_case,FALSE,proofrail,synthetic_research
2026-01-06T09:38,REVIEW,txn_0000973,cust_payer_71143,USA,3876.9,cust_payee_72471,USA,MILESTONE_PAYMENT,proofrail_synthetic,conditional_settlement_case,TRUE,proofrail,synthetic_research
2026-01-06T09:39,GOOD,txn_0000974,cust_payer_51332,USA,458.31,cust_payee_63484,USA,GOODS_SETTLEMENT,proofrail_synthetic,conditional_settlement_case,FALSE,proofrail,synthetic_research
2026-01-06T09:39,GOOD,txn_0000975,cust_payer_33399,USA,2926.71,cust_payee_64888,USA,INVOICE_PAYMENT,proofrail_synthetic,conditional_settlement_case,FALSE,proofrail,synthetic_research
2026-01-06T09:39,GOOD,txn_0000976,cust_payer_16111,USA,2324.62,cust_payee_47361,USA,INVOICE_PAYMENT,proofrail_synthetic,conditional_settlement_case,FALSE,proofrail,synthetic_research
2026-01-06T09:43,GOOD,txn_0000977,cust_payer_74262,USA,5537.05,cust_payee_07849,USA,INVOICE_PAYMENT,proofrail_synthetic,conditional_settlement_case,FALSE,proofrail,synthetic_research
2026-01-06T09:43,GOOD,txn_0000978,cust_payer_72576,USA,934.61,cust_payee_76562,CANADA,GOODS_SETTLEMENT,proofrail_synthetic,conditional_settlement_case,FALSE,proofrail,synthetic_research
2026-01-06T09:43,GOOD,txn_0000979,cust_payer_53268,CANADA,1073,cust_payee_28964,UNITED-KINGDOM,SERVICE_RETAINER,proofrail_synthetic,conditional_settlement_case,FALSE,proofrail,synthetic_research
2026-01-06T09:44,GOOD,txn_0000980,cust_payer_58214,CANADA,2190.17,cust_payee_58003,USA,GOODS_SETTLEMENT,proofrail_synthetic,conditional_settlement_case,FALSE,proofrail,synthetic_research
2026-01-06T09:45,GOOD,txn_0000981,cust_payer_65410,USA,959.64,cust_payee_66527,USA,INVOICE_PAYMENT,proofrail_synthetic,conditional_settlement_case,FALSE,proofrail,synthetic_research
2026-01-06T09:45,GOOD,txn_0000982,cust_payer_35933,USA,4962.53,cust_payee_32607,CANADA,MILESTONE_PAYMENT,proofrail_synthetic,conditional_settlement_case,FALSE,proofrail,synthetic_research
2026-01-06T09:47,GOOD,txn_0000983,cust_payer_55593,USA,1907.22,cust_payee_11726,UNITED-KINGDOM,GOODS_SETTLEMENT,proofrail_synthetic,conditional_settlement_case,FALSE,proofrail,synthetic_research
2026-01-06T09:50,GOOD,txn_0000984,cust_payer_49997,USA,2678.79,cust_payee_47786,USA,INVOICE_PAYMENT,proofrail_synthetic,conditional_settlement_case,FALSE,proofrail,synthetic_research
2026-01-06T09:53,GOOD,txn_0000985,cust_payer_36506,USA,1452.53,cust_payee_24383,USA,INVOICE_PAYMENT,proofrail_synthetic,conditional_settlement_case,FALSE,proofrail,synthetic_research
2026-01-06T09:56,REVIEW,txn_0000986,cust_payer_30966,USA,646.33,cust_payee_02253,USA,GOODS_SETTLEMENT,proofrail_synthetic,conditional_settlement_case,TRUE,proofrail,synthetic_research
2026-01-06T09:57,GOOD,txn_0000987,cust_payer_24486,USA,1860.17,cust_payee_32198,USA,INVOICE_PAYMENT,proofrail_synthetic,conditional_settlement_case,FALSE,proofrail,synthetic_research
2026-01-06T09:57,GOOD,txn_0000988,cust_payer_79819,USA,765.46,cust_payee_48129,USA,MILESTONE_PAYMENT,proofrail_synthetic,conditional_settlement_case,FALSE,proofrail,synthetic_research
2026-01-06T09:58,REVIEW,txn_0000989,cust_payer_69324,USA,673.04,cust_payee_64220,USA,GOODS_SETTLEMENT,proofrail_synthetic,conditional_settlement_case,TRUE,proofrail,synthetic_research
2026-01-06T10:00,GOOD,txn_0000990,cust_payer_68613,USA,5069.69,cust_payee_53436,USA,SERVICE_RETAINER,proofrail_synthetic,conditional_settlement_case,FALSE,proofrail,synthetic_research
2026-01-06T10:00,GOOD,txn_0000991,cust_payer_41229,USA,8598.3,cust_payee_63862,USA,MILESTONE_PAYMENT,proofrail_synthetic,conditional_settlement_case,FALSE,proofrail,synthetic_research
2026-01-06T10:01,REVIEW,txn_0000992,cust_payer_29763,USA,3740.79,cust_payee_57545,USA,MILESTONE_PAYMENT,proofrail_synthetic,conditional_settlement_case,TRUE,proofrail,synthetic_research
2026-01-06T10:01,GOOD,txn_0000993,cust_payer_06963,USA,389.89,cust_payee_45948,USA,SERVICE_RETAINER,proofrail_synthetic,conditional_settlement_case,FALSE,proofrail,synthetic_research
2026-01-06T10:02,GOOD,txn_0000994,cust_payer_66417,USA,2354.73,cust_payee_21751,USA,GOODS_SETTLEMENT,proofrail_synthetic,conditional_settlement_case,FALSE,proofrail,synthetic_research
2026-01-06T10:02,GOOD,txn_0000995,cust_payer_42801,USA,2159.68,cust_payee_37346,CANADA,GOODS_SETTLEMENT,proofrail_synthetic,conditional_settlement_case,FALSE,proofrail,synthetic_research
2026-01-06T10:02,GOOD,txn_0000996,cust_payer_20098,USA,3585.86,cust_payee_49536,USA,GOODS_SETTLEMENT,proofrail_synthetic,conditional_settlement_case,FALSE,proofrail,synthetic_research
2026-01-06T10:03,GOOD,txn_0000997,cust_payer_17425,USA,1452.98,cust_payee_25493,CANADA,INVOICE_PAYMENT,proofrail_synthetic,conditional_settlement_case,FALSE,proofrail,synthetic_research
2026-01-06T10:07,GOOD,txn_0000998,cust_payer_64682,CANADA,5002.13,cust_payee_14974,USA,SERVICE_RETAINER,proofrail_synthetic,conditional_settlement_case,FALSE,proofrail,synthetic_research
2026-01-06T10:08,GOOD,txn_0000999,cust_payer_42800,USA,6776.96,cust_payee_69037,USA,SERVICE_RETAINER,proofrail_synthetic,conditional_settlement_case,FALSE,proofrail,synthetic_research
2026-01-06T10:12,GOOD,txn_0001000,cust_payer_39397,USA,436.51,cust_payee_65389,USA,MILESTONE_PAYMENT,proofrail_synthetic,conditional_settlement_case,FALSE,proofrail,synthetic_research
2026-01-06T10:13,GOOD,txn_0001001,cust_payer_20088,USA,5746.58,cust_payee_12924,USA,MILESTONE_PAYMENT,proofrail_synthetic,conditional_settlement_case,FALSE,proofrail,synthetic_research
2026-01-06T10:14,GOOD,txn_0001002,cust_payer_62020,USA,611.89,cust_payee_04011,USA,INVOICE_PAYMENT,proofrail_synthetic,conditional_settlement_case,FALSE,proofrail,synthetic_research
2026-01-06T10:15,GOOD,txn_0001003,cust_payer_21614,USA,2104.02,cust_payee_44055,USA,INVOICE_PAYMENT,proofrail_synthetic,conditional_settlement_case,FALSE,proofrail,synthetic_research
2026-01-06T10:22,GOOD,txn_0001004,cust_payer_00274,SINGAPORE,2462.08,cust_payee_61763,USA,INVOICE_PAYMENT,proofrail_synthetic,conditional_settlement_case,FALSE,proofrail,synthetic_research
2026-01-06T10:29,GOOD,txn_0001005,cust_payer_80526,USA,1790.99,cust_payee_00028,USA,INVOICE_PAYMENT,proofrail_synthetic,conditional_settlement_case,FALSE,proofrail,synthetic_research
2026-01-06T10:29,GOOD,txn_0001006,cust_payer_60600,USA,3350.06,cust_payee_79452,USA,GOODS_SETTLEMENT,proofrail_synthetic,conditional_settlement_case,FALSE,proofrail,synthetic_research
2026-01-06T10:32,GOOD,txn_0001007,cust_payer_47023,USA,1737.79,cust_payee_66700,USA,INVOICE_PAYMENT,proofrail_synthetic,conditional_settlement_case,FALSE,proofrail,synthetic_research
2026-01-06T10:32,GOOD,txn_0001008,cust_payer_07701,SINGAPORE,906.97,cust_payee_77029,USA,MILESTONE_PAYMENT,proofrail_synthetic,conditional_settlement_case,FALSE,proofrail,synthetic_research
2026-01-06T10:32,GOOD,txn_0001009,cust_payer_84452,USA,967.66,cust_payee_87592,MEXICO,INVOICE_PAYMENT,proofrail_synthetic,conditional_settlement_case,FALSE,proofrail,synthetic_research
2026-01-06T10:33,GOOD,txn_0001010,cust_payer_52100,USA,1406.89,cust_payee_92949,USA,INVOICE_PAYMENT,proofrail_synthetic,conditional_settlement_case,FALSE,proofrail,synthetic_research
2026-01-06T10:35,REVIEW,txn_0001011,cust_payer_32847,USA,5856.76,cust_payee_54500,USA,SERVICE_RETAINER,proofrail_synthetic,conditional_settlement_case,TRUE,proofrail,synthetic_research
2026-01-06T10:37,GOOD,txn_0001012,cust_payer_82777,USA,1259.43,cust_payee_47282,USA,GOODS_SETTLEMENT,proofrail_synthetic,conditional_settlement_case,FALSE,proofrail,synthetic_research
2026-01-06T10:38,GOOD,txn_0001013,cust_payer_51209,USA,990.41,cust_payee_69303,USA,GOODS_SETTLEMENT,proofrail_synthetic,conditional_settlement_case,FALSE,proofrail,synthetic_research
2026-01-06T10:38,GOOD,txn_0001014,cust_payer_43596,USA,3031.63,cust_payee_02349,USA,GOODS_SETTLEMENT,proofrail_synthetic,conditional_settlement_case,FALSE,proofrail,synthetic_research
2026-01-06T10:39,GOOD,txn_0001015,cust_payer_39359,USA,1191.11,cust_payee_85467,USA,SERVICE_RETAINER,proofrail_synthetic,conditional_settlement_case,FALSE,proofrail,synthetic_research
2026-01-06T10:39,GOOD,txn_0001016,cust_payer_09976,MEXICO,5548.48,cust_payee_35866,USA,INVOICE_PAYMENT,proofrail_synthetic,conditional_settlement_case,FALSE,proofrail,synthetic_research
2026-01-06T10:46,REVIEW,txn_0001017,cust_payer_27973,USA,11284.67,cust_payee_70005,USA,MILESTONE_PAYMENT,proofrail_synthetic,conditional_settlement_case,TRUE,proofrail,synthetic_research
2026-01-06T10:47,GOOD,txn_0001018,cust_payer_32191,USA,414.84,cust_payee_62897,USA,INVOICE_PAYMENT,proofrail_synthetic,conditional_settlement_case,FALSE,proofrail,synthetic_research
2026-01-06T10:49,BAD,txn_0001019,cust_payer_37851,USA,1282,cust_payee_40566,USA,INVOICE_PAYMENT,proofrail_synthetic,conditional_settlement_case,TRUE,proofrail,synthetic_research
2026-01-06T10:49,BAD,txn_0001020,cust_payer_59152,USA,4876.54,cust_payee_44241,USA,SERVICE_RETAINER,proofrail_synthetic,conditional_settlement_case,TRUE,proofrail,synthetic_research
2026-01-06T10:52,GOOD,txn_0001021,cust_payer_71475,USA,5809.64,cust_payee_32805,GERMANY,INVOICE_PAYMENT,proofrail_synthetic,conditional_settlement_case,FALSE,proofrail,synthetic_research
2026-01-06T10:53,GOOD,txn_0001022,cust_payer_99263,USA,2859.19,cust_payee_82782,USA,INVOICE_PAYMENT,proofrail_synthetic,conditional_settlement_case,FALSE,proofrail,synthetic_research
2026-01-06T10:58,GOOD,txn_0001023,cust_payer_97603,USA,498.23,cust_payee_29721,USA,MILESTONE_PAYMENT,proofrail_synthetic,conditional_settlement_case,FALSE,proofrail,synthetic_research
2026-01-06T11:02,BAD,txn_0001024,cust_payer_85029,GERMANY,2864.78,cust_payee_44398,CANADA,INVOICE_PAYMENT,proofrail_synthetic,conditional_settlement_case,TRUE,proofrail,synthetic_research
2026-01-06T11:03,GOOD,txn_0001025,cust_payer_72300,USA,1082.08,cust_payee_95146,USA,GOODS_SETTLEMENT,proofrail_synthetic,conditional_settlement_case,FALSE,proofrail,synthetic_research
2026-01-06T11:09,GOOD,txn_0001026,cust_payer_47683,USA,159.1,cust_payee_09846,USA,GOODS_SETTLEMENT,proofrail_synthetic,conditional_settlement_case,FALSE,proofrail,synthetic_research
2026-01-06T11:10,GOOD,txn_0001027,cust_payer_12473,USA,2811.97,cust_payee_34630,USA,INVOICE_PAYMENT,proofrail_synthetic,conditional_settlement_case,FALSE,proofrail,synthetic_research
2026-01-06T11:12,GOOD,txn_0001028,cust_payer_71951,UNITED-KINGDOM,18587.48,cust_payee_75676,USA,INVOICE_PAYMENT,proofrail_synthetic,conditional_settlement_case,FALSE,proofrail,synthetic_research
2026-01-06T11:12,GOOD,txn_0001029,cust_payer_77111,USA,741.58,cust_payee_00526,USA,SERVICE_RETAINER,proofrail_synthetic,conditional_settlement_case,FALSE,proofrail,synthetic_research
2026-01-06T11:12,GOOD,txn_0001030,cust_payer_74582,USA,4576.23,cust_payee_91842,USA,GOODS_SETTLEMENT,proofrail_synthetic,conditional_settlement_case,FALSE,proofrail,synthetic_research
2026-01-06T11:14,REVIEW,txn_0001031,cust_payer_35824,USA,14606.79,cust_payee_75589,USA,SERVICE_RETAINER,proofrail_synthetic,conditional_settlement_case,TRUE,proofrail,synthetic_research
2026-01-06T11:20,GOOD,txn_0001032,cust_payer_53942,CANADA,2708.08,cust_payee_75804,USA,GOODS_SETTLEMENT,proofrail_synthetic,conditional_settlement_case,FALSE,proofrail,synthetic_research
2026-01-06T11:21,BAD,txn_0001033,cust_payer_75579,GERMANY,2005.55,cust_payee_24165,USA,GOODS_SETTLEMENT,proofrail_synthetic,conditional_settlement_case,TRUE,proofrail,synthetic_research
2026-01-06T11:22,GOOD,txn_0001034,cust_payer_14761,USA,658.72,cust_payee_75311,USA,INVOICE_PAYMENT,proofrail_synthetic,conditional_settlement_case,FALSE,proofrail,synthetic_research
2026-01-06T11:22,GOOD,txn_0001035,cust_payer_53888,USA,3437.55,cust_payee_49641,USA,GOODS_SETTLEMENT,proofrail_synthetic,conditional_settlement_case,FALSE,proofrail,synthetic_research
2026-01-06T11:23,REVIEW,txn_0001036,cust_payer_35901,USA,18494.33,cust_payee_57338,USA,INVOICE_PAYMENT,proofrail_synthetic,conditional_settlement_case,TRUE,proofrail,synthetic_research
2026-01-06T11:24,GOOD,txn_0001037,cust_payer_23208,USA,630.98,cust_payee_55857,USA,GOODS_SETTLEMENT,proofrail_synthetic,conditional_settlement_case,FALSE,proofrail,synthetic_research
2026-01-06T11:24,GOOD,txn_0001038,cust_payer_17497,USA,8280.37,cust_payee_02248,SINGAPORE,INVOICE_PAYMENT,proofrail_synthetic,conditional_settlement_case,FALSE,proofrail,synthetic_research
2026-01-06T11:25,GOOD,txn_0001039,cust_payer_86284,USA,1802.54,cust_payee_67697,USA,INVOICE_PAYMENT,proofrail_synthetic,conditional_settlement_case,FALSE,proofrail,synthetic_research
2026-01-06T11:28,REVIEW,txn_0001040,cust_payer_75290,GERMANY,10839.93,cust_payee_69458,USA,INVOICE_PAYMENT,proofrail_synthetic,conditional_settlement_case,TRUE,proofrail,synthetic_research
2026-01-06T11:30,GOOD,txn_0001041,cust_payer_55686,USA,1306.51,cust_payee_32922,USA,MILESTONE_PAYMENT,proofrail_synthetic,conditional_settlement_case,FALSE,proofrail,synthetic_research
2026-01-06T11:30,GOOD,txn_0001042,cust_payer_44060,USA,2340.13,cust_payee_46778,USA,GOODS_SETTLEMENT,proofrail_synthetic,conditional_settlement_case,FALSE,proofrail,synthetic_research
2026-01-06T11:30,GOOD,txn_0001043,cust_payer_54049,USA,781.76,cust_payee_70121,GERMANY,INVOICE_PAYMENT,proofrail_synthetic,conditional_settlement_case,FALSE,proofrail,synthetic_research
2026-01-06T11:31,GOOD,txn_0001044,cust_payer_36755,USA,898.64,cust_payee_84282,USA,MILESTONE_PAYMENT,proofrail_synthetic,conditional_settlement_case,FALSE,proofrail,synthetic_research
2026-01-06T11:31,REVIEW,txn_0001045,cust_payer_62392,USA,3016.18,cust_payee_90309,USA,MILESTONE_PAYMENT,proofrail_synthetic,conditional_settlement_case,TRUE,proofrail,synthetic_research
2026-01-06T11:32,REVIEW,txn_0001046,cust_payer_55982,USA,2522.76,cust_payee_91276,USA,SERVICE_RETAINER,proofrail_synthetic,conditional_settlement_case,TRUE,proofrail,synthetic_research
2026-01-06T11:32,GOOD,txn_0001047,cust_payer_05926,USA,1497.87,cust_payee_96003,USA,GOODS_SETTLEMENT,proofrail_synthetic,conditional_settlement_case,FALSE,proofrail,synthetic_research
2026-01-06T11:33,GOOD,txn_0001048,cust_payer_99758,USA,11706.02,cust_payee_39269,CANADA,GOODS_SETTLEMENT,proofrail_synthetic,conditional_settlement_case,FALSE,proofrail,synthetic_research
2026-01-06T11:34,GOOD,txn_0001049,cust_payer_20151,USA,2121.38,cust_payee_54402,USA,INVOICE_PAYMENT,proofrail_synthetic,conditional_settlement_case,FALSE,proofrail,synthetic_research
2026-01-06T11:35,BAD,txn_0001050,cust_payer_74357,USA,5939.59,cust_payee_28258,USA,GOODS_SETTLEMENT,proofrail_synthetic,conditional_settlement_case,TRUE,proofrail,synthetic_research
2026-01-06T11:36,REVIEW,txn_0001051,cust_payer_11931,UNITED-KINGDOM,1880.77,cust_payee_76206,USA,INVOICE_PAYMENT,proofrail_synthetic,conditional_settlement_case,TRUE,proofrail,synthetic_research
2026-01-06T11:36,GOOD,txn_0001052,cust_payer_23566,USA,15773.78,cust_payee_70652,USA,INVOICE_PAYMENT,proofrail_synthetic,conditional_settlement_case,FALSE,proofrail,synthetic_research
2026-01-06T11:36,GOOD,txn_0001053,cust_payer_43526,USA,477.89,cust_payee_71947,CANADA,INVOICE_PAYMENT,proofrail_synthetic,conditional_settlement_case,FALSE,proofrail,synthetic_research
2026-01-06T11:37,GOOD,txn_0001054,cust_payer_83081,USA,2736.3,cust_payee_71661,USA,INVOICE_PAYMENT,proofrail_synthetic,conditional_settlement_case,FALSE,proofrail,synthetic_research
2026-01-06T11:37,GOOD,txn_0001055,cust_payer_24959,USA,675.8,cust_payee_63017,USA,INVOICE_PAYMENT,proofrail_synthetic,conditional_settlement_case,FALSE,proofrail,synthetic_research
2026-01-06T11:39,GOOD,txn_0001056,cust_payer_98636,USA,851.24,cust_payee_38292,USA,MILESTONE_PAYMENT,proofrail_synthetic,conditional_settlement_case,FALSE,proofrail,synthetic_research
2026-01-06T11:39,BAD,txn_0001057,cust_payer_61457,USA,6770.52,cust_payee_05294,USA,GOODS_SETTLEMENT,proofrail_synthetic,conditional_settlement_case,TRUE,proofrail,synthetic_research
2026-01-06T11:41,GOOD,txn_0001058,cust_payer_30908,USA,1517.36,cust_payee_54130,USA,INVOICE_PAYMENT,proofrail_synthetic,conditional_settlement_case,FALSE,proofrail,synthetic_research
2026-01-06T11:41,REVIEW,txn_0001059,cust_payer_61574,USA,1955.68,cust_payee_06952,USA,MILESTONE_PAYMENT,proofrail_synthetic,conditional_settlement_case,TRUE,proofrail,synthetic_research
2026-01-06T11:41,REVIEW,txn_0001060,cust_payer_35103,USA,10315.85,cust_payee_06159,USA,SERVICE_RETAINER,proofrail_synthetic,conditional_settlement_case,TRUE,proofrail,synthetic_research
2026-01-06T11:42,GOOD,txn_0001061,cust_payer_32639,USA,4553.35,cust_payee_67590,USA,MILESTONE_PAYMENT,proofrail_synthetic,conditional_settlement_case,FALSE,proofrail,synthetic_research
2026-01-06T11:43,GOOD,txn_0001062,cust_payer_84566,USA,1392.22,cust_payee_87753,USA,GOODS_SETTLEMENT,proofrail_synthetic,conditional_settlement_case,FALSE,proofrail,synthetic_research
2026-01-06T11:43,REVIEW,txn_0001063,cust_payer_33011,USA,7849,cust_payee_10770,MEXICO,INVOICE_PAYMENT,proofrail_synthetic,conditional_settlement_case,TRUE,proofrail,synthetic_research
2026-01-06T11:44,GOOD,txn_0001064,cust_payer_30026,USA,110.09,cust_payee_94520,USA,SERVICE_RETAINER,proofrail_synthetic,conditional_settlement_case,FALSE,proofrail,synthetic_research
2026-01-06T11:47,GOOD,txn_0001065,cust_payer_67238,UNITED-KINGDOM,1687.01,cust_payee_75460,USA,INVOICE_PAYMENT,proofrail_synthetic,conditional_settlement_case,FALSE,proofrail,synthetic_research
2026-01-06T11:48,GOOD,txn_0001066,cust_payer_17597,USA,3079.91,cust_payee_61038,USA,INVOICE_PAYMENT,proofrail_synthetic,conditional_settlement_case,FALSE,proofrail,synthetic_research
2026-01-06T11:48,GOOD,txn_0001067,cust_payer_68972,USA,1227.82,cust_payee_33780,USA,SERVICE_RETAINER,proofrail_synthetic,conditional_settlement_case,FALSE,proofrail,synthetic_research
2026-01-06T11:49,GOOD,txn_0001068,cust_payer_79490,USA,2130.22,cust_payee_26034,USA,INVOICE_PAYMENT,proofrail_synthetic,conditional_settlement_case,FALSE,proofrail,synthetic_research
2026-01-06T11:54,GOOD,txn_0001069,cust_payer_98310,GERMANY,2082.94,cust_payee_80200,SINGAPORE,SERVICE_RETAINER,proofrail_synthetic,conditional_settlement_case,FALSE,proofrail,synthetic_research
2026-01-06T11:54,REVIEW,txn_0001070,cust_payer_24226,USA,5992.3,cust_payee_27356,USA,MILESTONE_PAYMENT,proofrail_synthetic,conditional_settlement_case,TRUE,proofrail,synthetic_research
2026-01-06T11:55,GOOD,txn_0001071,cust_payer_83472,CANADA,7213.9,cust_payee_92123,USA,INVOICE_PAYMENT,proofrail_synthetic,conditional_settlement_case,FALSE,proofrail,synthetic_research
2026-01-06T11:57,BAD,txn_0001072,cust_payer_17554,USA,4371.57,cust_payee_07595,CANADA,SERVICE_RETAINER,proofrail_synthetic,conditional_settlement_case,TRUE,proofrail,synthetic_research
2026-01-06T12:00,GOOD,txn_0001073,cust_payer_76882,USA,850.35,cust_payee_18258,USA,INVOICE_PAYMENT,proofrail_synthetic,conditional_settlement_case,FALSE,proofrail,synthetic_research
2026-01-06T12:00,GOOD,txn_0001074,cust_payer_33443,USA,2177.18,cust_payee_04782,USA,GOODS_SETTLEMENT,proofrail_synthetic,conditional_settlement_case,FALSE,proofrail,synthetic_research
2026-01-06T12:04,GOOD,txn_0001075,cust_payer_56187,USA,5518.99,cust_payee_57065,USA,MILESTONE_PAYMENT,proofrail_synthetic,conditional_settlement_case,FALSE,proofrail,synthetic_research
2026-01-06T12:04,BAD,txn_0001076,cust_payer_99974,USA,1618.83,cust_payee_03575,MEXICO,MILESTONE_PAYMENT,proofrail_synthetic,conditional_settlement_case,TRUE,proofrail,synthetic_research
2026-01-06T12:05,GOOD,txn_0001077,cust_payer_24040,CANADA,1820.01,cust_payee_57179,USA,MILESTONE_PAYMENT,proofrail_synthetic,conditional_settlement_case,FALSE,proofrail,synthetic_research
2026-01-06T12:05,BAD,txn_0001078,cust_payer_39847,USA,6035.03,cust_payee_72684,USA,GOODS_SETTLEMENT,proofrail_synthetic,conditional_settlement_case,TRUE,proofrail,synthetic_research
2026-01-06T12:07,GOOD,txn_0001079,cust_payer_16271,USA,817.51,cust_payee_07000,USA,GOODS_SETTLEMENT,proofrail_synthetic,conditional_settlement_case,FALSE,proofrail,synthetic_research
2026-01-06T12:07,REVIEW,txn_0001080,cust_payer_02068,USA,787.22,cust_payee_93671,USA,SERVICE_RETAINER,proofrail_synthetic,conditional_settlement_case,FALSE,proofrail,synthetic_research
2026-01-06T12:10,GOOD,txn_0001081,cust_payer_86085,USA,8116.03,cust_payee_38852,USA,GOODS_SETTLEMENT,proofrail_synthetic,conditional_settlement_case,FALSE,proofrail,synthetic_research
2026-01-06T12:11,GOOD,txn_0001082,cust_payer_83464,USA,2625.64,cust_payee_74549,USA,MILESTONE_PAYMENT,proofrail_synthetic,conditional_settlement_case,FALSE,proofrail,synthetic_research
2026-01-06T12:11,BAD,txn_0001083,cust_payer_29233,USA,1242.69,cust_payee_38592,USA,GOODS_SETTLEMENT,proofrail_synthetic,conditional_settlement_case,TRUE,proofrail,synthetic_research
2026-01-06T12:12,GOOD,txn_0001084,cust_payer_54750,USA,2845.15,cust_payee_04001,USA,GOODS_SETTLEMENT,proofrail_synthetic,conditional_settlement_case,FALSE,proofrail,synthetic_research
2026-01-06T12:16,GOOD,txn_0001085,cust_payer_68185,USA,69774.78,cust_payee_18157,USA,GOODS_SETTLEMENT,proofrail_synthetic,conditional_settlement_case,FALSE,proofrail,synthetic_research
2026-01-06T12:16,GOOD,txn_0001086,cust_payer_71992,USA,14387.97,cust_payee_19300,USA,INVOICE_PAYMENT,proofrail_synthetic,conditional_settlement_case,FALSE,proofrail,synthetic_research
2026-01-06T12:16,GOOD,txn_0001087,cust_payer_63168,CANADA,1131.52,cust_payee_55831,USA,GOODS_SETTLEMENT,proofrail_synthetic,conditional_settlement_case,FALSE,proofrail,synthetic_research
2026-01-06T12:17,BAD,txn_0001088,cust_payer_40730,CANADA,5967.05,cust_payee_66720,CANADA,INVOICE_PAYMENT,proofrail_synthetic,conditional_settlement_case,TRUE,proofrail,synthetic_research
2026-01-06T12:17,GOOD,txn_0001089,cust_payer_07229,USA,2669.59,cust_payee_15308,USA,INVOICE_PAYMENT,proofrail_synthetic,conditional_settlement_case,FALSE,proofrail,synthetic_research
2026-01-06T12:17,BAD,txn_0001090,cust_payer_82558,USA,441.63,cust_payee_79500,USA,INVOICE_PAYMENT,proofrail_synthetic,conditional_settlement_case,TRUE,proofrail,synthetic_research
2026-01-06T12:17,GOOD,txn_0001091,cust_payer_48282,CANADA,2084.72,cust_payee_28903,USA,INVOICE_PAYMENT,proofrail_synthetic,conditional_settlement_case,FALSE,proofrail,synthetic_research
2026-01-06T12:18,BAD,txn_0001092,cust_payer_45161,CANADA,5810.85,cust_payee_02551,USA,INVOICE_PAYMENT,proofrail_synthetic,conditional_settlement_case,TRUE,proofrail,synthetic_research
2026-01-06T12:21,BAD,txn_0001093,cust_payer_34544,USA,15562.4,cust_payee_02980,USA,SERVICE_RETAINER,proofrail_synthetic,conditional_settlement_case,TRUE,proofrail,synthetic_research
2026-01-06T12:25,BAD,txn_0001094,cust_payer_26558,USA,8723.94,cust_payee_45186,UNITED-KINGDOM,INVOICE_PAYMENT,proofrail_synthetic,conditional_settlement_case,TRUE,proofrail,synthetic_research
2026-01-06T12:25,BAD,txn_0001095,cust_payer_14762,USA,3599.91,cust_payee_28688,USA,SERVICE_RETAINER,proofrail_synthetic,conditional_settlement_case,TRUE,proofrail,synthetic_research
2026-01-06T12:28,GOOD,txn_0001096,cust_payer_71459,USA,1002.05,cust_payee_38893,USA,GOODS_SETTLEMENT,proofrail_synthetic,conditional_settlement_case,FALSE,proofrail,synthetic_research
2026-01-06T12:28,GOOD,txn_0001097,cust_payer_26856,USA,2084.78,cust_payee_89398,USA,MILESTONE_PAYMENT,proofrail_synthetic,conditional_settlement_case,FALSE,proofrail,synthetic_research
2026-01-06T12:31,GOOD,txn_0001098,cust_payer_83764,USA,1163.45,cust_payee_12094,CANADA,MILESTONE_PAYMENT,proofrail_synthetic,conditional_settlement_case,FALSE,proofrail,synthetic_research
2026-01-06T12:33,BAD,txn_0001099,cust_payer_90018,CANADA,638.25,cust_payee_79495,USA,GOODS_SETTLEMENT,proofrail_synthetic,conditional_settlement_case,TRUE,proofrail,synthetic_research
2026-01-06T12:35,REVIEW,txn_0001100,cust_payer_96835,USA,1925.27,cust_payee_03004,USA,INVOICE_PAYMENT,proofrail_synthetic,conditional_settlement_case,FALSE,proofrail,synthetic_research
2026-01-06T12:38,REVIEW,txn_0001101,cust_payer_19208,USA,2338.15,cust_payee_02027,USA,INVOICE_PAYMENT,proofrail_synthetic,conditional_settlement_case,FALSE,proofrail,synthetic_research
2026-01-06T12:40,GOOD,txn_0001102,cust_payer_70658,USA,6733.42,cust_payee_58627,USA,GOODS_SETTLEMENT,proofrail_synthetic,conditional_settlement_case,FALSE,proofrail,synthetic_research
2026-01-06T12:45,GOOD,txn_0001103,cust_payer_98955,USA,3047.8,cust_payee_77880,USA,SERVICE_RETAINER,proofrail_synthetic,conditional_settlement_case,FALSE,proofrail,synthetic_research
2026-01-06T12:47,REVIEW,txn_0001104,cust_payer_66501,USA,1595.29,cust_payee_38256,CANADA,GOODS_SETTLEMENT,proofrail_synthetic,conditional_settlement_case,TRUE,proofrail,synthetic_research
2026-01-06T12:48,GOOD,txn_0001105,cust_payer_98458,USA,1153.79,cust_payee_04693,USA,INVOICE_PAYMENT,proofrail_synthetic,conditional_settlement_case,FALSE,proofrail,synthetic_research
2026-01-06T12:52,GOOD,txn_0001106,cust_payer_59246,USA,10975.42,cust_payee_36032,USA,INVOICE_PAYMENT,proofrail_synthetic,conditional_settlement_case,FALSE,proofrail,synthetic_research
2026-01-06T12:56,REVIEW,txn_0001107,cust_payer_66297,CANADA,4350.64,cust_payee_65173,USA,GOODS_SETTLEMENT,proofrail_synthetic,conditional_settlement_case,FALSE,proofrail,synthetic_research
2026-01-06T12:56,REVIEW,txn_0001108,cust_payer_24411,USA,3024.54,cust_payee_89436,USA,MILESTONE_PAYMENT,proofrail_synthetic,conditional_settlement_case,TRUE,proofrail,synthetic_research
2026-01-06T12:58,BAD,txn_0001109,cust_payer_04016,USA,1385.07,cust_payee_88213,USA,INVOICE_PAYMENT,proofrail_synthetic,conditional_settlement_case,TRUE,proofrail,synthetic_research
2026-01-06T12:58,BAD,txn_0001110,cust_payer_80136,MEXICO,1522.35,cust_payee_38557,USA,INVOICE_PAYMENT,proofrail_synthetic,conditional_settlement_case,TRUE,proofrail,synthetic_research
2026-01-06T13:02,REVIEW,txn_0001111,cust_payer_44589,USA,6057.01,cust_payee_53072,USA,MILESTONE_PAYMENT,proofrail_synthetic,conditional_settlement_case,TRUE,proofrail,synthetic_research
2026-01-06T13:07,GOOD,txn_0001112,cust_payer_22526,USA,8214.59,cust_payee_52908,USA,SERVICE_RETAINER,proofrail_synthetic,conditional_settlement_case,FALSE,proofrail,synthetic_research
2026-01-06T13:12,REVIEW,txn_0001113,cust_payer_64178,CANADA,4694.5,cust_payee_68018,USA,INVOICE_PAYMENT,proofrail_synthetic,conditional_settlement_case,TRUE,proofrail,synthetic_research
2026-01-06T13:14,GOOD,txn_0001114,cust_payer_09767,USA,949.19,cust_payee_14837,USA,MILESTONE_PAYMENT,proofrail_synthetic,conditional_settlement_case,FALSE,proofrail,synthetic_research
2026-01-06T13:15,REVIEW,txn_0001115,cust_payer_42631,USA,731.62,cust_payee_38490,USA,INVOICE_PAYMENT,proofrail_synthetic,conditional_settlement_case,TRUE,proofrail,synthetic_research
2026-01-06T13:15,REVIEW,txn_0001116,cust_payer_55870,MEXICO,1860.17,cust_payee_58633,USA,MILESTONE_PAYMENT,proofrail_synthetic,conditional_settlement_case,TRUE,proofrail,synthetic_research
2026-01-06T13:16,GOOD,txn_0001117,cust_payer_69365,USA,643.26,cust_payee_15993,USA,GOODS_SETTLEMENT,proofrail_synthetic,conditional_settlement_case,FALSE,proofrail,synthetic_research
2026-01-06T13:18,REVIEW,txn_0001118,cust_payer_45655,USA,892.99,cust_payee_52717,USA,INVOICE_PAYMENT,proofrail_synthetic,conditional_settlement_case,FALSE,proofrail,synthetic_research
2026-01-06T13:20,GOOD,txn_0001119,cust_payer_36640,USA,7097.87,cust_payee_39145,USA,INVOICE_PAYMENT,proofrail_synthetic,conditional_settlement_case,FALSE,proofrail,synthetic_research
2026-01-06T13:22,GOOD,txn_0001120,cust_payer_41593,USA,5347.27,cust_payee_93412,USA,INVOICE_PAYMENT,proofrail_synthetic,conditional_settlement_case,FALSE,proofrail,synthetic_research
2026-01-06T13:22,GOOD,txn_0001121,cust_payer_30989,SINGAPORE,910.39,cust_payee_17188,USA,INVOICE_PAYMENT,proofrail_synthetic,conditional_settlement_case,FALSE,proofrail,synthetic_research
2026-01-06T13:23,GOOD,txn_0001122,cust_payer_23875,CANADA,2315.11,cust_payee_89391,USA,INVOICE_PAYMENT,proofrail_synthetic,conditional_settlement_case,FALSE,proofrail,synthetic_research
2026-01-06T13:24,GOOD,txn_0001123,cust_payer_83536,USA,2486.94,cust_payee_57812,USA,SERVICE_RETAINER,proofrail_synthetic,conditional_settlement_case,FALSE,proofrail,synthetic_research
2026-01-06T13:25,GOOD,txn_0001124,cust_payer_22659,USA,7593.63,cust_payee_92743,USA,SERVICE_RETAINER,proofrail_synthetic,conditional_settlement_case,FALSE,proofrail,synthetic_research
2026-01-06T13:28,REVIEW,txn_0001125,cust_payer_68104,USA,727.58,cust_payee_32080,USA,INVOICE_PAYMENT,proofrail_synthetic,conditional_settlement_case,TRUE,proofrail,synthetic_research
2026-01-06T13:31,GOOD,txn_0001126,cust_payer_45887,GERMANY,7989.99,cust_payee_62925,USA,MILESTONE_PAYMENT,proofrail_synthetic,conditional_settlement_case,FALSE,proofrail,synthetic_research
2026-01-06T13:33,GOOD,txn_0001127,cust_payer_51446,USA,1307.45,cust_payee_06960,USA,INVOICE_PAYMENT,proofrail_synthetic,conditional_settlement_case,FALSE,proofrail,synthetic_research
2026-01-06T13:34,REVIEW,txn_0001128,cust_payer_24399,USA,18377.59,cust_payee_03837,USA,MILESTONE_PAYMENT,proofrail_synthetic,conditional_settlement_case,FALSE,proofrail,synthetic_research
2026-01-06T13:37,BAD,txn_0001129,cust_payer_09878,USA,22339.65,cust_payee_83933,CANADA,MILESTONE_PAYMENT,proofrail_synthetic,conditional_settlement_case,TRUE,proofrail,synthetic_research
2026-01-06T13:38,REVIEW,txn_0001130,cust_payer_40379,USA,10761.89,cust_payee_34968,USA,SERVICE_RETAINER,proofrail_synthetic,conditional_settlement_case,TRUE,proofrail,synthetic_research
2026-01-06T13:41,GOOD,txn_0001131,cust_payer_75709,USA,17466.88,cust_payee_65290,USA,MILESTONE_PAYMENT,proofrail_synthetic,conditional_settlement_case,FALSE,proofrail,synthetic_research
2026-01-06T13:44,GOOD,txn_0001132,cust_payer_65235,CANADA,821.14,cust_payee_94210,USA,GOODS_SETTLEMENT,proofrail_synthetic,conditional_settlement_case,FALSE,proofrail,synthetic_research
2026-01-06T13:44,GOOD,txn_0001133,cust_payer_95173,CANADA,4243.53,cust_payee_07116,USA,SERVICE_RETAINER,proofrail_synthetic,conditional_settlement_case,FALSE,proofrail,synthetic_research
2026-01-06T13:45,BAD,txn_0001134,cust_payer_89601,CANADA,2684.31,cust_payee_27602,USA,SERVICE_RETAINER,proofrail_synthetic,conditional_settlement_case,TRUE,proofrail,synthetic_research
2026-01-06T13:48,BAD,txn_0001135,cust_payer_75216,CANADA,1985.26,cust_payee_42040,USA,GOODS_SETTLEMENT,proofrail_synthetic,conditional_settlement_case,TRUE,proofrail,synthetic_research
2026-01-06T13:52,REVIEW,txn_0001136,cust_payer_98210,USA,4835.81,cust_payee_45646,USA,MILESTONE_PAYMENT,proofrail_synthetic,conditional_settlement_case,TRUE,proofrail,synthetic_research
2026-01-06T13:52,REVIEW,txn_0001137,cust_payer_90017,USA,15655.17,cust_payee_77790,USA,INVOICE_PAYMENT,proofrail_synthetic,conditional_settlement_case,TRUE,proofrail,synthetic_research
2026-01-06T13:52,GOOD,txn_0001138,cust_payer_79409,USA,10894.05,cust_payee_97783,USA,INVOICE_PAYMENT,proofrail_synthetic,conditional_settlement_case,FALSE,proofrail,synthetic_research
2026-01-06T13:55,REVIEW,txn_0001139,cust_payer_32595,USA,878.84,cust_payee_25946,USA,GOODS_SETTLEMENT,proofrail_synthetic,conditional_settlement_case,FALSE,proofrail,synthetic_research
2026-01-06T13:57,GOOD,txn_0001140,cust_payer_13583,USA,441.13,cust_payee_19613,USA,INVOICE_PAYMENT,proofrail_synthetic,conditional_settlement_case,FALSE,proofrail,synthetic_research
2026-01-06T13:57,GOOD,txn_0001141,cust_payer_77517,GERMANY,990.71,cust_payee_25383,USA,GOODS_SETTLEMENT,proofrail_synthetic,conditional_settlement_case,FALSE,proofrail,synthetic_research
2026-01-06T13:58,REVIEW,txn_0001142,cust_payer_16804,USA,5206.99,cust_payee_91038,USA,MILESTONE_PAYMENT,proofrail_synthetic,conditional_settlement_case,FALSE,proofrail,synthetic_research
2026-01-06T13:59,BAD,txn_0001143,cust_payer_17084,USA,3064.85,cust_payee_27789,USA,INVOICE_PAYMENT,proofrail_synthetic,conditional_settlement_case,TRUE,proofrail,synthetic_research
2026-01-06T13:59,GOOD,txn_0001144,cust_payer_64862,USA,395.57,cust_payee_36429,USA,GOODS_SETTLEMENT,proofrail_synthetic,conditional_settlement_case,FALSE,proofrail,synthetic_research
2026-01-06T14:00,GOOD,txn_0001145,cust_payer_14030,USA,1389.74,cust_payee_44878,CANADA,MILESTONE_PAYMENT,proofrail_synthetic,conditional_settlement_case,FALSE,proofrail,synthetic_research
2026-01-06T14:01,REVIEW,txn_0001146,cust_payer_65063,USA,597.26,cust_payee_73981,CANADA,MILESTONE_PAYMENT,proofrail_synthetic,conditional_settlement_case,TRUE,proofrail,synthetic_research
2026-01-06T14:04,GOOD,txn_0001147,cust_payer_32257,CANADA,11164.96,cust_payee_32936,USA,GOODS_SETTLEMENT,proofrail_synthetic,conditional_settlement_case,FALSE,proofrail,synthetic_research
2026-01-06T14:04,REVIEW,txn_0001148,cust_payer_96559,USA,7932.33,cust_payee_54077,USA,GOODS_SETTLEMENT,proofrail_synthetic,conditional_settlement_case,TRUE,proofrail,synthetic_research
2026-01-06T14:05,GOOD,txn_0001149,cust_payer_19416,GERMANY,2961.65,cust_payee_77693,USA,GOODS_SETTLEMENT,proofrail_synthetic,conditional_settlement_case,FALSE,proofrail,synthetic_research
2026-01-06T14:06,GOOD,txn_0001150,cust_payer_06266,USA,1027.59,cust_payee_37713,USA,INVOICE_PAYMENT,proofrail_synthetic,conditional_settlement_case,FALSE,proofrail,synthetic_research
2026-01-06T14:09,REVIEW,txn_0001151,cust_payer_88653,USA,2905.18,cust_payee_46575,USA,MILESTONE_PAYMENT,proofrail_synthetic,conditional_settlement_case,FALSE,proofrail,synthetic_research
2026-01-06T14:09,BAD,txn_0001152,cust_payer_57604,USA,32652.97,cust_payee_33322,USA,INVOICE_PAYMENT,proofrail_synthetic,conditional_settlement_case,TRUE,proofrail,synthetic_research
2026-01-06T14:10,GOOD,txn_0001153,cust_payer_40712,USA,801.59,cust_payee_43298,USA,INVOICE_PAYMENT,proofrail_synthetic,conditional_settlement_case,FALSE,proofrail,synthetic_research
2026-01-06T14:10,BAD,txn_0001154,cust_payer_93704,USA,1391.22,cust_payee_73784,USA,GOODS_SETTLEMENT,proofrail_synthetic,conditional_settlement_case,TRUE,proofrail,synthetic_research
2026-01-06T14:11,GOOD,txn_0001155,cust_payer_78373,USA,3800.35,cust_payee_65131,SINGAPORE,SERVICE_RETAINER,proofrail_synthetic,conditional_settlement_case,FALSE,proofrail,synthetic_research
2026-01-06T14:13,GOOD,txn_0001156,cust_payer_98292,MEXICO,16304.34,cust_payee_38354,USA,INVOICE_PAYMENT,proofrail_synthetic,conditional_settlement_case,FALSE,proofrail,synthetic_research
2026-01-06T14:13,GOOD,txn_0001157,cust_payer_27648,USA,150.55,cust_payee_96596,USA,GOODS_SETTLEMENT,proofrail_synthetic,conditional_settlement_case,FALSE,proofrail,synthetic_research
2026-01-06T14:15,REVIEW,txn_0001158,cust_payer_70852,CANADA,1051.86,cust_payee_22483,USA,GOODS_SETTLEMENT,proofrail_synthetic,conditional_settlement_case,TRUE,proofrail,synthetic_research
2026-01-06T14:15,GOOD,txn_0001159,cust_payer_89699,USA,62947.19,cust_payee_91989,CANADA,GOODS_SETTLEMENT,proofrail_synthetic,conditional_settlement_case,FALSE,proofrail,synthetic_research
2026-01-06T14:19,GOOD,txn_0001160,cust_payer_66614,GERMANY,6414.99,cust_payee_04003,UNITED-KINGDOM,INVOICE_PAYMENT,proofrail_synthetic,conditional_settlement_case,FALSE,proofrail,synthetic_research
2026-01-06T14:20,REVIEW,txn_0001161,cust_payer_96659,USA,1160.88,cust_payee_30558,USA,INVOICE_PAYMENT,proofrail_synthetic,conditional_settlement_case,TRUE,proofrail,synthetic_research
2026-01-06T14:22,GOOD,txn_0001162,cust_payer_23571,USA,491.41,cust_payee_24762,USA,MILESTONE_PAYMENT,proofrail_synthetic,conditional_settlement_case,FALSE,proofrail,synthetic_research
2026-01-06T14:23,BAD,txn_0001163,cust_payer_55506,USA,5582.06,cust_payee_73360,USA,INVOICE_PAYMENT,proofrail_synthetic,conditional_settlement_case,TRUE,proofrail,synthetic_research
2026-01-06T14:27,GOOD,txn_0001164,cust_payer_11592,USA,960.07,cust_payee_76150,CANADA,MILESTONE_PAYMENT,proofrail_synthetic,conditional_settlement_case,FALSE,proofrail,synthetic_research
2026-01-06T14:28,BAD,txn_0001165,cust_payer_46406,USA,5650.8,cust_payee_14026,USA,INVOICE_PAYMENT,proofrail_synthetic,conditional_settlement_case,TRUE,proofrail,synthetic_research
2026-01-06T14:31,GOOD,txn_0001166,cust_payer_49325,MEXICO,3518.57,cust_payee_50297,USA,INVOICE_PAYMENT,proofrail_synthetic,conditional_settlement_case,FALSE,proofrail,synthetic_research
2026-01-06T14:31,GOOD,txn_0001167,cust_payer_46606,USA,929.57,cust_payee_76022,USA,INVOICE_PAYMENT,proofrail_synthetic,conditional_settlement_case,FALSE,proofrail,synthetic_research
2026-01-06T14:33,REVIEW,txn_0001168,cust_payer_29879,SINGAPORE,809.8,cust_payee_80489,USA,GOODS_SETTLEMENT,proofrail_synthetic,conditional_settlement_case,TRUE,proofrail,synthetic_research
2026-01-06T14:35,GOOD,txn_0001169,cust_payer_14151,CANADA,3428.91,cust_payee_30494,USA,GOODS_SETTLEMENT,proofrail_synthetic,conditional_settlement_case,FALSE,proofrail,synthetic_research
2026-01-06T14:39,GOOD,txn_0001170,cust_payer_47228,USA,794.29,cust_payee_36493,USA,INVOICE_PAYMENT,proofrail_synthetic,conditional_settlement_case,FALSE,proofrail,synthetic_research
2026-01-06T14:39,GOOD,txn_0001171,cust_payer_08282,UNITED-KINGDOM,334.17,cust_payee_61610,USA,MILESTONE_PAYMENT,proofrail_synthetic,conditional_settlement_case,FALSE,proofrail,synthetic_research
2026-01-06T14:41,REVIEW,txn_0001172,cust_payer_95616,USA,9101.03,cust_payee_00374,USA,INVOICE_PAYMENT,proofrail_synthetic,conditional_settlement_case,FALSE,proofrail,synthetic_research
2026-01-06T14:45,BAD,txn_0001173,cust_payer_71555,USA,43616.52,cust_payee_55337,USA,GOODS_SETTLEMENT,proofrail_synthetic,conditional_settlement_case,TRUE,proofrail,synthetic_research
2026-01-06T14:47,GOOD,txn_0001174,cust_payer_11836,USA,9285.7,cust_payee_42904,USA,GOODS_SETTLEMENT,proofrail_synthetic,conditional_settlement_case,FALSE,proofrail,synthetic_research
2026-01-06T14:50,GOOD,txn_0001175,cust_payer_05832,USA,2340.98,cust_payee_46041,USA,MILESTONE_PAYMENT,proofrail_synthetic,conditional_settlement_case,FALSE,proofrail,synthetic_research
2026-01-06T14:51,GOOD,txn_0001176,cust_payer_92977,USA,1774.56,cust_payee_84885,USA,MILESTONE_PAYMENT,proofrail_synthetic,conditional_settlement_case,FALSE,proofrail,synthetic_research
2026-01-06T14:51,GOOD,txn_0001177,cust_payer_76070,USA,3761.83,cust_payee_32797,USA,INVOICE_PAYMENT,proofrail_synthetic,conditional_settlement_case,FALSE,proofrail,synthetic_research
2026-01-06T14:52,GOOD,txn_0001178,cust_payer_57122,MEXICO,1957.84,cust_payee_34359,USA,MILESTONE_PAYMENT,proofrail_synthetic,conditional_settlement_case,FALSE,proofrail,synthetic_research
2026-01-06T14:54,GOOD,txn_0001179,cust_payer_28932,USA,496.12,cust_payee_25204,USA,GOODS_SETTLEMENT,proofrail_synthetic,conditional_settlement_case,FALSE,proofrail,synthetic_research
2026-01-06T14:55,REVIEW,txn_0001180,cust_payer_14209,USA,897.14,cust_payee_51969,UNITED-KINGDOM,MILESTONE_PAYMENT,proofrail_synthetic,conditional_settlement_case,TRUE,proofrail,synthetic_research
2026-01-06T14:59,REVIEW,txn_0001181,cust_payer_59235,USA,1069.27,cust_payee_56123,USA,GOODS_SETTLEMENT,proofrail_synthetic,conditional_settlement_case,TRUE,proofrail,synthetic_research
2026-01-06T15:00,GOOD,txn_0001182,cust_payer_65977,USA,828.3,cust_payee_32926,USA,INVOICE_PAYMENT,proofrail_synthetic,conditional_settlement_case,FALSE,proofrail,synthetic_research
2026-01-06T15:07,GOOD,txn_0001183,cust_payer_16758,USA,2630.39,cust_payee_25675,MEXICO,INVOICE_PAYMENT,proofrail_synthetic,conditional_settlement_case,FALSE,proofrail,synthetic_research
2026-01-06T15:08,REVIEW,txn_0001184,cust_payer_55705,USA,1978.01,cust_payee_09980,USA,INVOICE_PAYMENT,proofrail_synthetic,conditional_settlement_case,TRUE,proofrail,synthetic_research
2026-01-06T15:11,GOOD,txn_0001185,cust_payer_69769,USA,1618.77,cust_payee_06304,USA,MILESTONE_PAYMENT,proofrail_synthetic,conditional_settlement_case,FALSE,proofrail,synthetic_research
2026-01-06T15:12,GOOD,txn_0001186,cust_payer_33190,USA,7227.84,cust_payee_47452,USA,INVOICE_PAYMENT,proofrail_synthetic,conditional_settlement_case,FALSE,proofrail,synthetic_research
2026-01-06T15:15,GOOD,txn_0001187,cust_payer_10054,MEXICO,1971.15,cust_payee_14602,SINGAPORE,GOODS_SETTLEMENT,proofrail_synthetic,conditional_settlement_case,FALSE,proofrail,synthetic_research
2026-01-06T15:18,REVIEW,txn_0001188,cust_payer_11124,USA,1898.02,cust_payee_59081,USA,MILESTONE_PAYMENT,proofrail_synthetic,conditional_settlement_case,TRUE,proofrail,synthetic_research
2026-01-06T15:20,GOOD,txn_0001189,cust_payer_62225,USA,2955.98,cust_payee_46352,CANADA,MILESTONE_PAYMENT,proofrail_synthetic,conditional_settlement_case,FALSE,proofrail,synthetic_research
2026-01-06T15:21,GOOD,txn_0001190,cust_payer_30087,USA,1031.62,cust_payee_42599,USA,INVOICE_PAYMENT,proofrail_synthetic,conditional_settlement_case,FALSE,proofrail,synthetic_research
2026-01-06T15:21,REVIEW,txn_0001191,cust_payer_51949,UNITED-KINGDOM,20244.69,cust_payee_57743,CANADA,MILESTONE_PAYMENT,proofrail_synthetic,conditional_settlement_case,FALSE,proofrail,synthetic_research
2026-01-06T15:21,BAD,txn_0001192,cust_payer_69696,USA,8008.43,cust_payee_27560,USA,INVOICE_PAYMENT,proofrail_synthetic,conditional_settlement_case,TRUE,proofrail,synthetic_research
2026-01-06T15:22,GOOD,txn_0001193,cust_payer_78087,USA,5380.35,cust_payee_16166,USA,MILESTONE_PAYMENT,proofrail_synthetic,conditional_settlement_case,FALSE,proofrail,synthetic_research
2026-01-06T15:24,GOOD,txn_0001194,cust_payer_90519,USA,1780.38,cust_payee_78493,USA,MILESTONE_PAYMENT,proofrail_synthetic,conditional_settlement_case,FALSE,proofrail,synthetic_research
2026-01-06T15:26,GOOD,txn_0001195,cust_payer_95539,USA,834.14,cust_payee_78410,USA,INVOICE_PAYMENT,proofrail_synthetic,conditional_settlement_case,FALSE,proofrail,synthetic_research
2026-01-06T15:28,GOOD,txn_0001196,cust_payer_13528,USA,2048.83,cust_payee_19786,USA,GOODS_SETTLEMENT,proofrail_synthetic,conditional_settlement_case,FALSE,proofrail,synthetic_research
2026-01-06T15:29,REVIEW,txn_0001197,cust_payer_27800,USA,2573.95,cust_payee_21992,USA,SERVICE_RETAINER,proofrail_synthetic,conditional_settlement_case,FALSE,proofrail,synthetic_research
2026-01-06T15:32,GOOD,txn_0001198,cust_payer_66575,UNITED-KINGDOM,2222.52,cust_payee_82757,USA,INVOICE_PAYMENT,proofrail_synthetic,conditional_settlement_case,FALSE,proofrail,synthetic_research
2026-01-06T15:33,REVIEW,txn_0001199,cust_payer_94963,USA,965.68,cust_payee_30833,USA,GOODS_SETTLEMENT,proofrail_synthetic,conditional_settlement_case,TRUE,proofrail,synthetic_research
2026-01-06T15:36,REVIEW,txn_0001200,cust_payer_84085,CANADA,357.42,cust_payee_18122,USA,MILESTONE_PAYMENT,proofrail_synthetic,conditional_settlement_case,TRUE,proofrail,synthetic_research
2026-01-06T15:36,GOOD,txn_0001201,cust_payer_36563,USA,7231.38,cust_payee_43179,USA,INVOICE_PAYMENT,proofrail_synthetic,conditional_settlement_case,FALSE,proofrail,synthetic_research
2026-01-06T15:36,BAD,txn_0001202,cust_payer_84844,USA,4333.2,cust_payee_51510,USA,GOODS_SETTLEMENT,proofrail_synthetic,conditional_settlement_case,TRUE,proofrail,synthetic_research
2026-01-06T15:37,GOOD,txn_0001203,cust_payer_77527,USA,8876.41,cust_payee_35241,USA,INVOICE_PAYMENT,proofrail_synthetic,conditional_settlement_case,FALSE,proofrail,synthetic_research
2026-01-06T15:39,REVIEW,txn_0001204,cust_payer_74004,USA,1590.86,cust_payee_81505,USA,GOODS_SETTLEMENT,proofrail_synthetic,conditional_settlement_case,FALSE,proofrail,synthetic_research
2026-01-06T15:40,BAD,txn_0001205,cust_payer_63609,USA,3162.95,cust_payee_80527,USA,GOODS_SETTLEMENT,proofrail_synthetic,conditional_settlement_case,TRUE,proofrail,synthetic_research
2026-01-06T15:41,BAD,txn_0001206,cust_payer_73279,USA,5435.22,cust_payee_24481,CANADA,GOODS_SETTLEMENT,proofrail_synthetic,conditional_settlement_case,TRUE,proofrail,synthetic_research
2026-01-06T15:42,BAD,txn_0001207,cust_payer_59890,USA,1464.08,cust_payee_38115,USA,GOODS_SETTLEMENT,proofrail_synthetic,conditional_settlement_case,TRUE,proofrail,synthetic_research
2026-01-06T15:42,GOOD,txn_0001208,cust_payer_93425,USA,10223.42,cust_payee_77624,USA,INVOICE_PAYMENT,proofrail_synthetic,conditional_settlement_case,FALSE,proofrail,synthetic_research
2026-01-06T15:42,GOOD,txn_0001209,cust_payer_72556,CANADA,4828.65,cust_payee_45432,USA,GOODS_SETTLEMENT,proofrail_synthetic,conditional_settlement_case,FALSE,proofrail,synthetic_research
2026-01-06T15:42,REVIEW,txn_0001210,cust_payer_96249,UNITED-KINGDOM,2485.63,cust_payee_06525,CANADA,INVOICE_PAYMENT,proofrail_synthetic,conditional_settlement_case,FALSE,proofrail,synthetic_research
2026-01-06T15:46,GOOD,txn_0001211,cust_payer_80089,USA,2333.7,cust_payee_43005,USA,GOODS_SETTLEMENT,proofrail_synthetic,conditional_settlement_case,FALSE,proofrail,synthetic_research
2026-01-06T15:47,GOOD,txn_0001212,cust_payer_17859,USA,1050.71,cust_payee_55009,MEXICO,SERVICE_RETAINER,proofrail_synthetic,conditional_settlement_case,FALSE,proofrail,synthetic_research
2026-01-06T15:48,REVIEW,txn_0001213,cust_payer_00135,USA,4152.76,cust_payee_80009,SINGAPORE,INVOICE_PAYMENT,proofrail_synthetic,conditional_settlement_case,TRUE,proofrail,synthetic_research
2026-01-06T15:51,REVIEW,txn_0001214,cust_payer_57749,USA,647.18,cust_payee_06979,USA,GOODS_SETTLEMENT,proofrail_synthetic,conditional_settlement_case,TRUE,proofrail,synthetic_research
2026-01-06T15:54,GOOD,txn_0001215,cust_payer_75236,USA,1808.03,cust_payee_40929,USA,MILESTONE_PAYMENT,proofrail_synthetic,conditional_settlement_case,FALSE,proofrail,synthetic_research
2026-01-06T15:55,GOOD,txn_0001216,cust_payer_78012,USA,6954.86,cust_payee_33698,CANADA,GOODS_SETTLEMENT,proofrail_synthetic,conditional_settlement_case,FALSE,proofrail,synthetic_research
2026-01-06T15:58,BAD,txn_0001217,cust_payer_95074,USA,1153.74,cust_payee_09270,USA,MILESTONE_PAYMENT,proofrail_synthetic,conditional_settlement_case,TRUE,proofrail,synthetic_research
2026-01-06T15:59,GOOD,txn_0001218,cust_payer_68685,USA,6408.33,cust_payee_31714,USA,MILESTONE_PAYMENT,proofrail_synthetic,conditional_settlement_case,FALSE,proofrail,synthetic_research
2026-01-06T16:06,REVIEW,txn_0001219,cust_payer_32948,USA,1968.07,cust_payee_39266,GERMANY,GOODS_SETTLEMENT,proofrail_synthetic,conditional_settlement_case,TRUE,proofrail,synthetic_research
2026-01-06T16:10,REVIEW,txn_0001220,cust_payer_70805,USA,12903.55,cust_payee_06218,UNITED-KINGDOM,SERVICE_RETAINER,proofrail_synthetic,conditional_settlement_case,TRUE,proofrail,synthetic_research
2026-01-06T16:11,GOOD,txn_0001221,cust_payer_70890,USA,571.45,cust_payee_43688,USA,GOODS_SETTLEMENT,proofrail_synthetic,conditional_settlement_case,FALSE,proofrail,synthetic_research
2026-01-06T16:11,GOOD,txn_0001222,cust_payer_38658,USA,2558.56,cust_payee_92296,USA,SERVICE_RETAINER,proofrail_synthetic,conditional_settlement_case,FALSE,proofrail,synthetic_research
2026-01-06T16:13,GOOD,txn_0001223,cust_payer_10900,USA,159.25,cust_payee_89469,USA,MILESTONE_PAYMENT,proofrail_synthetic,conditional_settlement_case,FALSE,proofrail,synthetic_research
2026-01-06T16:13,GOOD,txn_0001224,cust_payer_14549,USA,825.06,cust_payee_44206,CANADA,MILESTONE_PAYMENT,proofrail_synthetic,conditional_settlement_case,FALSE,proofrail,synthetic_research
2026-01-06T16:14,GOOD,txn_0001225,cust_payer_05745,USA,4836.64,cust_payee_64529,USA,MILESTONE_PAYMENT,proofrail_synthetic,conditional_settlement_case,FALSE,proofrail,synthetic_research
2026-01-06T16:15,REVIEW,txn_0001226,cust_payer_08620,MEXICO,6288.87,cust_payee_06311,USA,INVOICE_PAYMENT,proofrail_synthetic,conditional_settlement_case,TRUE,proofrail,synthetic_research
2026-01-06T16:17,GOOD,txn_0001227,cust_payer_99657,USA,8716.22,cust_payee_37253,UNITED-KINGDOM,INVOICE_PAYMENT,proofrail_synthetic,conditional_settlement_case,FALSE,proofrail,synthetic_research
2026-01-06T16:20,GOOD,txn_0001228,cust_payer_89919,USA,826.27,cust_payee_74329,USA,INVOICE_PAYMENT,proofrail_synthetic,conditional_settlement_case,FALSE,proofrail,synthetic_research
2026-01-06T16:22,GOOD,txn_0001229,cust_payer_62587,USA,2754,cust_payee_34442,USA,SERVICE_RETAINER,proofrail_synthetic,conditional_settlement_case,FALSE,proofrail,synthetic_research
2026-01-06T16:23,BAD,txn_0001230,cust_payer_91605,USA,5096.87,cust_payee_49148,USA,MILESTONE_PAYMENT,proofrail_synthetic,conditional_settlement_case,TRUE,proofrail,synthetic_research
2026-01-06T16:23,GOOD,txn_0001231,cust_payer_27855,USA,936.4,cust_payee_49740,USA,INVOICE_PAYMENT,proofrail_synthetic,conditional_settlement_case,FALSE,proofrail,synthetic_research
2026-01-06T16:23,GOOD,txn_0001232,cust_payer_29010,USA,5101.09,cust_payee_40333,USA,GOODS_SETTLEMENT,proofrail_synthetic,conditional_settlement_case,FALSE,proofrail,synthetic_research
2026-01-06T16:26,REVIEW,txn_0001233,cust_payer_70912,USA,805.41,cust_payee_72848,USA,MILESTONE_PAYMENT,proofrail_synthetic,conditional_settlement_case,TRUE,proofrail,synthetic_research
2026-01-06T16:26,GOOD,txn_0001234,cust_payer_73738,USA,694.16,cust_payee_72940,USA,INVOICE_PAYMENT,proofrail_synthetic,conditional_settlement_case,FALSE,proofrail,synthetic_research
2026-01-06T16:31,REVIEW,txn_0001235,cust_payer_31493,USA,1389.13,cust_payee_54930,CANADA,MILESTONE_PAYMENT,proofrail_synthetic,conditional_settlement_case,TRUE,proofrail,synthetic_research
2026-01-06T16:32,GOOD,txn_0001236,cust_payer_16526,USA,2186.86,cust_payee_00144,CANADA,GOODS_SETTLEMENT,proofrail_synthetic,conditional_settlement_case,FALSE,proofrail,synthetic_research
2026-01-06T16:33,GOOD,txn_0001237,cust_payer_68739,USA,3939.34,cust_payee_16318,USA,INVOICE_PAYMENT,proofrail_synthetic,conditional_settlement_case,FALSE,proofrail,synthetic_research
2026-01-06T16:34,REVIEW,txn_0001238,cust_payer_95726,USA,1051.24,cust_payee_77142,GERMANY,MILESTONE_PAYMENT,proofrail_synthetic,conditional_settlement_case,FALSE,proofrail,synthetic_research
2026-01-06T16:38,GOOD,txn_0001239,cust_payer_62751,CANADA,12124.28,cust_payee_70121,USA,INVOICE_PAYMENT,proofrail_synthetic,conditional_settlement_case,FALSE,proofrail,synthetic_research
2026-01-06T16:38,BAD,txn_0001240,cust_payer_40763,USA,2386.33,cust_payee_07002,USA,INVOICE_PAYMENT,proofrail_synthetic,conditional_settlement_case,TRUE,proofrail,synthetic_research
2026-01-06T16:38,GOOD,txn_0001241,cust_payer_20381,USA,1603.11,cust_payee_07755,USA,INVOICE_PAYMENT,proofrail_synthetic,conditional_settlement_case,FALSE,proofrail,synthetic_research
2026-01-06T16:39,GOOD,txn_0001242,cust_payer_93132,USA,699.93,cust_payee_25728,USA,MILESTONE_PAYMENT,proofrail_synthetic,conditional_settlement_case,FALSE,proofrail,synthetic_research
2026-01-06T16:40,GOOD,txn_0001243,cust_payer_57529,USA,4022.31,cust_payee_65278,USA,SERVICE_RETAINER,proofrail_synthetic,conditional_settlement_case,FALSE,proofrail,synthetic_research
2026-01-06T16:40,REVIEW,txn_0001244,cust_payer_33223,CANADA,2527.2,cust_payee_51888,USA,MILESTONE_PAYMENT,proofrail_synthetic,conditional_settlement_case,TRUE,proofrail,synthetic_research
2026-01-06T16:41,GOOD,txn_0001245,cust_payer_29393,USA,150.98,cust_payee_17305,SINGAPORE,MILESTONE_PAYMENT,proofrail_synthetic,conditional_settlement_case,FALSE,proofrail,synthetic_research
2026-01-06T16:44,BAD,txn_0001246,cust_payer_20857,USA,794.8,cust_payee_76290,USA,MILESTONE_PAYMENT,proofrail_synthetic,conditional_settlement_case,TRUE,proofrail,synthetic_research
2026-01-06T16:44,REVIEW,txn_0001247,cust_payer_10638,USA,658.85,cust_payee_26611,USA,MILESTONE_PAYMENT,proofrail_synthetic,conditional_settlement_case,TRUE,proofrail,synthetic_research
2026-01-06T16:45,GOOD,txn_0001248,cust_payer_91807,USA,10774.47,cust_payee_51643,USA,SERVICE_RETAINER,proofrail_synthetic,conditional_settlement_case,FALSE,proofrail,synthetic_research
2026-01-06T16:50,REVIEW,txn_0001249,cust_payer_51317,USA,650.99,cust_payee_25736,USA,INVOICE_PAYMENT,proofrail_synthetic,conditional_settlement_case,TRUE,proofrail,synthetic_research
2026-01-06T16:51,GOOD,txn_0001250,cust_payer_56865,USA,2260.85,cust_payee_15398,USA,GOODS_SETTLEMENT,proofrail_synthetic,conditional_settlement_case,FALSE,proofrail,synthetic_research
2026-01-06T16:51,BAD,txn_0001251,cust_payer_89022,MEXICO,2911.03,cust_payee_67462,USA,MILESTONE_PAYMENT,proofrail_synthetic,conditional_settlement_case,TRUE,proofrail,synthetic_research
2026-01-06T16:55,GOOD,txn_0001252,cust_payer_93221,USA,1041.81,cust_payee_11094,USA,SERVICE_RETAINER,proofrail_synthetic,conditional_settlement_case,FALSE,proofrail,synthetic_research
2026-01-06T17:00,REVIEW,txn_0001253,cust_payer_24466,USA,8424.6,cust_payee_47925,USA,MILESTONE_PAYMENT,proofrail_synthetic,conditional_settlement_case,TRUE,proofrail,synthetic_research
2026-01-06T17:01,GOOD,txn_0001254,cust_payer_49003,USA,1164.97,cust_payee_94211,USA,INVOICE_PAYMENT,proofrail_synthetic,conditional_settlement_case,FALSE,proofrail,synthetic_research
2026-01-06T17:03,REVIEW,txn_0001255,cust_payer_35161,USA,1309.75,cust_payee_94601,MEXICO,GOODS_SETTLEMENT,proofrail_synthetic,conditional_settlement_case,TRUE,proofrail,synthetic_research
2026-01-06T17:04,GOOD,txn_0001256,cust_payer_08334,USA,7591.06,cust_payee_56480,USA,INVOICE_PAYMENT,proofrail_synthetic,conditional_settlement_case,FALSE,proofrail,synthetic_research
2026-01-06T17:06,GOOD,txn_0001257,cust_payer_24297,USA,7775.04,cust_payee_99670,USA,SERVICE_RETAINER,proofrail_synthetic,conditional_settlement_case,FALSE,proofrail,synthetic_research
2026-01-06T17:07,GOOD,txn_0001258,cust_payer_94032,USA,6561.57,cust_payee_77137,MEXICO,GOODS_SETTLEMENT,proofrail_synthetic,conditional_settlement_case,FALSE,proofrail,synthetic_research
2026-01-06T17:11,GOOD,txn_0001259,cust_payer_15250,USA,3082.77,cust_payee_39453,USA,SERVICE_RETAINER,proofrail_synthetic,conditional_settlement_case,FALSE,proofrail,synthetic_research
2026-01-06T17:16,GOOD,txn_0001260,cust_payer_46697,USA,6940.16,cust_payee_21891,USA,GOODS_SETTLEMENT,proofrail_synthetic,conditional_settlement_case,FALSE,proofrail,synthetic_research
2026-01-06T17:16,GOOD,txn_0001261,cust_payer_89166,USA,652.06,cust_payee_85261,USA,INVOICE_PAYMENT,proofrail_synthetic,conditional_settlement_case,FALSE,proofrail,synthetic_research
2026-01-06T17:19,GOOD,txn_0001262,cust_payer_19345,USA,4617.04,cust_payee_29172,USA,SERVICE_RETAINER,proofrail_synthetic,conditional_settlement_case,FALSE,proofrail,synthetic_research
2026-01-06T17:23,GOOD,txn_0001263,cust_payer_82484,USA,1601.62,cust_payee_91786,USA,INVOICE_PAYMENT,proofrail_synthetic,conditional_settlement_case,FALSE,proofrail,synthetic_research
2026-01-06T17:25,GOOD,txn_0001264,cust_payer_08614,CANADA,11642.45,cust_payee_40526,USA,INVOICE_PAYMENT,proofrail_synthetic,conditional_settlement_case,FALSE,proofrail,synthetic_research
2026-01-06T17:27,GOOD,txn_0001265,cust_payer_69349,USA,27172.58,cust_payee_82254,USA,INVOICE_PAYMENT,proofrail_synthetic,conditional_settlement_case,FALSE,proofrail,synthetic_research
2026-01-06T17:29,GOOD,txn_0001266,cust_payer_24444,USA,2644.14,cust_payee_75447,USA,INVOICE_PAYMENT,proofrail_synthetic,conditional_settlement_case,FALSE,proofrail,synthetic_research
2026-01-06T17:29,BAD,txn_0001267,cust_payer_19763,USA,3663.07,cust_payee_83878,USA,INVOICE_PAYMENT,proofrail_synthetic,conditional_settlement_case,TRUE,proofrail,synthetic_research
2026-01-06T17:31,GOOD,txn_0001268,cust_payer_29557,USA,21597.49,cust_payee_16935,GERMANY,INVOICE_PAYMENT,proofrail_synthetic,conditional_settlement_case,FALSE,proofrail,synthetic_research
2026-01-06T17:33,BAD,txn_0001269,cust_payer_20762,USA,6485.27,cust_payee_26202,USA,INVOICE_PAYMENT,proofrail_synthetic,conditional_settlement_case,TRUE,proofrail,synthetic_research
2026-01-06T17:35,BAD,txn_0001270,cust_payer_64618,UNITED-KINGDOM,6222.59,cust_payee_87323,USA,SERVICE_RETAINER,proofrail_synthetic,conditional_settlement_case,TRUE,proofrail,synthetic_research
2026-01-06T17:35,GOOD,txn_0001271,cust_payer_28403,USA,2158.53,cust_payee_90552,USA,INVOICE_PAYMENT,proofrail_synthetic,conditional_settlement_case,FALSE,proofrail,synthetic_research
2026-01-06T17:36,REVIEW,txn_0001272,cust_payer_87164,USA,566.38,cust_payee_89828,USA,GOODS_SETTLEMENT,proofrail_synthetic,conditional_settlement_case,FALSE,proofrail,synthetic_research
2026-01-06T17:39,BAD,txn_0001273,cust_payer_31752,USA,1534.82,cust_payee_83288,USA,MILESTONE_PAYMENT,proofrail_synthetic,conditional_settlement_case,TRUE,proofrail,synthetic_research
2026-01-06T17:39,GOOD,txn_0001274,cust_payer_87688,USA,2457.05,cust_payee_41322,USA,INVOICE_PAYMENT,proofrail_synthetic,conditional_settlement_case,FALSE,proofrail,synthetic_research
2026-01-06T17:40,GOOD,txn_0001275,cust_payer_37595,USA,4685.25,cust_payee_87028,USA,MILESTONE_PAYMENT,proofrail_synthetic,conditional_settlement_case,FALSE,proofrail,synthetic_research
2026-01-06T17:43,GOOD,txn_0001276,cust_payer_82079,GERMANY,1763.37,cust_payee_86467,USA,INVOICE_PAYMENT,proofrail_synthetic,conditional_settlement_case,FALSE,proofrail,synthetic_research
2026-01-06T17:44,GOOD,txn_0001277,cust_payer_49280,USA,918.53,cust_payee_77651,USA,GOODS_SETTLEMENT,proofrail_synthetic,conditional_settlement_case,FALSE,proofrail,synthetic_research
2026-01-06T17:44,REVIEW,txn_0001278,cust_payer_40303,USA,2478.96,cust_payee_09607,USA,MILESTONE_PAYMENT,proofrail_synthetic,conditional_settlement_case,TRUE,proofrail,synthetic_research
2026-01-06T17:45,REVIEW,txn_0001279,cust_payer_09725,USA,1660.51,cust_payee_21624,USA,GOODS_SETTLEMENT,proofrail_synthetic,conditional_settlement_case,FALSE,proofrail,synthetic_research
2026-01-06T17:47,GOOD,txn_0001280,cust_payer_69523,USA,6307.61,cust_payee_70093,USA,GOODS_SETTLEMENT,proofrail_synthetic,conditional_settlement_case,FALSE,proofrail,synthetic_research
2026-01-06T17:47,GOOD,txn_0001281,cust_payer_24691,USA,610.17,cust_payee_04048,USA,GOODS_SETTLEMENT,proofrail_synthetic,conditional_settlement_case,FALSE,proofrail,synthetic_research
2026-01-06T17:48,GOOD,txn_0001282,cust_payer_37066,USA,6855.15,cust_payee_73799,USA,INVOICE_PAYMENT,proofrail_synthetic,conditional_settlement_case,FALSE,proofrail,synthetic_research
2026-01-06T17:49,GOOD,txn_0001283,cust_payer_39026,USA,1119.44,cust_payee_75026,MEXICO,SERVICE_RETAINER,proofrail_synthetic,conditional_settlement_case,FALSE,proofrail,synthetic_research
2026-01-06T17:49,GOOD,txn_0001284,cust_payer_91624,USA,1802.41,cust_payee_28914,GERMANY,MILESTONE_PAYMENT,proofrail_synthetic,conditional_settlement_case,FALSE,proofrail,synthetic_research
2026-01-06T17:50,GOOD,txn_0001285,cust_payer_91219,USA,332.72,cust_payee_49828,USA,SERVICE_RETAINER,proofrail_synthetic,conditional_settlement_case,FALSE,proofrail,synthetic_research
2026-01-06T17:50,GOOD,txn_0001286,cust_payer_30772,UNITED-KINGDOM,840.15,cust_payee_10272,USA,INVOICE_PAYMENT,proofrail_synthetic,conditional_settlement_case,FALSE,proofrail,synthetic_research
2026-01-06T17:51,GOOD,txn_0001287,cust_payer_43308,UNITED-KINGDOM,9748.05,cust_payee_98792,USA,INVOICE_PAYMENT,proofrail_synthetic,conditional_settlement_case,FALSE,proofrail,synthetic_research
2026-01-06T17:52,BAD,txn_0001288,cust_payer_98695,CANADA,3546.26,cust_payee_79622,USA,INVOICE_PAYMENT,proofrail_synthetic,conditional_settlement_case,TRUE,proofrail,synthetic_research
2026-01-06T17:55,REVIEW,txn_0001289,cust_payer_91700,USA,976.54,cust_payee_73579,USA,MILESTONE_PAYMENT,proofrail_synthetic,conditional_settlement_case,TRUE,proofrail,synthetic_research
2026-01-06T17:56,REVIEW,txn_0001290,cust_payer_35339,USA,5465.85,cust_payee_13076,CANADA,MILESTONE_PAYMENT,proofrail_synthetic,conditional_settlement_case,FALSE,proofrail,synthetic_research
2026-01-06T17:57,GOOD,txn_0001291,cust_payer_67971,USA,2397.31,cust_payee_45580,USA,MILESTONE_PAYMENT,proofrail_synthetic,conditional_settlement_case,FALSE,proofrail,synthetic_research
2026-01-06T17:57,GOOD,txn_0001292,cust_payer_08401,USA,1194.95,cust_payee_19449,USA,MILESTONE_PAYMENT,proofrail_synthetic,conditional_settlement_case,FALSE,proofrail,synthetic_research
2026-01-06T17:59,REVIEW,txn_0001293,cust_payer_77976,USA,1488.38,cust_payee_51329,CANADA,INVOICE_PAYMENT,proofrail_synthetic,conditional_settlement_case,TRUE,proofrail,synthetic_research
2026-01-06T17:59,REVIEW,txn_0001294,cust_payer_47251,USA,19276.42,cust_payee_72424,USA,GOODS_SETTLEMENT,proofrail_synthetic,conditional_settlement_case,TRUE,proofrail,synthetic_research
2026-01-06T17:59,GOOD,txn_0001295,cust_payer_53399,USA,7023.42,cust_payee_20654,USA,GOODS_SETTLEMENT,proofrail_synthetic,conditional_settlement_case,FALSE,proofrail,synthetic_research
2026-01-06T18:01,GOOD,txn_0001296,cust_payer_54485,USA,866.78,cust_payee_66118,USA,INVOICE_PAYMENT,proofrail_synthetic,conditional_settlement_case,FALSE,proofrail,synthetic_research
2026-01-06T18:05,BAD,txn_0001297,cust_payer_74591,USA,8606.64,cust_payee_36777,CANADA,GOODS_SETTLEMENT,proofrail_synthetic,conditional_settlement_case,TRUE,proofrail,synthetic_research
2026-01-06T18:12,GOOD,txn_0001298,cust_payer_39597,USA,1174.06,cust_payee_27242,USA,SERVICE_RETAINER,proofrail_synthetic,conditional_settlement_case,FALSE,proofrail,synthetic_research
2026-01-06T18:13,REVIEW,txn_0001299,cust_payer_58780,UNITED-KINGDOM,3331.5,cust_payee_98515,USA,INVOICE_PAYMENT,proofrail_synthetic,conditional_settlement_case,TRUE,proofrail,synthetic_research
2026-01-06T18:13,REVIEW,txn_0001300,cust_payer_01306,USA,1179.09,cust_payee_30111,USA,INVOICE_PAYMENT,proofrail_synthetic,conditional_settlement_case,TRUE,proofrail,synthetic_research
2026-01-06T18:16,REVIEW,txn_0001301,cust_payer_18612,USA,628.39,cust_payee_62704,USA,SERVICE_RETAINER,proofrail_synthetic,conditional_settlement_case,TRUE,proofrail,synthetic_research
2026-01-06T18:16,GOOD,txn_0001302,cust_payer_03807,USA,2883.77,cust_payee_28415,USA,GOODS_SETTLEMENT,proofrail_synthetic,conditional_settlement_case,FALSE,proofrail,synthetic_research
2026-01-06T18:18,REVIEW,txn_0001303,cust_payer_17355,USA,2254.82,cust_payee_38362,CANADA,SERVICE_RETAINER,proofrail_synthetic,conditional_settlement_case,TRUE,proofrail,synthetic_research
2026-01-06T18:19,GOOD,txn_0001304,cust_payer_34138,USA,8260.5,cust_payee_54254,CANADA,GOODS_SETTLEMENT,proofrail_synthetic,conditional_settlement_case,FALSE,proofrail,synthetic_research
2026-01-06T18:21,GOOD,txn_0001305,cust_payer_61494,MEXICO,5991.44,cust_payee_82435,USA,INVOICE_PAYMENT,proofrail_synthetic,conditional_settlement_case,FALSE,proofrail,synthetic_research
2026-01-06T18:21,REVIEW,txn_0001306,cust_payer_33387,USA,1534.16,cust_payee_66471,USA,SERVICE_RETAINER,proofrail_synthetic,conditional_settlement_case,TRUE,proofrail,synthetic_research
2026-01-06T18:23,REVIEW,txn_0001307,cust_payer_90225,USA,2123.24,cust_payee_72457,USA,SERVICE_RETAINER,proofrail_synthetic,conditional_settlement_case,TRUE,proofrail,synthetic_research
2026-01-06T18:25,GOOD,txn_0001308,cust_payer_29562,GERMANY,5930.36,cust_payee_78416,USA,GOODS_SETTLEMENT,proofrail_synthetic,conditional_settlement_case,FALSE,proofrail,synthetic_research
2026-01-06T18:26,BAD,txn_0001309,cust_payer_64518,USA,6699.45,cust_payee_50832,USA,INVOICE_PAYMENT,proofrail_synthetic,conditional_settlement_case,TRUE,proofrail,synthetic_research
2026-01-06T18:27,GOOD,txn_0001310,cust_payer_84679,USA,372.2,cust_payee_50136,USA,INVOICE_PAYMENT,proofrail_synthetic,conditional_settlement_case,FALSE,proofrail,synthetic_research
2026-01-06T18:28,GOOD,txn_0001311,cust_payer_67970,USA,119.32,cust_payee_65418,USA,INVOICE_PAYMENT,proofrail_synthetic,conditional_settlement_case,FALSE,proofrail,synthetic_research
2026-01-06T18:28,GOOD,txn_0001312,cust_payer_41055,USA,1563.64,cust_payee_24834,USA,MILESTONE_PAYMENT,proofrail_synthetic,conditional_settlement_case,FALSE,proofrail,synthetic_research
2026-01-06T18:32,GOOD,txn_0001313,cust_payer_62150,USA,2003.47,cust_payee_41800,USA,GOODS_SETTLEMENT,proofrail_synthetic,conditional_settlement_case,FALSE,proofrail,synthetic_research
2026-01-06T18:33,GOOD,txn_0001314,cust_payer_20666,USA,4906.8,cust_payee_19780,CANADA,INVOICE_PAYMENT,proofrail_synthetic,conditional_settlement_case,FALSE,proofrail,synthetic_research
2026-01-06T18:33,GOOD,txn_0001315,cust_payer_32030,USA,886.21,cust_payee_60723,USA,INVOICE_PAYMENT,proofrail_synthetic,conditional_settlement_case,FALSE,proofrail,synthetic_research
2026-01-06T18:35,GOOD,txn_0001316,cust_payer_03548,USA,2173.46,cust_payee_84713,USA,MILESTONE_PAYMENT,proofrail_synthetic,conditional_settlement_case,FALSE,proofrail,synthetic_research
2026-01-06T18:36,GOOD,txn_0001317,cust_payer_20583,CANADA,6400.66,cust_payee_08420,USA,MILESTONE_PAYMENT,proofrail_synthetic,conditional_settlement_case,FALSE,proofrail,synthetic_research
2026-01-06T18:38,GOOD,txn_0001318,cust_payer_57075,USA,34848.9,cust_payee_71230,CANADA,INVOICE_PAYMENT,proofrail_synthetic,conditional_settlement_case,FALSE,proofrail,synthetic_research
2026-01-06T18:40,GOOD,txn_0001319,cust_payer_88306,USA,2804.92,cust_payee_00126,USA,GOODS_SETTLEMENT,proofrail_synthetic,conditional_settlement_case,FALSE,proofrail,synthetic_research
2026-01-06T18:41,GOOD,txn_0001320,cust_payer_36933,USA,1482.34,cust_payee_52337,USA,GOODS_SETTLEMENT,proofrail_synthetic,conditional_settlement_case,FALSE,proofrail,synthetic_research
2026-01-06T18:41,GOOD,txn_0001321,cust_payer_25338,USA,5131.18,cust_payee_23990,USA,INVOICE_PAYMENT,proofrail_synthetic,conditional_settlement_case,FALSE,proofrail,synthetic_research
2026-01-06T18:44,REVIEW,txn_0001322,cust_payer_91753,USA,2364.82,cust_payee_14670,CANADA,SERVICE_RETAINER,proofrail_synthetic,conditional_settlement_case,FALSE,proofrail,synthetic_research
2026-01-06T18:45,GOOD,txn_0001323,cust_payer_26105,USA,3722.94,cust_payee_14536,USA,SERVICE_RETAINER,proofrail_synthetic,conditional_settlement_case,FALSE,proofrail,synthetic_research
2026-01-06T18:47,GOOD,txn_0001324,cust_payer_70680,CANADA,704.71,cust_payee_44127,USA,MILESTONE_PAYMENT,proofrail_synthetic,conditional_settlement_case,FALSE,proofrail,synthetic_research
2026-01-06T18:51,GOOD,txn_0001325,cust_payer_72503,USA,2688.43,cust_payee_90324,USA,INVOICE_PAYMENT,proofrail_synthetic,conditional_settlement_case,FALSE,proofrail,synthetic_research
2026-01-06T18:53,GOOD,txn_0001326,cust_payer_31991,CANADA,2798.91,cust_payee_29772,CANADA,INVOICE_PAYMENT,proofrail_synthetic,conditional_settlement_case,FALSE,proofrail,synthetic_research
2026-01-06T18:54,BAD,txn_0001327,cust_payer_14949,USA,1254.15,cust_payee_82721,USA,GOODS_SETTLEMENT,proofrail_synthetic,conditional_settlement_case,TRUE,proofrail,synthetic_research
2026-01-06T18:57,GOOD,txn_0001328,cust_payer_93966,CANADA,10981.31,cust_payee_79794,USA,INVOICE_PAYMENT,proofrail_synthetic,conditional_settlement_case,FALSE,proofrail,synthetic_research
2026-01-06T18:59,GOOD,txn_0001329,cust_payer_96507,USA,10393.93,cust_payee_91792,USA,GOODS_SETTLEMENT,proofrail_synthetic,conditional_settlement_case,FALSE,proofrail,synthetic_research
2026-01-06T19:00,REVIEW,txn_0001330,cust_payer_85746,USA,2921.25,cust_payee_34918,USA,GOODS_SETTLEMENT,proofrail_synthetic,conditional_settlement_case,FALSE,proofrail,synthetic_research
2026-01-06T19:02,REVIEW,txn_0001331,cust_payer_70913,USA,1259.81,cust_payee_90804,USA,SERVICE_RETAINER,proofrail_synthetic,conditional_settlement_case,FALSE,proofrail,synthetic_research
2026-01-06T19:03,GOOD,txn_0001332,cust_payer_46387,USA,1835.7,cust_payee_75334,USA,INVOICE_PAYMENT,proofrail_synthetic,conditional_settlement_case,FALSE,proofrail,synthetic_research
2026-01-06T19:04,GOOD,txn_0001333,cust_payer_01184,USA,1219.92,cust_payee_58241,USA,SERVICE_RETAINER,proofrail_synthetic,conditional_settlement_case,FALSE,proofrail,synthetic_research
2026-01-06T19:06,REVIEW,txn_0001334,cust_payer_63496,USA,522.06,cust_payee_02831,USA,INVOICE_PAYMENT,proofrail_synthetic,conditional_settlement_case,FALSE,proofrail,synthetic_research
2026-01-06T19:10,GOOD,txn_0001335,cust_payer_25368,USA,3131.91,cust_payee_79727,USA,INVOICE_PAYMENT,proofrail_synthetic,conditional_settlement_case,FALSE,proofrail,synthetic_research
2026-01-06T19:11,REVIEW,txn_0001336,cust_payer_49915,USA,1583.03,cust_payee_38400,USA,SERVICE_RETAINER,proofrail_synthetic,conditional_settlement_case,FALSE,proofrail,synthetic_research
2026-01-06T19:11,REVIEW,txn_0001337,cust_payer_04116,USA,7167.91,cust_payee_21500,USA,GOODS_SETTLEMENT,proofrail_synthetic,conditional_settlement_case,TRUE,proofrail,synthetic_research
2026-01-06T19:12,GOOD,txn_0001338,cust_payer_29025,USA,185.42,cust_payee_00072,CANADA,INVOICE_PAYMENT,proofrail_synthetic,conditional_settlement_case,FALSE,proofrail,synthetic_research
2026-01-06T19:13,REVIEW,txn_0001339,cust_payer_97454,CANADA,3219.15,cust_payee_13892,USA,INVOICE_PAYMENT,proofrail_synthetic,conditional_settlement_case,TRUE,proofrail,synthetic_research
2026-01-06T19:13,GOOD,txn_0001340,cust_payer_78177,GERMANY,1546.85,cust_payee_46648,USA,INVOICE_PAYMENT,proofrail_synthetic,conditional_settlement_case,FALSE,proofrail,synthetic_research
2026-01-06T19:14,GOOD,txn_0001341,cust_payer_74644,USA,1939.29,cust_payee_06788,USA,MILESTONE_PAYMENT,proofrail_synthetic,conditional_settlement_case,FALSE,proofrail,synthetic_research
2026-01-06T19:14,GOOD,txn_0001342,cust_payer_35571,USA,5703.42,cust_payee_38749,USA,INVOICE_PAYMENT,proofrail_synthetic,conditional_settlement_case,FALSE,proofrail,synthetic_research
2026-01-06T19:14,BAD,txn_0001343,cust_payer_05062,USA,11908.5,cust_payee_49523,UNITED-KINGDOM,GOODS_SETTLEMENT,proofrail_synthetic,conditional_settlement_case,TRUE,proofrail,synthetic_research
2026-01-06T19:14,GOOD,txn_0001344,cust_payer_01038,USA,2106.73,cust_payee_43488,USA,GOODS_SETTLEMENT,proofrail_synthetic,conditional_settlement_case,FALSE,proofrail,synthetic_research
2026-01-06T19:15,BAD,txn_0001345,cust_payer_29208,CANADA,1484.78,cust_payee_78746,USA,INVOICE_PAYMENT,proofrail_synthetic,conditional_settlement_case,TRUE,proofrail,synthetic_research
2026-01-06T19:15,GOOD,txn_0001346,cust_payer_21788,USA,895.63,cust_payee_91950,USA,GOODS_SETTLEMENT,proofrail_synthetic,conditional_settlement_case,FALSE,proofrail,synthetic_research
2026-01-06T19:16,BAD,txn_0001347,cust_payer_60728,USA,1266.51,cust_payee_64836,USA,SERVICE_RETAINER,proofrail_synthetic,conditional_settlement_case,TRUE,proofrail,synthetic_research
2026-01-06T19:16,GOOD,txn_0001348,cust_payer_45388,USA,2827.9,cust_payee_18343,GERMANY,INVOICE_PAYMENT,proofrail_synthetic,conditional_settlement_case,FALSE,proofrail,synthetic_research
2026-01-06T19:17,GOOD,txn_0001349,cust_payer_78550,USA,1803.51,cust_payee_12157,USA,INVOICE_PAYMENT,proofrail_synthetic,conditional_settlement_case,FALSE,proofrail,synthetic_research
2026-01-06T19:17,GOOD,txn_0001350,cust_payer_76098,USA,6441.15,cust_payee_39359,USA,MILESTONE_PAYMENT,proofrail_synthetic,conditional_settlement_case,FALSE,proofrail,synthetic_research
2026-01-06T19:17,GOOD,txn_0001351,cust_payer_28544,USA,2551.83,cust_payee_55219,USA,INVOICE_PAYMENT,proofrail_synthetic,conditional_settlement_case,FALSE,proofrail,synthetic_research
2026-01-06T19:20,REVIEW,txn_0001352,cust_payer_72984,USA,474.93,cust_payee_08955,USA,SERVICE_RETAINER,proofrail_synthetic,conditional_settlement_case,FALSE,proofrail,synthetic_research
2026-01-06T19:21,GOOD,txn_0001353,cust_payer_86625,USA,1674.07,cust_payee_27880,USA,INVOICE_PAYMENT,proofrail_synthetic,conditional_settlement_case,FALSE,proofrail,synthetic_research
2026-01-06T19:22,GOOD,txn_0001354,cust_payer_50007,USA,1904.93,cust_payee_65086,MEXICO,GOODS_SETTLEMENT,proofrail_synthetic,conditional_settlement_case,FALSE,proofrail,synthetic_research
2026-01-06T19:23,BAD,txn_0001355,cust_payer_75444,USA,153.59,cust_payee_33680,GERMANY,SERVICE_RETAINER,proofrail_synthetic,conditional_settlement_case,TRUE,proofrail,synthetic_research
2026-01-06T19:24,REVIEW,txn_0001356,cust_payer_44602,UNITED-KINGDOM,3739.89,cust_payee_62875,CANADA,GOODS_SETTLEMENT,proofrail_synthetic,conditional_settlement_case,TRUE,proofrail,synthetic_research
2026-01-06T19:28,GOOD,txn_0001357,cust_payer_22309,MEXICO,4246.44,cust_payee_85270,USA,INVOICE_PAYMENT,proofrail_synthetic,conditional_settlement_case,FALSE,proofrail,synthetic_research
2026-01-06T19:28,GOOD,txn_0001358,cust_payer_48620,USA,6892.78,cust_payee_64262,USA,SERVICE_RETAINER,proofrail_synthetic,conditional_settlement_case,FALSE,proofrail,synthetic_research
2026-01-06T19:30,GOOD,txn_0001359,cust_payer_79850,CANADA,750.09,cust_payee_86552,CANADA,MILESTONE_PAYMENT,proofrail_synthetic,conditional_settlement_case,FALSE,proofrail,synthetic_research
2026-01-06T19:34,BAD,txn_0001360,cust_payer_98385,USA,2264.43,cust_payee_76101,USA,GOODS_SETTLEMENT,proofrail_synthetic,conditional_settlement_case,TRUE,proofrail,synthetic_research
2026-01-06T19:40,GOOD,txn_0001361,cust_payer_13738,USA,4488.57,cust_payee_10879,USA,SERVICE_RETAINER,proofrail_synthetic,conditional_settlement_case,FALSE,proofrail,synthetic_research
2026-01-06T19:43,REVIEW,txn_0001362,cust_payer_10458,USA,3647.57,cust_payee_36059,CANADA,GOODS_SETTLEMENT,proofrail_synthetic,conditional_settlement_case,TRUE,proofrail,synthetic_research
2026-01-06T19:45,BAD,txn_0001363,cust_payer_58366,USA,7689.57,cust_payee_61344,CANADA,SERVICE_RETAINER,proofrail_synthetic,conditional_settlement_case,TRUE,proofrail,synthetic_research
2026-01-06T19:45,REVIEW,txn_0001364,cust_payer_94623,CANADA,1226.65,cust_payee_60907,USA,INVOICE_PAYMENT,proofrail_synthetic,conditional_settlement_case,TRUE,proofrail,synthetic_research
2026-01-06T19:45,GOOD,txn_0001365,cust_payer_69814,USA,4891.77,cust_payee_16470,USA,MILESTONE_PAYMENT,proofrail_synthetic,conditional_settlement_case,FALSE,proofrail,synthetic_research
2026-01-06T19:48,REVIEW,txn_0001366,cust_payer_65836,USA,423.89,cust_payee_94003,USA,MILESTONE_PAYMENT,proofrail_synthetic,conditional_settlement_case,FALSE,proofrail,synthetic_research
2026-01-06T19:48,BAD,txn_0001367,cust_payer_57655,USA,2690.61,cust_payee_10338,USA,INVOICE_PAYMENT,proofrail_synthetic,conditional_settlement_case,TRUE,proofrail,synthetic_research
2026-01-06T19:53,GOOD,txn_0001368,cust_payer_98472,USA,618.79,cust_payee_56388,USA,MILESTONE_PAYMENT,proofrail_synthetic,conditional_settlement_case,FALSE,proofrail,synthetic_research
2026-01-06T19:54,GOOD,txn_0001369,cust_payer_15164,MEXICO,3620.93,cust_payee_13273,USA,INVOICE_PAYMENT,proofrail_synthetic,conditional_settlement_case,FALSE,proofrail,synthetic_research
2026-01-06T19:55,GOOD,txn_0001370,cust_payer_44973,USA,509.98,cust_payee_32686,USA,SERVICE_RETAINER,proofrail_synthetic,conditional_settlement_case,FALSE,proofrail,synthetic_research
2026-01-06T19:55,GOOD,txn_0001371,cust_payer_83207,GERMANY,612.4,cust_payee_39271,GERMANY,INVOICE_PAYMENT,proofrail_synthetic,conditional_settlement_case,FALSE,proofrail,synthetic_research
2026-01-06T19:56,GOOD,txn_0001372,cust_payer_66731,USA,782.25,cust_payee_13429,USA,GOODS_SETTLEMENT,proofrail_synthetic,conditional_settlement_case,FALSE,proofrail,synthetic_research
2026-01-06T19:56,GOOD,txn_0001373,cust_payer_52709,USA,538.81,cust_payee_34096,USA,INVOICE_PAYMENT,proofrail_synthetic,conditional_settlement_case,FALSE,proofrail,synthetic_research
2026-01-06T19:57,GOOD,txn_0001374,cust_payer_35340,CANADA,4067.79,cust_payee_41931,USA,GOODS_SETTLEMENT,proofrail_synthetic,conditional_settlement_case,FALSE,proofrail,synthetic_research
2026-01-06T20:01,GOOD,txn_0001375,cust_payer_02789,MEXICO,5263.16,cust_payee_84123,SINGAPORE,MILESTONE_PAYMENT,proofrail_synthetic,conditional_settlement_case,FALSE,proofrail,synthetic_research
2026-01-06T20:01,REVIEW,txn_0001376,cust_payer_27298,USA,23015.56,cust_payee_77418,USA,MILESTONE_PAYMENT,proofrail_synthetic,conditional_settlement_case,TRUE,proofrail,synthetic_research
2026-01-06T20:01,BAD,txn_0001377,cust_payer_62246,USA,1261.73,cust_payee_58918,USA,MILESTONE_PAYMENT,proofrail_synthetic,conditional_settlement_case,TRUE,proofrail,synthetic_research
2026-01-06T20:07,GOOD,txn_0001378,cust_payer_24418,USA,2669.91,cust_payee_71428,USA,SERVICE_RETAINER,proofrail_synthetic,conditional_settlement_case,FALSE,proofrail,synthetic_research
2026-01-06T20:08,GOOD,txn_0001379,cust_payer_17558,USA,5350.16,cust_payee_00960,USA,GOODS_SETTLEMENT,proofrail_synthetic,conditional_settlement_case,FALSE,proofrail,synthetic_research
2026-01-06T20:10,GOOD,txn_0001380,cust_payer_84312,USA,1196.09,cust_payee_09868,USA,MILESTONE_PAYMENT,proofrail_synthetic,conditional_settlement_case,FALSE,proofrail,synthetic_research
2026-01-06T20:11,REVIEW,txn_0001381,cust_payer_97572,USA,2136.22,cust_payee_51089,USA,MILESTONE_PAYMENT,proofrail_synthetic,conditional_settlement_case,FALSE,proofrail,synthetic_research
2026-01-06T20:14,GOOD,txn_0001382,cust_payer_90951,USA,971.43,cust_payee_84632,USA,GOODS_SETTLEMENT,proofrail_synthetic,conditional_settlement_case,FALSE,proofrail,synthetic_research
2026-01-06T20:15,GOOD,txn_0001383,cust_payer_19571,USA,736.03,cust_payee_71586,MEXICO,INVOICE_PAYMENT,proofrail_synthetic,conditional_settlement_case,FALSE,proofrail,synthetic_research
2026-01-06T20:16,REVIEW,txn_0001384,cust_payer_53644,USA,2072.56,cust_payee_71265,USA,GOODS_SETTLEMENT,proofrail_synthetic,conditional_settlement_case,TRUE,proofrail,synthetic_research
2026-01-06T20:16,GOOD,txn_0001385,cust_payer_98650,USA,475,cust_payee_04537,USA,INVOICE_PAYMENT,proofrail_synthetic,conditional_settlement_case,FALSE,proofrail,synthetic_research
2026-01-06T20:16,GOOD,txn_0001386,cust_payer_03271,USA,672.75,cust_payee_33278,USA,MILESTONE_PAYMENT,proofrail_synthetic,conditional_settlement_case,FALSE,proofrail,synthetic_research
2026-01-06T20:16,GOOD,txn_0001387,cust_payer_53355,USA,2379.39,cust_payee_07051,USA,INVOICE_PAYMENT,proofrail_synthetic,conditional_settlement_case,FALSE,proofrail,synthetic_research
2026-01-06T20:17,GOOD,txn_0001388,cust_payer_28138,MEXICO,698.68,cust_payee_77033,UNITED-KINGDOM,INVOICE_PAYMENT,proofrail_synthetic,conditional_settlement_case,FALSE,proofrail,synthetic_research
2026-01-06T20:17,REVIEW,txn_0001389,cust_payer_80875,USA,1309.88,cust_payee_02963,USA,INVOICE_PAYMENT,proofrail_synthetic,conditional_settlement_case,TRUE,proofrail,synthetic_research
2026-01-06T20:17,REVIEW,txn_0001390,cust_payer_88753,USA,1749.16,cust_payee_17556,USA,GOODS_SETTLEMENT,proofrail_synthetic,conditional_settlement_case,FALSE,proofrail,synthetic_research
2026-01-06T20:19,REVIEW,txn_0001391,cust_payer_11917,USA,3977.53,cust_payee_22378,USA,INVOICE_PAYMENT,proofrail_synthetic,conditional_settlement_case,FALSE,proofrail,synthetic_research
2026-01-06T20:20,GOOD,txn_0001392,cust_payer_16634,UNITED-KINGDOM,2332.44,cust_payee_28036,USA,GOODS_SETTLEMENT,proofrail_synthetic,conditional_settlement_case,FALSE,proofrail,synthetic_research
2026-01-06T20:26,REVIEW,txn_0001393,cust_payer_14358,CANADA,1780,cust_payee_74959,USA,INVOICE_PAYMENT,proofrail_synthetic,conditional_settlement_case,TRUE,proofrail,synthetic_research
2026-01-06T20:28,REVIEW,txn_0001394,cust_payer_25872,USA,594.55,cust_payee_42735,USA,INVOICE_PAYMENT,proofrail_synthetic,conditional_settlement_case,TRUE,proofrail,synthetic_research
2026-01-06T20:28,GOOD,txn_0001395,cust_payer_24575,USA,3361.37,cust_payee_19404,USA,GOODS_SETTLEMENT,proofrail_synthetic,conditional_settlement_case,FALSE,proofrail,synthetic_research
2026-01-06T20:29,GOOD,txn_0001396,cust_payer_77824,USA,1279.78,cust_payee_14580,USA,SERVICE_RETAINER,proofrail_synthetic,conditional_settlement_case,FALSE,proofrail,synthetic_research
2026-01-06T20:31,GOOD,txn_0001397,cust_payer_18202,USA,4097.64,cust_payee_89852,USA,INVOICE_PAYMENT,proofrail_synthetic,conditional_settlement_case,FALSE,proofrail,synthetic_research
2026-01-06T20:34,REVIEW,txn_0001398,cust_payer_44151,USA,3595.09,cust_payee_39349,CANADA,MILESTONE_PAYMENT,proofrail_synthetic,conditional_settlement_case,TRUE,proofrail,synthetic_research
2026-01-06T20:34,GOOD,txn_0001399,cust_payer_28721,USA,7888.5,cust_payee_32643,USA,SERVICE_RETAINER,proofrail_synthetic,conditional_settlement_case,FALSE,proofrail,synthetic_research
2026-01-06T20:36,GOOD,txn_0001400,cust_payer_43218,USA,358.3,cust_payee_65700,USA,GOODS_SETTLEMENT,proofrail_synthetic,conditional_settlement_case,FALSE,proofrail,synthetic_research
2026-01-06T20:37,GOOD,txn_0001401,cust_payer_53886,USA,899.27,cust_payee_03929,USA,MILESTONE_PAYMENT,proofrail_synthetic,conditional_settlement_case,FALSE,proofrail,synthetic_research
2026-01-06T20:37,GOOD,txn_0001402,cust_payer_18082,USA,1695.87,cust_payee_34996,USA,INVOICE_PAYMENT,proofrail_synthetic,conditional_settlement_case,FALSE,proofrail,synthetic_research
2026-01-06T20:40,BAD,txn_0001403,cust_payer_37878,USA,4518.07,cust_payee_00148,USA,GOODS_SETTLEMENT,proofrail_synthetic,conditional_settlement_case,TRUE,proofrail,synthetic_research
2026-01-06T20:42,GOOD,txn_0001404,cust_payer_25252,USA,1027.45,cust_payee_53948,SINGAPORE,INVOICE_PAYMENT,proofrail_synthetic,conditional_settlement_case,FALSE,proofrail,synthetic_research
2026-01-06T20:42,REVIEW,txn_0001405,cust_payer_54877,GERMANY,2892.82,cust_payee_09103,USA,INVOICE_PAYMENT,proofrail_synthetic,conditional_settlement_case,FALSE,proofrail,synthetic_research
2026-01-06T20:43,GOOD,txn_0001406,cust_payer_34669,USA,479.79,cust_payee_55899,USA,MILESTONE_PAYMENT,proofrail_synthetic,conditional_settlement_case,FALSE,proofrail,synthetic_research
2026-01-06T20:43,REVIEW,txn_0001407,cust_payer_96339,USA,6539.32,cust_payee_82202,USA,INVOICE_PAYMENT,proofrail_synthetic,conditional_settlement_case,TRUE,proofrail,synthetic_research
2026-01-06T20:47,GOOD,txn_0001408,cust_payer_95750,USA,1462.56,cust_payee_98818,CANADA,INVOICE_PAYMENT,proofrail_synthetic,conditional_settlement_case,FALSE,proofrail,synthetic_research
2026-01-06T20:50,GOOD,txn_0001409,cust_payer_03297,USA,586.37,cust_payee_14035,USA,SERVICE_RETAINER,proofrail_synthetic,conditional_settlement_case,FALSE,proofrail,synthetic_research
2026-01-06T20:51,REVIEW,txn_0001410,cust_payer_55294,USA,2455.06,cust_payee_10889,MEXICO,INVOICE_PAYMENT,proofrail_synthetic,conditional_settlement_case,TRUE,proofrail,synthetic_research
2026-01-06T20:52,GOOD,txn_0001411,cust_payer_54829,MEXICO,10243.06,cust_payee_92222,USA,INVOICE_PAYMENT,proofrail_synthetic,conditional_settlement_case,FALSE,proofrail,synthetic_research
2026-01-06T20:53,REVIEW,txn_0001412,cust_payer_35333,USA,8512.49,cust_payee_81730,USA,INVOICE_PAYMENT,proofrail_synthetic,conditional_settlement_case,FALSE,proofrail,synthetic_research
2026-01-06T20:58,GOOD,txn_0001413,cust_payer_16457,USA,1063.74,cust_payee_30841,USA,INVOICE_PAYMENT,proofrail_synthetic,conditional_settlement_case,FALSE,proofrail,synthetic_research
2026-01-06T20:59,GOOD,txn_0001414,cust_payer_98463,USA,1066.85,cust_payee_46699,USA,MILESTONE_PAYMENT,proofrail_synthetic,conditional_settlement_case,FALSE,proofrail,synthetic_research
2026-01-06T21:01,GOOD,txn_0001415,cust_payer_10527,CANADA,5736.85,cust_payee_69625,USA,MILESTONE_PAYMENT,proofrail_synthetic,conditional_settlement_case,FALSE,proofrail,synthetic_research
2026-01-06T21:02,GOOD,txn_0001416,cust_payer_69237,USA,10351.18,cust_payee_67741,SINGAPORE,GOODS_SETTLEMENT,proofrail_synthetic,conditional_settlement_case,FALSE,proofrail,synthetic_research
2026-01-06T21:03,REVIEW,txn_0001417,cust_payer_25700,USA,1221.98,cust_payee_86051,USA,INVOICE_PAYMENT,proofrail_synthetic,conditional_settlement_case,TRUE,proofrail,synthetic_research
2026-01-06T21:04,GOOD,txn_0001418,cust_payer_13171,USA,10954.53,cust_payee_93524,SINGAPORE,INVOICE_PAYMENT,proofrail_synthetic,conditional_settlement_case,FALSE,proofrail,synthetic_research
2026-01-06T21:04,GOOD,txn_0001419,cust_payer_36179,UNITED-KINGDOM,1393.07,cust_payee_04252,USA,MILESTONE_PAYMENT,proofrail_synthetic,conditional_settlement_case,FALSE,proofrail,synthetic_research
2026-01-06T21:05,REVIEW,txn_0001420,cust_payer_05976,USA,3433.68,cust_payee_98202,UNITED-KINGDOM,MILESTONE_PAYMENT,proofrail_synthetic,conditional_settlement_case,TRUE,proofrail,synthetic_research
2026-01-06T21:06,GOOD,txn_0001421,cust_payer_76263,USA,4120.09,cust_payee_84937,USA,MILESTONE_PAYMENT,proofrail_synthetic,conditional_settlement_case,FALSE,proofrail,synthetic_research
2026-01-06T21:07,GOOD,txn_0001422,cust_payer_92559,USA,9279.78,cust_payee_15648,USA,GOODS_SETTLEMENT,proofrail_synthetic,conditional_settlement_case,FALSE,proofrail,synthetic_research
2026-01-06T21:08,GOOD,txn_0001423,cust_payer_54461,USA,1942.67,cust_payee_13866,USA,INVOICE_PAYMENT,proofrail_synthetic,conditional_settlement_case,FALSE,proofrail,synthetic_research
2026-01-06T21:08,GOOD,txn_0001424,cust_payer_64280,CANADA,5276.35,cust_payee_15810,USA,INVOICE_PAYMENT,proofrail_synthetic,conditional_settlement_case,FALSE,proofrail,synthetic_research
2026-01-06T21:10,BAD,txn_0001425,cust_payer_93890,CANADA,1077.94,cust_payee_71964,USA,INVOICE_PAYMENT,proofrail_synthetic,conditional_settlement_case,TRUE,proofrail,synthetic_research
2026-01-06T21:15,GOOD,txn_0001426,cust_payer_21269,SINGAPORE,4793.45,cust_payee_15931,USA,GOODS_SETTLEMENT,proofrail_synthetic,conditional_settlement_case,FALSE,proofrail,synthetic_research
2026-01-06T21:15,GOOD,txn_0001427,cust_payer_81232,SINGAPORE,14923.42,cust_payee_90452,MEXICO,MILESTONE_PAYMENT,proofrail_synthetic,conditional_settlement_case,FALSE,proofrail,synthetic_research
2026-01-06T21:16,GOOD,txn_0001428,cust_payer_00579,USA,1944.64,cust_payee_62960,GERMANY,SERVICE_RETAINER,proofrail_synthetic,conditional_settlement_case,FALSE,proofrail,synthetic_research
2026-01-06T21:17,BAD,txn_0001429,cust_payer_29116,USA,8762.49,cust_payee_75745,USA,MILESTONE_PAYMENT,proofrail_synthetic,conditional_settlement_case,TRUE,proofrail,synthetic_research
2026-01-06T21:19,GOOD,txn_0001430,cust_payer_93626,USA,8698.28,cust_payee_72097,USA,INVOICE_PAYMENT,proofrail_synthetic,conditional_settlement_case,FALSE,proofrail,synthetic_research
2026-01-06T21:20,GOOD,txn_0001431,cust_payer_15531,USA,1684.86,cust_payee_99753,SINGAPORE,GOODS_SETTLEMENT,proofrail_synthetic,conditional_settlement_case,FALSE,proofrail,synthetic_research
2026-01-06T21:21,GOOD,txn_0001432,cust_payer_42068,USA,8940.67,cust_payee_97578,USA,GOODS_SETTLEMENT,proofrail_synthetic,conditional_settlement_case,FALSE,proofrail,synthetic_research
2026-01-06T21:22,REVIEW,txn_0001433,cust_payer_12906,CANADA,1124.65,cust_payee_44744,USA,INVOICE_PAYMENT,proofrail_synthetic,conditional_settlement_case,FALSE,proofrail,synthetic_research
2026-01-06T21:23,GOOD,txn_0001434,cust_payer_96751,USA,1927.55,cust_payee_48472,USA,GOODS_SETTLEMENT,proofrail_synthetic,conditional_settlement_case,FALSE,proofrail,synthetic_research
2026-01-06T21:24,GOOD,txn_0001435,cust_payer_34548,USA,7900.31,cust_payee_98920,USA,INVOICE_PAYMENT,proofrail_synthetic,conditional_settlement_case,FALSE,proofrail,synthetic_research
2026-01-06T21:25,GOOD,txn_0001436,cust_payer_42509,USA,1652.17,cust_payee_92495,USA,INVOICE_PAYMENT,proofrail_synthetic,conditional_settlement_case,FALSE,proofrail,synthetic_research
2026-01-06T21:33,GOOD,txn_0001437,cust_payer_58812,USA,734.39,cust_payee_54608,CANADA,INVOICE_PAYMENT,proofrail_synthetic,conditional_settlement_case,FALSE,proofrail,synthetic_research
2026-01-06T21:34,REVIEW,txn_0001438,cust_payer_90654,CANADA,738.53,cust_payee_18136,USA,SERVICE_RETAINER,proofrail_synthetic,conditional_settlement_case,TRUE,proofrail,synthetic_research
2026-01-06T21:38,BAD,txn_0001439,cust_payer_68593,USA,15232.38,cust_payee_51562,USA,INVOICE_PAYMENT,proofrail_synthetic,conditional_settlement_case,TRUE,proofrail,synthetic_research
2026-01-06T21:39,REVIEW,txn_0001440,cust_payer_97283,CANADA,3144.76,cust_payee_10985,USA,INVOICE_PAYMENT,proofrail_synthetic,conditional_settlement_case,TRUE,proofrail,synthetic_research
2026-01-06T21:40,GOOD,txn_0001441,cust_payer_60736,USA,1355.5,cust_payee_65512,CANADA,INVOICE_PAYMENT,proofrail_synthetic,conditional_settlement_case,FALSE,proofrail,synthetic_research
2026-01-06T21:41,REVIEW,txn_0001442,cust_payer_52749,USA,133.84,cust_payee_98249,USA,INVOICE_PAYMENT,proofrail_synthetic,conditional_settlement_case,TRUE,proofrail,synthetic_research
2026-01-06T21:42,GOOD,txn_0001443,cust_payer_15820,USA,14918.84,cust_payee_64464,USA,INVOICE_PAYMENT,proofrail_synthetic,conditional_settlement_case,FALSE,proofrail,synthetic_research
2026-01-06T21:42,REVIEW,txn_0001444,cust_payer_13575,USA,1667.33,cust_payee_55684,USA,INVOICE_PAYMENT,proofrail_synthetic,conditional_settlement_case,TRUE,proofrail,synthetic_research
2026-01-06T21:43,BAD,txn_0001445,cust_payer_10150,USA,6170.3,cust_payee_07937,USA,MILESTONE_PAYMENT,proofrail_synthetic,conditional_settlement_case,TRUE,proofrail,synthetic_research
2026-01-06T21:46,BAD,txn_0001446,cust_payer_89818,USA,1978.43,cust_payee_01413,USA,INVOICE_PAYMENT,proofrail_synthetic,conditional_settlement_case,TRUE,proofrail,synthetic_research
2026-01-06T21:46,GOOD,txn_0001447,cust_payer_36522,USA,1389.24,cust_payee_58144,USA,SERVICE_RETAINER,proofrail_synthetic,conditional_settlement_case,FALSE,proofrail,synthetic_research
2026-01-06T21:48,BAD,txn_0001448,cust_payer_80315,USA,1461.92,cust_payee_72096,USA,INVOICE_PAYMENT,proofrail_synthetic,conditional_settlement_case,TRUE,proofrail,synthetic_research
2026-01-06T21:48,REVIEW,txn_0001449,cust_payer_50806,GERMANY,2720.63,cust_payee_29126,USA,SERVICE_RETAINER,proofrail_synthetic,conditional_settlement_case,FALSE,proofrail,synthetic_research
2026-01-06T21:49,GOOD,txn_0001450,cust_payer_21785,USA,1859.73,cust_payee_72479,USA,GOODS_SETTLEMENT,proofrail_synthetic,conditional_settlement_case,FALSE,proofrail,synthetic_research
2026-01-06T21:51,GOOD,txn_0001451,cust_payer_47630,USA,1281.3,cust_payee_98768,USA,INVOICE_PAYMENT,proofrail_synthetic,conditional_settlement_case,FALSE,proofrail,synthetic_research
2026-01-06T21:54,REVIEW,txn_0001452,cust_payer_31221,USA,623.36,cust_payee_81225,USA,GOODS_SETTLEMENT,proofrail_synthetic,conditional_settlement_case,TRUE,proofrail,synthetic_research
2026-01-06T21:54,GOOD,txn_0001453,cust_payer_49053,GERMANY,942.21,cust_payee_85456,USA,INVOICE_PAYMENT,proofrail_synthetic,conditional_settlement_case,FALSE,proofrail,synthetic_research
2026-01-06T21:57,GOOD,txn_0001454,cust_payer_73435,USA,1048.81,cust_payee_37335,USA,INVOICE_PAYMENT,proofrail_synthetic,conditional_settlement_case,FALSE,proofrail,synthetic_research
2026-01-06T21:59,GOOD,txn_0001455,cust_payer_03494,SINGAPORE,824.98,cust_payee_45459,USA,MILESTONE_PAYMENT,proofrail_synthetic,conditional_settlement_case,FALSE,proofrail,synthetic_research
2026-01-06T22:02,GOOD,txn_0001456,cust_payer_98482,USA,547.18,cust_payee_78440,USA,INVOICE_PAYMENT,proofrail_synthetic,conditional_settlement_case,FALSE,proofrail,synthetic_research
2026-01-06T22:03,GOOD,txn_0001457,cust_payer_36420,USA,833.84,cust_payee_20979,USA,INVOICE_PAYMENT,proofrail_synthetic,conditional_settlement_case,FALSE,proofrail,synthetic_research
2026-01-06T22:03,GOOD,txn_0001458,cust_payer_58503,USA,7773.3,cust_payee_09964,USA,INVOICE_PAYMENT,proofrail_synthetic,conditional_settlement_case,FALSE,proofrail,synthetic_research
2026-01-06T22:03,GOOD,txn_0001459,cust_payer_18595,USA,3754.07,cust_payee_91911,USA,SERVICE_RETAINER,proofrail_synthetic,conditional_settlement_case,FALSE,proofrail,synthetic_research
2026-01-06T22:04,GOOD,txn_0001460,cust_payer_92426,CANADA,1669.37,cust_payee_13880,USA,GOODS_SETTLEMENT,proofrail_synthetic,conditional_settlement_case,FALSE,proofrail,synthetic_research
2026-01-06T22:05,GOOD,txn_0001461,cust_payer_06471,USA,2971.18,cust_payee_67820,USA,MILESTONE_PAYMENT,proofrail_synthetic,conditional_settlement_case,FALSE,proofrail,synthetic_research
2026-01-06T22:06,GOOD,txn_0001462,cust_payer_30968,USA,1456.59,cust_payee_92825,USA,INVOICE_PAYMENT,proofrail_synthetic,conditional_settlement_case,FALSE,proofrail,synthetic_research
2026-01-06T22:08,BAD,txn_0001463,cust_payer_75312,USA,2418.2,cust_payee_25989,USA,INVOICE_PAYMENT,proofrail_synthetic,conditional_settlement_case,TRUE,proofrail,synthetic_research
2026-01-06T22:13,REVIEW,txn_0001464,cust_payer_36037,USA,2184.02,cust_payee_07515,USA,INVOICE_PAYMENT,proofrail_synthetic,conditional_settlement_case,TRUE,proofrail,synthetic_research
2026-01-06T22:14,GOOD,txn_0001465,cust_payer_62630,USA,9292.55,cust_payee_17692,USA,MILESTONE_PAYMENT,proofrail_synthetic,conditional_settlement_case,FALSE,proofrail,synthetic_research
2026-01-06T22:15,GOOD,txn_0001466,cust_payer_76757,USA,3660.7,cust_payee_51353,USA,MILESTONE_PAYMENT,proofrail_synthetic,conditional_settlement_case,FALSE,proofrail,synthetic_research
2026-01-06T22:18,REVIEW,txn_0001467,cust_payer_39306,USA,9913.53,cust_payee_58619,USA,INVOICE_PAYMENT,proofrail_synthetic,conditional_settlement_case,TRUE,proofrail,synthetic_research
2026-01-06T22:19,GOOD,txn_0001468,cust_payer_01763,USA,408.93,cust_payee_79363,USA,MILESTONE_PAYMENT,proofrail_synthetic,conditional_settlement_case,FALSE,proofrail,synthetic_research
2026-01-06T22:19,BAD,txn_0001469,cust_payer_08750,USA,333.79,cust_payee_62550,USA,INVOICE_PAYMENT,proofrail_synthetic,conditional_settlement_case,TRUE,proofrail,synthetic_research
2026-01-06T22:20,GOOD,txn_0001470,cust_payer_39044,USA,1842.41,cust_payee_60776,CANADA,INVOICE_PAYMENT,proofrail_synthetic,conditional_settlement_case,FALSE,proofrail,synthetic_research
2026-01-06T22:20,GOOD,txn_0001471,cust_payer_52460,CANADA,2019.1,cust_payee_14536,USA,INVOICE_PAYMENT,proofrail_synthetic,conditional_settlement_case,FALSE,proofrail,synthetic_research
2026-01-06T22:20,GOOD,txn_0001472,cust_payer_42673,USA,5568.72,cust_payee_29920,USA,INVOICE_PAYMENT,proofrail_synthetic,conditional_settlement_case,FALSE,proofrail,synthetic_research
2026-01-06T22:21,GOOD,txn_0001473,cust_payer_12210,USA,4604.18,cust_payee_57053,USA,INVOICE_PAYMENT,proofrail_synthetic,conditional_settlement_case,FALSE,proofrail,synthetic_research
2026-01-06T22:24,REVIEW,txn_0001474,cust_payer_68598,UNITED-KINGDOM,2169.86,cust_payee_47450,USA,INVOICE_PAYMENT,proofrail_synthetic,conditional_settlement_case,TRUE,proofrail,synthetic_research
2026-01-06T22:27,GOOD,txn_0001475,cust_payer_09105,USA,3192.09,cust_payee_62048,USA,INVOICE_PAYMENT,proofrail_synthetic,conditional_settlement_case,FALSE,proofrail,synthetic_research
2026-01-06T22:27,GOOD,txn_0001476,cust_payer_22112,USA,1080.66,cust_payee_37622,USA,GOODS_SETTLEMENT,proofrail_synthetic,conditional_settlement_case,FALSE,proofrail,synthetic_research
2026-01-06T22:29,GOOD,txn_0001477,cust_payer_58804,USA,1697.92,cust_payee_74747,USA,INVOICE_PAYMENT,proofrail_synthetic,conditional_settlement_case,FALSE,proofrail,synthetic_research
2026-01-06T22:30,REVIEW,txn_0001478,cust_payer_22670,USA,1747.77,cust_payee_25934,USA,INVOICE_PAYMENT,proofrail_synthetic,conditional_settlement_case,TRUE,proofrail,synthetic_research
2026-01-06T22:32,GOOD,txn_0001479,cust_payer_35117,USA,170.37,cust_payee_22857,USA,INVOICE_PAYMENT,proofrail_synthetic,conditional_settlement_case,FALSE,proofrail,synthetic_research
2026-01-06T22:33,REVIEW,txn_0001480,cust_payer_39941,USA,2384.87,cust_payee_64059,USA,INVOICE_PAYMENT,proofrail_synthetic,conditional_settlement_case,TRUE,proofrail,synthetic_research
2026-01-06T22:33,GOOD,txn_0001481,cust_payer_98625,USA,2185.88,cust_payee_59163,USA,GOODS_SETTLEMENT,proofrail_synthetic,conditional_settlement_case,FALSE,proofrail,synthetic_research
2026-01-06T22:37,REVIEW,txn_0001482,cust_payer_08801,USA,5606.46,cust_payee_48201,USA,INVOICE_PAYMENT,proofrail_synthetic,conditional_settlement_case,TRUE,proofrail,synthetic_research
2026-01-06T22:38,GOOD,txn_0001483,cust_payer_14418,USA,768.58,cust_payee_01454,USA,INVOICE_PAYMENT,proofrail_synthetic,conditional_settlement_case,FALSE,proofrail,synthetic_research
2026-01-06T22:38,BAD,txn_0001484,cust_payer_04785,UNITED-KINGDOM,880.42,cust_payee_29871,USA,INVOICE_PAYMENT,proofrail_synthetic,conditional_settlement_case,TRUE,proofrail,synthetic_research
2026-01-06T22:39,GOOD,txn_0001485,cust_payer_17779,CANADA,1923.03,cust_payee_23991,USA,GOODS_SETTLEMENT,proofrail_synthetic,conditional_settlement_case,FALSE,proofrail,synthetic_research
2026-01-06T22:40,GOOD,txn_0001486,cust_payer_28578,USA,2616.78,cust_payee_65849,USA,INVOICE_PAYMENT,proofrail_synthetic,conditional_settlement_case,FALSE,proofrail,synthetic_research
2026-01-06T22:42,REVIEW,txn_0001487,cust_payer_52404,SINGAPORE,17512.69,cust_payee_03155,USA,INVOICE_PAYMENT,proofrail_synthetic,conditional_settlement_case,FALSE,proofrail,synthetic_research
2026-01-06T22:43,GOOD,txn_0001488,cust_payer_73536,USA,19007.67,cust_payee_55390,USA,INVOICE_PAYMENT,proofrail_synthetic,conditional_settlement_case,FALSE,proofrail,synthetic_research
2026-01-06T22:44,GOOD,txn_0001489,cust_payer_76051,CANADA,8101.56,cust_payee_76200,USA,INVOICE_PAYMENT,proofrail_synthetic,conditional_settlement_case,FALSE,proofrail,synthetic_research
2026-01-06T22:49,GOOD,txn_0001490,cust_payer_26749,UNITED-KINGDOM,3055.9,cust_payee_30590,USA,SERVICE_RETAINER,proofrail_synthetic,conditional_settlement_case,FALSE,proofrail,synthetic_research
2026-01-06T22:51,GOOD,txn_0001491,cust_payer_77511,GERMANY,3040.17,cust_payee_70198,USA,GOODS_SETTLEMENT,proofrail_synthetic,conditional_settlement_case,FALSE,proofrail,synthetic_research
2026-01-06T22:51,BAD,txn_0001492,cust_payer_74132,SINGAPORE,3039.22,cust_payee_80019,USA,INVOICE_PAYMENT,proofrail_synthetic,conditional_settlement_case,TRUE,proofrail,synthetic_research
2026-01-06T22:52,GOOD,txn_0001493,cust_payer_67192,USA,10037.06,cust_payee_97321,USA,GOODS_SETTLEMENT,proofrail_synthetic,conditional_settlement_case,FALSE,proofrail,synthetic_research
2026-01-06T22:53,REVIEW,txn_0001494,cust_payer_00732,USA,2174.52,cust_payee_50642,USA,GOODS_SETTLEMENT,proofrail_synthetic,conditional_settlement_case,TRUE,proofrail,synthetic_research
2026-01-06T22:56,REVIEW,txn_0001495,cust_payer_76143,USA,293.04,cust_payee_94728,USA,GOODS_SETTLEMENT,proofrail_synthetic,conditional_settlement_case,TRUE,proofrail,synthetic_research
2026-01-06T22:57,GOOD,txn_0001496,cust_payer_39105,USA,306.95,cust_payee_05575,USA,MILESTONE_PAYMENT,proofrail_synthetic,conditional_settlement_case,FALSE,proofrail,synthetic_research
2026-01-06T22:57,REVIEW,txn_0001497,cust_payer_54345,USA,2163.94,cust_payee_72125,USA,MILESTONE_PAYMENT,proofrail_synthetic,conditional_settlement_case,TRUE,proofrail,synthetic_research
2026-01-06T22:58,REVIEW,txn_0001498,cust_payer_44418,USA,2119.18,cust_payee_74049,USA,INVOICE_PAYMENT,proofrail_synthetic,conditional_settlement_case,TRUE,proofrail,synthetic_research
2026-01-06T22:59,GOOD,txn_0001499,cust_payer_17359,CANADA,1958.44,cust_payee_02039,USA,SERVICE_RETAINER,proofrail_synthetic,conditional_settlement_case,FALSE,proofrail,synthetic_research
2026-01-06T22:59,GOOD,txn_0001500,cust_payer_28619,USA,6732.99,cust_payee_42738,USA,MILESTONE_PAYMENT,proofrail_synthetic,conditional_settlement_case,FALSE,proofrail,synthetic_research
2026-01-06T23:00,GOOD,txn_0001501,cust_payer_86197,USA,4700.31,cust_payee_49013,MEXICO,MILESTONE_PAYMENT,proofrail_synthetic,conditional_settlement_case,FALSE,proofrail,synthetic_research
2026-01-06T23:01,GOOD,txn_0001502,cust_payer_92303,USA,2852.73,cust_payee_07707,USA,INVOICE_PAYMENT,proofrail_synthetic,conditional_settlement_case,FALSE,proofrail,synthetic_research
2026-01-06T23:01,GOOD,txn_0001503,cust_payer_29139,USA,12516.27,cust_payee_91541,USA,INVOICE_PAYMENT,proofrail_synthetic,conditional_settlement_case,FALSE,proofrail,synthetic_research
2026-01-06T23:03,GOOD,txn_0001504,cust_payer_15579,SINGAPORE,1328.95,cust_payee_46174,USA,MILESTONE_PAYMENT,proofrail_synthetic,conditional_settlement_case,FALSE,proofrail,synthetic_research
2026-01-06T23:03,GOOD,txn_0001505,cust_payer_52853,USA,1300.13,cust_payee_60765,USA,INVOICE_PAYMENT,proofrail_synthetic,conditional_settlement_case,FALSE,proofrail,synthetic_research
2026-01-06T23:03,REVIEW,txn_0001506,cust_payer_33630,USA,3658.07,cust_payee_24379,USA,INVOICE_PAYMENT,proofrail_synthetic,conditional_settlement_case,TRUE,proofrail,synthetic_research
2026-01-06T23:03,GOOD,txn_0001507,cust_payer_45188,CANADA,699.41,cust_payee_49409,USA,INVOICE_PAYMENT,proofrail_synthetic,conditional_settlement_case,FALSE,proofrail,synthetic_research
2026-01-06T23:05,REVIEW,txn_0001508,cust_payer_96313,USA,4497.37,cust_payee_62582,USA,MILESTONE_PAYMENT,proofrail_synthetic,conditional_settlement_case,TRUE,proofrail,synthetic_research
2026-01-06T23:05,REVIEW,txn_0001509,cust_payer_68585,USA,1518.63,cust_payee_32961,USA,SERVICE_RETAINER,proofrail_synthetic,conditional_settlement_case,FALSE,proofrail,synthetic_research
2026-01-06T23:05,GOOD,txn_0001510,cust_payer_08717,USA,11787.25,cust_payee_37958,USA,MILESTONE_PAYMENT,proofrail_synthetic,conditional_settlement_case,FALSE,proofrail,synthetic_research
2026-01-06T23:07,BAD,txn_0001511,cust_payer_04425,USA,8636.06,cust_payee_37257,USA,MILESTONE_PAYMENT,proofrail_synthetic,conditional_settlement_case,TRUE,proofrail,synthetic_research
2026-01-06T23:07,GOOD,txn_0001512,cust_payer_80334,USA,4378.82,cust_payee_70799,USA,GOODS_SETTLEMENT,proofrail_synthetic,conditional_settlement_case,FALSE,proofrail,synthetic_research
2026-01-06T23:07,REVIEW,txn_0001513,cust_payer_44150,SINGAPORE,3982.68,cust_payee_30426,USA,MILESTONE_PAYMENT,proofrail_synthetic,conditional_settlement_case,FALSE,proofrail,synthetic_research
2026-01-06T23:12,REVIEW,txn_0001514,cust_payer_71461,USA,3241.62,cust_payee_04451,USA,SERVICE_RETAINER,proofrail_synthetic,conditional_settlement_case,FALSE,proofrail,synthetic_research
2026-01-06T23:13,GOOD,txn_0001515,cust_payer_62953,USA,167.87,cust_payee_20046,GERMANY,INVOICE_PAYMENT,proofrail_synthetic,conditional_settlement_case,FALSE,proofrail,synthetic_research
2026-01-06T23:13,REVIEW,txn_0001516,cust_payer_29562,USA,1532.03,cust_payee_09509,CANADA,INVOICE_PAYMENT,proofrail_synthetic,conditional_settlement_case,TRUE,proofrail,synthetic_research
2026-01-06T23:13,GOOD,txn_0001517,cust_payer_54925,USA,724.87,cust_payee_11294,USA,GOODS_SETTLEMENT,proofrail_synthetic,conditional_settlement_case,FALSE,proofrail,synthetic_research
2026-01-06T23:14,REVIEW,txn_0001518,cust_payer_27521,USA,6966.52,cust_payee_60244,USA,MILESTONE_PAYMENT,proofrail_synthetic,conditional_settlement_case,FALSE,proofrail,synthetic_research
2026-01-06T23:15,REVIEW,txn_0001519,cust_payer_16866,GERMANY,1979.78,cust_payee_29556,USA,GOODS_SETTLEMENT,proofrail_synthetic,conditional_settlement_case,FALSE,proofrail,synthetic_research
2026-01-06T23:21,REVIEW,txn_0001520,cust_payer_90186,USA,541.37,cust_payee_73055,USA,INVOICE_PAYMENT,proofrail_synthetic,conditional_settlement_case,TRUE,proofrail,synthetic_research
2026-01-06T23:21,GOOD,txn_0001521,cust_payer_09618,USA,1228.84,cust_payee_73184,USA,GOODS_SETTLEMENT,proofrail_synthetic,conditional_settlement_case,FALSE,proofrail,synthetic_research
2026-01-06T23:21,BAD,txn_0001522,cust_payer_47939,USA,2207.18,cust_payee_32621,USA,INVOICE_PAYMENT,proofrail_synthetic,conditional_settlement_case,TRUE,proofrail,synthetic_research
2026-01-06T23:22,GOOD,txn_0001523,cust_payer_36215,UNITED-KINGDOM,4558.81,cust_payee_02409,USA,INVOICE_PAYMENT,proofrail_synthetic,conditional_settlement_case,FALSE,proofrail,synthetic_research
2026-01-06T23:24,GOOD,txn_0001524,cust_payer_96786,UNITED-KINGDOM,3293.43,cust_payee_95865,USA,GOODS_SETTLEMENT,proofrail_synthetic,conditional_settlement_case,FALSE,proofrail,synthetic_research
2026-01-06T23:24,REVIEW,txn_0001525,cust_payer_51347,USA,490.81,cust_payee_42166,UNITED-KINGDOM,GOODS_SETTLEMENT,proofrail_synthetic,conditional_settlement_case,FALSE,proofrail,synthetic_research
2026-01-06T23:24,REVIEW,txn_0001526,cust_payer_07274,USA,4733.05,cust_payee_24888,USA,GOODS_SETTLEMENT,proofrail_synthetic,conditional_settlement_case,TRUE,proofrail,synthetic_research
2026-01-06T23:25,REVIEW,txn_0001527,cust_payer_05579,USA,2382.45,cust_payee_78196,USA,MILESTONE_PAYMENT,proofrail_synthetic,conditional_settlement_case,TRUE,proofrail,synthetic_research
2026-01-06T23:25,GOOD,txn_0001528,cust_payer_26175,USA,6891.45,cust_payee_89228,USA,MILESTONE_PAYMENT,proofrail_synthetic,conditional_settlement_case,FALSE,proofrail,synthetic_research
2026-01-06T23:27,GOOD,txn_0001529,cust_payer_14607,SINGAPORE,867.25,cust_payee_77857,USA,INVOICE_PAYMENT,proofrail_synthetic,conditional_settlement_case,FALSE,proofrail,synthetic_research
2026-01-06T23:29,GOOD,txn_0001530,cust_payer_38833,USA,975.5,cust_payee_62948,USA,INVOICE_PAYMENT,proofrail_synthetic,conditional_settlement_case,FALSE,proofrail,synthetic_research
2026-01-06T23:30,BAD,txn_0001531,cust_payer_95578,USA,522.75,cust_payee_31966,USA,SERVICE_RETAINER,proofrail_synthetic,conditional_settlement_case,TRUE,proofrail,synthetic_research
2026-01-06T23:31,GOOD,txn_0001532,cust_payer_01784,USA,6176.72,cust_payee_18071,USA,INVOICE_PAYMENT,proofrail_synthetic,conditional_settlement_case,FALSE,proofrail,synthetic_research
2026-01-06T23:31,GOOD,txn_0001533,cust_payer_06794,USA,12251.43,cust_payee_51560,CANADA,SERVICE_RETAINER,proofrail_synthetic,conditional_settlement_case,FALSE,proofrail,synthetic_research
2026-01-06T23:33,GOOD,txn_0001534,cust_payer_77040,USA,4063.25,cust_payee_15819,USA,GOODS_SETTLEMENT,proofrail_synthetic,conditional_settlement_case,FALSE,proofrail,synthetic_research
2026-01-06T23:33,GOOD,txn_0001535,cust_payer_90251,USA,1925.41,cust_payee_26219,USA,INVOICE_PAYMENT,proofrail_synthetic,conditional_settlement_case,FALSE,proofrail,synthetic_research
2026-01-06T23:35,GOOD,txn_0001536,cust_payer_69920,USA,944.71,cust_payee_56412,UNITED-KINGDOM,INVOICE_PAYMENT,proofrail_synthetic,conditional_settlement_case,FALSE,proofrail,synthetic_research
2026-01-06T23:35,GOOD,txn_0001537,cust_payer_37465,USA,786.5,cust_payee_97933,UNITED-KINGDOM,GOODS_SETTLEMENT,proofrail_synthetic,conditional_settlement_case,FALSE,proofrail,synthetic_research
2026-01-06T23:35,GOOD,txn_0001538,cust_payer_45927,CANADA,513.23,cust_payee_69389,USA,GOODS_SETTLEMENT,proofrail_synthetic,conditional_settlement_case,FALSE,proofrail,synthetic_research
2026-01-06T23:37,GOOD,txn_0001539,cust_payer_06860,USA,3775.61,cust_payee_41275,USA,MILESTONE_PAYMENT,proofrail_synthetic,conditional_settlement_case,FALSE,proofrail,synthetic_research
2026-01-06T23:40,GOOD,txn_0001540,cust_payer_53229,SINGAPORE,1912.14,cust_payee_02102,USA,INVOICE_PAYMENT,proofrail_synthetic,conditional_settlement_case,FALSE,proofrail,synthetic_research
2026-01-06T23:41,GOOD,txn_0001541,cust_payer_12307,USA,866.45,cust_payee_41424,USA,SERVICE_RETAINER,proofrail_synthetic,conditional_settlement_case,FALSE,proofrail,synthetic_research
2026-01-06T23:41,GOOD,txn_0001542,cust_payer_49202,USA,1389.35,cust_payee_34632,USA,INVOICE_PAYMENT,proofrail_synthetic,conditional_settlement_case,FALSE,proofrail,synthetic_research
2026-01-06T23:43,GOOD,txn_0001543,cust_payer_68776,GERMANY,4037.01,cust_payee_83523,MEXICO,GOODS_SETTLEMENT,proofrail_synthetic,conditional_settlement_case,FALSE,proofrail,synthetic_research
2026-01-06T23:47,GOOD,txn_0001544,cust_payer_93518,USA,12743.51,cust_payee_79597,USA,INVOICE_PAYMENT,proofrail_synthetic,conditional_settlement_case,FALSE,proofrail,synthetic_research
2026-01-06T23:49,REVIEW,txn_0001545,cust_payer_71050,USA,27625.3,cust_payee_34782,USA,GOODS_SETTLEMENT,proofrail_synthetic,conditional_settlement_case,TRUE,proofrail,synthetic_research
2026-01-06T23:49,GOOD,txn_0001546,cust_payer_89472,USA,6184.22,cust_payee_17467,USA,GOODS_SETTLEMENT,proofrail_synthetic,conditional_settlement_case,FALSE,proofrail,synthetic_research
2026-01-06T23:50,GOOD,txn_0001547,cust_payer_77823,USA,876.53,cust_payee_85557,USA,INVOICE_PAYMENT,proofrail_synthetic,conditional_settlement_case,FALSE,proofrail,synthetic_research
2026-01-06T23:51,REVIEW,txn_0001548,cust_payer_02844,USA,3375.71,cust_payee_75397,USA,MILESTONE_PAYMENT,proofrail_synthetic,conditional_settlement_case,TRUE,proofrail,synthetic_research
2026-01-06T23:52,REVIEW,txn_0001549,cust_payer_79706,USA,2472.96,cust_payee_01192,CANADA,INVOICE_PAYMENT,proofrail_synthetic,conditional_settlement_case,FALSE,proofrail,synthetic_research
2026-01-06T23:53,BAD,txn_0001550,cust_payer_26443,USA,1156.11,cust_payee_72236,CANADA,INVOICE_PAYMENT,proofrail_synthetic,conditional_settlement_case,TRUE,proofrail,synthetic_research
2026-01-06T23:57,GOOD,txn_0001551,cust_payer_64588,MEXICO,6206.5,cust_payee_58904,USA,INVOICE_PAYMENT,proofrail_synthetic,conditional_settlement_case,FALSE,proofrail,synthetic_research
2026-01-06T23:57,GOOD,txn_0001552,cust_payer_41051,USA,642.24,cust_payee_22213,USA,INVOICE_PAYMENT,proofrail_synthetic,conditional_settlement_case,FALSE,proofrail,synthetic_research
2026-01-06T23:58,GOOD,txn_0001553,cust_payer_88526,USA,4104.03,cust_payee_84936,USA,GOODS_SETTLEMENT,proofrail_synthetic,conditional_settlement_case,FALSE,proofrail,synthetic_research
2026-01-06T23:58,BAD,txn_0001554,cust_payer_05245,USA,7748.28,cust_payee_32128,SINGAPORE,INVOICE_PAYMENT,proofrail_synthetic,conditional_settlement_case,TRUE,proofrail,synthetic_research
2026-01-06T23:58,BAD,txn_0001555,cust_payer_77990,USA,4565.73,cust_payee_63662,USA,SERVICE_RETAINER,proofrail_synthetic,conditional_settlement_case,TRUE,proofrail,synthetic_research
2026-01-07T00:07,REVIEW,txn_0001556,cust_payer_10144,USA,22316.17,cust_payee_33776,USA,GOODS_SETTLEMENT,proofrail_synthetic,conditional_settlement_case,TRUE,proofrail,synthetic_research
2026-01-07T00:07,REVIEW,txn_0001557,cust_payer_54650,USA,6268.64,cust_payee_57216,GERMANY,INVOICE_PAYMENT,proofrail_synthetic,conditional_settlement_case,TRUE,proofrail,synthetic_research
2026-01-07T00:10,REVIEW,txn_0001558,cust_payer_09782,USA,3395.75,cust_payee_86578,USA,INVOICE_PAYMENT,proofrail_synthetic,conditional_settlement_case,FALSE,proofrail,synthetic_research
2026-01-07T00:10,GOOD,txn_0001559,cust_payer_25312,USA,4648.28,cust_payee_77540,USA,INVOICE_PAYMENT,proofrail_synthetic,conditional_settlement_case,FALSE,proofrail,synthetic_research
2026-01-07T00:10,GOOD,txn_0001560,cust_payer_67292,USA,12402.6,cust_payee_65692,USA,GOODS_SETTLEMENT,proofrail_synthetic,conditional_settlement_case,FALSE,proofrail,synthetic_research
2026-01-07T00:11,GOOD,txn_0001561,cust_payer_50387,USA,8779.59,cust_payee_91427,USA,INVOICE_PAYMENT,proofrail_synthetic,conditional_settlement_case,FALSE,proofrail,synthetic_research
2026-01-07T00:12,BAD,txn_0001562,cust_payer_90007,USA,10687.96,cust_payee_58173,USA,GOODS_SETTLEMENT,proofrail_synthetic,conditional_settlement_case,TRUE,proofrail,synthetic_research
2026-01-07T00:12,REVIEW,txn_0001563,cust_payer_18443,USA,1996.18,cust_payee_54681,USA,INVOICE_PAYMENT,proofrail_synthetic,conditional_settlement_case,FALSE,proofrail,synthetic_research
2026-01-07T00:17,REVIEW,txn_0001564,cust_payer_42268,USA,8915.72,cust_payee_42963,USA,GOODS_SETTLEMENT,proofrail_synthetic,conditional_settlement_case,FALSE,proofrail,synthetic_research
2026-01-07T00:18,GOOD,txn_0001565,cust_payer_54386,USA,424.12,cust_payee_69594,USA,GOODS_SETTLEMENT,proofrail_synthetic,conditional_settlement_case,FALSE,proofrail,synthetic_research
2026-01-07T00:20,GOOD,txn_0001566,cust_payer_77166,USA,1294.31,cust_payee_80167,CANADA,INVOICE_PAYMENT,proofrail_synthetic,conditional_settlement_case,FALSE,proofrail,synthetic_research
2026-01-07T00:20,BAD,txn_0001567,cust_payer_81555,UNITED-KINGDOM,292.66,cust_payee_39099,USA,SERVICE_RETAINER,proofrail_synthetic,conditional_settlement_case,TRUE,proofrail,synthetic_research
2026-01-07T00:22,GOOD,txn_0001568,cust_payer_27865,USA,2674.53,cust_payee_35274,USA,MILESTONE_PAYMENT,proofrail_synthetic,conditional_settlement_case,FALSE,proofrail,synthetic_research
2026-01-07T00:23,REVIEW,txn_0001569,cust_payer_35749,USA,10440.23,cust_payee_44124,USA,GOODS_SETTLEMENT,proofrail_synthetic,conditional_settlement_case,TRUE,proofrail,synthetic_research
2026-01-07T00:25,BAD,txn_0001570,cust_payer_64507,USA,2250.72,cust_payee_39211,USA,INVOICE_PAYMENT,proofrail_synthetic,conditional_settlement_case,TRUE,proofrail,synthetic_research
2026-01-07T00:25,REVIEW,txn_0001571,cust_payer_86228,USA,14579.44,cust_payee_56649,USA,GOODS_SETTLEMENT,proofrail_synthetic,conditional_settlement_case,FALSE,proofrail,synthetic_research
2026-01-07T00:25,BAD,txn_0001572,cust_payer_36749,USA,1389.06,cust_payee_80023,USA,MILESTONE_PAYMENT,proofrail_synthetic,conditional_settlement_case,TRUE,proofrail,synthetic_research
2026-01-07T00:26,GOOD,txn_0001573,cust_payer_47881,CANADA,2225.26,cust_payee_14901,USA,MILESTONE_PAYMENT,proofrail_synthetic,conditional_settlement_case,FALSE,proofrail,synthetic_research
2026-01-07T00:29,GOOD,txn_0001574,cust_payer_41944,USA,2516.59,cust_payee_84068,MEXICO,MILESTONE_PAYMENT,proofrail_synthetic,conditional_settlement_case,FALSE,proofrail,synthetic_research
2026-01-07T00:31,REVIEW,txn_0001575,cust_payer_21725,UNITED-KINGDOM,4904.67,cust_payee_60195,USA,INVOICE_PAYMENT,proofrail_synthetic,conditional_settlement_case,TRUE,proofrail,synthetic_research
2026-01-07T00:32,GOOD,txn_0001576,cust_payer_69420,USA,577.2,cust_payee_11840,USA,MILESTONE_PAYMENT,proofrail_synthetic,conditional_settlement_case,FALSE,proofrail,synthetic_research
2026-01-07T00:36,GOOD,txn_0001577,cust_payer_20023,USA,4423.52,cust_payee_30877,USA,INVOICE_PAYMENT,proofrail_synthetic,conditional_settlement_case,FALSE,proofrail,synthetic_research
2026-01-07T00:36,BAD,txn_0001578,cust_payer_92856,USA,6389.81,cust_payee_99997,USA,GOODS_SETTLEMENT,proofrail_synthetic,conditional_settlement_case,TRUE,proofrail,synthetic_research
2026-01-07T00:37,BAD,txn_0001579,cust_payer_92179,USA,1151.22,cust_payee_34012,USA,INVOICE_PAYMENT,proofrail_synthetic,conditional_settlement_case,TRUE,proofrail,synthetic_research
2026-01-07T00:40,REVIEW,txn_0001580,cust_payer_98166,USA,3128.49,cust_payee_27543,USA,SERVICE_RETAINER,proofrail_synthetic,conditional_settlement_case,TRUE,proofrail,synthetic_research
2026-01-07T00:40,GOOD,txn_0001581,cust_payer_72081,USA,5093.14,cust_payee_27538,USA,INVOICE_PAYMENT,proofrail_synthetic,conditional_settlement_case,FALSE,proofrail,synthetic_research
2026-01-07T00:42,GOOD,txn_0001582,cust_payer_23647,USA,882.19,cust_payee_15010,USA,INVOICE_PAYMENT,proofrail_synthetic,conditional_settlement_case,FALSE,proofrail,synthetic_research
2026-01-07T00:43,REVIEW,txn_0001583,cust_payer_50721,USA,554.94,cust_payee_85940,USA,MILESTONE_PAYMENT,proofrail_synthetic,conditional_settlement_case,FALSE,proofrail,synthetic_research
2026-01-07T00:46,GOOD,txn_0001584,cust_payer_06171,USA,37376.97,cust_payee_59597,USA,INVOICE_PAYMENT,proofrail_synthetic,conditional_settlement_case,FALSE,proofrail,synthetic_research
2026-01-07T00:48,GOOD,txn_0001585,cust_payer_79623,USA,11959.73,cust_payee_59523,USA,MILESTONE_PAYMENT,proofrail_synthetic,conditional_settlement_case,FALSE,proofrail,synthetic_research
2026-01-07T00:48,GOOD,txn_0001586,cust_payer_90508,USA,4373.55,cust_payee_58471,USA,INVOICE_PAYMENT,proofrail_synthetic,conditional_settlement_case,FALSE,proofrail,synthetic_research
2026-01-07T00:50,GOOD,txn_0001587,cust_payer_41720,USA,1506.42,cust_payee_57669,USA,MILESTONE_PAYMENT,proofrail_synthetic,conditional_settlement_case,FALSE,proofrail,synthetic_research
2026-01-07T00:50,GOOD,txn_0001588,cust_payer_48188,USA,226.83,cust_payee_66729,USA,MILESTONE_PAYMENT,proofrail_synthetic,conditional_settlement_case,FALSE,proofrail,synthetic_research
2026-01-07T00:57,REVIEW,txn_0001589,cust_payer_14921,MEXICO,5710.19,cust_payee_42507,USA,GOODS_SETTLEMENT,proofrail_synthetic,conditional_settlement_case,FALSE,proofrail,synthetic_research
2026-01-07T01:00,REVIEW,txn_0001590,cust_payer_18629,USA,2110.64,cust_payee_30425,USA,GOODS_SETTLEMENT,proofrail_synthetic,conditional_settlement_case,TRUE,proofrail,synthetic_research
2026-01-07T01:02,GOOD,txn_0001591,cust_payer_56004,USA,4750.34,cust_payee_39081,USA,INVOICE_PAYMENT,proofrail_synthetic,conditional_settlement_case,FALSE,proofrail,synthetic_research
2026-01-07T01:03,GOOD,txn_0001592,cust_payer_92592,USA,7350.96,cust_payee_20994,USA,GOODS_SETTLEMENT,proofrail_synthetic,conditional_settlement_case,FALSE,proofrail,synthetic_research
2026-01-07T01:03,REVIEW,txn_0001593,cust_payer_73297,USA,3962.19,cust_payee_48273,SINGAPORE,GOODS_SETTLEMENT,proofrail_synthetic,conditional_settlement_case,TRUE,proofrail,synthetic_research
2026-01-07T01:04,REVIEW,txn_0001594,cust_payer_33331,USA,4036.67,cust_payee_70457,MEXICO,INVOICE_PAYMENT,proofrail_synthetic,conditional_settlement_case,TRUE,proofrail,synthetic_research
2026-01-07T01:04,REVIEW,txn_0001595,cust_payer_97388,USA,4766.5,cust_payee_82863,UNITED-KINGDOM,MILESTONE_PAYMENT,proofrail_synthetic,conditional_settlement_case,TRUE,proofrail,synthetic_research
2026-01-07T01:04,GOOD,txn_0001596,cust_payer_21177,USA,1937.97,cust_payee_21704,USA,SERVICE_RETAINER,proofrail_synthetic,conditional_settlement_case,FALSE,proofrail,synthetic_research
2026-01-07T01:06,GOOD,txn_0001597,cust_payer_50673,USA,5429.31,cust_payee_91626,USA,MILESTONE_PAYMENT,proofrail_synthetic,conditional_settlement_case,FALSE,proofrail,synthetic_research
2026-01-07T01:08,REVIEW,txn_0001598,cust_payer_31637,USA,10784.68,cust_payee_26383,GERMANY,INVOICE_PAYMENT,proofrail_synthetic,conditional_settlement_case,TRUE,proofrail,synthetic_research
2026-01-07T01:08,GOOD,txn_0001599,cust_payer_24722,USA,3909.12,cust_payee_54476,USA,MILESTONE_PAYMENT,proofrail_synthetic,conditional_settlement_case,FALSE,proofrail,synthetic_research
2026-01-07T01:08,GOOD,txn_0001600,cust_payer_04204,USA,1398.24,cust_payee_17620,USA,INVOICE_PAYMENT,proofrail_synthetic,conditional_settlement_case,FALSE,proofrail,synthetic_research
2026-01-07T01:08,GOOD,txn_0001601,cust_payer_59290,USA,10574.1,cust_payee_80514,USA,GOODS_SETTLEMENT,proofrail_synthetic,conditional_settlement_case,FALSE,proofrail,synthetic_research
2026-01-07T01:09,GOOD,txn_0001602,cust_payer_51833,CANADA,5588.18,cust_payee_47251,USA,GOODS_SETTLEMENT,proofrail_synthetic,conditional_settlement_case,FALSE,proofrail,synthetic_research
2026-01-07T01:11,REVIEW,txn_0001603,cust_payer_46754,USA,1959.96,cust_payee_96347,USA,INVOICE_PAYMENT,proofrail_synthetic,conditional_settlement_case,TRUE,proofrail,synthetic_research
2026-01-07T01:12,GOOD,txn_0001604,cust_payer_05896,USA,349.02,cust_payee_03451,USA,INVOICE_PAYMENT,proofrail_synthetic,conditional_settlement_case,FALSE,proofrail,synthetic_research
2026-01-07T01:13,REVIEW,txn_0001605,cust_payer_18440,USA,7351.53,cust_payee_23668,USA,MILESTONE_PAYMENT,proofrail_synthetic,conditional_settlement_case,FALSE,proofrail,synthetic_research
2026-01-07T01:13,BAD,txn_0001606,cust_payer_89999,USA,518.71,cust_payee_63204,USA,INVOICE_PAYMENT,proofrail_synthetic,conditional_settlement_case,TRUE,proofrail,synthetic_research
2026-01-07T01:13,GOOD,txn_0001607,cust_payer_90205,USA,3202.42,cust_payee_01059,USA,GOODS_SETTLEMENT,proofrail_synthetic,conditional_settlement_case,FALSE,proofrail,synthetic_research
2026-01-07T01:13,GOOD,txn_0001608,cust_payer_94777,USA,2722.93,cust_payee_91320,USA,GOODS_SETTLEMENT,proofrail_synthetic,conditional_settlement_case,FALSE,proofrail,synthetic_research
2026-01-07T01:17,GOOD,txn_0001609,cust_payer_01938,USA,2354.86,cust_payee_63686,USA,INVOICE_PAYMENT,proofrail_synthetic,conditional_settlement_case,FALSE,proofrail,synthetic_research
2026-01-07T01:18,GOOD,txn_0001610,cust_payer_71817,USA,1392.22,cust_payee_85420,USA,INVOICE_PAYMENT,proofrail_synthetic,conditional_settlement_case,FALSE,proofrail,synthetic_research
2026-01-07T01:18,GOOD,txn_0001611,cust_payer_04357,MEXICO,545.03,cust_payee_06920,USA,MILESTONE_PAYMENT,proofrail_synthetic,conditional_settlement_case,FALSE,proofrail,synthetic_research
2026-01-07T01:18,BAD,txn_0001612,cust_payer_97112,USA,649.42,cust_payee_12528,USA,SERVICE_RETAINER,proofrail_synthetic,conditional_settlement_case,TRUE,proofrail,synthetic_research
2026-01-07T01:19,REVIEW,txn_0001613,cust_payer_32749,USA,2840.59,cust_payee_26976,CANADA,INVOICE_PAYMENT,proofrail_synthetic,conditional_settlement_case,TRUE,proofrail,synthetic_research
2026-01-07T01:19,REVIEW,txn_0001614,cust_payer_49517,USA,3058.06,cust_payee_18329,USA,INVOICE_PAYMENT,proofrail_synthetic,conditional_settlement_case,TRUE,proofrail,synthetic_research
2026-01-07T01:19,GOOD,txn_0001615,cust_payer_84115,MEXICO,1562.93,cust_payee_22848,USA,MILESTONE_PAYMENT,proofrail_synthetic,conditional_settlement_case,FALSE,proofrail,synthetic_research
2026-01-07T01:20,GOOD,txn_0001616,cust_payer_39883,USA,20779.7,cust_payee_24337,USA,GOODS_SETTLEMENT,proofrail_synthetic,conditional_settlement_case,FALSE,proofrail,synthetic_research
2026-01-07T01:22,GOOD,txn_0001617,cust_payer_76460,USA,2084.18,cust_payee_46742,USA,INVOICE_PAYMENT,proofrail_synthetic,conditional_settlement_case,FALSE,proofrail,synthetic_research
2026-01-07T01:24,GOOD,txn_0001618,cust_payer_46690,USA,3745.31,cust_payee_53054,SINGAPORE,INVOICE_PAYMENT,proofrail_synthetic,conditional_settlement_case,FALSE,proofrail,synthetic_research
2026-01-07T01:29,GOOD,txn_0001619,cust_payer_48462,USA,505.69,cust_payee_32282,USA,MILESTONE_PAYMENT,proofrail_synthetic,conditional_settlement_case,FALSE,proofrail,synthetic_research
2026-01-07T01:31,GOOD,txn_0001620,cust_payer_35494,USA,3898.68,cust_payee_51618,USA,MILESTONE_PAYMENT,proofrail_synthetic,conditional_settlement_case,FALSE,proofrail,synthetic_research
2026-01-07T01:35,REVIEW,txn_0001621,cust_payer_98034,UNITED-KINGDOM,7349.61,cust_payee_32748,USA,SERVICE_RETAINER,proofrail_synthetic,conditional_settlement_case,FALSE,proofrail,synthetic_research
2026-01-07T01:38,GOOD,txn_0001622,cust_payer_91468,USA,2363.04,cust_payee_54834,USA,INVOICE_PAYMENT,proofrail_synthetic,conditional_settlement_case,FALSE,proofrail,synthetic_research
2026-01-07T01:38,REVIEW,txn_0001623,cust_payer_13274,USA,2501.75,cust_payee_51551,USA,INVOICE_PAYMENT,proofrail_synthetic,conditional_settlement_case,FALSE,proofrail,synthetic_research
2026-01-07T01:41,GOOD,txn_0001624,cust_payer_88318,USA,4153.13,cust_payee_65549,USA,MILESTONE_PAYMENT,proofrail_synthetic,conditional_settlement_case,FALSE,proofrail,synthetic_research
2026-01-07T01:42,GOOD,txn_0001625,cust_payer_21765,USA,1326.87,cust_payee_00534,USA,INVOICE_PAYMENT,proofrail_synthetic,conditional_settlement_case,FALSE,proofrail,synthetic_research
2026-01-07T01:42,BAD,txn_0001626,cust_payer_16055,USA,1860.93,cust_payee_37418,USA,INVOICE_PAYMENT,proofrail_synthetic,conditional_settlement_case,TRUE,proofrail,synthetic_research
2026-01-07T01:42,REVIEW,txn_0001627,cust_payer_98390,USA,3767.02,cust_payee_53145,USA,GOODS_SETTLEMENT,proofrail_synthetic,conditional_settlement_case,TRUE,proofrail,synthetic_research
2026-01-07T01:43,REVIEW,txn_0001628,cust_payer_87156,USA,1547.66,cust_payee_10476,USA,MILESTONE_PAYMENT,proofrail_synthetic,conditional_settlement_case,FALSE,proofrail,synthetic_research
2026-01-07T01:44,GOOD,txn_0001629,cust_payer_72182,USA,1890.88,cust_payee_29386,USA,GOODS_SETTLEMENT,proofrail_synthetic,conditional_settlement_case,FALSE,proofrail,synthetic_research
2026-01-07T01:47,GOOD,txn_0001630,cust_payer_10657,USA,753.78,cust_payee_25519,USA,MILESTONE_PAYMENT,proofrail_synthetic,conditional_settlement_case,FALSE,proofrail,synthetic_research
2026-01-07T01:47,GOOD,txn_0001631,cust_payer_73840,USA,5297.58,cust_payee_71500,MEXICO,GOODS_SETTLEMENT,proofrail_synthetic,conditional_settlement_case,FALSE,proofrail,synthetic_research
2026-01-07T01:48,GOOD,txn_0001632,cust_payer_37084,USA,891.47,cust_payee_75805,USA,INVOICE_PAYMENT,proofrail_synthetic,conditional_settlement_case,FALSE,proofrail,synthetic_research
2026-01-07T01:52,GOOD,txn_0001633,cust_payer_52980,USA,6702.25,cust_payee_71342,USA,MILESTONE_PAYMENT,proofrail_synthetic,conditional_settlement_case,FALSE,proofrail,synthetic_research
2026-01-07T01:56,REVIEW,txn_0001634,cust_payer_39632,USA,803.96,cust_payee_72551,USA,INVOICE_PAYMENT,proofrail_synthetic,conditional_settlement_case,TRUE,proofrail,synthetic_research
2026-01-07T01:56,BAD,txn_0001635,cust_payer_62987,USA,9038.42,cust_payee_12961,USA,GOODS_SETTLEMENT,proofrail_synthetic,conditional_settlement_case,TRUE,proofrail,synthetic_research
2026-01-07T02:02,GOOD,txn_0001636,cust_payer_68257,USA,1496.08,cust_payee_72830,USA,INVOICE_PAYMENT,proofrail_synthetic,conditional_settlement_case,FALSE,proofrail,synthetic_research
2026-01-07T02:07,GOOD,txn_0001637,cust_payer_62448,CANADA,2270.92,cust_payee_66857,USA,INVOICE_PAYMENT,proofrail_synthetic,conditional_settlement_case,FALSE,proofrail,synthetic_research
2026-01-07T02:09,GOOD,txn_0001638,cust_payer_49670,USA,3621.58,cust_payee_16006,USA,SERVICE_RETAINER,proofrail_synthetic,conditional_settlement_case,FALSE,proofrail,synthetic_research
2026-01-07T02:09,GOOD,txn_0001639,cust_payer_78226,USA,763.64,cust_payee_86961,USA,INVOICE_PAYMENT,proofrail_synthetic,conditional_settlement_case,FALSE,proofrail,synthetic_research
2026-01-07T02:12,GOOD,txn_0001640,cust_payer_00265,USA,6570.89,cust_payee_18210,USA,INVOICE_PAYMENT,proofrail_synthetic,conditional_settlement_case,FALSE,proofrail,synthetic_research
2026-01-07T02:13,GOOD,txn_0001641,cust_payer_79235,USA,3947.26,cust_payee_37006,SINGAPORE,GOODS_SETTLEMENT,proofrail_synthetic,conditional_settlement_case,FALSE,proofrail,synthetic_research
2026-01-07T02:13,GOOD,txn_0001642,cust_payer_47719,SINGAPORE,1445.46,cust_payee_66174,USA,SERVICE_RETAINER,proofrail_synthetic,conditional_settlement_case,FALSE,proofrail,synthetic_research
2026-01-07T02:14,GOOD,txn_0001643,cust_payer_01048,USA,4067.05,cust_payee_62445,SINGAPORE,INVOICE_PAYMENT,proofrail_synthetic,conditional_settlement_case,FALSE,proofrail,synthetic_research
2026-01-07T02:16,BAD,txn_0001644,cust_payer_34168,USA,1299.67,cust_payee_05312,USA,INVOICE_PAYMENT,proofrail_synthetic,conditional_settlement_case,TRUE,proofrail,synthetic_research
2026-01-07T02:23,GOOD,txn_0001645,cust_payer_99575,USA,2716.94,cust_payee_13146,USA,SERVICE_RETAINER,proofrail_synthetic,conditional_settlement_case,FALSE,proofrail,synthetic_research
2026-01-07T02:24,REVIEW,txn_0001646,cust_payer_23722,USA,3548.42,cust_payee_22937,USA,INVOICE_PAYMENT,proofrail_synthetic,conditional_settlement_case,TRUE,proofrail,synthetic_research
2026-01-07T02:24,GOOD,txn_0001647,cust_payer_95197,USA,3011.52,cust_payee_98476,USA,INVOICE_PAYMENT,proofrail_synthetic,conditional_settlement_case,FALSE,proofrail,synthetic_research
2026-01-07T02:25,GOOD,txn_0001648,cust_payer_58065,USA,15303,cust_payee_19087,UNITED-KINGDOM,INVOICE_PAYMENT,proofrail_synthetic,conditional_settlement_case,FALSE,proofrail,synthetic_research
2026-01-07T02:26,GOOD,txn_0001649,cust_payer_05366,USA,9030.91,cust_payee_78486,UNITED-KINGDOM,INVOICE_PAYMENT,proofrail_synthetic,conditional_settlement_case,FALSE,proofrail,synthetic_research
2026-01-07T02:26,GOOD,txn_0001650,cust_payer_10119,USA,123.73,cust_payee_80382,USA,MILESTONE_PAYMENT,proofrail_synthetic,conditional_settlement_case,FALSE,proofrail,synthetic_research
2026-01-07T02:28,GOOD,txn_0001651,cust_payer_22976,UNITED-KINGDOM,1831.48,cust_payee_11142,USA,INVOICE_PAYMENT,proofrail_synthetic,conditional_settlement_case,FALSE,proofrail,synthetic_research
2026-01-07T02:29,BAD,txn_0001652,cust_payer_15127,USA,3820.94,cust_payee_87509,USA,GOODS_SETTLEMENT,proofrail_synthetic,conditional_settlement_case,TRUE,proofrail,synthetic_research
2026-01-07T02:29,GOOD,txn_0001653,cust_payer_43508,USA,7006.9,cust_payee_72424,USA,SERVICE_RETAINER,proofrail_synthetic,conditional_settlement_case,FALSE,proofrail,synthetic_research
2026-01-07T02:30,REVIEW,txn_0001654,cust_payer_79658,USA,743.37,cust_payee_71202,USA,INVOICE_PAYMENT,proofrail_synthetic,conditional_settlement_case,TRUE,proofrail,synthetic_research
2026-01-07T02:30,GOOD,txn_0001655,cust_payer_58217,USA,2238.8,cust_payee_54313,USA,GOODS_SETTLEMENT,proofrail_synthetic,conditional_settlement_case,FALSE,proofrail,synthetic_research
2026-01-07T02:32,GOOD,txn_0001656,cust_payer_80736,USA,711,cust_payee_80450,USA,INVOICE_PAYMENT,proofrail_synthetic,conditional_settlement_case,FALSE,proofrail,synthetic_research
2026-01-07T02:34,GOOD,txn_0001657,cust_payer_32838,USA,3002.33,cust_payee_22821,USA,MILESTONE_PAYMENT,proofrail_synthetic,conditional_settlement_case,FALSE,proofrail,synthetic_research
2026-01-07T02:35,GOOD,txn_0001658,cust_payer_36935,CANADA,3313.29,cust_payee_76672,USA,INVOICE_PAYMENT,proofrail_synthetic,conditional_settlement_case,FALSE,proofrail,synthetic_research
2026-01-07T02:36,GOOD,txn_0001659,cust_payer_81342,USA,313.6,cust_payee_44295,USA,INVOICE_PAYMENT,proofrail_synthetic,conditional_settlement_case,FALSE,proofrail,synthetic_research
2026-01-07T02:40,GOOD,txn_0001660,cust_payer_18327,CANADA,1998.71,cust_payee_79312,USA,SERVICE_RETAINER,proofrail_synthetic,conditional_settlement_case,FALSE,proofrail,synthetic_research
2026-01-07T02:41,BAD,txn_0001661,cust_payer_53382,UNITED-KINGDOM,7567.85,cust_payee_60819,USA,GOODS_SETTLEMENT,proofrail_synthetic,conditional_settlement_case,TRUE,proofrail,synthetic_research
2026-01-07T02:46,GOOD,txn_0001662,cust_payer_15875,USA,837.57,cust_payee_30229,USA,INVOICE_PAYMENT,proofrail_synthetic,conditional_settlement_case,FALSE,proofrail,synthetic_research
2026-01-07T02:46,REVIEW,txn_0001663,cust_payer_31919,USA,3512.61,cust_payee_27741,USA,INVOICE_PAYMENT,proofrail_synthetic,conditional_settlement_case,FALSE,proofrail,synthetic_research
2026-01-07T02:47,GOOD,txn_0001664,cust_payer_44632,USA,4082.13,cust_payee_49359,USA,INVOICE_PAYMENT,proofrail_synthetic,conditional_settlement_case,FALSE,proofrail,synthetic_research
2026-01-07T02:47,GOOD,txn_0001665,cust_payer_45106,USA,4966.79,cust_payee_95284,USA,GOODS_SETTLEMENT,proofrail_synthetic,conditional_settlement_case,FALSE,proofrail,synthetic_research
2026-01-07T02:48,REVIEW,txn_0001666,cust_payer_96196,USA,5075.79,cust_payee_37741,USA,GOODS_SETTLEMENT,proofrail_synthetic,conditional_settlement_case,TRUE,proofrail,synthetic_research
2026-01-07T02:48,GOOD,txn_0001667,cust_payer_45168,USA,1976.73,cust_payee_23173,USA,INVOICE_PAYMENT,proofrail_synthetic,conditional_settlement_case,FALSE,proofrail,synthetic_research
2026-01-07T02:49,REVIEW,txn_0001668,cust_payer_09723,USA,4263.53,cust_payee_94551,USA,GOODS_SETTLEMENT,proofrail_synthetic,conditional_settlement_case,TRUE,proofrail,synthetic_research
2026-01-07T02:49,GOOD,txn_0001669,cust_payer_32254,USA,729.6,cust_payee_17759,USA,GOODS_SETTLEMENT,proofrail_synthetic,conditional_settlement_case,FALSE,proofrail,synthetic_research
2026-01-07T02:50,GOOD,txn_0001670,cust_payer_65272,USA,8127.47,cust_payee_10983,USA,INVOICE_PAYMENT,proofrail_synthetic,conditional_settlement_case,FALSE,proofrail,synthetic_research
2026-01-07T02:51,REVIEW,txn_0001671,cust_payer_91343,USA,4948.12,cust_payee_19465,USA,INVOICE_PAYMENT,proofrail_synthetic,conditional_settlement_case,TRUE,proofrail,synthetic_research
2026-01-07T02:53,REVIEW,txn_0001672,cust_payer_70173,USA,1877.79,cust_payee_93534,USA,GOODS_SETTLEMENT,proofrail_synthetic,conditional_settlement_case,TRUE,proofrail,synthetic_research
2026-01-07T02:56,BAD,txn_0001673,cust_payer_46282,USA,12163.71,cust_payee_21453,USA,INVOICE_PAYMENT,proofrail_synthetic,conditional_settlement_case,TRUE,proofrail,synthetic_research
2026-01-07T02:56,GOOD,txn_0001674,cust_payer_45276,USA,1099.76,cust_payee_28916,CANADA,MILESTONE_PAYMENT,proofrail_synthetic,conditional_settlement_case,FALSE,proofrail,synthetic_research
2026-01-07T02:57,GOOD,txn_0001675,cust_payer_36528,USA,2137.13,cust_payee_75728,USA,MILESTONE_PAYMENT,proofrail_synthetic,conditional_settlement_case,FALSE,proofrail,synthetic_research
2026-01-07T02:58,GOOD,txn_0001676,cust_payer_43753,CANADA,11525.85,cust_payee_14400,USA,SERVICE_RETAINER,proofrail_synthetic,conditional_settlement_case,FALSE,proofrail,synthetic_research
2026-01-07T02:58,GOOD,txn_0001677,cust_payer_35297,USA,6714.68,cust_payee_18152,CANADA,MILESTONE_PAYMENT,proofrail_synthetic,conditional_settlement_case,FALSE,proofrail,synthetic_research
2026-01-07T03:04,REVIEW,txn_0001678,cust_payer_90384,USA,1154.98,cust_payee_91651,USA,INVOICE_PAYMENT,proofrail_synthetic,conditional_settlement_case,TRUE,proofrail,synthetic_research
2026-01-07T03:05,GOOD,txn_0001679,cust_payer_26688,USA,553.36,cust_payee_30170,USA,MILESTONE_PAYMENT,proofrail_synthetic,conditional_settlement_case,FALSE,proofrail,synthetic_research
2026-01-07T03:07,GOOD,txn_0001680,cust_payer_74369,USA,1043.9,cust_payee_91583,USA,SERVICE_RETAINER,proofrail_synthetic,conditional_settlement_case,FALSE,proofrail,synthetic_research
2026-01-07T03:08,REVIEW,txn_0001681,cust_payer_00570,USA,5272.62,cust_payee_14789,USA,INVOICE_PAYMENT,proofrail_synthetic,conditional_settlement_case,FALSE,proofrail,synthetic_research
2026-01-07T03:08,REVIEW,txn_0001682,cust_payer_33178,USA,2676.9,cust_payee_71191,CANADA,MILESTONE_PAYMENT,proofrail_synthetic,conditional_settlement_case,TRUE,proofrail,synthetic_research
2026-01-07T03:10,GOOD,txn_0001683,cust_payer_49964,USA,3715.64,cust_payee_01144,UNITED-KINGDOM,SERVICE_RETAINER,proofrail_synthetic,conditional_settlement_case,FALSE,proofrail,synthetic_research
2026-01-07T03:10,GOOD,txn_0001684,cust_payer_24615,CANADA,581.68,cust_payee_19081,UNITED-KINGDOM,GOODS_SETTLEMENT,proofrail_synthetic,conditional_settlement_case,FALSE,proofrail,synthetic_research
2026-01-07T03:11,BAD,txn_0001685,cust_payer_69547,USA,7237.13,cust_payee_93769,CANADA,MILESTONE_PAYMENT,proofrail_synthetic,conditional_settlement_case,TRUE,proofrail,synthetic_research
2026-01-07T03:11,GOOD,txn_0001686,cust_payer_31719,USA,1523.06,cust_payee_08373,USA,GOODS_SETTLEMENT,proofrail_synthetic,conditional_settlement_case,FALSE,proofrail,synthetic_research
2026-01-07T03:12,GOOD,txn_0001687,cust_payer_41907,USA,751.88,cust_payee_46172,USA,GOODS_SETTLEMENT,proofrail_synthetic,conditional_settlement_case,FALSE,proofrail,synthetic_research
2026-01-07T03:17,GOOD,txn_0001688,cust_payer_79718,UNITED-KINGDOM,2204.38,cust_payee_04877,USA,INVOICE_PAYMENT,proofrail_synthetic,conditional_settlement_case,FALSE,proofrail,synthetic_research
2026-01-07T03:17,GOOD,txn_0001689,cust_payer_67628,GERMANY,2415.91,cust_payee_51022,USA,GOODS_SETTLEMENT,proofrail_synthetic,conditional_settlement_case,FALSE,proofrail,synthetic_research
2026-01-07T03:18,GOOD,txn_0001690,cust_payer_20950,USA,4205.18,cust_payee_54241,CANADA,MILESTONE_PAYMENT,proofrail_synthetic,conditional_settlement_case,FALSE,proofrail,synthetic_research
2026-01-07T03:19,GOOD,txn_0001691,cust_payer_57637,USA,1389.41,cust_payee_92483,USA,INVOICE_PAYMENT,proofrail_synthetic,conditional_settlement_case,FALSE,proofrail,synthetic_research
2026-01-07T03:19,GOOD,txn_0001692,cust_payer_91803,USA,1277.75,cust_payee_63174,USA,MILESTONE_PAYMENT,proofrail_synthetic,conditional_settlement_case,FALSE,proofrail,synthetic_research
2026-01-07T03:23,GOOD,txn_0001693,cust_payer_60559,USA,5714.14,cust_payee_23432,USA,GOODS_SETTLEMENT,proofrail_synthetic,conditional_settlement_case,FALSE,proofrail,synthetic_research
2026-01-07T03:26,REVIEW,txn_0001694,cust_payer_48578,USA,4018.6,cust_payee_39299,USA,GOODS_SETTLEMENT,proofrail_synthetic,conditional_settlement_case,TRUE,proofrail,synthetic_research
2026-01-07T03:29,BAD,txn_0001695,cust_payer_21879,UNITED-KINGDOM,1551.47,cust_payee_63411,MEXICO,INVOICE_PAYMENT,proofrail_synthetic,conditional_settlement_case,TRUE,proofrail,synthetic_research
2026-01-07T03:29,GOOD,txn_0001696,cust_payer_10872,USA,187.63,cust_payee_19193,USA,GOODS_SETTLEMENT,proofrail_synthetic,conditional_settlement_case,FALSE,proofrail,synthetic_research
2026-01-07T03:30,BAD,txn_0001697,cust_payer_90668,USA,9600.31,cust_payee_86798,CANADA,GOODS_SETTLEMENT,proofrail_synthetic,conditional_settlement_case,TRUE,proofrail,synthetic_research
2026-01-07T03:31,GOOD,txn_0001698,cust_payer_79943,USA,3363.27,cust_payee_56952,USA,SERVICE_RETAINER,proofrail_synthetic,conditional_settlement_case,FALSE,proofrail,synthetic_research
2026-01-07T03:31,GOOD,txn_0001699,cust_payer_80609,CANADA,1237.52,cust_payee_93507,USA,MILESTONE_PAYMENT,proofrail_synthetic,conditional_settlement_case,FALSE,proofrail,synthetic_research
2026-01-07T03:31,GOOD,txn_0001700,cust_payer_11567,SINGAPORE,10214.02,cust_payee_75951,USA,MILESTONE_PAYMENT,proofrail_synthetic,conditional_settlement_case,FALSE,proofrail,synthetic_research
2026-01-07T03:32,GOOD,txn_0001701,cust_payer_83957,USA,1338.92,cust_payee_76906,USA,INVOICE_PAYMENT,proofrail_synthetic,conditional_settlement_case,FALSE,proofrail,synthetic_research
2026-01-07T03:32,BAD,txn_0001702,cust_payer_45699,USA,2135.51,cust_payee_73470,USA,MILESTONE_PAYMENT,proofrail_synthetic,conditional_settlement_case,TRUE,proofrail,synthetic_research
2026-01-07T03:34,REVIEW,txn_0001703,cust_payer_46945,USA,1191.08,cust_payee_64487,USA,GOODS_SETTLEMENT,proofrail_synthetic,conditional_settlement_case,TRUE,proofrail,synthetic_research
2026-01-07T03:40,GOOD,txn_0001704,cust_payer_50770,USA,11336.03,cust_payee_37177,CANADA,INVOICE_PAYMENT,proofrail_synthetic,conditional_settlement_case,FALSE,proofrail,synthetic_research
2026-01-07T03:42,GOOD,txn_0001705,cust_payer_18611,CANADA,4184.22,cust_payee_40682,USA,GOODS_SETTLEMENT,proofrail_synthetic,conditional_settlement_case,FALSE,proofrail,synthetic_research
2026-01-07T03:42,GOOD,txn_0001706,cust_payer_51266,USA,22831.47,cust_payee_87042,USA,GOODS_SETTLEMENT,proofrail_synthetic,conditional_settlement_case,FALSE,proofrail,synthetic_research
2026-01-07T03:43,GOOD,txn_0001707,cust_payer_85420,USA,1315.45,cust_payee_26597,USA,GOODS_SETTLEMENT,proofrail_synthetic,conditional_settlement_case,FALSE,proofrail,synthetic_research
2026-01-07T03:46,BAD,txn_0001708,cust_payer_11720,USA,1146.87,cust_payee_07631,CANADA,MILESTONE_PAYMENT,proofrail_synthetic,conditional_settlement_case,TRUE,proofrail,synthetic_research
2026-01-07T03:46,GOOD,txn_0001709,cust_payer_84371,USA,10393.56,cust_payee_30231,USA,GOODS_SETTLEMENT,proofrail_synthetic,conditional_settlement_case,FALSE,proofrail,synthetic_research
2026-01-07T03:48,GOOD,txn_0001710,cust_payer_83016,USA,4022.51,cust_payee_58129,USA,GOODS_SETTLEMENT,proofrail_synthetic,conditional_settlement_case,FALSE,proofrail,synthetic_research
2026-01-07T03:49,REVIEW,txn_0001711,cust_payer_08753,USA,1138.51,cust_payee_45717,USA,GOODS_SETTLEMENT,proofrail_synthetic,conditional_settlement_case,TRUE,proofrail,synthetic_research
2026-01-07T03:50,REVIEW,txn_0001712,cust_payer_81099,USA,3818.72,cust_payee_66040,SINGAPORE,MILESTONE_PAYMENT,proofrail_synthetic,conditional_settlement_case,TRUE,proofrail,synthetic_research
2026-01-07T03:51,GOOD,txn_0001713,cust_payer_63678,USA,1889.77,cust_payee_55987,USA,GOODS_SETTLEMENT,proofrail_synthetic,conditional_settlement_case,FALSE,proofrail,synthetic_research
2026-01-07T03:52,REVIEW,txn_0001714,cust_payer_03222,USA,1910.47,cust_payee_11506,USA,GOODS_SETTLEMENT,proofrail_synthetic,conditional_settlement_case,TRUE,proofrail,synthetic_research
2026-01-07T03:52,GOOD,txn_0001715,cust_payer_91651,USA,1986.6,cust_payee_90150,USA,GOODS_SETTLEMENT,proofrail_synthetic,conditional_settlement_case,FALSE,proofrail,synthetic_research
2026-01-07T03:53,GOOD,txn_0001716,cust_payer_76125,USA,7987.98,cust_payee_76511,USA,GOODS_SETTLEMENT,proofrail_synthetic,conditional_settlement_case,FALSE,proofrail,synthetic_research
2026-01-07T03:57,GOOD,txn_0001717,cust_payer_48413,UNITED-KINGDOM,1982.59,cust_payee_97263,UNITED-KINGDOM,GOODS_SETTLEMENT,proofrail_synthetic,conditional_settlement_case,FALSE,proofrail,synthetic_research
2026-01-07T03:58,GOOD,txn_0001718,cust_payer_24704,USA,9916.87,cust_payee_74929,MEXICO,MILESTONE_PAYMENT,proofrail_synthetic,conditional_settlement_case,FALSE,proofrail,synthetic_research
2026-01-07T03:59,GOOD,txn_0001719,cust_payer_05162,USA,1825.56,cust_payee_07351,USA,MILESTONE_PAYMENT,proofrail_synthetic,conditional_settlement_case,FALSE,proofrail,synthetic_research
2026-01-07T04:00,REVIEW,txn_0001720,cust_payer_60694,USA,17156.64,cust_payee_06527,USA,MILESTONE_PAYMENT,proofrail_synthetic,conditional_settlement_case,FALSE,proofrail,synthetic_research
2026-01-07T04:00,GOOD,txn_0001721,cust_payer_74924,USA,1446.43,cust_payee_98860,USA,MILESTONE_PAYMENT,proofrail_synthetic,conditional_settlement_case,FALSE,proofrail,synthetic_research
2026-01-07T04:00,REVIEW,txn_0001722,cust_payer_22040,USA,1345.59,cust_payee_05486,USA,MILESTONE_PAYMENT,proofrail_synthetic,conditional_settlement_case,FALSE,proofrail,synthetic_research
2026-01-07T04:01,REVIEW,txn_0001723,cust_payer_31355,USA,3966.09,cust_payee_61548,USA,INVOICE_PAYMENT,proofrail_synthetic,conditional_settlement_case,FALSE,proofrail,synthetic_research
2026-01-07T04:06,GOOD,txn_0001724,cust_payer_78324,UNITED-KINGDOM,3621.79,cust_payee_48167,USA,MILESTONE_PAYMENT,proofrail_synthetic,conditional_settlement_case,FALSE,proofrail,synthetic_research
2026-01-07T04:06,GOOD,txn_0001725,cust_payer_43294,USA,3614.83,cust_payee_94969,USA,GOODS_SETTLEMENT,proofrail_synthetic,conditional_settlement_case,FALSE,proofrail,synthetic_research
2026-01-07T04:07,REVIEW,txn_0001726,cust_payer_38886,MEXICO,262.79,cust_payee_73606,USA,INVOICE_PAYMENT,proofrail_synthetic,conditional_settlement_case,TRUE,proofrail,synthetic_research
2026-01-07T04:10,GOOD,txn_0001727,cust_payer_67841,USA,2454.75,cust_payee_41051,USA,INVOICE_PAYMENT,proofrail_synthetic,conditional_settlement_case,FALSE,proofrail,synthetic_research
2026-01-07T04:11,BAD,txn_0001728,cust_payer_79965,USA,1563.11,cust_payee_73513,USA,SERVICE_RETAINER,proofrail_synthetic,conditional_settlement_case,TRUE,proofrail,synthetic_research
2026-01-07T04:11,GOOD,txn_0001729,cust_payer_07809,USA,2774.67,cust_payee_47341,USA,GOODS_SETTLEMENT,proofrail_synthetic,conditional_settlement_case,FALSE,proofrail,synthetic_research
2026-01-07T04:11,REVIEW,txn_0001730,cust_payer_61269,UNITED-KINGDOM,18792.02,cust_payee_58568,CANADA,INVOICE_PAYMENT,proofrail_synthetic,conditional_settlement_case,FALSE,proofrail,synthetic_research
2026-01-07T04:12,GOOD,txn_0001731,cust_payer_03746,SINGAPORE,5419.19,cust_payee_08315,USA,MILESTONE_PAYMENT,proofrail_synthetic,conditional_settlement_case,FALSE,proofrail,synthetic_research
2026-01-07T04:13,GOOD,txn_0001732,cust_payer_29751,USA,642.81,cust_payee_08485,USA,MILESTONE_PAYMENT,proofrail_synthetic,conditional_settlement_case,FALSE,proofrail,synthetic_research
2026-01-07T04:13,GOOD,txn_0001733,cust_payer_46216,USA,4007.29,cust_payee_75512,USA,INVOICE_PAYMENT,proofrail_synthetic,conditional_settlement_case,FALSE,proofrail,synthetic_research
2026-01-07T04:14,GOOD,txn_0001734,cust_payer_65000,USA,6030.5,cust_payee_29288,USA,INVOICE_PAYMENT,proofrail_synthetic,conditional_settlement_case,FALSE,proofrail,synthetic_research
2026-01-07T04:16,GOOD,txn_0001735,cust_payer_39904,USA,1431.24,cust_payee_45092,USA,GOODS_SETTLEMENT,proofrail_synthetic,conditional_settlement_case,FALSE,proofrail,synthetic_research
2026-01-07T04:16,GOOD,txn_0001736,cust_payer_57969,USA,2742.72,cust_payee_32792,USA,INVOICE_PAYMENT,proofrail_synthetic,conditional_settlement_case,FALSE,proofrail,synthetic_research
2026-01-07T04:17,GOOD,txn_0001737,cust_payer_13305,USA,17733.77,cust_payee_22781,USA,SERVICE_RETAINER,proofrail_synthetic,conditional_settlement_case,FALSE,proofrail,synthetic_research
2026-01-07T04:17,REVIEW,txn_0001738,cust_payer_79103,USA,3189.53,cust_payee_56556,USA,INVOICE_PAYMENT,proofrail_synthetic,conditional_settlement_case,FALSE,proofrail,synthetic_research
2026-01-07T04:19,BAD,txn_0001739,cust_payer_77356,UNITED-KINGDOM,1728.4,cust_payee_70760,USA,MILESTONE_PAYMENT,proofrail_synthetic,conditional_settlement_case,TRUE,proofrail,synthetic_research
2026-01-07T04:19,BAD,txn_0001740,cust_payer_45110,USA,2852.31,cust_payee_11856,USA,MILESTONE_PAYMENT,proofrail_synthetic,conditional_settlement_case,TRUE,proofrail,synthetic_research
2026-01-07T04:20,REVIEW,txn_0001741,cust_payer_32286,USA,1108.51,cust_payee_33470,USA,INVOICE_PAYMENT,proofrail_synthetic,conditional_settlement_case,TRUE,proofrail,synthetic_research
2026-01-07T04:20,GOOD,txn_0001742,cust_payer_11152,USA,4928.72,cust_payee_68333,USA,INVOICE_PAYMENT,proofrail_synthetic,conditional_settlement_case,FALSE,proofrail,synthetic_research
2026-01-07T04:26,BAD,txn_0001743,cust_payer_63414,USA,28371.05,cust_payee_63393,USA,MILESTONE_PAYMENT,proofrail_synthetic,conditional_settlement_case,TRUE,proofrail,synthetic_research
2026-01-07T04:27,GOOD,txn_0001744,cust_payer_56016,USA,6682.33,cust_payee_18515,USA,GOODS_SETTLEMENT,proofrail_synthetic,conditional_settlement_case,FALSE,proofrail,synthetic_research
2026-01-07T04:30,GOOD,txn_0001745,cust_payer_58020,USA,826.64,cust_payee_28552,USA,INVOICE_PAYMENT,proofrail_synthetic,conditional_settlement_case,FALSE,proofrail,synthetic_research
2026-01-07T04:30,GOOD,txn_0001746,cust_payer_25756,USA,2142.31,cust_payee_07403,SINGAPORE,MILESTONE_PAYMENT,proofrail_synthetic,conditional_settlement_case,FALSE,proofrail,synthetic_research
2026-01-07T04:30,REVIEW,txn_0001747,cust_payer_27925,CANADA,961.75,cust_payee_97620,USA,INVOICE_PAYMENT,proofrail_synthetic,conditional_settlement_case,TRUE,proofrail,synthetic_research
2026-01-07T04:32,GOOD,txn_0001748,cust_payer_94219,USA,3355.67,cust_payee_26964,USA,MILESTONE_PAYMENT,proofrail_synthetic,conditional_settlement_case,FALSE,proofrail,synthetic_research
2026-01-07T04:32,GOOD,txn_0001749,cust_payer_31928,USA,1870.91,cust_payee_72019,CANADA,MILESTONE_PAYMENT,proofrail_synthetic,conditional_settlement_case,FALSE,proofrail,synthetic_research
2026-01-07T04:32,GOOD,txn_0001750,cust_payer_70179,USA,2768.9,cust_payee_86185,USA,INVOICE_PAYMENT,proofrail_synthetic,conditional_settlement_case,FALSE,proofrail,synthetic_research
2026-01-07T04:33,BAD,txn_0001751,cust_payer_54439,USA,4939.06,cust_payee_01185,USA,MILESTONE_PAYMENT,proofrail_synthetic,conditional_settlement_case,TRUE,proofrail,synthetic_research
2026-01-07T04:34,GOOD,txn_0001752,cust_payer_24142,USA,3215.34,cust_payee_06052,USA,INVOICE_PAYMENT,proofrail_synthetic,conditional_settlement_case,FALSE,proofrail,synthetic_research
2026-01-07T04:34,REVIEW,txn_0001753,cust_payer_03616,USA,957.31,cust_payee_85749,USA,GOODS_SETTLEMENT,proofrail_synthetic,conditional_settlement_case,FALSE,proofrail,synthetic_research
2026-01-07T04:37,GOOD,txn_0001754,cust_payer_39838,USA,21496.38,cust_payee_47423,USA,INVOICE_PAYMENT,proofrail_synthetic,conditional_settlement_case,FALSE,proofrail,synthetic_research
2026-01-07T04:37,GOOD,txn_0001755,cust_payer_96255,USA,2098.84,cust_payee_89700,USA,MILESTONE_PAYMENT,proofrail_synthetic,conditional_settlement_case,FALSE,proofrail,synthetic_research
2026-01-07T04:39,GOOD,txn_0001756,cust_payer_03311,USA,5611.36,cust_payee_48793,USA,INVOICE_PAYMENT,proofrail_synthetic,conditional_settlement_case,FALSE,proofrail,synthetic_research
2026-01-07T04:40,BAD,txn_0001757,cust_payer_09024,USA,1201.18,cust_payee_39575,USA,INVOICE_PAYMENT,proofrail_synthetic,conditional_settlement_case,TRUE,proofrail,synthetic_research
2026-01-07T04:42,GOOD,txn_0001758,cust_payer_22822,USA,564.02,cust_payee_82079,USA,INVOICE_PAYMENT,proofrail_synthetic,conditional_settlement_case,FALSE,proofrail,synthetic_research
2026-01-07T04:45,GOOD,txn_0001759,cust_payer_50896,USA,7374.44,cust_payee_41051,USA,MILESTONE_PAYMENT,proofrail_synthetic,conditional_settlement_case,FALSE,proofrail,synthetic_research
2026-01-07T04:46,GOOD,txn_0001760,cust_payer_29756,USA,1462.3,cust_payee_90453,USA,INVOICE_PAYMENT,proofrail_synthetic,conditional_settlement_case,FALSE,proofrail,synthetic_research
2026-01-07T04:50,BAD,txn_0001761,cust_payer_50241,USA,322.71,cust_payee_43232,USA,MILESTONE_PAYMENT,proofrail_synthetic,conditional_settlement_case,TRUE,proofrail,synthetic_research
2026-01-07T04:50,GOOD,txn_0001762,cust_payer_62891,USA,2758.22,cust_payee_16264,USA,INVOICE_PAYMENT,proofrail_synthetic,conditional_settlement_case,FALSE,proofrail,synthetic_research
2026-01-07T04:51,GOOD,txn_0001763,cust_payer_95565,USA,6327.12,cust_payee_95313,CANADA,INVOICE_PAYMENT,proofrail_synthetic,conditional_settlement_case,FALSE,proofrail,synthetic_research
2026-01-07T04:54,REVIEW,txn_0001764,cust_payer_44008,USA,2449.26,cust_payee_54724,USA,GOODS_SETTLEMENT,proofrail_synthetic,conditional_settlement_case,FALSE,proofrail,synthetic_research
2026-01-07T04:55,GOOD,txn_0001765,cust_payer_31884,USA,2405.91,cust_payee_12415,USA,SERVICE_RETAINER,proofrail_synthetic,conditional_settlement_case,FALSE,proofrail,synthetic_research
2026-01-07T04:55,REVIEW,txn_0001766,cust_payer_39989,USA,16267.2,cust_payee_79797,USA,INVOICE_PAYMENT,proofrail_synthetic,conditional_settlement_case,TRUE,proofrail,synthetic_research
2026-01-07T04:56,GOOD,txn_0001767,cust_payer_21849,USA,3748.29,cust_payee_91449,USA,GOODS_SETTLEMENT,proofrail_synthetic,conditional_settlement_case,FALSE,proofrail,synthetic_research
2026-01-07T04:59,REVIEW,txn_0001768,cust_payer_90578,CANADA,3793.71,cust_payee_25490,USA,INVOICE_PAYMENT,proofrail_synthetic,conditional_settlement_case,TRUE,proofrail,synthetic_research
2026-01-07T04:59,GOOD,txn_0001769,cust_payer_88154,USA,6477.74,cust_payee_21410,USA,INVOICE_PAYMENT,proofrail_synthetic,conditional_settlement_case,FALSE,proofrail,synthetic_research
2026-01-07T05:00,BAD,txn_0001770,cust_payer_16209,USA,21856.2,cust_payee_20074,USA,GOODS_SETTLEMENT,proofrail_synthetic,conditional_settlement_case,TRUE,proofrail,synthetic_research
2026-01-07T05:01,BAD,txn_0001771,cust_payer_08752,MEXICO,328.06,cust_payee_82491,USA,MILESTONE_PAYMENT,proofrail_synthetic,conditional_settlement_case,TRUE,proofrail,synthetic_research
2026-01-07T05:01,BAD,txn_0001772,cust_payer_71042,USA,4819.42,cust_payee_51796,USA,INVOICE_PAYMENT,proofrail_synthetic,conditional_settlement_case,TRUE,proofrail,synthetic_research
2026-01-07T05:02,GOOD,txn_0001773,cust_payer_01138,USA,1596.07,cust_payee_61643,USA,INVOICE_PAYMENT,proofrail_synthetic,conditional_settlement_case,FALSE,proofrail,synthetic_research
2026-01-07T05:03,REVIEW,txn_0001774,cust_payer_82528,SINGAPORE,733.18,cust_payee_36382,USA,GOODS_SETTLEMENT,proofrail_synthetic,conditional_settlement_case,FALSE,proofrail,synthetic_research
2026-01-07T05:04,GOOD,txn_0001775,cust_payer_66614,GERMANY,7524.82,cust_payee_08438,USA,GOODS_SETTLEMENT,proofrail_synthetic,conditional_settlement_case,FALSE,proofrail,synthetic_research
2026-01-07T05:10,GOOD,txn_0001776,cust_payer_92583,USA,2374.13,cust_payee_23627,USA,GOODS_SETTLEMENT,proofrail_synthetic,conditional_settlement_case,FALSE,proofrail,synthetic_research
2026-01-07T05:10,REVIEW,txn_0001777,cust_payer_88305,USA,5741.86,cust_payee_32196,UNITED-KINGDOM,GOODS_SETTLEMENT,proofrail_synthetic,conditional_settlement_case,TRUE,proofrail,synthetic_research
2026-01-07T05:13,REVIEW,txn_0001778,cust_payer_35488,USA,1343.35,cust_payee_20356,USA,GOODS_SETTLEMENT,proofrail_synthetic,conditional_settlement_case,FALSE,proofrail,synthetic_research
2026-01-07T05:13,GOOD,txn_0001779,cust_payer_96448,USA,2094.99,cust_payee_67470,SINGAPORE,INVOICE_PAYMENT,proofrail_synthetic,conditional_settlement_case,FALSE,proofrail,synthetic_research
2026-01-07T05:16,GOOD,txn_0001780,cust_payer_61271,USA,1193.83,cust_payee_05103,CANADA,INVOICE_PAYMENT,proofrail_synthetic,conditional_settlement_case,FALSE,proofrail,synthetic_research
2026-01-07T05:18,GOOD,txn_0001781,cust_payer_09254,USA,6775.69,cust_payee_03561,USA,GOODS_SETTLEMENT,proofrail_synthetic,conditional_settlement_case,FALSE,proofrail,synthetic_research
2026-01-07T05:19,GOOD,txn_0001782,cust_payer_87028,USA,766.75,cust_payee_55500,USA,INVOICE_PAYMENT,proofrail_synthetic,conditional_settlement_case,FALSE,proofrail,synthetic_research
2026-01-07T05:19,REVIEW,txn_0001783,cust_payer_88711,USA,4185.07,cust_payee_02129,USA,INVOICE_PAYMENT,proofrail_synthetic,conditional_settlement_case,TRUE,proofrail,synthetic_research
2026-01-07T05:20,GOOD,txn_0001784,cust_payer_25077,USA,2102.98,cust_payee_26421,USA,INVOICE_PAYMENT,proofrail_synthetic,conditional_settlement_case,FALSE,proofrail,synthetic_research
2026-01-07T05:20,BAD,txn_0001785,cust_payer_04887,USA,5159.61,cust_payee_66550,USA,INVOICE_PAYMENT,proofrail_synthetic,conditional_settlement_case,TRUE,proofrail,synthetic_research
2026-01-07T05:21,GOOD,txn_0001786,cust_payer_26766,CANADA,890.95,cust_payee_44568,USA,INVOICE_PAYMENT,proofrail_synthetic,conditional_settlement_case,FALSE,proofrail,synthetic_research
2026-01-07T05:24,GOOD,txn_0001787,cust_payer_62863,USA,3603.78,cust_payee_82780,UNITED-KINGDOM,SERVICE_RETAINER,proofrail_synthetic,conditional_settlement_case,FALSE,proofrail,synthetic_research
2026-01-07T05:24,GOOD,txn_0001788,cust_payer_72018,USA,2071.61,cust_payee_68556,USA,INVOICE_PAYMENT,proofrail_synthetic,conditional_settlement_case,FALSE,proofrail,synthetic_research
2026-01-07T05:26,GOOD,txn_0001789,cust_payer_67679,USA,1379.91,cust_payee_56838,USA,SERVICE_RETAINER,proofrail_synthetic,conditional_settlement_case,FALSE,proofrail,synthetic_research
2026-01-07T05:29,REVIEW,txn_0001790,cust_payer_76578,USA,20487.5,cust_payee_06749,USA,GOODS_SETTLEMENT,proofrail_synthetic,conditional_settlement_case,TRUE,proofrail,synthetic_research
2026-01-07T05:30,GOOD,txn_0001791,cust_payer_42703,USA,759.31,cust_payee_00007,USA,MILESTONE_PAYMENT,proofrail_synthetic,conditional_settlement_case,FALSE,proofrail,synthetic_research
2026-01-07T05:30,GOOD,txn_0001792,cust_payer_91003,CANADA,3840.6,cust_payee_27196,SINGAPORE,GOODS_SETTLEMENT,proofrail_synthetic,conditional_settlement_case,FALSE,proofrail,synthetic_research
2026-01-07T05:32,BAD,txn_0001793,cust_payer_53604,MEXICO,438.88,cust_payee_53547,USA,MILESTONE_PAYMENT,proofrail_synthetic,conditional_settlement_case,TRUE,proofrail,synthetic_research
2026-01-07T05:33,BAD,txn_0001794,cust_payer_21997,MEXICO,1979.48,cust_payee_43403,CANADA,MILESTONE_PAYMENT,proofrail_synthetic,conditional_settlement_case,TRUE,proofrail,synthetic_research
2026-01-07T05:33,GOOD,txn_0001795,cust_payer_22601,USA,807.27,cust_payee_99035,USA,MILESTONE_PAYMENT,proofrail_synthetic,conditional_settlement_case,FALSE,proofrail,synthetic_research
2026-01-07T05:36,GOOD,txn_0001796,cust_payer_06786,USA,4424.02,cust_payee_87973,USA,INVOICE_PAYMENT,proofrail_synthetic,conditional_settlement_case,FALSE,proofrail,synthetic_research
2026-01-07T05:37,REVIEW,txn_0001797,cust_payer_80006,USA,1905.37,cust_payee_85004,USA,INVOICE_PAYMENT,proofrail_synthetic,conditional_settlement_case,TRUE,proofrail,synthetic_research
2026-01-07T05:37,GOOD,txn_0001798,cust_payer_28343,MEXICO,1589.58,cust_payee_50764,USA,SERVICE_RETAINER,proofrail_synthetic,conditional_settlement_case,FALSE,proofrail,synthetic_research
2026-01-07T05:39,GOOD,txn_0001799,cust_payer_94206,USA,987.54,cust_payee_32061,USA,INVOICE_PAYMENT,proofrail_synthetic,conditional_settlement_case,FALSE,proofrail,synthetic_research
2026-01-07T05:42,GOOD,txn_0001800,cust_payer_39513,CANADA,2207.15,cust_payee_36693,USA,GOODS_SETTLEMENT,proofrail_synthetic,conditional_settlement_case,FALSE,proofrail,synthetic_research
2026-01-07T05:44,GOOD,txn_0001801,cust_payer_72650,USA,3170.2,cust_payee_79359,GERMANY,INVOICE_PAYMENT,proofrail_synthetic,conditional_settlement_case,FALSE,proofrail,synthetic_research
2026-01-07T05:47,GOOD,txn_0001802,cust_payer_58475,CANADA,3984.73,cust_payee_98292,USA,MILESTONE_PAYMENT,proofrail_synthetic,conditional_settlement_case,FALSE,proofrail,synthetic_research
2026-01-07T05:47,GOOD,txn_0001803,cust_payer_62917,USA,2383.39,cust_payee_55215,USA,INVOICE_PAYMENT,proofrail_synthetic,conditional_settlement_case,FALSE,proofrail,synthetic_research
2026-01-07T05:48,REVIEW,txn_0001804,cust_payer_04237,USA,3588.81,cust_payee_84326,USA,MILESTONE_PAYMENT,proofrail_synthetic,conditional_settlement_case,TRUE,proofrail,synthetic_research
2026-01-07T05:48,GOOD,txn_0001805,cust_payer_43717,USA,13204.46,cust_payee_85813,USA,MILESTONE_PAYMENT,proofrail_synthetic,conditional_settlement_case,FALSE,proofrail,synthetic_research
2026-01-07T05:50,REVIEW,txn_0001806,cust_payer_09194,USA,1612.51,cust_payee_07856,USA,SERVICE_RETAINER,proofrail_synthetic,conditional_settlement_case,FALSE,proofrail,synthetic_research
2026-01-07T05:53,GOOD,txn_0001807,cust_payer_10532,USA,3832.21,cust_payee_11373,USA,INVOICE_PAYMENT,proofrail_synthetic,conditional_settlement_case,FALSE,proofrail,synthetic_research
2026-01-07T05:54,GOOD,txn_0001808,cust_payer_12191,USA,1498.82,cust_payee_66942,USA,INVOICE_PAYMENT,proofrail_synthetic,conditional_settlement_case,FALSE,proofrail,synthetic_research
2026-01-07T05:55,GOOD,txn_0001809,cust_payer_19302,USA,9229.08,cust_payee_92822,USA,GOODS_SETTLEMENT,proofrail_synthetic,conditional_settlement_case,FALSE,proofrail,synthetic_research
2026-01-07T05:57,GOOD,txn_0001810,cust_payer_90657,USA,3407.91,cust_payee_30351,USA,INVOICE_PAYMENT,proofrail_synthetic,conditional_settlement_case,FALSE,proofrail,synthetic_research
2026-01-07T05:57,REVIEW,txn_0001811,cust_payer_20391,USA,6169.83,cust_payee_08794,USA,INVOICE_PAYMENT,proofrail_synthetic,conditional_settlement_case,TRUE,proofrail,synthetic_research
2026-01-07T05:58,GOOD,txn_0001812,cust_payer_96107,USA,849.59,cust_payee_97079,CANADA,GOODS_SETTLEMENT,proofrail_synthetic,conditional_settlement_case,FALSE,proofrail,synthetic_research
2026-01-07T06:00,GOOD,txn_0001813,cust_payer_63027,USA,10321.28,cust_payee_84560,UNITED-KINGDOM,INVOICE_PAYMENT,proofrail_synthetic,conditional_settlement_case,FALSE,proofrail,synthetic_research
2026-01-07T06:00,GOOD,txn_0001814,cust_payer_11820,USA,9905.75,cust_payee_26681,USA,INVOICE_PAYMENT,proofrail_synthetic,conditional_settlement_case,FALSE,proofrail,synthetic_research
2026-01-07T06:01,BAD,txn_0001815,cust_payer_81527,USA,1994.58,cust_payee_69105,USA,INVOICE_PAYMENT,proofrail_synthetic,conditional_settlement_case,TRUE,proofrail,synthetic_research
2026-01-07T06:02,REVIEW,txn_0001816,cust_payer_88791,USA,347.28,cust_payee_09959,USA,MILESTONE_PAYMENT,proofrail_synthetic,conditional_settlement_case,TRUE,proofrail,synthetic_research
2026-01-07T06:03,REVIEW,txn_0001817,cust_payer_70522,USA,1752.83,cust_payee_26940,USA,MILESTONE_PAYMENT,proofrail_synthetic,conditional_settlement_case,TRUE,proofrail,synthetic_research
2026-01-07T06:03,REVIEW,txn_0001818,cust_payer_79522,USA,1190.21,cust_payee_22682,CANADA,MILESTONE_PAYMENT,proofrail_synthetic,conditional_settlement_case,TRUE,proofrail,synthetic_research
2026-01-07T06:03,REVIEW,txn_0001819,cust_payer_67504,USA,321.83,cust_payee_41209,SINGAPORE,INVOICE_PAYMENT,proofrail_synthetic,conditional_settlement_case,TRUE,proofrail,synthetic_research
2026-01-07T06:06,GOOD,txn_0001820,cust_payer_08228,USA,7676.67,cust_payee_42039,USA,INVOICE_PAYMENT,proofrail_synthetic,conditional_settlement_case,FALSE,proofrail,synthetic_research
2026-01-07T06:07,REVIEW,txn_0001821,cust_payer_41008,USA,5082.25,cust_payee_41913,USA,GOODS_SETTLEMENT,proofrail_synthetic,conditional_settlement_case,FALSE,proofrail,synthetic_research
2026-01-07T06:07,GOOD,txn_0001822,cust_payer_80462,USA,150000,cust_payee_78375,USA,MILESTONE_PAYMENT,proofrail_synthetic,conditional_settlement_case,FALSE,proofrail,synthetic_research
2026-01-07T06:07,GOOD,txn_0001823,cust_payer_98797,USA,1390.17,cust_payee_92055,USA,MILESTONE_PAYMENT,proofrail_synthetic,conditional_settlement_case,FALSE,proofrail,synthetic_research
2026-01-07T06:08,GOOD,txn_0001824,cust_payer_65434,USA,2518.73,cust_payee_46641,USA,GOODS_SETTLEMENT,proofrail_synthetic,conditional_settlement_case,FALSE,proofrail,synthetic_research
2026-01-07T06:11,REVIEW,txn_0001825,cust_payer_92854,USA,1130.93,cust_payee_11319,USA,SERVICE_RETAINER,proofrail_synthetic,conditional_settlement_case,FALSE,proofrail,synthetic_research
2026-01-07T06:12,REVIEW,txn_0001826,cust_payer_06444,USA,2352.66,cust_payee_92204,USA,SERVICE_RETAINER,proofrail_synthetic,conditional_settlement_case,FALSE,proofrail,synthetic_research
2026-01-07T06:14,GOOD,txn_0001827,cust_payer_16004,USA,4530.61,cust_payee_18973,UNITED-KINGDOM,GOODS_SETTLEMENT,proofrail_synthetic,conditional_settlement_case,FALSE,proofrail,synthetic_research
2026-01-07T06:14,BAD,txn_0001828,cust_payer_72407,USA,10207.46,cust_payee_03760,USA,SERVICE_RETAINER,proofrail_synthetic,conditional_settlement_case,TRUE,proofrail,synthetic_research
2026-01-07T06:14,GOOD,txn_0001829,cust_payer_75966,USA,10423.7,cust_payee_03054,USA,MILESTONE_PAYMENT,proofrail_synthetic,conditional_settlement_case,FALSE,proofrail,synthetic_research
2026-01-07T06:16,GOOD,txn_0001830,cust_payer_28909,UNITED-KINGDOM,329.41,cust_payee_67479,USA,SERVICE_RETAINER,proofrail_synthetic,conditional_settlement_case,FALSE,proofrail,synthetic_research
2026-01-07T06:16,BAD,txn_0001831,cust_payer_86377,UNITED-KINGDOM,8770.58,cust_payee_06877,CANADA,MILESTONE_PAYMENT,proofrail_synthetic,conditional_settlement_case,TRUE,proofrail,synthetic_research
2026-01-07T06:17,REVIEW,txn_0001832,cust_payer_77218,CANADA,980.38,cust_payee_36320,USA,INVOICE_PAYMENT,proofrail_synthetic,conditional_settlement_case,TRUE,proofrail,synthetic_research
2026-01-07T06:19,REVIEW,txn_0001833,cust_payer_42291,USA,15407.23,cust_payee_95664,USA,INVOICE_PAYMENT,proofrail_synthetic,conditional_settlement_case,FALSE,proofrail,synthetic_research
2026-01-07T06:19,GOOD,txn_0001834,cust_payer_57738,CANADA,2834.46,cust_payee_16797,MEXICO,INVOICE_PAYMENT,proofrail_synthetic,conditional_settlement_case,FALSE,proofrail,synthetic_research
2026-01-07T06:20,GOOD,txn_0001835,cust_payer_72954,USA,4096.63,cust_payee_33535,USA,INVOICE_PAYMENT,proofrail_synthetic,conditional_settlement_case,FALSE,proofrail,synthetic_research
2026-01-07T06:21,GOOD,txn_0001836,cust_payer_86971,CANADA,5269.78,cust_payee_86826,USA,MILESTONE_PAYMENT,proofrail_synthetic,conditional_settlement_case,FALSE,proofrail,synthetic_research
2026-01-07T06:21,REVIEW,txn_0001837,cust_payer_57251,USA,2654.9,cust_payee_66841,USA,INVOICE_PAYMENT,proofrail_synthetic,conditional_settlement_case,TRUE,proofrail,synthetic_research
2026-01-07T06:22,GOOD,txn_0001838,cust_payer_35233,USA,303.83,cust_payee_96216,USA,INVOICE_PAYMENT,proofrail_synthetic,conditional_settlement_case,FALSE,proofrail,synthetic_research
2026-01-07T06:23,BAD,txn_0001839,cust_payer_82380,USA,1499.08,cust_payee_20794,USA,INVOICE_PAYMENT,proofrail_synthetic,conditional_settlement_case,TRUE,proofrail,synthetic_research
2026-01-07T06:24,GOOD,txn_0001840,cust_payer_42367,USA,369.07,cust_payee_99696,USA,SERVICE_RETAINER,proofrail_synthetic,conditional_settlement_case,FALSE,proofrail,synthetic_research
2026-01-07T06:26,GOOD,txn_0001841,cust_payer_57126,USA,1676.23,cust_payee_40722,USA,INVOICE_PAYMENT,proofrail_synthetic,conditional_settlement_case,FALSE,proofrail,synthetic_research
2026-01-07T06:28,GOOD,txn_0001842,cust_payer_07999,USA,9397.16,cust_payee_14452,USA,SERVICE_RETAINER,proofrail_synthetic,conditional_settlement_case,FALSE,proofrail,synthetic_research
2026-01-07T06:30,GOOD,txn_0001843,cust_payer_97663,USA,1557.11,cust_payee_28177,USA,GOODS_SETTLEMENT,proofrail_synthetic,conditional_settlement_case,FALSE,proofrail,synthetic_research
2026-01-07T06:33,GOOD,txn_0001844,cust_payer_66343,USA,3400,cust_payee_04403,USA,GOODS_SETTLEMENT,proofrail_synthetic,conditional_settlement_case,FALSE,proofrail,synthetic_research
2026-01-07T06:34,REVIEW,txn_0001845,cust_payer_97894,USA,5280.43,cust_payee_63698,USA,INVOICE_PAYMENT,proofrail_synthetic,conditional_settlement_case,FALSE,proofrail,synthetic_research
2026-01-07T06:38,GOOD,txn_0001846,cust_payer_52809,USA,3677.45,cust_payee_82968,USA,INVOICE_PAYMENT,proofrail_synthetic,conditional_settlement_case,FALSE,proofrail,synthetic_research
2026-01-07T06:40,GOOD,txn_0001847,cust_payer_45748,USA,2919.42,cust_payee_53579,USA,MILESTONE_PAYMENT,proofrail_synthetic,conditional_settlement_case,FALSE,proofrail,synthetic_research
2026-01-07T06:42,REVIEW,txn_0001848,cust_payer_28510,USA,40997.88,cust_payee_73018,USA,SERVICE_RETAINER,proofrail_synthetic,conditional_settlement_case,TRUE,proofrail,synthetic_research
2026-01-07T06:43,GOOD,txn_0001849,cust_payer_84063,USA,2045.41,cust_payee_67109,USA,SERVICE_RETAINER,proofrail_synthetic,conditional_settlement_case,FALSE,proofrail,synthetic_research
2026-01-07T06:47,REVIEW,txn_0001850,cust_payer_79581,USA,47888.56,cust_payee_66175,USA,GOODS_SETTLEMENT,proofrail_synthetic,conditional_settlement_case,FALSE,proofrail,synthetic_research
2026-01-07T06:48,GOOD,txn_0001851,cust_payer_36123,USA,5572.66,cust_payee_81254,USA,INVOICE_PAYMENT,proofrail_synthetic,conditional_settlement_case,FALSE,proofrail,synthetic_research
2026-01-07T06:49,GOOD,txn_0001852,cust_payer_04811,USA,2130.42,cust_payee_63100,USA,GOODS_SETTLEMENT,proofrail_synthetic,conditional_settlement_case,FALSE,proofrail,synthetic_research
2026-01-07T06:49,GOOD,txn_0001853,cust_payer_53809,USA,7388.13,cust_payee_73883,USA,MILESTONE_PAYMENT,proofrail_synthetic,conditional_settlement_case,FALSE,proofrail,synthetic_research
2026-01-07T06:50,GOOD,txn_0001854,cust_payer_47179,USA,7642.78,cust_payee_77823,USA,INVOICE_PAYMENT,proofrail_synthetic,conditional_settlement_case,FALSE,proofrail,synthetic_research
2026-01-07T06:50,GOOD,txn_0001855,cust_payer_09406,USA,1218.41,cust_payee_86411,USA,INVOICE_PAYMENT,proofrail_synthetic,conditional_settlement_case,FALSE,proofrail,synthetic_research
2026-01-07T06:51,GOOD,txn_0001856,cust_payer_51578,USA,1222.05,cust_payee_69989,USA,INVOICE_PAYMENT,proofrail_synthetic,conditional_settlement_case,FALSE,proofrail,synthetic_research
2026-01-07T06:52,GOOD,txn_0001857,cust_payer_78356,USA,1462.29,cust_payee_39507,USA,INVOICE_PAYMENT,proofrail_synthetic,conditional_settlement_case,FALSE,proofrail,synthetic_research
2026-01-07T06:54,GOOD,txn_0001858,cust_payer_53811,USA,19923.05,cust_payee_21974,GERMANY,MILESTONE_PAYMENT,proofrail_synthetic,conditional_settlement_case,FALSE,proofrail,synthetic_research
2026-01-07T06:56,GOOD,txn_0001859,cust_payer_12586,USA,1575.89,cust_payee_33356,USA,INVOICE_PAYMENT,proofrail_synthetic,conditional_settlement_case,FALSE,proofrail,synthetic_research
2026-01-07T07:04,GOOD,txn_0001860,cust_payer_67922,USA,1646.22,cust_payee_93438,USA,SERVICE_RETAINER,proofrail_synthetic,conditional_settlement_case,FALSE,proofrail,synthetic_research
2026-01-07T07:06,REVIEW,txn_0001861,cust_payer_99350,USA,1025.98,cust_payee_13745,USA,INVOICE_PAYMENT,proofrail_synthetic,conditional_settlement_case,TRUE,proofrail,synthetic_research
2026-01-07T07:07,GOOD,txn_0001862,cust_payer_12828,USA,67170.19,cust_payee_52150,USA,GOODS_SETTLEMENT,proofrail_synthetic,conditional_settlement_case,FALSE,proofrail,synthetic_research
2026-01-07T07:07,REVIEW,txn_0001863,cust_payer_25945,CANADA,3342.35,cust_payee_56157,USA,GOODS_SETTLEMENT,proofrail_synthetic,conditional_settlement_case,TRUE,proofrail,synthetic_research
2026-01-07T07:08,GOOD,txn_0001864,cust_payer_11191,USA,554.49,cust_payee_28002,USA,INVOICE_PAYMENT,proofrail_synthetic,conditional_settlement_case,FALSE,proofrail,synthetic_research
2026-01-07T07:13,GOOD,txn_0001865,cust_payer_29716,USA,5605.13,cust_payee_56652,USA,INVOICE_PAYMENT,proofrail_synthetic,conditional_settlement_case,FALSE,proofrail,synthetic_research
2026-01-07T07:16,REVIEW,txn_0001866,cust_payer_87499,USA,2599.2,cust_payee_01443,USA,GOODS_SETTLEMENT,proofrail_synthetic,conditional_settlement_case,TRUE,proofrail,synthetic_research
2026-01-07T07:16,GOOD,txn_0001867,cust_payer_87739,USA,6821.83,cust_payee_54406,MEXICO,MILESTONE_PAYMENT,proofrail_synthetic,conditional_settlement_case,FALSE,proofrail,synthetic_research
2026-01-07T07:16,GOOD,txn_0001868,cust_payer_16549,USA,5652.92,cust_payee_88110,USA,INVOICE_PAYMENT,proofrail_synthetic,conditional_settlement_case,FALSE,proofrail,synthetic_research
2026-01-07T07:18,REVIEW,txn_0001869,cust_payer_19235,USA,2362.08,cust_payee_43667,USA,MILESTONE_PAYMENT,proofrail_synthetic,conditional_settlement_case,TRUE,proofrail,synthetic_research
2026-01-07T07:19,GOOD,txn_0001870,cust_payer_10016,USA,366.28,cust_payee_14337,USA,GOODS_SETTLEMENT,proofrail_synthetic,conditional_settlement_case,FALSE,proofrail,synthetic_research
2026-01-07T07:21,GOOD,txn_0001871,cust_payer_18925,USA,2062.29,cust_payee_07595,USA,INVOICE_PAYMENT,proofrail_synthetic,conditional_settlement_case,FALSE,proofrail,synthetic_research
2026-01-07T07:24,GOOD,txn_0001872,cust_payer_10522,USA,1647.03,cust_payee_34102,USA,SERVICE_RETAINER,proofrail_synthetic,conditional_settlement_case,FALSE,proofrail,synthetic_research
2026-01-07T07:27,GOOD,txn_0001873,cust_payer_01497,USA,1221.45,cust_payee_25638,UNITED-KINGDOM,INVOICE_PAYMENT,proofrail_synthetic,conditional_settlement_case,FALSE,proofrail,synthetic_research
2026-01-07T07:27,GOOD,txn_0001874,cust_payer_71233,USA,1609.14,cust_payee_31096,USA,MILESTONE_PAYMENT,proofrail_synthetic,conditional_settlement_case,FALSE,proofrail,synthetic_research
2026-01-07T07:28,GOOD,txn_0001875,cust_payer_36955,USA,55.13,cust_payee_71513,USA,MILESTONE_PAYMENT,proofrail_synthetic,conditional_settlement_case,FALSE,proofrail,synthetic_research
2026-01-07T07:30,GOOD,txn_0001876,cust_payer_85766,USA,22931.63,cust_payee_43059,USA,GOODS_SETTLEMENT,proofrail_synthetic,conditional_settlement_case,FALSE,proofrail,synthetic_research
2026-01-07T07:31,GOOD,txn_0001877,cust_payer_32791,USA,3932.67,cust_payee_74597,USA,INVOICE_PAYMENT,proofrail_synthetic,conditional_settlement_case,FALSE,proofrail,synthetic_research
2026-01-07T07:31,REVIEW,txn_0001878,cust_payer_48990,SINGAPORE,2265.74,cust_payee_73224,USA,INVOICE_PAYMENT,proofrail_synthetic,conditional_settlement_case,FALSE,proofrail,synthetic_research
2026-01-07T07:33,GOOD,txn_0001879,cust_payer_44687,USA,842.21,cust_payee_22528,USA,GOODS_SETTLEMENT,proofrail_synthetic,conditional_settlement_case,FALSE,proofrail,synthetic_research
2026-01-07T07:33,GOOD,txn_0001880,cust_payer_79100,USA,1766.58,cust_payee_30397,USA,GOODS_SETTLEMENT,proofrail_synthetic,conditional_settlement_case,FALSE,proofrail,synthetic_research
2026-01-07T07:37,GOOD,txn_0001881,cust_payer_42766,USA,576.83,cust_payee_11071,USA,MILESTONE_PAYMENT,proofrail_synthetic,conditional_settlement_case,FALSE,proofrail,synthetic_research
2026-01-07T07:39,REVIEW,txn_0001882,cust_payer_19732,USA,4721.25,cust_payee_71183,USA,INVOICE_PAYMENT,proofrail_synthetic,conditional_settlement_case,TRUE,proofrail,synthetic_research
2026-01-07T07:39,GOOD,txn_0001883,cust_payer_64612,USA,160.3,cust_payee_10676,USA,GOODS_SETTLEMENT,proofrail_synthetic,conditional_settlement_case,FALSE,proofrail,synthetic_research
2026-01-07T07:42,REVIEW,txn_0001884,cust_payer_99716,USA,707.1,cust_payee_83178,USA,MILESTONE_PAYMENT,proofrail_synthetic,conditional_settlement_case,FALSE,proofrail,synthetic_research
2026-01-07T07:42,REVIEW,txn_0001885,cust_payer_07949,USA,1780.32,cust_payee_01231,MEXICO,GOODS_SETTLEMENT,proofrail_synthetic,conditional_settlement_case,TRUE,proofrail,synthetic_research
2026-01-07T07:44,GOOD,txn_0001886,cust_payer_61921,USA,12544.66,cust_payee_99655,USA,MILESTONE_PAYMENT,proofrail_synthetic,conditional_settlement_case,FALSE,proofrail,synthetic_research
2026-01-07T07:52,GOOD,txn_0001887,cust_payer_44602,USA,6541.67,cust_payee_15246,USA,MILESTONE_PAYMENT,proofrail_synthetic,conditional_settlement_case,FALSE,proofrail,synthetic_research
2026-01-07T07:52,GOOD,txn_0001888,cust_payer_06746,CANADA,566.14,cust_payee_59640,USA,MILESTONE_PAYMENT,proofrail_synthetic,conditional_settlement_case,FALSE,proofrail,synthetic_research
2026-01-07T07:53,GOOD,txn_0001889,cust_payer_58927,USA,29.88,cust_payee_47456,USA,MILESTONE_PAYMENT,proofrail_synthetic,conditional_settlement_case,FALSE,proofrail,synthetic_research
2026-01-07T07:53,GOOD,txn_0001890,cust_payer_89169,USA,3069.98,cust_payee_03242,USA,INVOICE_PAYMENT,proofrail_synthetic,conditional_settlement_case,FALSE,proofrail,synthetic_research
2026-01-07T07:57,GOOD,txn_0001891,cust_payer_85191,USA,7085.6,cust_payee_94088,MEXICO,INVOICE_PAYMENT,proofrail_synthetic,conditional_settlement_case,FALSE,proofrail,synthetic_research
2026-01-07T07:59,REVIEW,txn_0001892,cust_payer_26886,USA,2079.93,cust_payee_74646,USA,GOODS_SETTLEMENT,proofrail_synthetic,conditional_settlement_case,TRUE,proofrail,synthetic_research
2026-01-07T07:59,REVIEW,txn_0001893,cust_payer_57384,USA,1815.22,cust_payee_99522,USA,MILESTONE_PAYMENT,proofrail_synthetic,conditional_settlement_case,TRUE,proofrail,synthetic_research
2026-01-07T08:01,GOOD,txn_0001894,cust_payer_31701,USA,1547.22,cust_payee_06801,USA,INVOICE_PAYMENT,proofrail_synthetic,conditional_settlement_case,FALSE,proofrail,synthetic_research
2026-01-07T08:03,GOOD,txn_0001895,cust_payer_89136,USA,17509.12,cust_payee_00303,USA,INVOICE_PAYMENT,proofrail_synthetic,conditional_settlement_case,FALSE,proofrail,synthetic_research
2026-01-07T08:04,GOOD,txn_0001896,cust_payer_06365,USA,523.03,cust_payee_04327,USA,MILESTONE_PAYMENT,proofrail_synthetic,conditional_settlement_case,FALSE,proofrail,synthetic_research
2026-01-07T08:05,REVIEW,txn_0001897,cust_payer_68195,GERMANY,1785.46,cust_payee_01286,UNITED-KINGDOM,GOODS_SETTLEMENT,proofrail_synthetic,conditional_settlement_case,TRUE,proofrail,synthetic_research
2026-01-07T08:06,GOOD,txn_0001898,cust_payer_03915,USA,5054.42,cust_payee_62872,USA,INVOICE_PAYMENT,proofrail_synthetic,conditional_settlement_case,FALSE,proofrail,synthetic_research
2026-01-07T08:06,GOOD,txn_0001899,cust_payer_32651,CANADA,716.95,cust_payee_09852,USA,INVOICE_PAYMENT,proofrail_synthetic,conditional_settlement_case,FALSE,proofrail,synthetic_research
2026-01-07T08:08,REVIEW,txn_0001900,cust_payer_70772,USA,650.57,cust_payee_61863,CANADA,INVOICE_PAYMENT,proofrail_synthetic,conditional_settlement_case,FALSE,proofrail,synthetic_research
2026-01-07T08:10,GOOD,txn_0001901,cust_payer_22765,USA,980.19,cust_payee_75534,USA,MILESTONE_PAYMENT,proofrail_synthetic,conditional_settlement_case,FALSE,proofrail,synthetic_research
2026-01-07T08:10,REVIEW,txn_0001902,cust_payer_42492,USA,2934.5,cust_payee_10300,USA,INVOICE_PAYMENT,proofrail_synthetic,conditional_settlement_case,TRUE,proofrail,synthetic_research
2026-01-07T08:12,GOOD,txn_0001903,cust_payer_64108,USA,11754.14,cust_payee_47298,USA,INVOICE_PAYMENT,proofrail_synthetic,conditional_settlement_case,FALSE,proofrail,synthetic_research
2026-01-07T08:12,GOOD,txn_0001904,cust_payer_61141,USA,6472.15,cust_payee_41883,USA,MILESTONE_PAYMENT,proofrail_synthetic,conditional_settlement_case,FALSE,proofrail,synthetic_research
2026-01-07T08:13,GOOD,txn_0001905,cust_payer_71153,USA,1726.51,cust_payee_24726,MEXICO,INVOICE_PAYMENT,proofrail_synthetic,conditional_settlement_case,FALSE,proofrail,synthetic_research
2026-01-07T08:13,GOOD,txn_0001906,cust_payer_52604,USA,1103.3,cust_payee_63626,USA,GOODS_SETTLEMENT,proofrail_synthetic,conditional_settlement_case,FALSE,proofrail,synthetic_research
2026-01-07T08:15,GOOD,txn_0001907,cust_payer_63359,USA,6566.93,cust_payee_87728,USA,INVOICE_PAYMENT,proofrail_synthetic,conditional_settlement_case,FALSE,proofrail,synthetic_research
2026-01-07T08:15,REVIEW,txn_0001908,cust_payer_74070,USA,1736.2,cust_payee_58978,CANADA,INVOICE_PAYMENT,proofrail_synthetic,conditional_settlement_case,TRUE,proofrail,synthetic_research
2026-01-07T08:18,GOOD,txn_0001909,cust_payer_16370,USA,498.53,cust_payee_10136,USA,GOODS_SETTLEMENT,proofrail_synthetic,conditional_settlement_case,FALSE,proofrail,synthetic_research
2026-01-07T08:23,REVIEW,txn_0001910,cust_payer_24055,USA,177.6,cust_payee_39195,USA,INVOICE_PAYMENT,proofrail_synthetic,conditional_settlement_case,TRUE,proofrail,synthetic_research
2026-01-07T08:25,BAD,txn_0001911,cust_payer_61582,USA,1468.25,cust_payee_95371,USA,INVOICE_PAYMENT,proofrail_synthetic,conditional_settlement_case,TRUE,proofrail,synthetic_research
2026-01-07T08:28,GOOD,txn_0001912,cust_payer_81611,GERMANY,3437.01,cust_payee_60613,USA,MILESTONE_PAYMENT,proofrail_synthetic,conditional_settlement_case,FALSE,proofrail,synthetic_research
2026-01-07T08:29,GOOD,txn_0001913,cust_payer_74889,UNITED-KINGDOM,17797.88,cust_payee_06145,USA,INVOICE_PAYMENT,proofrail_synthetic,conditional_settlement_case,FALSE,proofrail,synthetic_research
2026-01-07T08:31,REVIEW,txn_0001914,cust_payer_54913,USA,6558.82,cust_payee_91620,USA,GOODS_SETTLEMENT,proofrail_synthetic,conditional_settlement_case,TRUE,proofrail,synthetic_research
2026-01-07T08:35,GOOD,txn_0001915,cust_payer_28944,USA,852.24,cust_payee_54080,USA,MILESTONE_PAYMENT,proofrail_synthetic,conditional_settlement_case,FALSE,proofrail,synthetic_research
2026-01-07T08:35,GOOD,txn_0001916,cust_payer_93159,USA,808.06,cust_payee_14897,USA,GOODS_SETTLEMENT,proofrail_synthetic,conditional_settlement_case,FALSE,proofrail,synthetic_research
2026-01-07T08:36,GOOD,txn_0001917,cust_payer_96596,USA,5118.79,cust_payee_35770,USA,MILESTONE_PAYMENT,proofrail_synthetic,conditional_settlement_case,FALSE,proofrail,synthetic_research
2026-01-07T08:37,REVIEW,txn_0001918,cust_payer_62478,USA,5015.88,cust_payee_10803,USA,MILESTONE_PAYMENT,proofrail_synthetic,conditional_settlement_case,TRUE,proofrail,synthetic_research
2026-01-07T08:37,GOOD,txn_0001919,cust_payer_94333,USA,4397.88,cust_payee_26581,USA,INVOICE_PAYMENT,proofrail_synthetic,conditional_settlement_case,FALSE,proofrail,synthetic_research
2026-01-07T08:38,GOOD,txn_0001920,cust_payer_65961,USA,17362.61,cust_payee_64080,USA,MILESTONE_PAYMENT,proofrail_synthetic,conditional_settlement_case,FALSE,proofrail,synthetic_research
2026-01-07T08:39,GOOD,txn_0001921,cust_payer_98295,USA,389.63,cust_payee_08018,CANADA,INVOICE_PAYMENT,proofrail_synthetic,conditional_settlement_case,FALSE,proofrail,synthetic_research
2026-01-07T08:40,BAD,txn_0001922,cust_payer_27789,USA,4459.11,cust_payee_96907,SINGAPORE,INVOICE_PAYMENT,proofrail_synthetic,conditional_settlement_case,TRUE,proofrail,synthetic_research
2026-01-07T08:40,GOOD,txn_0001923,cust_payer_29009,USA,2242.41,cust_payee_32280,USA,GOODS_SETTLEMENT,proofrail_synthetic,conditional_settlement_case,FALSE,proofrail,synthetic_research
2026-01-07T08:40,BAD,txn_0001924,cust_payer_99373,USA,2127.16,cust_payee_62345,USA,INVOICE_PAYMENT,proofrail_synthetic,conditional_settlement_case,TRUE,proofrail,synthetic_research
2026-01-07T08:41,GOOD,txn_0001925,cust_payer_03715,USA,2013.72,cust_payee_63895,USA,INVOICE_PAYMENT,proofrail_synthetic,conditional_settlement_case,FALSE,proofrail,synthetic_research
2026-01-07T08:42,GOOD,txn_0001926,cust_payer_09334,USA,15835.72,cust_payee_10315,CANADA,SERVICE_RETAINER,proofrail_synthetic,conditional_settlement_case,FALSE,proofrail,synthetic_research
2026-01-07T08:44,GOOD,txn_0001927,cust_payer_96045,USA,2369.87,cust_payee_45254,USA,MILESTONE_PAYMENT,proofrail_synthetic,conditional_settlement_case,FALSE,proofrail,synthetic_research
2026-01-07T08:45,BAD,txn_0001928,cust_payer_65171,USA,14402.54,cust_payee_99150,MEXICO,SERVICE_RETAINER,proofrail_synthetic,conditional_settlement_case,TRUE,proofrail,synthetic_research
2026-01-07T08:45,GOOD,txn_0001929,cust_payer_56438,CANADA,954.55,cust_payee_15772,USA,SERVICE_RETAINER,proofrail_synthetic,conditional_settlement_case,FALSE,proofrail,synthetic_research
2026-01-07T08:46,GOOD,txn_0001930,cust_payer_09589,USA,1413.21,cust_payee_40982,USA,MILESTONE_PAYMENT,proofrail_synthetic,conditional_settlement_case,FALSE,proofrail,synthetic_research
2026-01-07T08:46,GOOD,txn_0001931,cust_payer_28282,MEXICO,1079.71,cust_payee_90798,USA,GOODS_SETTLEMENT,proofrail_synthetic,conditional_settlement_case,FALSE,proofrail,synthetic_research
2026-01-07T08:49,BAD,txn_0001932,cust_payer_96034,USA,5905.45,cust_payee_28384,USA,INVOICE_PAYMENT,proofrail_synthetic,conditional_settlement_case,TRUE,proofrail,synthetic_research
2026-01-07T08:53,REVIEW,txn_0001933,cust_payer_72727,USA,21988.19,cust_payee_68552,USA,INVOICE_PAYMENT,proofrail_synthetic,conditional_settlement_case,TRUE,proofrail,synthetic_research
2026-01-07T08:54,BAD,txn_0001934,cust_payer_52463,USA,1866.23,cust_payee_99451,USA,MILESTONE_PAYMENT,proofrail_synthetic,conditional_settlement_case,TRUE,proofrail,synthetic_research
2026-01-07T08:54,REVIEW,txn_0001935,cust_payer_87657,USA,22929.24,cust_payee_38062,USA,INVOICE_PAYMENT,proofrail_synthetic,conditional_settlement_case,FALSE,proofrail,synthetic_research
2026-01-07T08:55,REVIEW,txn_0001936,cust_payer_68214,USA,258.79,cust_payee_99646,USA,INVOICE_PAYMENT,proofrail_synthetic,conditional_settlement_case,TRUE,proofrail,synthetic_research
2026-01-07T08:56,GOOD,txn_0001937,cust_payer_73964,USA,2310.05,cust_payee_04630,USA,GOODS_SETTLEMENT,proofrail_synthetic,conditional_settlement_case,FALSE,proofrail,synthetic_research
2026-01-07T08:57,GOOD,txn_0001938,cust_payer_46019,USA,674.88,cust_payee_87666,SINGAPORE,INVOICE_PAYMENT,proofrail_synthetic,conditional_settlement_case,FALSE,proofrail,synthetic_research
2026-01-07T08:57,BAD,txn_0001939,cust_payer_04244,USA,3626.51,cust_payee_17656,USA,GOODS_SETTLEMENT,proofrail_synthetic,conditional_settlement_case,TRUE,proofrail,synthetic_research
2026-01-07T08:58,REVIEW,txn_0001940,cust_payer_77582,USA,1005.56,cust_payee_21088,USA,GOODS_SETTLEMENT,proofrail_synthetic,conditional_settlement_case,FALSE,proofrail,synthetic_research
2026-01-07T08:58,GOOD,txn_0001941,cust_payer_03117,USA,839.36,cust_payee_86270,USA,INVOICE_PAYMENT,proofrail_synthetic,conditional_settlement_case,FALSE,proofrail,synthetic_research
2026-01-07T08:59,GOOD,txn_0001942,cust_payer_60064,USA,2820.41,cust_payee_31052,USA,GOODS_SETTLEMENT,proofrail_synthetic,conditional_settlement_case,FALSE,proofrail,synthetic_research
2026-01-07T08:59,GOOD,txn_0001943,cust_payer_76057,USA,3105.47,cust_payee_10417,USA,MILESTONE_PAYMENT,proofrail_synthetic,conditional_settlement_case,FALSE,proofrail,synthetic_research
2026-01-07T09:06,GOOD,txn_0001944,cust_payer_54174,USA,3553.91,cust_payee_98907,USA,MILESTONE_PAYMENT,proofrail_synthetic,conditional_settlement_case,FALSE,proofrail,synthetic_research
2026-01-07T09:06,GOOD,txn_0001945,cust_payer_04897,USA,3253.55,cust_payee_16993,USA,INVOICE_PAYMENT,proofrail_synthetic,conditional_settlement_case,FALSE,proofrail,synthetic_research
2026-01-07T09:08,REVIEW,txn_0001946,cust_payer_05699,USA,1147.61,cust_payee_34393,USA,SERVICE_RETAINER,proofrail_synthetic,conditional_settlement_case,FALSE,proofrail,synthetic_research
2026-01-07T09:10,GOOD,txn_0001947,cust_payer_28510,USA,1600.27,cust_payee_75906,USA,INVOICE_PAYMENT,proofrail_synthetic,conditional_settlement_case,FALSE,proofrail,synthetic_research
2026-01-07T09:11,REVIEW,txn_0001948,cust_payer_42331,USA,1977.37,cust_payee_72307,USA,GOODS_SETTLEMENT,proofrail_synthetic,conditional_settlement_case,TRUE,proofrail,synthetic_research
2026-01-07T09:12,GOOD,txn_0001949,cust_payer_09241,USA,598.91,cust_payee_32024,USA,SERVICE_RETAINER,proofrail_synthetic,conditional_settlement_case,FALSE,proofrail,synthetic_research
2026-01-07T09:13,GOOD,txn_0001950,cust_payer_82746,USA,3067.47,cust_payee_76961,USA,MILESTONE_PAYMENT,proofrail_synthetic,conditional_settlement_case,FALSE,proofrail,synthetic_research
2026-01-07T09:16,GOOD,txn_0001951,cust_payer_80693,USA,4125.64,cust_payee_16410,USA,INVOICE_PAYMENT,proofrail_synthetic,conditional_settlement_case,FALSE,proofrail,synthetic_research
2026-01-07T09:16,GOOD,txn_0001952,cust_payer_05934,USA,3889.35,cust_payee_28895,USA,MILESTONE_PAYMENT,proofrail_synthetic,conditional_settlement_case,FALSE,proofrail,synthetic_research
2026-01-07T09:17,GOOD,txn_0001953,cust_payer_58319,USA,4059.28,cust_payee_76972,USA,SERVICE_RETAINER,proofrail_synthetic,conditional_settlement_case,FALSE,proofrail,synthetic_research
2026-01-07T09:18,GOOD,txn_0001954,cust_payer_65973,USA,11610.43,cust_payee_60133,USA,INVOICE_PAYMENT,proofrail_synthetic,conditional_settlement_case,FALSE,proofrail,synthetic_research
2026-01-07T09:19,GOOD,txn_0001955,cust_payer_07164,USA,1975.24,cust_payee_59637,SINGAPORE,INVOICE_PAYMENT,proofrail_synthetic,conditional_settlement_case,FALSE,proofrail,synthetic_research
2026-01-07T09:20,GOOD,txn_0001956,cust_payer_13965,SINGAPORE,12513.17,cust_payee_92802,USA,GOODS_SETTLEMENT,proofrail_synthetic,conditional_settlement_case,FALSE,proofrail,synthetic_research
2026-01-07T09:20,GOOD,txn_0001957,cust_payer_08568,USA,185.35,cust_payee_92121,MEXICO,SERVICE_RETAINER,proofrail_synthetic,conditional_settlement_case,FALSE,proofrail,synthetic_research
2026-01-07T09:21,GOOD,txn_0001958,cust_payer_12403,USA,2783.55,cust_payee_21725,USA,INVOICE_PAYMENT,proofrail_synthetic,conditional_settlement_case,FALSE,proofrail,synthetic_research
2026-01-07T09:23,GOOD,txn_0001959,cust_payer_83382,USA,11469.78,cust_payee_76531,USA,SERVICE_RETAINER,proofrail_synthetic,conditional_settlement_case,FALSE,proofrail,synthetic_research
2026-01-07T09:23,REVIEW,txn_0001960,cust_payer_62977,USA,1392.92,cust_payee_41052,USA,INVOICE_PAYMENT,proofrail_synthetic,conditional_settlement_case,TRUE,proofrail,synthetic_research
2026-01-07T09:25,REVIEW,txn_0001961,cust_payer_55460,USA,9198.26,cust_payee_06826,UNITED-KINGDOM,GOODS_SETTLEMENT,proofrail_synthetic,conditional_settlement_case,FALSE,proofrail,synthetic_research
2026-01-07T09:26,REVIEW,txn_0001962,cust_payer_30457,USA,1161.29,cust_payee_30579,USA,SERVICE_RETAINER,proofrail_synthetic,conditional_settlement_case,TRUE,proofrail,synthetic_research
2026-01-07T09:28,GOOD,txn_0001963,cust_payer_95276,CANADA,2884.45,cust_payee_30689,USA,INVOICE_PAYMENT,proofrail_synthetic,conditional_settlement_case,FALSE,proofrail,synthetic_research
2026-01-07T09:33,GOOD,txn_0001964,cust_payer_80403,USA,1039.53,cust_payee_62603,USA,GOODS_SETTLEMENT,proofrail_synthetic,conditional_settlement_case,FALSE,proofrail,synthetic_research
2026-01-07T09:37,GOOD,txn_0001965,cust_payer_25701,CANADA,667.64,cust_payee_97813,USA,MILESTONE_PAYMENT,proofrail_synthetic,conditional_settlement_case,FALSE,proofrail,synthetic_research
2026-01-07T09:38,REVIEW,txn_0001966,cust_payer_12123,MEXICO,2028,cust_payee_34181,USA,MILESTONE_PAYMENT,proofrail_synthetic,conditional_settlement_case,FALSE,proofrail,synthetic_research
2026-01-07T09:38,BAD,txn_0001967,cust_payer_47689,USA,93.02,cust_payee_73298,USA,MILESTONE_PAYMENT,proofrail_synthetic,conditional_settlement_case,TRUE,proofrail,synthetic_research
2026-01-07T09:39,REVIEW,txn_0001968,cust_payer_48627,USA,1515.28,cust_payee_98320,USA,MILESTONE_PAYMENT,proofrail_synthetic,conditional_settlement_case,FALSE,proofrail,synthetic_research
2026-01-07T09:40,GOOD,txn_0001969,cust_payer_17344,USA,14545.81,cust_payee_62317,SINGAPORE,INVOICE_PAYMENT,proofrail_synthetic,conditional_settlement_case,FALSE,proofrail,synthetic_research
2026-01-07T09:40,GOOD,txn_0001970,cust_payer_07025,MEXICO,3795.97,cust_payee_00930,USA,SERVICE_RETAINER,proofrail_synthetic,conditional_settlement_case,FALSE,proofrail,synthetic_research
2026-01-07T09:43,GOOD,txn_0001971,cust_payer_97909,MEXICO,3052.37,cust_payee_81722,CANADA,INVOICE_PAYMENT,proofrail_synthetic,conditional_settlement_case,FALSE,proofrail,synthetic_research
2026-01-07T09:44,GOOD,txn_0001972,cust_payer_49214,USA,7223.38,cust_payee_75100,CANADA,GOODS_SETTLEMENT,proofrail_synthetic,conditional_settlement_case,FALSE,proofrail,synthetic_research
2026-01-07T09:45,GOOD,txn_0001973,cust_payer_34394,MEXICO,3803.24,cust_payee_69367,USA,INVOICE_PAYMENT,proofrail_synthetic,conditional_settlement_case,FALSE,proofrail,synthetic_research
2026-01-07T09:45,BAD,txn_0001974,cust_payer_18154,USA,1711.23,cust_payee_16574,USA,INVOICE_PAYMENT,proofrail_synthetic,conditional_settlement_case,TRUE,proofrail,synthetic_research
2026-01-07T09:48,GOOD,txn_0001975,cust_payer_20388,USA,783.65,cust_payee_24850,USA,MILESTONE_PAYMENT,proofrail_synthetic,conditional_settlement_case,FALSE,proofrail,synthetic_research
2026-01-07T09:48,GOOD,txn_0001976,cust_payer_01960,USA,3351.56,cust_payee_31958,USA,INVOICE_PAYMENT,proofrail_synthetic,conditional_settlement_case,FALSE,proofrail,synthetic_research
2026-01-07T09:49,REVIEW,txn_0001977,cust_payer_21682,USA,771.83,cust_payee_24445,USA,SERVICE_RETAINER,proofrail_synthetic,conditional_settlement_case,FALSE,proofrail,synthetic_research
2026-01-07T09:50,REVIEW,txn_0001978,cust_payer_14807,USA,21463.15,cust_payee_15224,USA,MILESTONE_PAYMENT,proofrail_synthetic,conditional_settlement_case,FALSE,proofrail,synthetic_research
2026-01-07T09:50,GOOD,txn_0001979,cust_payer_45577,USA,2498.36,cust_payee_77835,USA,GOODS_SETTLEMENT,proofrail_synthetic,conditional_settlement_case,FALSE,proofrail,synthetic_research
2026-01-07T09:50,GOOD,txn_0001980,cust_payer_95648,USA,16457.65,cust_payee_34924,USA,MILESTONE_PAYMENT,proofrail_synthetic,conditional_settlement_case,FALSE,proofrail,synthetic_research
2026-01-07T09:51,REVIEW,txn_0001981,cust_payer_70149,USA,1290.83,cust_payee_00880,USA,INVOICE_PAYMENT,proofrail_synthetic,conditional_settlement_case,TRUE,proofrail,synthetic_research
2026-01-07T09:57,GOOD,txn_0001982,cust_payer_75874,GERMANY,15665.15,cust_payee_41399,USA,INVOICE_PAYMENT,proofrail_synthetic,conditional_settlement_case,FALSE,proofrail,synthetic_research
2026-01-07T10:01,GOOD,txn_0001983,cust_payer_59776,USA,2379.46,cust_payee_01554,USA,MILESTONE_PAYMENT,proofrail_synthetic,conditional_settlement_case,FALSE,proofrail,synthetic_research
2026-01-07T10:02,GOOD,txn_0001984,cust_payer_04015,MEXICO,1407.81,cust_payee_01890,USA,GOODS_SETTLEMENT,proofrail_synthetic,conditional_settlement_case,FALSE,proofrail,synthetic_research
2026-01-07T10:03,GOOD,txn_0001985,cust_payer_29252,USA,690.16,cust_payee_22451,USA,GOODS_SETTLEMENT,proofrail_synthetic,conditional_settlement_case,FALSE,proofrail,synthetic_research
2026-01-07T10:04,GOOD,txn_0001986,cust_payer_19576,USA,2019.05,cust_payee_24104,USA,GOODS_SETTLEMENT,proofrail_synthetic,conditional_settlement_case,FALSE,proofrail,synthetic_research
2026-01-07T10:05,GOOD,txn_0001987,cust_payer_91513,USA,4470.08,cust_payee_56346,USA,GOODS_SETTLEMENT,proofrail_synthetic,conditional_settlement_case,FALSE,proofrail,synthetic_research
2026-01-07T10:05,GOOD,txn_0001988,cust_payer_39791,USA,1888.78,cust_payee_90261,USA,INVOICE_PAYMENT,proofrail_synthetic,conditional_settlement_case,FALSE,proofrail,synthetic_research
2026-01-07T10:07,GOOD,txn_0001989,cust_payer_24957,USA,6693.1,cust_payee_87775,USA,INVOICE_PAYMENT,proofrail_synthetic,conditional_settlement_case,FALSE,proofrail,synthetic_research
2026-01-07T10:07,REVIEW,txn_0001990,cust_payer_79449,USA,1873.47,cust_payee_14662,USA,INVOICE_PAYMENT,proofrail_synthetic,conditional_settlement_case,FALSE,proofrail,synthetic_research
2026-01-07T10:07,GOOD,txn_0001991,cust_payer_00189,USA,4631.2,cust_payee_33324,USA,INVOICE_PAYMENT,proofrail_synthetic,conditional_settlement_case,FALSE,proofrail,synthetic_research
2026-01-07T10:09,GOOD,txn_0001992,cust_payer_13088,USA,4088.78,cust_payee_43149,USA,GOODS_SETTLEMENT,proofrail_synthetic,conditional_settlement_case,FALSE,proofrail,synthetic_research
2026-01-07T10:10,GOOD,txn_0001993,cust_payer_53471,USA,1690.97,cust_payee_80646,USA,INVOICE_PAYMENT,proofrail_synthetic,conditional_settlement_case,FALSE,proofrail,synthetic_research
2026-01-07T10:10,GOOD,txn_0001994,cust_payer_72441,USA,1068.75,cust_payee_06291,USA,INVOICE_PAYMENT,proofrail_synthetic,conditional_settlement_case,FALSE,proofrail,synthetic_research
2026-01-07T10:11,GOOD,txn_0001995,cust_payer_44547,USA,5560.63,cust_payee_97800,USA,INVOICE_PAYMENT,proofrail_synthetic,conditional_settlement_case,FALSE,proofrail,synthetic_research
2026-01-07T10:11,REVIEW,txn_0001996,cust_payer_58370,USA,844.66,cust_payee_92291,USA,MILESTONE_PAYMENT,proofrail_synthetic,conditional_settlement_case,TRUE,proofrail,synthetic_research
2026-01-07T10:11,BAD,txn_0001997,cust_payer_99515,USA,162.82,cust_payee_77727,USA,GOODS_SETTLEMENT,proofrail_synthetic,conditional_settlement_case,TRUE,proofrail,synthetic_research
2026-01-07T10:13,GOOD,txn_0001998,cust_payer_47772,USA,9036.85,cust_payee_78153,USA,SERVICE_RETAINER,proofrail_synthetic,conditional_settlement_case,FALSE,proofrail,synthetic_research
2026-01-07T10:13,REVIEW,txn_0001999,cust_payer_92884,GERMANY,859.49,cust_payee_40036,USA,GOODS_SETTLEMENT,proofrail_synthetic,conditional_settlement_case,FALSE,proofrail,synthetic_research
2026-01-07T10:18,GOOD,txn_0002000,cust_payer_74769,USA,1570.77,cust_payee_60917,CANADA,MILESTONE_PAYMENT,proofrail_synthetic,conditional_settlement_case,FALSE,proofrail,synthetic_research
2026-01-07T10:20,REVIEW,txn_0002001,cust_payer_07968,USA,359.84,cust_payee_01018,USA,INVOICE_PAYMENT,proofrail_synthetic,conditional_settlement_case,TRUE,proofrail,synthetic_research
2026-01-07T10:22,BAD,txn_0002002,cust_payer_64992,USA,4499.09,cust_payee_36801,USA,GOODS_SETTLEMENT,proofrail_synthetic,conditional_settlement_case,TRUE,proofrail,synthetic_research
2026-01-07T10:22,GOOD,txn_0002003,cust_payer_43039,USA,13364.28,cust_payee_91218,CANADA,GOODS_SETTLEMENT,proofrail_synthetic,conditional_settlement_case,FALSE,proofrail,synthetic_research
2026-01-07T10:23,BAD,txn_0002004,cust_payer_96192,USA,42662.05,cust_payee_84242,USA,MILESTONE_PAYMENT,proofrail_synthetic,conditional_settlement_case,TRUE,proofrail,synthetic_research
2026-01-07T10:24,REVIEW,txn_0002005,cust_payer_93293,USA,13178.82,cust_payee_74511,USA,MILESTONE_PAYMENT,proofrail_synthetic,conditional_settlement_case,TRUE,proofrail,synthetic_research
2026-01-07T10:24,BAD,txn_0002006,cust_payer_89653,USA,3774.9,cust_payee_84223,USA,MILESTONE_PAYMENT,proofrail_synthetic,conditional_settlement_case,TRUE,proofrail,synthetic_research
2026-01-07T10:26,REVIEW,txn_0002007,cust_payer_45005,USA,4256.6,cust_payee_37331,USA,GOODS_SETTLEMENT,proofrail_synthetic,conditional_settlement_case,TRUE,proofrail,synthetic_research
2026-01-07T10:30,REVIEW,txn_0002008,cust_payer_27434,USA,1254.36,cust_payee_80115,CANADA,INVOICE_PAYMENT,proofrail_synthetic,conditional_settlement_case,TRUE,proofrail,synthetic_research
2026-01-07T10:31,REVIEW,txn_0002009,cust_payer_66504,USA,9964.86,cust_payee_99134,USA,GOODS_SETTLEMENT,proofrail_synthetic,conditional_settlement_case,TRUE,proofrail,synthetic_research
2026-01-07T10:31,GOOD,txn_0002010,cust_payer_58047,CANADA,4808.53,cust_payee_85480,USA,GOODS_SETTLEMENT,proofrail_synthetic,conditional_settlement_case,FALSE,proofrail,synthetic_research
2026-01-07T10:31,REVIEW,txn_0002011,cust_payer_76529,USA,3998.16,cust_payee_20542,USA,MILESTONE_PAYMENT,proofrail_synthetic,conditional_settlement_case,TRUE,proofrail,synthetic_research
2026-01-07T10:32,GOOD,txn_0002012,cust_payer_18120,USA,651.01,cust_payee_89572,USA,INVOICE_PAYMENT,proofrail_synthetic,conditional_settlement_case,FALSE,proofrail,synthetic_research
2026-01-07T10:32,GOOD,txn_0002013,cust_payer_16772,USA,2202.54,cust_payee_32201,USA,MILESTONE_PAYMENT,proofrail_synthetic,conditional_settlement_case,FALSE,proofrail,synthetic_research
2026-01-07T10:36,GOOD,txn_0002014,cust_payer_19504,USA,1106.11,cust_payee_04817,USA,INVOICE_PAYMENT,proofrail_synthetic,conditional_settlement_case,FALSE,proofrail,synthetic_research
2026-01-07T10:36,GOOD,txn_0002015,cust_payer_20987,USA,1118.27,cust_payee_14127,USA,SERVICE_RETAINER,proofrail_synthetic,conditional_settlement_case,FALSE,proofrail,synthetic_research
2026-01-07T10:38,REVIEW,txn_0002016,cust_payer_13549,GERMANY,6516.74,cust_payee_20162,USA,MILESTONE_PAYMENT,proofrail_synthetic,conditional_settlement_case,TRUE,proofrail,synthetic_research
2026-01-07T10:39,GOOD,txn_0002017,cust_payer_33643,USA,1516.94,cust_payee_48625,USA,INVOICE_PAYMENT,proofrail_synthetic,conditional_settlement_case,FALSE,proofrail,synthetic_research
2026-01-07T10:41,REVIEW,txn_0002018,cust_payer_88102,USA,2497.45,cust_payee_40844,USA,MILESTONE_PAYMENT,proofrail_synthetic,conditional_settlement_case,FALSE,proofrail,synthetic_research
2026-01-07T10:42,GOOD,txn_0002019,cust_payer_91001,USA,4427.51,cust_payee_97234,USA,MILESTONE_PAYMENT,proofrail_synthetic,conditional_settlement_case,FALSE,proofrail,synthetic_research
2026-01-07T10:42,BAD,txn_0002020,cust_payer_08136,USA,2890.67,cust_payee_73956,USA,SERVICE_RETAINER,proofrail_synthetic,conditional_settlement_case,TRUE,proofrail,synthetic_research
2026-01-07T10:47,BAD,txn_0002021,cust_payer_88896,USA,1051.61,cust_payee_14132,USA,GOODS_SETTLEMENT,proofrail_synthetic,conditional_settlement_case,TRUE,proofrail,synthetic_research
2026-01-07T10:49,GOOD,txn_0002022,cust_payer_72252,USA,1220.63,cust_payee_85073,USA,GOODS_SETTLEMENT,proofrail_synthetic,conditional_settlement_case,FALSE,proofrail,synthetic_research
2026-01-07T10:49,GOOD,txn_0002023,cust_payer_44195,USA,3167.3,cust_payee_29404,USA,INVOICE_PAYMENT,proofrail_synthetic,conditional_settlement_case,FALSE,proofrail,synthetic_research
2026-01-07T10:49,GOOD,txn_0002024,cust_payer_07097,USA,978.34,cust_payee_41361,USA,INVOICE_PAYMENT,proofrail_synthetic,conditional_settlement_case,FALSE,proofrail,synthetic_research
2026-01-07T10:51,BAD,txn_0002025,cust_payer_03381,GERMANY,375.74,cust_payee_10375,USA,MILESTONE_PAYMENT,proofrail_synthetic,conditional_settlement_case,TRUE,proofrail,synthetic_research
2026-01-07T10:52,GOOD,txn_0002026,cust_payer_01723,USA,2975.46,cust_payee_74432,USA,MILESTONE_PAYMENT,proofrail_synthetic,conditional_settlement_case,FALSE,proofrail,synthetic_research
2026-01-07T10:53,GOOD,txn_0002027,cust_payer_91079,USA,806.52,cust_payee_32848,USA,INVOICE_PAYMENT,proofrail_synthetic,conditional_settlement_case,FALSE,proofrail,synthetic_research
2026-01-07T11:01,GOOD,txn_0002028,cust_payer_11327,USA,2320.06,cust_payee_18649,MEXICO,GOODS_SETTLEMENT,proofrail_synthetic,conditional_settlement_case,FALSE,proofrail,synthetic_research
2026-01-07T11:04,GOOD,txn_0002029,cust_payer_90049,USA,3664.24,cust_payee_94314,USA,INVOICE_PAYMENT,proofrail_synthetic,conditional_settlement_case,FALSE,proofrail,synthetic_research
2026-01-07T11:05,GOOD,txn_0002030,cust_payer_94010,USA,2634.13,cust_payee_52143,USA,MILESTONE_PAYMENT,proofrail_synthetic,conditional_settlement_case,FALSE,proofrail,synthetic_research
2026-01-07T11:06,REVIEW,txn_0002031,cust_payer_16150,USA,3374.27,cust_payee_22833,USA,INVOICE_PAYMENT,proofrail_synthetic,conditional_settlement_case,FALSE,proofrail,synthetic_research
2026-01-07T11:07,REVIEW,txn_0002032,cust_payer_80846,USA,2058.6,cust_payee_72925,USA,MILESTONE_PAYMENT,proofrail_synthetic,conditional_settlement_case,FALSE,proofrail,synthetic_research
2026-01-07T11:07,REVIEW,txn_0002033,cust_payer_22355,USA,4932.9,cust_payee_05166,USA,MILESTONE_PAYMENT,proofrail_synthetic,conditional_settlement_case,TRUE,proofrail,synthetic_research
2026-01-07T11:08,GOOD,txn_0002034,cust_payer_59378,USA,2888.3,cust_payee_91671,USA,INVOICE_PAYMENT,proofrail_synthetic,conditional_settlement_case,FALSE,proofrail,synthetic_research
2026-01-07T11:10,REVIEW,txn_0002035,cust_payer_47464,USA,1821.17,cust_payee_03681,USA,INVOICE_PAYMENT,proofrail_synthetic,conditional_settlement_case,TRUE,proofrail,synthetic_research
2026-01-07T11:10,BAD,txn_0002036,cust_payer_01567,USA,500.83,cust_payee_88419,UNITED-KINGDOM,MILESTONE_PAYMENT,proofrail_synthetic,conditional_settlement_case,TRUE,proofrail,synthetic_research
2026-01-07T11:11,GOOD,txn_0002037,cust_payer_78532,SINGAPORE,19942.65,cust_payee_55347,USA,GOODS_SETTLEMENT,proofrail_synthetic,conditional_settlement_case,FALSE,proofrail,synthetic_research
2026-01-07T11:13,GOOD,txn_0002038,cust_payer_21727,USA,5995.15,cust_payee_07361,USA,INVOICE_PAYMENT,proofrail_synthetic,conditional_settlement_case,FALSE,proofrail,synthetic_research
2026-01-07T11:17,REVIEW,txn_0002039,cust_payer_80296,USA,6302.91,cust_payee_30117,USA,SERVICE_RETAINER,proofrail_synthetic,conditional_settlement_case,TRUE,proofrail,synthetic_research
2026-01-07T11:19,GOOD,txn_0002040,cust_payer_00629,USA,265.74,cust_payee_69494,USA,GOODS_SETTLEMENT,proofrail_synthetic,conditional_settlement_case,FALSE,proofrail,synthetic_research
2026-01-07T11:19,GOOD,txn_0002041,cust_payer_35766,USA,3574.39,cust_payee_77101,USA,MILESTONE_PAYMENT,proofrail_synthetic,conditional_settlement_case,FALSE,proofrail,synthetic_research
2026-01-07T11:19,GOOD,txn_0002042,cust_payer_80898,USA,1733.24,cust_payee_75702,USA,INVOICE_PAYMENT,proofrail_synthetic,conditional_settlement_case,FALSE,proofrail,synthetic_research
2026-01-07T11:24,GOOD,txn_0002043,cust_payer_32806,USA,2966.69,cust_payee_53787,USA,MILESTONE_PAYMENT,proofrail_synthetic,conditional_settlement_case,FALSE,proofrail,synthetic_research
2026-01-07T11:25,GOOD,txn_0002044,cust_payer_27479,USA,1320.99,cust_payee_06858,USA,MILESTONE_PAYMENT,proofrail_synthetic,conditional_settlement_case,FALSE,proofrail,synthetic_research
2026-01-07T11:26,REVIEW,txn_0002045,cust_payer_20299,USA,5860.67,cust_payee_45373,USA,INVOICE_PAYMENT,proofrail_synthetic,conditional_settlement_case,TRUE,proofrail,synthetic_research
2026-01-07T11:30,GOOD,txn_0002046,cust_payer_71836,USA,7350.66,cust_payee_13367,USA,GOODS_SETTLEMENT,proofrail_synthetic,conditional_settlement_case,FALSE,proofrail,synthetic_research
2026-01-07T11:30,REVIEW,txn_0002047,cust_payer_76530,USA,1375.77,cust_payee_32494,USA,INVOICE_PAYMENT,proofrail_synthetic,conditional_settlement_case,TRUE,proofrail,synthetic_research
2026-01-07T11:31,GOOD,txn_0002048,cust_payer_70168,USA,1536.35,cust_payee_06216,CANADA,MILESTONE_PAYMENT,proofrail_synthetic,conditional_settlement_case,FALSE,proofrail,synthetic_research
2026-01-07T11:33,GOOD,txn_0002049,cust_payer_71010,USA,12938.58,cust_payee_68779,USA,SERVICE_RETAINER,proofrail_synthetic,conditional_settlement_case,FALSE,proofrail,synthetic_research
2026-01-07T11:35,GOOD,txn_0002050,cust_payer_76185,CANADA,1555.58,cust_payee_90692,USA,INVOICE_PAYMENT,proofrail_synthetic,conditional_settlement_case,FALSE,proofrail,synthetic_research
2026-01-07T11:35,GOOD,txn_0002051,cust_payer_32663,CANADA,3476.07,cust_payee_67625,CANADA,INVOICE_PAYMENT,proofrail_synthetic,conditional_settlement_case,FALSE,proofrail,synthetic_research
2026-01-07T11:35,GOOD,txn_0002052,cust_payer_09163,USA,8704.28,cust_payee_47205,USA,GOODS_SETTLEMENT,proofrail_synthetic,conditional_settlement_case,FALSE,proofrail,synthetic_research
2026-01-07T11:37,BAD,txn_0002053,cust_payer_67956,USA,2065.64,cust_payee_03966,USA,INVOICE_PAYMENT,proofrail_synthetic,conditional_settlement_case,TRUE,proofrail,synthetic_research
2026-01-07T11:37,REVIEW,txn_0002054,cust_payer_54245,USA,19989.23,cust_payee_83328,CANADA,SERVICE_RETAINER,proofrail_synthetic,conditional_settlement_case,FALSE,proofrail,synthetic_research
2026-01-07T11:38,GOOD,txn_0002055,cust_payer_24381,USA,3373.89,cust_payee_73086,UNITED-KINGDOM,MILESTONE_PAYMENT,proofrail_synthetic,conditional_settlement_case,FALSE,proofrail,synthetic_research
2026-01-07T11:38,GOOD,txn_0002056,cust_payer_46353,USA,6939.6,cust_payee_56756,MEXICO,MILESTONE_PAYMENT,proofrail_synthetic,conditional_settlement_case,FALSE,proofrail,synthetic_research
2026-01-07T11:39,REVIEW,txn_0002057,cust_payer_76547,MEXICO,12918.36,cust_payee_05440,USA,MILESTONE_PAYMENT,proofrail_synthetic,conditional_settlement_case,FALSE,proofrail,synthetic_research
2026-01-07T11:46,REVIEW,txn_0002058,cust_payer_58853,USA,4720.07,cust_payee_04720,USA,GOODS_SETTLEMENT,proofrail_synthetic,conditional_settlement_case,FALSE,proofrail,synthetic_research
2026-01-07T11:49,REVIEW,txn_0002059,cust_payer_27474,CANADA,1741.4,cust_payee_97753,MEXICO,GOODS_SETTLEMENT,proofrail_synthetic,conditional_settlement_case,TRUE,proofrail,synthetic_research
2026-01-07T11:49,GOOD,txn_0002060,cust_payer_70986,USA,9681.3,cust_payee_92069,USA,INVOICE_PAYMENT,proofrail_synthetic,conditional_settlement_case,FALSE,proofrail,synthetic_research
2026-01-07T11:51,GOOD,txn_0002061,cust_payer_35211,USA,2835.37,cust_payee_57362,USA,MILESTONE_PAYMENT,proofrail_synthetic,conditional_settlement_case,FALSE,proofrail,synthetic_research
2026-01-07T11:52,GOOD,txn_0002062,cust_payer_44843,USA,27749.27,cust_payee_55743,USA,INVOICE_PAYMENT,proofrail_synthetic,conditional_settlement_case,FALSE,proofrail,synthetic_research
2026-01-07T11:52,REVIEW,txn_0002063,cust_payer_76548,USA,1388.34,cust_payee_61580,USA,MILESTONE_PAYMENT,proofrail_synthetic,conditional_settlement_case,FALSE,proofrail,synthetic_research
2026-01-07T11:53,GOOD,txn_0002064,cust_payer_21394,USA,10674.02,cust_payee_33368,USA,INVOICE_PAYMENT,proofrail_synthetic,conditional_settlement_case,FALSE,proofrail,synthetic_research
2026-01-07T11:58,REVIEW,txn_0002065,cust_payer_70443,USA,1617.18,cust_payee_09064,CANADA,GOODS_SETTLEMENT,proofrail_synthetic,conditional_settlement_case,TRUE,proofrail,synthetic_research
2026-01-07T12:00,GOOD,txn_0002066,cust_payer_56523,USA,8412.41,cust_payee_65466,USA,INVOICE_PAYMENT,proofrail_synthetic,conditional_settlement_case,FALSE,proofrail,synthetic_research
2026-01-07T12:00,GOOD,txn_0002067,cust_payer_86408,USA,1484.23,cust_payee_55475,MEXICO,INVOICE_PAYMENT,proofrail_synthetic,conditional_settlement_case,FALSE,proofrail,synthetic_research
2026-01-07T12:00,BAD,txn_0002068,cust_payer_72766,USA,2146.36,cust_payee_77941,USA,MILESTONE_PAYMENT,proofrail_synthetic,conditional_settlement_case,TRUE,proofrail,synthetic_research
2026-01-07T12:00,GOOD,txn_0002069,cust_payer_29340,USA,2523.75,cust_payee_32474,CANADA,GOODS_SETTLEMENT,proofrail_synthetic,conditional_settlement_case,FALSE,proofrail,synthetic_research
2026-01-07T12:01,GOOD,txn_0002070,cust_payer_36727,USA,9446.7,cust_payee_25917,USA,INVOICE_PAYMENT,proofrail_synthetic,conditional_settlement_case,FALSE,proofrail,synthetic_research
2026-01-07T12:02,BAD,txn_0002071,cust_payer_48247,CANADA,8880.88,cust_payee_60645,USA,GOODS_SETTLEMENT,proofrail_synthetic,conditional_settlement_case,TRUE,proofrail,synthetic_research
2026-01-07T12:06,GOOD,txn_0002072,cust_payer_31457,USA,253.51,cust_payee_90221,USA,GOODS_SETTLEMENT,proofrail_synthetic,conditional_settlement_case,FALSE,proofrail,synthetic_research
2026-01-07T12:07,BAD,txn_0002073,cust_payer_21031,USA,1616.88,cust_payee_90398,USA,MILESTONE_PAYMENT,proofrail_synthetic,conditional_settlement_case,TRUE,proofrail,synthetic_research
2026-01-07T12:09,GOOD,txn_0002074,cust_payer_09740,USA,26961.26,cust_payee_51690,USA,GOODS_SETTLEMENT,proofrail_synthetic,conditional_settlement_case,FALSE,proofrail,synthetic_research
2026-01-07T12:12,GOOD,txn_0002075,cust_payer_05291,USA,4482.85,cust_payee_87139,CANADA,SERVICE_RETAINER,proofrail_synthetic,conditional_settlement_case,FALSE,proofrail,synthetic_research
2026-01-07T12:14,GOOD,txn_0002076,cust_payer_31716,USA,1676.26,cust_payee_22585,SINGAPORE,MILESTONE_PAYMENT,proofrail_synthetic,conditional_settlement_case,FALSE,proofrail,synthetic_research
2026-01-07T12:14,GOOD,txn_0002077,cust_payer_02891,USA,207.15,cust_payee_75482,CANADA,MILESTONE_PAYMENT,proofrail_synthetic,conditional_settlement_case,FALSE,proofrail,synthetic_research
2026-01-07T12:14,REVIEW,txn_0002078,cust_payer_03528,UNITED-KINGDOM,2353.84,cust_payee_37004,USA,MILESTONE_PAYMENT,proofrail_synthetic,conditional_settlement_case,FALSE,proofrail,synthetic_research
2026-01-07T12:19,GOOD,txn_0002079,cust_payer_14923,USA,2061.55,cust_payee_26732,USA,SERVICE_RETAINER,proofrail_synthetic,conditional_settlement_case,FALSE,proofrail,synthetic_research
2026-01-07T12:21,GOOD,txn_0002080,cust_payer_60514,USA,4579.11,cust_payee_56036,USA,GOODS_SETTLEMENT,proofrail_synthetic,conditional_settlement_case,FALSE,proofrail,synthetic_research
2026-01-07T12:21,REVIEW,txn_0002081,cust_payer_10956,CANADA,17067.06,cust_payee_29333,USA,INVOICE_PAYMENT,proofrail_synthetic,conditional_settlement_case,TRUE,proofrail,synthetic_research
2026-01-07T12:23,GOOD,txn_0002082,cust_payer_39587,USA,6440.62,cust_payee_47247,USA,GOODS_SETTLEMENT,proofrail_synthetic,conditional_settlement_case,FALSE,proofrail,synthetic_research
2026-01-07T12:24,REVIEW,txn_0002083,cust_payer_91252,USA,960.85,cust_payee_27119,USA,INVOICE_PAYMENT,proofrail_synthetic,conditional_settlement_case,FALSE,proofrail,synthetic_research
2026-01-07T12:25,REVIEW,txn_0002084,cust_payer_15094,USA,769.43,cust_payee_66346,USA,INVOICE_PAYMENT,proofrail_synthetic,conditional_settlement_case,FALSE,proofrail,synthetic_research
2026-01-07T12:25,GOOD,txn_0002085,cust_payer_64631,USA,295.12,cust_payee_10042,USA,INVOICE_PAYMENT,proofrail_synthetic,conditional_settlement_case,FALSE,proofrail,synthetic_research
2026-01-07T12:26,GOOD,txn_0002086,cust_payer_09863,USA,370.93,cust_payee_49457,CANADA,INVOICE_PAYMENT,proofrail_synthetic,conditional_settlement_case,FALSE,proofrail,synthetic_research
2026-01-07T12:26,GOOD,txn_0002087,cust_payer_90444,USA,17614.73,cust_payee_98966,USA,GOODS_SETTLEMENT,proofrail_synthetic,conditional_settlement_case,FALSE,proofrail,synthetic_research
2026-01-07T12:26,GOOD,txn_0002088,cust_payer_77832,CANADA,838.35,cust_payee_79631,GERMANY,MILESTONE_PAYMENT,proofrail_synthetic,conditional_settlement_case,FALSE,proofrail,synthetic_research
2026-01-07T12:26,GOOD,txn_0002089,cust_payer_64639,USA,4749.47,cust_payee_14169,USA,MILESTONE_PAYMENT,proofrail_synthetic,conditional_settlement_case,FALSE,proofrail,synthetic_research
2026-01-07T12:27,GOOD,txn_0002090,cust_payer_28246,CANADA,2875.19,cust_payee_04014,USA,INVOICE_PAYMENT,proofrail_synthetic,conditional_settlement_case,FALSE,proofrail,synthetic_research
2026-01-07T12:29,GOOD,txn_0002091,cust_payer_64604,USA,778.31,cust_payee_24446,USA,GOODS_SETTLEMENT,proofrail_synthetic,conditional_settlement_case,FALSE,proofrail,synthetic_research
2026-01-07T12:30,GOOD,txn_0002092,cust_payer_14986,GERMANY,1340.99,cust_payee_75512,UNITED-KINGDOM,GOODS_SETTLEMENT,proofrail_synthetic,conditional_settlement_case,FALSE,proofrail,synthetic_research
2026-01-07T12:32,REVIEW,txn_0002093,cust_payer_25619,USA,6048.14,cust_payee_51955,MEXICO,MILESTONE_PAYMENT,proofrail_synthetic,conditional_settlement_case,FALSE,proofrail,synthetic_research
2026-01-07T12:32,GOOD,txn_0002094,cust_payer_35845,USA,1967.84,cust_payee_67799,USA,MILESTONE_PAYMENT,proofrail_synthetic,conditional_settlement_case,FALSE,proofrail,synthetic_research
2026-01-07T12:34,GOOD,txn_0002095,cust_payer_63018,USA,819.33,cust_payee_52382,USA,INVOICE_PAYMENT,proofrail_synthetic,conditional_settlement_case,FALSE,proofrail,synthetic_research
2026-01-07T12:36,REVIEW,txn_0002096,cust_payer_93237,USA,1854.21,cust_payee_28073,USA,INVOICE_PAYMENT,proofrail_synthetic,conditional_settlement_case,TRUE,proofrail,synthetic_research
2026-01-07T12:38,REVIEW,txn_0002097,cust_payer_43627,USA,2594.54,cust_payee_44787,USA,SERVICE_RETAINER,proofrail_synthetic,conditional_settlement_case,TRUE,proofrail,synthetic_research
2026-01-07T12:39,GOOD,txn_0002098,cust_payer_11732,CANADA,2541.9,cust_payee_34986,USA,GOODS_SETTLEMENT,proofrail_synthetic,conditional_settlement_case,FALSE,proofrail,synthetic_research
2026-01-07T12:39,REVIEW,txn_0002099,cust_payer_30261,MEXICO,1567.77,cust_payee_00911,USA,SERVICE_RETAINER,proofrail_synthetic,conditional_settlement_case,TRUE,proofrail,synthetic_research
2026-01-07T12:42,GOOD,txn_0002100,cust_payer_90046,USA,3095.48,cust_payee_16477,USA,INVOICE_PAYMENT,proofrail_synthetic,conditional_settlement_case,FALSE,proofrail,synthetic_research
2026-01-07T12:47,GOOD,txn_0002101,cust_payer_42578,USA,3034.11,cust_payee_89022,USA,INVOICE_PAYMENT,proofrail_synthetic,conditional_settlement_case,FALSE,proofrail,synthetic_research
2026-01-07T12:47,REVIEW,txn_0002102,cust_payer_24770,CANADA,8604.56,cust_payee_53984,USA,GOODS_SETTLEMENT,proofrail_synthetic,conditional_settlement_case,FALSE,proofrail,synthetic_research
2026-01-07T12:49,GOOD,txn_0002103,cust_payer_04447,USA,2887.7,cust_payee_02045,USA,MILESTONE_PAYMENT,proofrail_synthetic,conditional_settlement_case,FALSE,proofrail,synthetic_research
2026-01-07T12:50,GOOD,txn_0002104,cust_payer_80355,USA,10621.92,cust_payee_98153,CANADA,MILESTONE_PAYMENT,proofrail_synthetic,conditional_settlement_case,FALSE,proofrail,synthetic_research
2026-01-07T12:50,GOOD,txn_0002105,cust_payer_01571,CANADA,865.13,cust_payee_14713,CANADA,GOODS_SETTLEMENT,proofrail_synthetic,conditional_settlement_case,FALSE,proofrail,synthetic_research
2026-01-07T12:51,GOOD,txn_0002106,cust_payer_41803,USA,1045.9,cust_payee_76688,USA,SERVICE_RETAINER,proofrail_synthetic,conditional_settlement_case,FALSE,proofrail,synthetic_research
2026-01-07T12:53,GOOD,txn_0002107,cust_payer_89590,USA,7605.95,cust_payee_06054,GERMANY,INVOICE_PAYMENT,proofrail_synthetic,conditional_settlement_case,FALSE,proofrail,synthetic_research
2026-01-07T12:55,GOOD,txn_0002108,cust_payer_31380,USA,1494.75,cust_payee_05368,MEXICO,GOODS_SETTLEMENT,proofrail_synthetic,conditional_settlement_case,FALSE,proofrail,synthetic_research
2026-01-07T12:58,REVIEW,txn_0002109,cust_payer_32142,USA,308.77,cust_payee_41076,CANADA,MILESTONE_PAYMENT,proofrail_synthetic,conditional_settlement_case,TRUE,proofrail,synthetic_research
2026-01-07T13:01,GOOD,txn_0002110,cust_payer_86303,USA,2831.78,cust_payee_64480,USA,INVOICE_PAYMENT,proofrail_synthetic,conditional_settlement_case,FALSE,proofrail,synthetic_research
2026-01-07T13:02,GOOD,txn_0002111,cust_payer_73449,USA,12525.52,cust_payee_17026,USA,INVOICE_PAYMENT,proofrail_synthetic,conditional_settlement_case,FALSE,proofrail,synthetic_research
2026-01-07T13:03,BAD,txn_0002112,cust_payer_75610,USA,5338.1,cust_payee_15837,MEXICO,INVOICE_PAYMENT,proofrail_synthetic,conditional_settlement_case,TRUE,proofrail,synthetic_research
2026-01-07T13:03,BAD,txn_0002113,cust_payer_39772,UNITED-KINGDOM,331.37,cust_payee_22605,USA,GOODS_SETTLEMENT,proofrail_synthetic,conditional_settlement_case,TRUE,proofrail,synthetic_research
2026-01-07T13:04,GOOD,txn_0002114,cust_payer_94584,USA,3846.88,cust_payee_87701,GERMANY,GOODS_SETTLEMENT,proofrail_synthetic,conditional_settlement_case,FALSE,proofrail,synthetic_research
2026-01-07T13:04,GOOD,txn_0002115,cust_payer_12427,USA,1080.91,cust_payee_20556,CANADA,GOODS_SETTLEMENT,proofrail_synthetic,conditional_settlement_case,FALSE,proofrail,synthetic_research
2026-01-07T13:04,GOOD,txn_0002116,cust_payer_56411,USA,1873.06,cust_payee_47263,USA,INVOICE_PAYMENT,proofrail_synthetic,conditional_settlement_case,FALSE,proofrail,synthetic_research
2026-01-07T13:04,REVIEW,txn_0002117,cust_payer_14211,USA,872.31,cust_payee_94016,USA,GOODS_SETTLEMENT,proofrail_synthetic,conditional_settlement_case,FALSE,proofrail,synthetic_research
2026-01-07T13:05,BAD,txn_0002118,cust_payer_07966,USA,1474.04,cust_payee_69171,USA,GOODS_SETTLEMENT,proofrail_synthetic,conditional_settlement_case,TRUE,proofrail,synthetic_research
2026-01-07T13:10,REVIEW,txn_0002119,cust_payer_67483,USA,16582.69,cust_payee_30747,USA,SERVICE_RETAINER,proofrail_synthetic,conditional_settlement_case,FALSE,proofrail,synthetic_research
2026-01-07T13:13,REVIEW,txn_0002120,cust_payer_88238,USA,2086.41,cust_payee_35262,USA,GOODS_SETTLEMENT,proofrail_synthetic,conditional_settlement_case,TRUE,proofrail,synthetic_research
2026-01-07T13:14,GOOD,txn_0002121,cust_payer_75681,USA,1223.08,cust_payee_45879,USA,INVOICE_PAYMENT,proofrail_synthetic,conditional_settlement_case,FALSE,proofrail,synthetic_research
2026-01-07T13:14,GOOD,txn_0002122,cust_payer_16385,USA,527.26,cust_payee_97412,USA,INVOICE_PAYMENT,proofrail_synthetic,conditional_settlement_case,FALSE,proofrail,synthetic_research
2026-01-07T13:16,GOOD,txn_0002123,cust_payer_29767,USA,5034.41,cust_payee_43911,USA,INVOICE_PAYMENT,proofrail_synthetic,conditional_settlement_case,FALSE,proofrail,synthetic_research
2026-01-07T13:17,REVIEW,txn_0002124,cust_payer_03241,CANADA,4084.54,cust_payee_08107,USA,INVOICE_PAYMENT,proofrail_synthetic,conditional_settlement_case,FALSE,proofrail,synthetic_research
2026-01-07T13:25,GOOD,txn_0002125,cust_payer_16977,USA,742.06,cust_payee_19589,USA,GOODS_SETTLEMENT,proofrail_synthetic,conditional_settlement_case,FALSE,proofrail,synthetic_research
2026-01-07T13:25,REVIEW,txn_0002126,cust_payer_44174,USA,5893.48,cust_payee_98424,USA,INVOICE_PAYMENT,proofrail_synthetic,conditional_settlement_case,TRUE,proofrail,synthetic_research
2026-01-07T13:29,BAD,txn_0002127,cust_payer_04461,USA,895.02,cust_payee_26793,USA,MILESTONE_PAYMENT,proofrail_synthetic,conditional_settlement_case,TRUE,proofrail,synthetic_research
2026-01-07T13:30,GOOD,txn_0002128,cust_payer_83181,CANADA,5253.88,cust_payee_10813,USA,GOODS_SETTLEMENT,proofrail_synthetic,conditional_settlement_case,FALSE,proofrail,synthetic_research
2026-01-07T13:32,GOOD,txn_0002129,cust_payer_90058,USA,12199.36,cust_payee_88806,USA,GOODS_SETTLEMENT,proofrail_synthetic,conditional_settlement_case,FALSE,proofrail,synthetic_research
2026-01-07T13:34,GOOD,txn_0002130,cust_payer_90592,USA,6859.18,cust_payee_18885,USA,GOODS_SETTLEMENT,proofrail_synthetic,conditional_settlement_case,FALSE,proofrail,synthetic_research
2026-01-07T13:34,GOOD,txn_0002131,cust_payer_78976,USA,1306.84,cust_payee_56188,USA,GOODS_SETTLEMENT,proofrail_synthetic,conditional_settlement_case,FALSE,proofrail,synthetic_research
2026-01-07T13:36,REVIEW,txn_0002132,cust_payer_28534,USA,4314.9,cust_payee_88831,USA,INVOICE_PAYMENT,proofrail_synthetic,conditional_settlement_case,TRUE,proofrail,synthetic_research
2026-01-07T13:36,GOOD,txn_0002133,cust_payer_01532,USA,13048.12,cust_payee_51921,USA,GOODS_SETTLEMENT,proofrail_synthetic,conditional_settlement_case,FALSE,proofrail,synthetic_research
2026-01-07T13:37,REVIEW,txn_0002134,cust_payer_69717,USA,1637.34,cust_payee_56173,USA,INVOICE_PAYMENT,proofrail_synthetic,conditional_settlement_case,FALSE,proofrail,synthetic_research
2026-01-07T13:37,GOOD,txn_0002135,cust_payer_42632,UNITED-KINGDOM,710.94,cust_payee_46199,USA,GOODS_SETTLEMENT,proofrail_synthetic,conditional_settlement_case,FALSE,proofrail,synthetic_research
2026-01-07T13:37,GOOD,txn_0002136,cust_payer_72920,USA,1252.73,cust_payee_73779,USA,INVOICE_PAYMENT,proofrail_synthetic,conditional_settlement_case,FALSE,proofrail,synthetic_research
2026-01-07T13:38,GOOD,txn_0002137,cust_payer_11933,MEXICO,2583,cust_payee_02058,MEXICO,INVOICE_PAYMENT,proofrail_synthetic,conditional_settlement_case,FALSE,proofrail,synthetic_research
2026-01-07T13:38,BAD,txn_0002138,cust_payer_92338,USA,1575.73,cust_payee_24365,USA,MILESTONE_PAYMENT,proofrail_synthetic,conditional_settlement_case,TRUE,proofrail,synthetic_research
2026-01-07T13:38,GOOD,txn_0002139,cust_payer_01361,USA,911.51,cust_payee_39632,USA,SERVICE_RETAINER,proofrail_synthetic,conditional_settlement_case,FALSE,proofrail,synthetic_research
2026-01-07T13:40,REVIEW,txn_0002140,cust_payer_25914,USA,1625.71,cust_payee_87094,MEXICO,MILESTONE_PAYMENT,proofrail_synthetic,conditional_settlement_case,FALSE,proofrail,synthetic_research
2026-01-07T13:41,REVIEW,txn_0002141,cust_payer_54374,USA,3130.17,cust_payee_38357,USA,MILESTONE_PAYMENT,proofrail_synthetic,conditional_settlement_case,TRUE,proofrail,synthetic_research
2026-01-07T13:41,REVIEW,txn_0002142,cust_payer_75321,USA,20187.99,cust_payee_39341,GERMANY,INVOICE_PAYMENT,proofrail_synthetic,conditional_settlement_case,TRUE,proofrail,synthetic_research
2026-01-07T13:41,REVIEW,txn_0002143,cust_payer_43484,USA,3957.2,cust_payee_50986,USA,GOODS_SETTLEMENT,proofrail_synthetic,conditional_settlement_case,FALSE,proofrail,synthetic_research
2026-01-07T13:42,REVIEW,txn_0002144,cust_payer_58335,USA,24212.8,cust_payee_35841,USA,MILESTONE_PAYMENT,proofrail_synthetic,conditional_settlement_case,FALSE,proofrail,synthetic_research
2026-01-07T13:43,GOOD,txn_0002145,cust_payer_74797,USA,4099.17,cust_payee_84532,USA,GOODS_SETTLEMENT,proofrail_synthetic,conditional_settlement_case,FALSE,proofrail,synthetic_research
2026-01-07T13:43,REVIEW,txn_0002146,cust_payer_43251,USA,7528.71,cust_payee_23175,USA,SERVICE_RETAINER,proofrail_synthetic,conditional_settlement_case,FALSE,proofrail,synthetic_research
2026-01-07T13:44,GOOD,txn_0002147,cust_payer_38108,USA,2789.54,cust_payee_50039,USA,GOODS_SETTLEMENT,proofrail_synthetic,conditional_settlement_case,FALSE,proofrail,synthetic_research
2026-01-07T13:44,GOOD,txn_0002148,cust_payer_15178,USA,4108.47,cust_payee_44307,USA,INVOICE_PAYMENT,proofrail_synthetic,conditional_settlement_case,FALSE,proofrail,synthetic_research
2026-01-07T13:44,REVIEW,txn_0002149,cust_payer_73798,USA,9858.86,cust_payee_83733,USA,INVOICE_PAYMENT,proofrail_synthetic,conditional_settlement_case,TRUE,proofrail,synthetic_research
2026-01-07T13:44,REVIEW,txn_0002150,cust_payer_29285,USA,1432.97,cust_payee_67584,USA,INVOICE_PAYMENT,proofrail_synthetic,conditional_settlement_case,TRUE,proofrail,synthetic_research
2026-01-07T13:45,REVIEW,txn_0002151,cust_payer_98000,USA,6101.61,cust_payee_85731,USA,GOODS_SETTLEMENT,proofrail_synthetic,conditional_settlement_case,TRUE,proofrail,synthetic_research
2026-01-07T13:46,REVIEW,txn_0002152,cust_payer_88060,UNITED-KINGDOM,641.9,cust_payee_96954,USA,GOODS_SETTLEMENT,proofrail_synthetic,conditional_settlement_case,TRUE,proofrail,synthetic_research
2026-01-07T13:47,GOOD,txn_0002153,cust_payer_19347,USA,2333.16,cust_payee_78309,MEXICO,MILESTONE_PAYMENT,proofrail_synthetic,conditional_settlement_case,FALSE,proofrail,synthetic_research
2026-01-07T13:48,REVIEW,txn_0002154,cust_payer_18416,USA,3072.77,cust_payee_09729,GERMANY,SERVICE_RETAINER,proofrail_synthetic,conditional_settlement_case,TRUE,proofrail,synthetic_research
2026-01-07T13:49,REVIEW,txn_0002155,cust_payer_50510,USA,12457.55,cust_payee_20251,USA,MILESTONE_PAYMENT,proofrail_synthetic,conditional_settlement_case,TRUE,proofrail,synthetic_research
2026-01-07T13:50,GOOD,txn_0002156,cust_payer_48576,USA,1452.99,cust_payee_09625,USA,SERVICE_RETAINER,proofrail_synthetic,conditional_settlement_case,FALSE,proofrail,synthetic_research
2026-01-07T13:53,GOOD,txn_0002157,cust_payer_93121,USA,24050.4,cust_payee_84551,USA,GOODS_SETTLEMENT,proofrail_synthetic,conditional_settlement_case,FALSE,proofrail,synthetic_research
2026-01-07T13:53,GOOD,txn_0002158,cust_payer_19746,USA,18578.98,cust_payee_28989,USA,INVOICE_PAYMENT,proofrail_synthetic,conditional_settlement_case,FALSE,proofrail,synthetic_research
2026-01-07T13:56,BAD,txn_0002159,cust_payer_06345,USA,4491.19,cust_payee_37776,USA,MILESTONE_PAYMENT,proofrail_synthetic,conditional_settlement_case,TRUE,proofrail,synthetic_research
2026-01-07T14:00,GOOD,txn_0002160,cust_payer_72981,USA,1952.66,cust_payee_01748,CANADA,GOODS_SETTLEMENT,proofrail_synthetic,conditional_settlement_case,FALSE,proofrail,synthetic_research
2026-01-07T14:01,GOOD,txn_0002161,cust_payer_46190,USA,936.81,cust_payee_03911,CANADA,MILESTONE_PAYMENT,proofrail_synthetic,conditional_settlement_case,FALSE,proofrail,synthetic_research
2026-01-07T14:01,REVIEW,txn_0002162,cust_payer_81034,USA,1186.06,cust_payee_83582,USA,GOODS_SETTLEMENT,proofrail_synthetic,conditional_settlement_case,FALSE,proofrail,synthetic_research
2026-01-07T14:03,GOOD,txn_0002163,cust_payer_59547,USA,6217.6,cust_payee_85268,USA,INVOICE_PAYMENT,proofrail_synthetic,conditional_settlement_case,FALSE,proofrail,synthetic_research
2026-01-07T14:03,REVIEW,txn_0002164,cust_payer_05885,USA,12672.75,cust_payee_12548,USA,GOODS_SETTLEMENT,proofrail_synthetic,conditional_settlement_case,TRUE,proofrail,synthetic_research
2026-01-07T14:08,GOOD,txn_0002165,cust_payer_11116,USA,3744.62,cust_payee_15855,USA,GOODS_SETTLEMENT,proofrail_synthetic,conditional_settlement_case,FALSE,proofrail,synthetic_research
2026-01-07T14:09,GOOD,txn_0002166,cust_payer_06026,CANADA,14391.98,cust_payee_16376,USA,INVOICE_PAYMENT,proofrail_synthetic,conditional_settlement_case,FALSE,proofrail,synthetic_research
2026-01-07T14:09,BAD,txn_0002167,cust_payer_93953,GERMANY,8367.66,cust_payee_19336,USA,INVOICE_PAYMENT,proofrail_synthetic,conditional_settlement_case,TRUE,proofrail,synthetic_research
2026-01-07T14:11,GOOD,txn_0002168,cust_payer_08195,CANADA,315.17,cust_payee_59326,USA,MILESTONE_PAYMENT,proofrail_synthetic,conditional_settlement_case,FALSE,proofrail,synthetic_research
2026-01-07T14:13,BAD,txn_0002169,cust_payer_67507,USA,631.26,cust_payee_35678,GERMANY,SERVICE_RETAINER,proofrail_synthetic,conditional_settlement_case,TRUE,proofrail,synthetic_research
2026-01-07T14:14,GOOD,txn_0002170,cust_payer_19253,USA,10912.92,cust_payee_75846,USA,INVOICE_PAYMENT,proofrail_synthetic,conditional_settlement_case,FALSE,proofrail,synthetic_research
2026-01-07T14:18,REVIEW,txn_0002171,cust_payer_25800,CANADA,2413.42,cust_payee_89249,USA,MILESTONE_PAYMENT,proofrail_synthetic,conditional_settlement_case,TRUE,proofrail,synthetic_research
2026-01-07T14:21,REVIEW,txn_0002172,cust_payer_97759,USA,550.54,cust_payee_67771,USA,INVOICE_PAYMENT,proofrail_synthetic,conditional_settlement_case,TRUE,proofrail,synthetic_research
2026-01-07T14:23,GOOD,txn_0002173,cust_payer_89035,GERMANY,2749.35,cust_payee_43581,USA,MILESTONE_PAYMENT,proofrail_synthetic,conditional_settlement_case,FALSE,proofrail,synthetic_research
2026-01-07T14:23,REVIEW,txn_0002174,cust_payer_98172,USA,1136.1,cust_payee_99248,USA,INVOICE_PAYMENT,proofrail_synthetic,conditional_settlement_case,TRUE,proofrail,synthetic_research
2026-01-07T14:25,REVIEW,txn_0002175,cust_payer_99252,SINGAPORE,542.51,cust_payee_24454,USA,INVOICE_PAYMENT,proofrail_synthetic,conditional_settlement_case,FALSE,proofrail,synthetic_research
2026-01-07T14:26,GOOD,txn_0002176,cust_payer_61973,USA,2369.21,cust_payee_57036,USA,GOODS_SETTLEMENT,proofrail_synthetic,conditional_settlement_case,FALSE,proofrail,synthetic_research
2026-01-07T14:26,GOOD,txn_0002177,cust_payer_61950,CANADA,2502.84,cust_payee_41079,USA,INVOICE_PAYMENT,proofrail_synthetic,conditional_settlement_case,FALSE,proofrail,synthetic_research
2026-01-07T14:26,GOOD,txn_0002178,cust_payer_85832,CANADA,4317.3,cust_payee_04518,USA,INVOICE_PAYMENT,proofrail_synthetic,conditional_settlement_case,FALSE,proofrail,synthetic_research
2026-01-07T14:30,REVIEW,txn_0002179,cust_payer_46593,USA,561.17,cust_payee_18657,USA,INVOICE_PAYMENT,proofrail_synthetic,conditional_settlement_case,TRUE,proofrail,synthetic_research
2026-01-07T14:30,GOOD,txn_0002180,cust_payer_16054,USA,3972.92,cust_payee_89592,CANADA,SERVICE_RETAINER,proofrail_synthetic,conditional_settlement_case,FALSE,proofrail,synthetic_research
2026-01-07T14:32,GOOD,txn_0002181,cust_payer_97821,USA,3127.34,cust_payee_27004,USA,INVOICE_PAYMENT,proofrail_synthetic,conditional_settlement_case,FALSE,proofrail,synthetic_research
2026-01-07T14:34,GOOD,txn_0002182,cust_payer_68616,USA,2950.9,cust_payee_66400,USA,GOODS_SETTLEMENT,proofrail_synthetic,conditional_settlement_case,FALSE,proofrail,synthetic_research
2026-01-07T14:34,GOOD,txn_0002183,cust_payer_57293,USA,2939.74,cust_payee_28783,CANADA,MILESTONE_PAYMENT,proofrail_synthetic,conditional_settlement_case,FALSE,proofrail,synthetic_research
2026-01-07T14:36,GOOD,txn_0002184,cust_payer_57537,USA,691.86,cust_payee_01807,USA,INVOICE_PAYMENT,proofrail_synthetic,conditional_settlement_case,FALSE,proofrail,synthetic_research
2026-01-07T14:37,GOOD,txn_0002185,cust_payer_65061,USA,1736.39,cust_payee_33534,USA,SERVICE_RETAINER,proofrail_synthetic,conditional_settlement_case,FALSE,proofrail,synthetic_research
2026-01-07T14:37,GOOD,txn_0002186,cust_payer_72041,USA,10300.59,cust_payee_20271,USA,INVOICE_PAYMENT,proofrail_synthetic,conditional_settlement_case,FALSE,proofrail,synthetic_research
2026-01-07T14:37,REVIEW,txn_0002187,cust_payer_72824,USA,2623.54,cust_payee_34288,USA,SERVICE_RETAINER,proofrail_synthetic,conditional_settlement_case,TRUE,proofrail,synthetic_research
2026-01-07T14:38,GOOD,txn_0002188,cust_payer_86804,USA,10977.93,cust_payee_99679,USA,INVOICE_PAYMENT,proofrail_synthetic,conditional_settlement_case,FALSE,proofrail,synthetic_research
2026-01-07T14:39,GOOD,txn_0002189,cust_payer_44572,CANADA,494.48,cust_payee_68296,USA,SERVICE_RETAINER,proofrail_synthetic,conditional_settlement_case,FALSE,proofrail,synthetic_research
2026-01-07T14:39,REVIEW,txn_0002190,cust_payer_03813,USA,2172.98,cust_payee_50961,USA,INVOICE_PAYMENT,proofrail_synthetic,conditional_settlement_case,TRUE,proofrail,synthetic_research
2026-01-07T14:39,BAD,txn_0002191,cust_payer_90348,UNITED-KINGDOM,5188.88,cust_payee_53841,USA,MILESTONE_PAYMENT,proofrail_synthetic,conditional_settlement_case,TRUE,proofrail,synthetic_research
2026-01-07T14:40,GOOD,txn_0002192,cust_payer_98921,CANADA,1527.36,cust_payee_25865,USA,MILESTONE_PAYMENT,proofrail_synthetic,conditional_settlement_case,FALSE,proofrail,synthetic_research
2026-01-07T14:41,GOOD,txn_0002193,cust_payer_74444,USA,2146.68,cust_payee_27473,CANADA,GOODS_SETTLEMENT,proofrail_synthetic,conditional_settlement_case,FALSE,proofrail,synthetic_research
2026-01-07T14:41,REVIEW,txn_0002194,cust_payer_71792,USA,689.59,cust_payee_85506,USA,SERVICE_RETAINER,proofrail_synthetic,conditional_settlement_case,FALSE,proofrail,synthetic_research
2026-01-07T14:44,GOOD,txn_0002195,cust_payer_04347,USA,2421.89,cust_payee_12318,USA,GOODS_SETTLEMENT,proofrail_synthetic,conditional_settlement_case,FALSE,proofrail,synthetic_research
2026-01-07T14:46,GOOD,txn_0002196,cust_payer_34282,CANADA,14803.31,cust_payee_76681,USA,INVOICE_PAYMENT,proofrail_synthetic,conditional_settlement_case,FALSE,proofrail,synthetic_research
2026-01-07T14:47,REVIEW,txn_0002197,cust_payer_63073,USA,5021.63,cust_payee_29383,USA,INVOICE_PAYMENT,proofrail_synthetic,conditional_settlement_case,TRUE,proofrail,synthetic_research
2026-01-07T14:49,GOOD,txn_0002198,cust_payer_60041,USA,2029.16,cust_payee_23751,USA,INVOICE_PAYMENT,proofrail_synthetic,conditional_settlement_case,FALSE,proofrail,synthetic_research
2026-01-07T14:49,GOOD,txn_0002199,cust_payer_98687,USA,1253.37,cust_payee_84621,USA,GOODS_SETTLEMENT,proofrail_synthetic,conditional_settlement_case,FALSE,proofrail,synthetic_research
2026-01-07T14:52,GOOD,txn_0002200,cust_payer_61151,USA,954.65,cust_payee_88596,CANADA,INVOICE_PAYMENT,proofrail_synthetic,conditional_settlement_case,FALSE,proofrail,synthetic_research
2026-01-07T14:55,REVIEW,txn_0002201,cust_payer_90003,UNITED-KINGDOM,1685,cust_payee_72129,USA,GOODS_SETTLEMENT,proofrail_synthetic,conditional_settlement_case,FALSE,proofrail,synthetic_research
2026-01-07T14:58,GOOD,txn_0002202,cust_payer_91339,USA,14544.52,cust_payee_25500,USA,SERVICE_RETAINER,proofrail_synthetic,conditional_settlement_case,FALSE,proofrail,synthetic_research
2026-01-07T15:01,REVIEW,txn_0002203,cust_payer_77926,USA,33349.09,cust_payee_51605,USA,GOODS_SETTLEMENT,proofrail_synthetic,conditional_settlement_case,TRUE,proofrail,synthetic_research
2026-01-07T15:02,REVIEW,txn_0002204,cust_payer_96768,USA,5079.07,cust_payee_31276,USA,GOODS_SETTLEMENT,proofrail_synthetic,conditional_settlement_case,TRUE,proofrail,synthetic_research
2026-01-07T15:04,REVIEW,txn_0002205,cust_payer_73290,USA,950.68,cust_payee_95024,USA,INVOICE_PAYMENT,proofrail_synthetic,conditional_settlement_case,TRUE,proofrail,synthetic_research
2026-01-07T15:04,REVIEW,txn_0002206,cust_payer_04265,USA,196.89,cust_payee_63182,USA,INVOICE_PAYMENT,proofrail_synthetic,conditional_settlement_case,TRUE,proofrail,synthetic_research
2026-01-07T15:05,GOOD,txn_0002207,cust_payer_97037,USA,3270.98,cust_payee_68795,USA,GOODS_SETTLEMENT,proofrail_synthetic,conditional_settlement_case,FALSE,proofrail,synthetic_research
2026-01-07T15:12,REVIEW,txn_0002208,cust_payer_33760,USA,6256.17,cust_payee_03843,USA,SERVICE_RETAINER,proofrail_synthetic,conditional_settlement_case,TRUE,proofrail,synthetic_research
2026-01-07T15:15,GOOD,txn_0002209,cust_payer_61248,SINGAPORE,2128.01,cust_payee_36849,USA,GOODS_SETTLEMENT,proofrail_synthetic,conditional_settlement_case,FALSE,proofrail,synthetic_research
2026-01-07T15:17,REVIEW,txn_0002210,cust_payer_34663,USA,6448.53,cust_payee_14610,MEXICO,MILESTONE_PAYMENT,proofrail_synthetic,conditional_settlement_case,FALSE,proofrail,synthetic_research
2026-01-07T15:17,REVIEW,txn_0002211,cust_payer_78162,USA,1980.77,cust_payee_42979,USA,INVOICE_PAYMENT,proofrail_synthetic,conditional_settlement_case,TRUE,proofrail,synthetic_research
2026-01-07T15:19,GOOD,txn_0002212,cust_payer_62005,USA,1872.29,cust_payee_69220,USA,GOODS_SETTLEMENT,proofrail_synthetic,conditional_settlement_case,FALSE,proofrail,synthetic_research
2026-01-07T15:20,REVIEW,txn_0002213,cust_payer_56717,USA,563.41,cust_payee_99119,UNITED-KINGDOM,GOODS_SETTLEMENT,proofrail_synthetic,conditional_settlement_case,FALSE,proofrail,synthetic_research
2026-01-07T15:23,GOOD,txn_0002214,cust_payer_74710,USA,434.28,cust_payee_14391,USA,SERVICE_RETAINER,proofrail_synthetic,conditional_settlement_case,FALSE,proofrail,synthetic_research
2026-01-07T15:24,GOOD,txn_0002215,cust_payer_65608,USA,4388.39,cust_payee_58445,GERMANY,SERVICE_RETAINER,proofrail_synthetic,conditional_settlement_case,FALSE,proofrail,synthetic_research
2026-01-07T15:27,REVIEW,txn_0002216,cust_payer_56010,USA,1512.63,cust_payee_35040,USA,INVOICE_PAYMENT,proofrail_synthetic,conditional_settlement_case,TRUE,proofrail,synthetic_research
2026-01-07T15:27,REVIEW,txn_0002217,cust_payer_67836,CANADA,2573.19,cust_payee_46042,USA,GOODS_SETTLEMENT,proofrail_synthetic,conditional_settlement_case,TRUE,proofrail,synthetic_research
2026-01-07T15:29,GOOD,txn_0002218,cust_payer_24792,USA,1059.99,cust_payee_15426,USA,INVOICE_PAYMENT,proofrail_synthetic,conditional_settlement_case,FALSE,proofrail,synthetic_research
2026-01-07T15:29,REVIEW,txn_0002219,cust_payer_81812,SINGAPORE,10969.06,cust_payee_65874,CANADA,SERVICE_RETAINER,proofrail_synthetic,conditional_settlement_case,FALSE,proofrail,synthetic_research
2026-01-07T15:35,BAD,txn_0002220,cust_payer_04414,USA,2961.52,cust_payee_60447,USA,SERVICE_RETAINER,proofrail_synthetic,conditional_settlement_case,TRUE,proofrail,synthetic_research
2026-01-07T15:38,GOOD,txn_0002221,cust_payer_79568,USA,4314.6,cust_payee_78397,USA,GOODS_SETTLEMENT,proofrail_synthetic,conditional_settlement_case,FALSE,proofrail,synthetic_research
2026-01-07T15:44,GOOD,txn_0002222,cust_payer_03848,USA,9677.36,cust_payee_57694,USA,SERVICE_RETAINER,proofrail_synthetic,conditional_settlement_case,FALSE,proofrail,synthetic_research
2026-01-07T15:50,REVIEW,txn_0002223,cust_payer_42777,USA,3250.92,cust_payee_00574,MEXICO,INVOICE_PAYMENT,proofrail_synthetic,conditional_settlement_case,FALSE,proofrail,synthetic_research
2026-01-07T15:50,REVIEW,txn_0002224,cust_payer_90849,USA,7532.45,cust_payee_04265,GERMANY,SERVICE_RETAINER,proofrail_synthetic,conditional_settlement_case,TRUE,proofrail,synthetic_research
2026-01-07T15:51,BAD,txn_0002225,cust_payer_26814,USA,837.75,cust_payee_76928,CANADA,GOODS_SETTLEMENT,proofrail_synthetic,conditional_settlement_case,TRUE,proofrail,synthetic_research
2026-01-07T15:52,REVIEW,txn_0002226,cust_payer_88932,USA,1931.07,cust_payee_24615,USA,INVOICE_PAYMENT,proofrail_synthetic,conditional_settlement_case,TRUE,proofrail,synthetic_research
2026-01-07T15:54,GOOD,txn_0002227,cust_payer_69189,UNITED-KINGDOM,983.24,cust_payee_68938,USA,SERVICE_RETAINER,proofrail_synthetic,conditional_settlement_case,FALSE,proofrail,synthetic_research
2026-01-07T15:57,GOOD,txn_0002228,cust_payer_34315,USA,31231.89,cust_payee_97222,USA,INVOICE_PAYMENT,proofrail_synthetic,conditional_settlement_case,FALSE,proofrail,synthetic_research
2026-01-07T15:58,REVIEW,txn_0002229,cust_payer_85775,USA,29809.51,cust_payee_33464,UNITED-KINGDOM,GOODS_SETTLEMENT,proofrail_synthetic,conditional_settlement_case,FALSE,proofrail,synthetic_research
2026-01-07T16:00,BAD,txn_0002230,cust_payer_27569,USA,1599.3,cust_payee_48270,USA,INVOICE_PAYMENT,proofrail_synthetic,conditional_settlement_case,TRUE,proofrail,synthetic_research
2026-01-07T16:02,GOOD,txn_0002231,cust_payer_64640,USA,1398.28,cust_payee_35588,CANADA,INVOICE_PAYMENT,proofrail_synthetic,conditional_settlement_case,FALSE,proofrail,synthetic_research
2026-01-07T16:03,REVIEW,txn_0002232,cust_payer_61596,USA,26971.25,cust_payee_80701,CANADA,GOODS_SETTLEMENT,proofrail_synthetic,conditional_settlement_case,TRUE,proofrail,synthetic_research
2026-01-07T16:06,REVIEW,txn_0002233,cust_payer_94324,USA,4108.87,cust_payee_13832,USA,INVOICE_PAYMENT,proofrail_synthetic,conditional_settlement_case,TRUE,proofrail,synthetic_research
2026-01-07T16:10,GOOD,txn_0002234,cust_payer_59036,USA,3202.24,cust_payee_56483,USA,INVOICE_PAYMENT,proofrail_synthetic,conditional_settlement_case,FALSE,proofrail,synthetic_research
2026-01-07T16:10,GOOD,txn_0002235,cust_payer_08226,USA,691.11,cust_payee_37097,USA,MILESTONE_PAYMENT,proofrail_synthetic,conditional_settlement_case,FALSE,proofrail,synthetic_research
2026-01-07T16:11,GOOD,txn_0002236,cust_payer_81591,USA,1664.78,cust_payee_44068,USA,GOODS_SETTLEMENT,proofrail_synthetic,conditional_settlement_case,FALSE,proofrail,synthetic_research
2026-01-07T16:13,GOOD,txn_0002237,cust_payer_54345,USA,164.66,cust_payee_54364,USA,SERVICE_RETAINER,proofrail_synthetic,conditional_settlement_case,FALSE,proofrail,synthetic_research
2026-01-07T16:13,GOOD,txn_0002238,cust_payer_10415,USA,2554.29,cust_payee_62083,USA,MILESTONE_PAYMENT,proofrail_synthetic,conditional_settlement_case,FALSE,proofrail,synthetic_research
2026-01-07T16:17,GOOD,txn_0002239,cust_payer_80749,USA,1088.05,cust_payee_89346,USA,MILESTONE_PAYMENT,proofrail_synthetic,conditional_settlement_case,FALSE,proofrail,synthetic_research
2026-01-07T16:23,BAD,txn_0002240,cust_payer_04380,USA,3200.73,cust_payee_48308,USA,MILESTONE_PAYMENT,proofrail_synthetic,conditional_settlement_case,TRUE,proofrail,synthetic_research
2026-01-07T16:24,GOOD,txn_0002241,cust_payer_74799,USA,8733.78,cust_payee_56811,USA,INVOICE_PAYMENT,proofrail_synthetic,conditional_settlement_case,FALSE,proofrail,synthetic_research
2026-01-07T16:26,GOOD,txn_0002242,cust_payer_80602,MEXICO,410.43,cust_payee_27690,USA,GOODS_SETTLEMENT,proofrail_synthetic,conditional_settlement_case,FALSE,proofrail,synthetic_research
2026-01-07T16:28,GOOD,txn_0002243,cust_payer_71261,USA,4755.5,cust_payee_30486,USA,GOODS_SETTLEMENT,proofrail_synthetic,conditional_settlement_case,FALSE,proofrail,synthetic_research
2026-01-07T16:28,GOOD,txn_0002244,cust_payer_84967,USA,5913.21,cust_payee_73244,USA,GOODS_SETTLEMENT,proofrail_synthetic,conditional_settlement_case,FALSE,proofrail,synthetic_research
2026-01-07T16:29,REVIEW,txn_0002245,cust_payer_58148,USA,1745.3,cust_payee_39630,USA,GOODS_SETTLEMENT,proofrail_synthetic,conditional_settlement_case,TRUE,proofrail,synthetic_research
2026-01-07T16:29,GOOD,txn_0002246,cust_payer_42866,USA,3877.31,cust_payee_43291,USA,SERVICE_RETAINER,proofrail_synthetic,conditional_settlement_case,FALSE,proofrail,synthetic_research
2026-01-07T16:34,REVIEW,txn_0002247,cust_payer_49157,USA,2930.93,cust_payee_35163,USA,GOODS_SETTLEMENT,proofrail_synthetic,conditional_settlement_case,TRUE,proofrail,synthetic_research
2026-01-07T16:36,REVIEW,txn_0002248,cust_payer_19123,GERMANY,3900.9,cust_payee_31850,USA,MILESTONE_PAYMENT,proofrail_synthetic,conditional_settlement_case,FALSE,proofrail,synthetic_research
2026-01-07T16:38,BAD,txn_0002249,cust_payer_35369,USA,1303.35,cust_payee_06978,USA,INVOICE_PAYMENT,proofrail_synthetic,conditional_settlement_case,TRUE,proofrail,synthetic_research
2026-01-07T16:42,GOOD,txn_0002250,cust_payer_43215,UNITED-KINGDOM,1297.77,cust_payee_42974,USA,MILESTONE_PAYMENT,proofrail_synthetic,conditional_settlement_case,FALSE,proofrail,synthetic_research
2026-01-07T16:43,GOOD,txn_0002251,cust_payer_73613,USA,5988.9,cust_payee_88736,CANADA,GOODS_SETTLEMENT,proofrail_synthetic,conditional_settlement_case,FALSE,proofrail,synthetic_research
2026-01-07T16:43,GOOD,txn_0002252,cust_payer_54295,USA,1364.64,cust_payee_29386,USA,MILESTONE_PAYMENT,proofrail_synthetic,conditional_settlement_case,FALSE,proofrail,synthetic_research
2026-01-07T16:49,GOOD,txn_0002253,cust_payer_66861,USA,738.35,cust_payee_56531,USA,INVOICE_PAYMENT,proofrail_synthetic,conditional_settlement_case,FALSE,proofrail,synthetic_research
2026-01-07T16:51,GOOD,txn_0002254,cust_payer_53589,USA,9764.02,cust_payee_49030,CANADA,GOODS_SETTLEMENT,proofrail_synthetic,conditional_settlement_case,FALSE,proofrail,synthetic_research
2026-01-07T16:55,BAD,txn_0002255,cust_payer_53839,USA,5519.94,cust_payee_93090,USA,GOODS_SETTLEMENT,proofrail_synthetic,conditional_settlement_case,TRUE,proofrail,synthetic_research
2026-01-07T16:56,GOOD,txn_0002256,cust_payer_10148,USA,697.88,cust_payee_96558,USA,INVOICE_PAYMENT,proofrail_synthetic,conditional_settlement_case,FALSE,proofrail,synthetic_research
2026-01-07T16:58,REVIEW,txn_0002257,cust_payer_02744,USA,4788.56,cust_payee_43746,USA,GOODS_SETTLEMENT,proofrail_synthetic,conditional_settlement_case,TRUE,proofrail,synthetic_research
2026-01-07T16:58,GOOD,txn_0002258,cust_payer_05263,USA,2233.72,cust_payee_56113,CANADA,INVOICE_PAYMENT,proofrail_synthetic,conditional_settlement_case,FALSE,proofrail,synthetic_research
2026-01-07T16:58,GOOD,txn_0002259,cust_payer_58591,USA,5121.4,cust_payee_31354,USA,GOODS_SETTLEMENT,proofrail_synthetic,conditional_settlement_case,FALSE,proofrail,synthetic_research
2026-01-07T16:58,GOOD,txn_0002260,cust_payer_26378,USA,2009.81,cust_payee_52653,USA,MILESTONE_PAYMENT,proofrail_synthetic,conditional_settlement_case,FALSE,proofrail,synthetic_research
2026-01-07T17:02,GOOD,txn_0002261,cust_payer_88402,USA,740.4,cust_payee_31714,USA,GOODS_SETTLEMENT,proofrail_synthetic,conditional_settlement_case,FALSE,proofrail,synthetic_research
2026-01-07T17:02,BAD,txn_0002262,cust_payer_60603,USA,2757.9,cust_payee_09964,USA,INVOICE_PAYMENT,proofrail_synthetic,conditional_settlement_case,TRUE,proofrail,synthetic_research
2026-01-07T17:03,GOOD,txn_0002263,cust_payer_30099,USA,1128.99,cust_payee_99647,USA,MILESTONE_PAYMENT,proofrail_synthetic,conditional_settlement_case,FALSE,proofrail,synthetic_research
2026-01-07T17:05,BAD,txn_0002264,cust_payer_57982,USA,8331.63,cust_payee_76243,USA,MILESTONE_PAYMENT,proofrail_synthetic,conditional_settlement_case,TRUE,proofrail,synthetic_research
2026-01-07T17:07,GOOD,txn_0002265,cust_payer_75175,USA,22210.31,cust_payee_03218,USA,INVOICE_PAYMENT,proofrail_synthetic,conditional_settlement_case,FALSE,proofrail,synthetic_research
2026-01-07T17:08,GOOD,txn_0002266,cust_payer_51296,USA,4483.71,cust_payee_47845,USA,INVOICE_PAYMENT,proofrail_synthetic,conditional_settlement_case,FALSE,proofrail,synthetic_research
2026-01-07T17:08,GOOD,txn_0002267,cust_payer_70813,USA,362.32,cust_payee_36938,USA,MILESTONE_PAYMENT,proofrail_synthetic,conditional_settlement_case,FALSE,proofrail,synthetic_research
2026-01-07T17:08,REVIEW,txn_0002268,cust_payer_92244,CANADA,1572.91,cust_payee_91760,CANADA,INVOICE_PAYMENT,proofrail_synthetic,conditional_settlement_case,TRUE,proofrail,synthetic_research
2026-01-07T17:11,REVIEW,txn_0002269,cust_payer_70658,USA,4159.76,cust_payee_49036,USA,SERVICE_RETAINER,proofrail_synthetic,conditional_settlement_case,TRUE,proofrail,synthetic_research
2026-01-07T17:17,REVIEW,txn_0002270,cust_payer_89868,USA,311.55,cust_payee_45504,USA,GOODS_SETTLEMENT,proofrail_synthetic,conditional_settlement_case,TRUE,proofrail,synthetic_research
2026-01-07T17:17,GOOD,txn_0002271,cust_payer_65480,USA,2429.92,cust_payee_03661,USA,INVOICE_PAYMENT,proofrail_synthetic,conditional_settlement_case,FALSE,proofrail,synthetic_research
2026-01-07T17:23,GOOD,txn_0002272,cust_payer_43785,USA,10568.24,cust_payee_74834,USA,MILESTONE_PAYMENT,proofrail_synthetic,conditional_settlement_case,FALSE,proofrail,synthetic_research
2026-01-07T17:24,GOOD,txn_0002273,cust_payer_84939,USA,1442.29,cust_payee_41988,USA,MILESTONE_PAYMENT,proofrail_synthetic,conditional_settlement_case,FALSE,proofrail,synthetic_research
2026-01-07T17:29,REVIEW,txn_0002274,cust_payer_15897,USA,10146.82,cust_payee_73547,USA,INVOICE_PAYMENT,proofrail_synthetic,conditional_settlement_case,TRUE,proofrail,synthetic_research
2026-01-07T17:31,GOOD,txn_0002275,cust_payer_08814,USA,7403.57,cust_payee_85680,USA,MILESTONE_PAYMENT,proofrail_synthetic,conditional_settlement_case,FALSE,proofrail,synthetic_research
2026-01-07T17:32,REVIEW,txn_0002276,cust_payer_64350,USA,17699.88,cust_payee_64981,USA,GOODS_SETTLEMENT,proofrail_synthetic,conditional_settlement_case,FALSE,proofrail,synthetic_research
2026-01-07T17:33,GOOD,txn_0002277,cust_payer_03693,GERMANY,3077.92,cust_payee_64338,USA,MILESTONE_PAYMENT,proofrail_synthetic,conditional_settlement_case,FALSE,proofrail,synthetic_research
2026-01-07T17:33,GOOD,txn_0002278,cust_payer_95596,USA,1015.1,cust_payee_74572,USA,INVOICE_PAYMENT,proofrail_synthetic,conditional_settlement_case,FALSE,proofrail,synthetic_research
2026-01-07T17:36,GOOD,txn_0002279,cust_payer_94697,USA,1563.94,cust_payee_68806,USA,INVOICE_PAYMENT,proofrail_synthetic,conditional_settlement_case,FALSE,proofrail,synthetic_research
2026-01-07T17:39,GOOD,txn_0002280,cust_payer_80507,USA,2489.53,cust_payee_81652,USA,MILESTONE_PAYMENT,proofrail_synthetic,conditional_settlement_case,FALSE,proofrail,synthetic_research
2026-01-07T17:42,GOOD,txn_0002281,cust_payer_10520,CANADA,4453.95,cust_payee_80169,USA,GOODS_SETTLEMENT,proofrail_synthetic,conditional_settlement_case,FALSE,proofrail,synthetic_research
2026-01-07T17:42,REVIEW,txn_0002282,cust_payer_48440,USA,656.19,cust_payee_31323,USA,MILESTONE_PAYMENT,proofrail_synthetic,conditional_settlement_case,FALSE,proofrail,synthetic_research
2026-01-07T17:42,GOOD,txn_0002283,cust_payer_43449,USA,5607.56,cust_payee_23323,USA,INVOICE_PAYMENT,proofrail_synthetic,conditional_settlement_case,FALSE,proofrail,synthetic_research
2026-01-07T17:44,GOOD,txn_0002284,cust_payer_87092,USA,479.6,cust_payee_77233,USA,INVOICE_PAYMENT,proofrail_synthetic,conditional_settlement_case,FALSE,proofrail,synthetic_research
2026-01-07T17:44,GOOD,txn_0002285,cust_payer_01059,USA,2030.57,cust_payee_32021,CANADA,INVOICE_PAYMENT,proofrail_synthetic,conditional_settlement_case,FALSE,proofrail,synthetic_research
2026-01-07T17:44,REVIEW,txn_0002286,cust_payer_39408,USA,2454.37,cust_payee_26718,USA,GOODS_SETTLEMENT,proofrail_synthetic,conditional_settlement_case,FALSE,proofrail,synthetic_research
2026-01-07T17:44,GOOD,txn_0002287,cust_payer_77020,USA,741.39,cust_payee_18445,USA,GOODS_SETTLEMENT,proofrail_synthetic,conditional_settlement_case,FALSE,proofrail,synthetic_research
2026-01-07T17:45,GOOD,txn_0002288,cust_payer_80192,USA,1277.1,cust_payee_33631,USA,INVOICE_PAYMENT,proofrail_synthetic,conditional_settlement_case,FALSE,proofrail,synthetic_research
2026-01-07T17:45,GOOD,txn_0002289,cust_payer_13914,USA,3018.11,cust_payee_07923,CANADA,INVOICE_PAYMENT,proofrail_synthetic,conditional_settlement_case,FALSE,proofrail,synthetic_research
2026-01-07T17:49,GOOD,txn_0002290,cust_payer_00184,USA,913.73,cust_payee_14000,CANADA,INVOICE_PAYMENT,proofrail_synthetic,conditional_settlement_case,FALSE,proofrail,synthetic_research
2026-01-07T17:50,GOOD,txn_0002291,cust_payer_42069,CANADA,1319.7,cust_payee_27544,USA,SERVICE_RETAINER,proofrail_synthetic,conditional_settlement_case,FALSE,proofrail,synthetic_research
2026-01-07T17:53,GOOD,txn_0002292,cust_payer_54007,USA,2193.12,cust_payee_37525,USA,INVOICE_PAYMENT,proofrail_synthetic,conditional_settlement_case,FALSE,proofrail,synthetic_research
2026-01-07T17:54,GOOD,txn_0002293,cust_payer_91196,USA,1677.99,cust_payee_22233,USA,INVOICE_PAYMENT,proofrail_synthetic,conditional_settlement_case,FALSE,proofrail,synthetic_research
2026-01-07T17:58,GOOD,txn_0002294,cust_payer_81819,USA,1260.82,cust_payee_44633,USA,INVOICE_PAYMENT,proofrail_synthetic,conditional_settlement_case,FALSE,proofrail,synthetic_research
2026-01-07T17:59,BAD,txn_0002295,cust_payer_46855,USA,65664.96,cust_payee_14203,USA,MILESTONE_PAYMENT,proofrail_synthetic,conditional_settlement_case,TRUE,proofrail,synthetic_research
2026-01-07T17:59,GOOD,txn_0002296,cust_payer_50197,USA,1607.89,cust_payee_67450,USA,INVOICE_PAYMENT,proofrail_synthetic,conditional_settlement_case,FALSE,proofrail,synthetic_research
2026-01-07T18:00,GOOD,txn_0002297,cust_payer_95790,MEXICO,419.5,cust_payee_01617,USA,SERVICE_RETAINER,proofrail_synthetic,conditional_settlement_case,FALSE,proofrail,synthetic_research
2026-01-07T18:00,REVIEW,txn_0002298,cust_payer_48918,USA,2977.35,cust_payee_95293,USA,MILESTONE_PAYMENT,proofrail_synthetic,conditional_settlement_case,TRUE,proofrail,synthetic_research
2026-01-07T18:02,GOOD,txn_0002299,cust_payer_20976,USA,2996.81,cust_payee_74768,USA,INVOICE_PAYMENT,proofrail_synthetic,conditional_settlement_case,FALSE,proofrail,synthetic_research
2026-01-07T18:03,REVIEW,txn_0002300,cust_payer_76086,USA,1038.21,cust_payee_15860,USA,INVOICE_PAYMENT,proofrail_synthetic,conditional_settlement_case,FALSE,proofrail,synthetic_research
2026-01-07T18:05,GOOD,txn_0002301,cust_payer_66335,USA,1691.84,cust_payee_84752,USA,MILESTONE_PAYMENT,proofrail_synthetic,conditional_settlement_case,FALSE,proofrail,synthetic_research
2026-01-07T18:05,GOOD,txn_0002302,cust_payer_78625,CANADA,431.58,cust_payee_16335,USA,INVOICE_PAYMENT,proofrail_synthetic,conditional_settlement_case,FALSE,proofrail,synthetic_research
2026-01-07T18:05,BAD,txn_0002303,cust_payer_19600,CANADA,5932.83,cust_payee_94284,USA,INVOICE_PAYMENT,proofrail_synthetic,conditional_settlement_case,TRUE,proofrail,synthetic_research
2026-01-07T18:08,GOOD,txn_0002304,cust_payer_30910,USA,555.75,cust_payee_37988,USA,INVOICE_PAYMENT,proofrail_synthetic,conditional_settlement_case,FALSE,proofrail,synthetic_research
2026-01-07T18:11,BAD,txn_0002305,cust_payer_82541,SINGAPORE,77.68,cust_payee_31811,USA,MILESTONE_PAYMENT,proofrail_synthetic,conditional_settlement_case,TRUE,proofrail,synthetic_research
2026-01-07T18:14,GOOD,txn_0002306,cust_payer_62140,USA,2831.62,cust_payee_50446,USA,MILESTONE_PAYMENT,proofrail_synthetic,conditional_settlement_case,FALSE,proofrail,synthetic_research
2026-01-07T18:16,GOOD,txn_0002307,cust_payer_61574,CANADA,3007.26,cust_payee_39635,CANADA,GOODS_SETTLEMENT,proofrail_synthetic,conditional_settlement_case,FALSE,proofrail,synthetic_research
2026-01-07T18:16,GOOD,txn_0002308,cust_payer_28661,CANADA,1060.97,cust_payee_91614,USA,INVOICE_PAYMENT,proofrail_synthetic,conditional_settlement_case,FALSE,proofrail,synthetic_research
2026-01-07T18:16,REVIEW,txn_0002309,cust_payer_08485,USA,971.38,cust_payee_57262,USA,GOODS_SETTLEMENT,proofrail_synthetic,conditional_settlement_case,TRUE,proofrail,synthetic_research
2026-01-07T18:16,REVIEW,txn_0002310,cust_payer_72818,USA,817.33,cust_payee_86189,USA,MILESTONE_PAYMENT,proofrail_synthetic,conditional_settlement_case,TRUE,proofrail,synthetic_research
2026-01-07T18:17,GOOD,txn_0002311,cust_payer_96678,USA,2940.09,cust_payee_05208,UNITED-KINGDOM,INVOICE_PAYMENT,proofrail_synthetic,conditional_settlement_case,FALSE,proofrail,synthetic_research
2026-01-07T18:19,GOOD,txn_0002312,cust_payer_89351,USA,1801.52,cust_payee_75838,USA,INVOICE_PAYMENT,proofrail_synthetic,conditional_settlement_case,FALSE,proofrail,synthetic_research
2026-01-07T18:20,GOOD,txn_0002313,cust_payer_49147,USA,1677.7,cust_payee_00804,USA,INVOICE_PAYMENT,proofrail_synthetic,conditional_settlement_case,FALSE,proofrail,synthetic_research
2026-01-07T18:21,BAD,txn_0002314,cust_payer_92321,USA,1044.66,cust_payee_54343,USA,GOODS_SETTLEMENT,proofrail_synthetic,conditional_settlement_case,TRUE,proofrail,synthetic_research
2026-01-07T18:22,REVIEW,txn_0002315,cust_payer_22455,USA,1323.66,cust_payee_21350,USA,INVOICE_PAYMENT,proofrail_synthetic,conditional_settlement_case,TRUE,proofrail,synthetic_research
2026-01-07T18:22,GOOD,txn_0002316,cust_payer_90278,UNITED-KINGDOM,786.26,cust_payee_46451,USA,INVOICE_PAYMENT,proofrail_synthetic,conditional_settlement_case,FALSE,proofrail,synthetic_research
2026-01-07T18:24,GOOD,txn_0002317,cust_payer_01287,USA,1997.55,cust_payee_43933,USA,INVOICE_PAYMENT,proofrail_synthetic,conditional_settlement_case,FALSE,proofrail,synthetic_research
2026-01-07T18:27,GOOD,txn_0002318,cust_payer_61096,MEXICO,9611,cust_payee_05183,USA,INVOICE_PAYMENT,proofrail_synthetic,conditional_settlement_case,FALSE,proofrail,synthetic_research
2026-01-07T18:29,REVIEW,txn_0002319,cust_payer_85701,MEXICO,940.05,cust_payee_95091,USA,INVOICE_PAYMENT,proofrail_synthetic,conditional_settlement_case,FALSE,proofrail,synthetic_research
2026-01-07T18:34,REVIEW,txn_0002320,cust_payer_55459,USA,9755.7,cust_payee_32004,USA,MILESTONE_PAYMENT,proofrail_synthetic,conditional_settlement_case,TRUE,proofrail,synthetic_research
2026-01-07T18:34,BAD,txn_0002321,cust_payer_56622,USA,2792.68,cust_payee_95946,USA,INVOICE_PAYMENT,proofrail_synthetic,conditional_settlement_case,TRUE,proofrail,synthetic_research
2026-01-07T18:34,GOOD,txn_0002322,cust_payer_48789,USA,2545.76,cust_payee_93751,USA,MILESTONE_PAYMENT,proofrail_synthetic,conditional_settlement_case,FALSE,proofrail,synthetic_research
2026-01-07T18:40,GOOD,txn_0002323,cust_payer_08216,USA,2230.7,cust_payee_55655,USA,INVOICE_PAYMENT,proofrail_synthetic,conditional_settlement_case,FALSE,proofrail,synthetic_research
2026-01-07T18:40,GOOD,txn_0002324,cust_payer_16825,USA,1544.52,cust_payee_02701,USA,INVOICE_PAYMENT,proofrail_synthetic,conditional_settlement_case,FALSE,proofrail,synthetic_research
2026-01-07T18:40,GOOD,txn_0002325,cust_payer_51787,USA,329.4,cust_payee_00255,USA,INVOICE_PAYMENT,proofrail_synthetic,conditional_settlement_case,FALSE,proofrail,synthetic_research
2026-01-07T18:42,GOOD,txn_0002326,cust_payer_16765,USA,209.56,cust_payee_89000,CANADA,MILESTONE_PAYMENT,proofrail_synthetic,conditional_settlement_case,FALSE,proofrail,synthetic_research
2026-01-07T18:46,REVIEW,txn_0002327,cust_payer_72656,CANADA,15648.42,cust_payee_65119,USA,INVOICE_PAYMENT,proofrail_synthetic,conditional_settlement_case,FALSE,proofrail,synthetic_research
2026-01-07T18:47,GOOD,txn_0002328,cust_payer_27930,USA,2500.89,cust_payee_79492,USA,INVOICE_PAYMENT,proofrail_synthetic,conditional_settlement_case,FALSE,proofrail,synthetic_research
2026-01-07T18:48,GOOD,txn_0002329,cust_payer_41824,USA,1221.57,cust_payee_44772,CANADA,INVOICE_PAYMENT,proofrail_synthetic,conditional_settlement_case,FALSE,proofrail,synthetic_research
2026-01-07T18:49,GOOD,txn_0002330,cust_payer_75857,USA,484.44,cust_payee_86157,USA,MILESTONE_PAYMENT,proofrail_synthetic,conditional_settlement_case,FALSE,proofrail,synthetic_research
2026-01-07T18:49,REVIEW,txn_0002331,cust_payer_70692,USA,2627.21,cust_payee_83567,USA,MILESTONE_PAYMENT,proofrail_synthetic,conditional_settlement_case,TRUE,proofrail,synthetic_research
2026-01-07T18:50,REVIEW,txn_0002332,cust_payer_32986,USA,3326.35,cust_payee_04076,USA,GOODS_SETTLEMENT,proofrail_synthetic,conditional_settlement_case,TRUE,proofrail,synthetic_research
2026-01-07T18:51,GOOD,txn_0002333,cust_payer_86079,USA,7479.59,cust_payee_36583,USA,INVOICE_PAYMENT,proofrail_synthetic,conditional_settlement_case,FALSE,proofrail,synthetic_research
2026-01-07T18:52,GOOD,txn_0002334,cust_payer_67653,USA,453.97,cust_payee_92827,GERMANY,INVOICE_PAYMENT,proofrail_synthetic,conditional_settlement_case,FALSE,proofrail,synthetic_research
2026-01-07T18:58,BAD,txn_0002335,cust_payer_13875,USA,269.86,cust_payee_99915,USA,MILESTONE_PAYMENT,proofrail_synthetic,conditional_settlement_case,TRUE,proofrail,synthetic_research
2026-01-07T19:04,REVIEW,txn_0002336,cust_payer_22779,USA,563.44,cust_payee_38673,USA,INVOICE_PAYMENT,proofrail_synthetic,conditional_settlement_case,TRUE,proofrail,synthetic_research
2026-01-07T19:04,BAD,txn_0002337,cust_payer_54846,USA,1339.16,cust_payee_33701,USA,INVOICE_PAYMENT,proofrail_synthetic,conditional_settlement_case,TRUE,proofrail,synthetic_research
2026-01-07T19:04,GOOD,txn_0002338,cust_payer_02055,USA,3062.28,cust_payee_15398,USA,GOODS_SETTLEMENT,proofrail_synthetic,conditional_settlement_case,FALSE,proofrail,synthetic_research
2026-01-07T19:05,GOOD,txn_0002339,cust_payer_40365,USA,299.36,cust_payee_49311,USA,MILESTONE_PAYMENT,proofrail_synthetic,conditional_settlement_case,FALSE,proofrail,synthetic_research
2026-01-07T19:05,REVIEW,txn_0002340,cust_payer_29830,USA,869.2,cust_payee_67296,USA,GOODS_SETTLEMENT,proofrail_synthetic,conditional_settlement_case,TRUE,proofrail,synthetic_research
2026-01-07T19:05,GOOD,txn_0002341,cust_payer_69127,USA,5388.18,cust_payee_15888,USA,GOODS_SETTLEMENT,proofrail_synthetic,conditional_settlement_case,FALSE,proofrail,synthetic_research
2026-01-07T19:06,GOOD,txn_0002342,cust_payer_16345,CANADA,17354.03,cust_payee_21765,USA,INVOICE_PAYMENT,proofrail_synthetic,conditional_settlement_case,FALSE,proofrail,synthetic_research
2026-01-07T19:07,GOOD,txn_0002343,cust_payer_90286,USA,1602.01,cust_payee_43333,USA,SERVICE_RETAINER,proofrail_synthetic,conditional_settlement_case,FALSE,proofrail,synthetic_research
2026-01-07T19:08,GOOD,txn_0002344,cust_payer_03640,USA,3346.48,cust_payee_49700,USA,MILESTONE_PAYMENT,proofrail_synthetic,conditional_settlement_case,FALSE,proofrail,synthetic_research
2026-01-07T19:10,GOOD,txn_0002345,cust_payer_57376,USA,711.63,cust_payee_85720,USA,INVOICE_PAYMENT,proofrail_synthetic,conditional_settlement_case,FALSE,proofrail,synthetic_research
2026-01-07T19:12,GOOD,txn_0002346,cust_payer_81419,USA,751.27,cust_payee_74826,USA,INVOICE_PAYMENT,proofrail_synthetic,conditional_settlement_case,FALSE,proofrail,synthetic_research
2026-01-07T19:13,GOOD,txn_0002347,cust_payer_20215,USA,247.24,cust_payee_52623,USA,MILESTONE_PAYMENT,proofrail_synthetic,conditional_settlement_case,FALSE,proofrail,synthetic_research
2026-01-07T19:13,REVIEW,txn_0002348,cust_payer_25540,CANADA,1729.73,cust_payee_45527,USA,GOODS_SETTLEMENT,proofrail_synthetic,conditional_settlement_case,TRUE,proofrail,synthetic_research
2026-01-07T19:13,REVIEW,txn_0002349,cust_payer_03673,USA,5884.73,cust_payee_64991,USA,MILESTONE_PAYMENT,proofrail_synthetic,conditional_settlement_case,FALSE,proofrail,synthetic_research
2026-01-07T19:17,GOOD,txn_0002350,cust_payer_46941,USA,1199.79,cust_payee_23703,USA,GOODS_SETTLEMENT,proofrail_synthetic,conditional_settlement_case,FALSE,proofrail,synthetic_research
2026-01-07T19:18,GOOD,txn_0002351,cust_payer_06930,USA,2964.83,cust_payee_06398,USA,GOODS_SETTLEMENT,proofrail_synthetic,conditional_settlement_case,FALSE,proofrail,synthetic_research
2026-01-07T19:20,BAD,txn_0002352,cust_payer_65122,USA,4160.18,cust_payee_60639,USA,GOODS_SETTLEMENT,proofrail_synthetic,conditional_settlement_case,TRUE,proofrail,synthetic_research
2026-01-07T19:23,GOOD,txn_0002353,cust_payer_33314,USA,2997.98,cust_payee_03193,GERMANY,GOODS_SETTLEMENT,proofrail_synthetic,conditional_settlement_case,FALSE,proofrail,synthetic_research
2026-01-07T19:24,REVIEW,txn_0002354,cust_payer_52054,USA,5930.17,cust_payee_17836,USA,INVOICE_PAYMENT,proofrail_synthetic,conditional_settlement_case,TRUE,proofrail,synthetic_research
2026-01-07T19:25,GOOD,txn_0002355,cust_payer_83182,MEXICO,28977.96,cust_payee_78314,MEXICO,INVOICE_PAYMENT,proofrail_synthetic,conditional_settlement_case,FALSE,proofrail,synthetic_research
2026-01-07T19:26,BAD,txn_0002356,cust_payer_34682,UNITED-KINGDOM,1316.32,cust_payee_74700,USA,INVOICE_PAYMENT,proofrail_synthetic,conditional_settlement_case,TRUE,proofrail,synthetic_research
2026-01-07T19:27,GOOD,txn_0002357,cust_payer_95046,CANADA,2115.83,cust_payee_25303,USA,MILESTONE_PAYMENT,proofrail_synthetic,conditional_settlement_case,FALSE,proofrail,synthetic_research
2026-01-07T19:27,GOOD,txn_0002358,cust_payer_78605,USA,7750.28,cust_payee_27351,USA,GOODS_SETTLEMENT,proofrail_synthetic,conditional_settlement_case,FALSE,proofrail,synthetic_research
2026-01-07T19:27,GOOD,txn_0002359,cust_payer_49516,GERMANY,1535.36,cust_payee_30331,USA,INVOICE_PAYMENT,proofrail_synthetic,conditional_settlement_case,FALSE,proofrail,synthetic_research
2026-01-07T19:29,GOOD,txn_0002360,cust_payer_44370,MEXICO,3060.28,cust_payee_77027,GERMANY,MILESTONE_PAYMENT,proofrail_synthetic,conditional_settlement_case,FALSE,proofrail,synthetic_research
2026-01-07T19:30,GOOD,txn_0002361,cust_payer_41727,USA,2382.92,cust_payee_91648,USA,SERVICE_RETAINER,proofrail_synthetic,conditional_settlement_case,FALSE,proofrail,synthetic_research
2026-01-07T19:32,GOOD,txn_0002362,cust_payer_75821,USA,2623.47,cust_payee_24525,USA,MILESTONE_PAYMENT,proofrail_synthetic,conditional_settlement_case,FALSE,proofrail,synthetic_research
2026-01-07T19:37,GOOD,txn_0002363,cust_payer_91346,USA,528.56,cust_payee_68410,USA,MILESTONE_PAYMENT,proofrail_synthetic,conditional_settlement_case,FALSE,proofrail,synthetic_research
2026-01-07T19:37,GOOD,txn_0002364,cust_payer_03454,USA,1664.04,cust_payee_46675,USA,INVOICE_PAYMENT,proofrail_synthetic,conditional_settlement_case,FALSE,proofrail,synthetic_research
2026-01-07T19:37,BAD,txn_0002365,cust_payer_17063,MEXICO,8371.33,cust_payee_80256,MEXICO,MILESTONE_PAYMENT,proofrail_synthetic,conditional_settlement_case,TRUE,proofrail,synthetic_research
2026-01-07T19:39,BAD,txn_0002366,cust_payer_91321,USA,314.69,cust_payee_03513,USA,INVOICE_PAYMENT,proofrail_synthetic,conditional_settlement_case,TRUE,proofrail,synthetic_research
2026-01-07T19:40,GOOD,txn_0002367,cust_payer_98643,SINGAPORE,1799.31,cust_payee_36606,USA,INVOICE_PAYMENT,proofrail_synthetic,conditional_settlement_case,FALSE,proofrail,synthetic_research
2026-01-07T19:40,GOOD,txn_0002368,cust_payer_47288,USA,2645.9,cust_payee_58390,USA,INVOICE_PAYMENT,proofrail_synthetic,conditional_settlement_case,FALSE,proofrail,synthetic_research
2026-01-07T19:40,GOOD,txn_0002369,cust_payer_96239,USA,11754.03,cust_payee_36658,USA,INVOICE_PAYMENT,proofrail_synthetic,conditional_settlement_case,FALSE,proofrail,synthetic_research
2026-01-07T19:41,REVIEW,txn_0002370,cust_payer_00641,USA,5486.97,cust_payee_77032,USA,GOODS_SETTLEMENT,proofrail_synthetic,conditional_settlement_case,FALSE,proofrail,synthetic_research
2026-01-07T19:41,GOOD,txn_0002371,cust_payer_23329,USA,1979.38,cust_payee_65760,USA,INVOICE_PAYMENT,proofrail_synthetic,conditional_settlement_case,FALSE,proofrail,synthetic_research
2026-01-07T19:45,BAD,txn_0002372,cust_payer_89389,USA,785.26,cust_payee_90280,CANADA,INVOICE_PAYMENT,proofrail_synthetic,conditional_settlement_case,TRUE,proofrail,synthetic_research
2026-01-07T19:46,REVIEW,txn_0002373,cust_payer_88970,USA,9401.1,cust_payee_73367,USA,INVOICE_PAYMENT,proofrail_synthetic,conditional_settlement_case,TRUE,proofrail,synthetic_research
2026-01-07T19:50,GOOD,txn_0002374,cust_payer_11278,USA,1547.61,cust_payee_07157,USA,MILESTONE_PAYMENT,proofrail_synthetic,conditional_settlement_case,FALSE,proofrail,synthetic_research
2026-01-07T19:52,REVIEW,txn_0002375,cust_payer_41554,GERMANY,766.01,cust_payee_28394,USA,INVOICE_PAYMENT,proofrail_synthetic,conditional_settlement_case,FALSE,proofrail,synthetic_research
2026-01-07T19:56,GOOD,txn_0002376,cust_payer_33906,USA,5701.54,cust_payee_32355,USA,GOODS_SETTLEMENT,proofrail_synthetic,conditional_settlement_case,FALSE,proofrail,synthetic_research
2026-01-07T19:56,GOOD,txn_0002377,cust_payer_76010,UNITED-KINGDOM,475.75,cust_payee_23388,USA,GOODS_SETTLEMENT,proofrail_synthetic,conditional_settlement_case,FALSE,proofrail,synthetic_research
2026-01-07T20:03,BAD,txn_0002378,cust_payer_09486,USA,804.06,cust_payee_20225,USA,MILESTONE_PAYMENT,proofrail_synthetic,conditional_settlement_case,TRUE,proofrail,synthetic_research
2026-01-07T20:04,GOOD,txn_0002379,cust_payer_50904,USA,1867.72,cust_payee_49894,CANADA,INVOICE_PAYMENT,proofrail_synthetic,conditional_settlement_case,FALSE,proofrail,synthetic_research
2026-01-07T20:04,GOOD,txn_0002380,cust_payer_35215,CANADA,1603.86,cust_payee_09592,USA,GOODS_SETTLEMENT,proofrail_synthetic,conditional_settlement_case,FALSE,proofrail,synthetic_research
2026-01-07T20:07,GOOD,txn_0002381,cust_payer_57828,USA,7684.84,cust_payee_03620,USA,GOODS_SETTLEMENT,proofrail_synthetic,conditional_settlement_case,FALSE,proofrail,synthetic_research
2026-01-07T20:09,REVIEW,txn_0002382,cust_payer_96110,USA,1059.3,cust_payee_77497,USA,MILESTONE_PAYMENT,proofrail_synthetic,conditional_settlement_case,TRUE,proofrail,synthetic_research
2026-01-07T20:09,GOOD,txn_0002383,cust_payer_92083,UNITED-KINGDOM,29672.56,cust_payee_60088,CANADA,GOODS_SETTLEMENT,proofrail_synthetic,conditional_settlement_case,FALSE,proofrail,synthetic_research
2026-01-07T20:10,REVIEW,txn_0002384,cust_payer_15983,USA,1193.47,cust_payee_68620,USA,MILESTONE_PAYMENT,proofrail_synthetic,conditional_settlement_case,TRUE,proofrail,synthetic_research
2026-01-07T20:10,GOOD,txn_0002385,cust_payer_27164,USA,6080.14,cust_payee_92905,USA,INVOICE_PAYMENT,proofrail_synthetic,conditional_settlement_case,FALSE,proofrail,synthetic_research
2026-01-07T20:11,REVIEW,txn_0002386,cust_payer_73819,USA,3328.71,cust_payee_03121,CANADA,MILESTONE_PAYMENT,proofrail_synthetic,conditional_settlement_case,TRUE,proofrail,synthetic_research
2026-01-07T20:11,GOOD,txn_0002387,cust_payer_63305,USA,3310.31,cust_payee_09316,USA,INVOICE_PAYMENT,proofrail_synthetic,conditional_settlement_case,FALSE,proofrail,synthetic_research
2026-01-07T20:13,GOOD,txn_0002388,cust_payer_12941,USA,1713.06,cust_payee_52674,USA,INVOICE_PAYMENT,proofrail_synthetic,conditional_settlement_case,FALSE,proofrail,synthetic_research
2026-01-07T20:13,GOOD,txn_0002389,cust_payer_32992,USA,21023.02,cust_payee_63001,USA,GOODS_SETTLEMENT,proofrail_synthetic,conditional_settlement_case,FALSE,proofrail,synthetic_research
2026-01-07T20:17,GOOD,txn_0002390,cust_payer_09255,USA,2086.67,cust_payee_64358,USA,MILESTONE_PAYMENT,proofrail_synthetic,conditional_settlement_case,FALSE,proofrail,synthetic_research
2026-01-07T20:18,BAD,txn_0002391,cust_payer_00649,USA,2293.75,cust_payee_56509,USA,GOODS_SETTLEMENT,proofrail_synthetic,conditional_settlement_case,TRUE,proofrail,synthetic_research
2026-01-07T20:20,GOOD,txn_0002392,cust_payer_36128,USA,6495.37,cust_payee_04549,USA,MILESTONE_PAYMENT,proofrail_synthetic,conditional_settlement_case,FALSE,proofrail,synthetic_research
2026-01-07T20:20,GOOD,txn_0002393,cust_payer_71302,CANADA,6344.71,cust_payee_91266,USA,INVOICE_PAYMENT,proofrail_synthetic,conditional_settlement_case,FALSE,proofrail,synthetic_research
2026-01-07T20:21,REVIEW,txn_0002394,cust_payer_65768,USA,2621.14,cust_payee_69702,USA,SERVICE_RETAINER,proofrail_synthetic,conditional_settlement_case,TRUE,proofrail,synthetic_research
2026-01-07T20:25,GOOD,txn_0002395,cust_payer_45409,USA,1220.01,cust_payee_59615,MEXICO,INVOICE_PAYMENT,proofrail_synthetic,conditional_settlement_case,FALSE,proofrail,synthetic_research
2026-01-07T20:26,GOOD,txn_0002396,cust_payer_52091,CANADA,3883.41,cust_payee_55603,USA,INVOICE_PAYMENT,proofrail_synthetic,conditional_settlement_case,FALSE,proofrail,synthetic_research
2026-01-07T20:27,GOOD,txn_0002397,cust_payer_08952,USA,11845.91,cust_payee_60815,USA,MILESTONE_PAYMENT,proofrail_synthetic,conditional_settlement_case,FALSE,proofrail,synthetic_research
2026-01-07T20:30,REVIEW,txn_0002398,cust_payer_79005,MEXICO,9966.23,cust_payee_40177,USA,GOODS_SETTLEMENT,proofrail_synthetic,conditional_settlement_case,TRUE,proofrail,synthetic_research
2026-01-07T20:31,GOOD,txn_0002399,cust_payer_77314,USA,994.49,cust_payee_59976,USA,SERVICE_RETAINER,proofrail_synthetic,conditional_settlement_case,FALSE,proofrail,synthetic_research
2026-01-07T20:33,GOOD,txn_0002400,cust_payer_81285,CANADA,2471.81,cust_payee_41001,CANADA,MILESTONE_PAYMENT,proofrail_synthetic,conditional_settlement_case,FALSE,proofrail,synthetic_research
2026-01-07T20:33,REVIEW,txn_0002401,cust_payer_35916,CANADA,11991.46,cust_payee_46117,USA,GOODS_SETTLEMENT,proofrail_synthetic,conditional_settlement_case,FALSE,proofrail,synthetic_research
2026-01-07T20:34,GOOD,txn_0002402,cust_payer_30910,USA,1746.34,cust_payee_78857,USA,INVOICE_PAYMENT,proofrail_synthetic,conditional_settlement_case,FALSE,proofrail,synthetic_research
2026-01-07T20:35,GOOD,txn_0002403,cust_payer_84307,USA,12283.13,cust_payee_64818,USA,INVOICE_PAYMENT,proofrail_synthetic,conditional_settlement_case,FALSE,proofrail,synthetic_research
2026-01-07T20:37,GOOD,txn_0002404,cust_payer_45420,USA,11659.29,cust_payee_06458,USA,MILESTONE_PAYMENT,proofrail_synthetic,conditional_settlement_case,FALSE,proofrail,synthetic_research
2026-01-07T20:38,REVIEW,txn_0002405,cust_payer_61032,USA,16041.77,cust_payee_03204,USA,SERVICE_RETAINER,proofrail_synthetic,conditional_settlement_case,FALSE,proofrail,synthetic_research
2026-01-07T20:40,GOOD,txn_0002406,cust_payer_31658,USA,3680.19,cust_payee_16937,USA,INVOICE_PAYMENT,proofrail_synthetic,conditional_settlement_case,FALSE,proofrail,synthetic_research
2026-01-07T20:41,GOOD,txn_0002407,cust_payer_40631,MEXICO,837.33,cust_payee_73062,USA,GOODS_SETTLEMENT,proofrail_synthetic,conditional_settlement_case,FALSE,proofrail,synthetic_research
2026-01-07T20:43,REVIEW,txn_0002408,cust_payer_16717,USA,5295.88,cust_payee_79590,USA,INVOICE_PAYMENT,proofrail_synthetic,conditional_settlement_case,FALSE,proofrail,synthetic_research
2026-01-07T20:43,GOOD,txn_0002409,cust_payer_81099,CANADA,4548.83,cust_payee_97106,USA,GOODS_SETTLEMENT,proofrail_synthetic,conditional_settlement_case,FALSE,proofrail,synthetic_research
2026-01-07T20:44,GOOD,txn_0002410,cust_payer_79125,USA,13256.29,cust_payee_05689,USA,GOODS_SETTLEMENT,proofrail_synthetic,conditional_settlement_case,FALSE,proofrail,synthetic_research
2026-01-07T20:49,GOOD,txn_0002411,cust_payer_23693,MEXICO,1544.18,cust_payee_11047,USA,INVOICE_PAYMENT,proofrail_synthetic,conditional_settlement_case,FALSE,proofrail,synthetic_research
2026-01-07T20:49,REVIEW,txn_0002412,cust_payer_93998,USA,4646.54,cust_payee_36190,USA,MILESTONE_PAYMENT,proofrail_synthetic,conditional_settlement_case,TRUE,proofrail,synthetic_research
2026-01-07T20:49,REVIEW,txn_0002413,cust_payer_19315,USA,4474.53,cust_payee_20488,USA,MILESTONE_PAYMENT,proofrail_synthetic,conditional_settlement_case,TRUE,proofrail,synthetic_research
2026-01-07T20:49,BAD,txn_0002414,cust_payer_66665,CANADA,1700.72,cust_payee_06155,USA,SERVICE_RETAINER,proofrail_synthetic,conditional_settlement_case,TRUE,proofrail,synthetic_research
2026-01-07T20:50,GOOD,txn_0002415,cust_payer_01870,USA,786.34,cust_payee_05715,USA,INVOICE_PAYMENT,proofrail_synthetic,conditional_settlement_case,FALSE,proofrail,synthetic_research
2026-01-07T20:51,GOOD,txn_0002416,cust_payer_15807,GERMANY,6888,cust_payee_62841,USA,MILESTONE_PAYMENT,proofrail_synthetic,conditional_settlement_case,FALSE,proofrail,synthetic_research
2026-01-07T20:51,GOOD,txn_0002417,cust_payer_99709,USA,1082.63,cust_payee_87839,CANADA,GOODS_SETTLEMENT,proofrail_synthetic,conditional_settlement_case,FALSE,proofrail,synthetic_research
2026-01-07T20:52,GOOD,txn_0002418,cust_payer_99130,USA,883.44,cust_payee_08911,USA,INVOICE_PAYMENT,proofrail_synthetic,conditional_settlement_case,FALSE,proofrail,synthetic_research
2026-01-07T20:53,GOOD,txn_0002419,cust_payer_53981,UNITED-KINGDOM,6375,cust_payee_01653,UNITED-KINGDOM,GOODS_SETTLEMENT,proofrail_synthetic,conditional_settlement_case,FALSE,proofrail,synthetic_research
2026-01-07T20:54,GOOD,txn_0002420,cust_payer_83549,USA,3104.09,cust_payee_18308,CANADA,MILESTONE_PAYMENT,proofrail_synthetic,conditional_settlement_case,FALSE,proofrail,synthetic_research
2026-01-07T20:55,GOOD,txn_0002421,cust_payer_17100,USA,3250.41,cust_payee_30128,USA,INVOICE_PAYMENT,proofrail_synthetic,conditional_settlement_case,FALSE,proofrail,synthetic_research
2026-01-07T20:57,GOOD,txn_0002422,cust_payer_20350,USA,2224.58,cust_payee_23454,USA,INVOICE_PAYMENT,proofrail_synthetic,conditional_settlement_case,FALSE,proofrail,synthetic_research
2026-01-07T20:57,BAD,txn_0002423,cust_payer_93887,USA,1253.82,cust_payee_88305,CANADA,INVOICE_PAYMENT,proofrail_synthetic,conditional_settlement_case,TRUE,proofrail,synthetic_research
2026-01-07T20:58,GOOD,txn_0002424,cust_payer_71536,SINGAPORE,13209.62,cust_payee_61321,USA,MILESTONE_PAYMENT,proofrail_synthetic,conditional_settlement_case,FALSE,proofrail,synthetic_research
2026-01-07T20:59,GOOD,txn_0002425,cust_payer_56485,USA,15449.57,cust_payee_51398,USA,GOODS_SETTLEMENT,proofrail_synthetic,conditional_settlement_case,FALSE,proofrail,synthetic_research
2026-01-07T21:02,GOOD,txn_0002426,cust_payer_97440,USA,992.32,cust_payee_46660,USA,SERVICE_RETAINER,proofrail_synthetic,conditional_settlement_case,FALSE,proofrail,synthetic_research
2026-01-07T21:02,GOOD,txn_0002427,cust_payer_18711,USA,956.08,cust_payee_42913,USA,INVOICE_PAYMENT,proofrail_synthetic,conditional_settlement_case,FALSE,proofrail,synthetic_research
2026-01-07T21:07,GOOD,txn_0002428,cust_payer_95376,USA,10383.52,cust_payee_89395,USA,INVOICE_PAYMENT,proofrail_synthetic,conditional_settlement_case,FALSE,proofrail,synthetic_research
2026-01-07T21:11,GOOD,txn_0002429,cust_payer_39094,USA,2042.25,cust_payee_78578,SINGAPORE,MILESTONE_PAYMENT,proofrail_synthetic,conditional_settlement_case,FALSE,proofrail,synthetic_research
2026-01-07T21:16,REVIEW,txn_0002430,cust_payer_80751,CANADA,16993.4,cust_payee_22205,USA,GOODS_SETTLEMENT,proofrail_synthetic,conditional_settlement_case,FALSE,proofrail,synthetic_research
2026-01-07T21:17,REVIEW,txn_0002431,cust_payer_56000,USA,6023.97,cust_payee_81473,USA,SERVICE_RETAINER,proofrail_synthetic,conditional_settlement_case,TRUE,proofrail,synthetic_research
2026-01-07T21:18,REVIEW,txn_0002432,cust_payer_03626,USA,23506.7,cust_payee_15900,USA,SERVICE_RETAINER,proofrail_synthetic,conditional_settlement_case,FALSE,proofrail,synthetic_research
2026-01-07T21:19,BAD,txn_0002433,cust_payer_79944,USA,2444.33,cust_payee_72226,USA,MILESTONE_PAYMENT,proofrail_synthetic,conditional_settlement_case,TRUE,proofrail,synthetic_research
2026-01-07T21:21,GOOD,txn_0002434,cust_payer_31518,USA,4595.15,cust_payee_76014,USA,INVOICE_PAYMENT,proofrail_synthetic,conditional_settlement_case,FALSE,proofrail,synthetic_research
2026-01-07T21:22,GOOD,txn_0002435,cust_payer_24064,USA,3099.16,cust_payee_32035,USA,MILESTONE_PAYMENT,proofrail_synthetic,conditional_settlement_case,FALSE,proofrail,synthetic_research
2026-01-07T21:23,GOOD,txn_0002436,cust_payer_41970,USA,5967.86,cust_payee_52279,USA,INVOICE_PAYMENT,proofrail_synthetic,conditional_settlement_case,FALSE,proofrail,synthetic_research
2026-01-07T21:23,REVIEW,txn_0002437,cust_payer_27862,USA,569.91,cust_payee_99322,USA,GOODS_SETTLEMENT,proofrail_synthetic,conditional_settlement_case,TRUE,proofrail,synthetic_research
2026-01-07T21:24,REVIEW,txn_0002438,cust_payer_15109,CANADA,710.97,cust_payee_14886,USA,GOODS_SETTLEMENT,proofrail_synthetic,conditional_settlement_case,TRUE,proofrail,synthetic_research
2026-01-07T21:24,BAD,txn_0002439,cust_payer_71476,USA,7564.76,cust_payee_95302,USA,INVOICE_PAYMENT,proofrail_synthetic,conditional_settlement_case,TRUE,proofrail,synthetic_research
2026-01-07T21:26,GOOD,txn_0002440,cust_payer_71616,USA,6088.74,cust_payee_30597,USA,INVOICE_PAYMENT,proofrail_synthetic,conditional_settlement_case,FALSE,proofrail,synthetic_research
2026-01-07T21:27,GOOD,txn_0002441,cust_payer_73925,MEXICO,1108.72,cust_payee_45394,USA,GOODS_SETTLEMENT,proofrail_synthetic,conditional_settlement_case,FALSE,proofrail,synthetic_research
2026-01-07T21:27,GOOD,txn_0002442,cust_payer_56756,USA,5625.08,cust_payee_61379,USA,GOODS_SETTLEMENT,proofrail_synthetic,conditional_settlement_case,FALSE,proofrail,synthetic_research
2026-01-07T21:28,GOOD,txn_0002443,cust_payer_30653,USA,1924.71,cust_payee_02064,USA,INVOICE_PAYMENT,proofrail_synthetic,conditional_settlement_case,FALSE,proofrail,synthetic_research
2026-01-07T21:28,GOOD,txn_0002444,cust_payer_44921,USA,471.92,cust_payee_03601,USA,INVOICE_PAYMENT,proofrail_synthetic,conditional_settlement_case,FALSE,proofrail,synthetic_research
2026-01-07T21:28,GOOD,txn_0002445,cust_payer_00910,USA,2535.45,cust_payee_73287,USA,INVOICE_PAYMENT,proofrail_synthetic,conditional_settlement_case,FALSE,proofrail,synthetic_research
2026-01-07T21:28,BAD,txn_0002446,cust_payer_21420,SINGAPORE,1179.27,cust_payee_57917,USA,INVOICE_PAYMENT,proofrail_synthetic,conditional_settlement_case,TRUE,proofrail,synthetic_research
2026-01-07T21:30,GOOD,txn_0002447,cust_payer_08286,USA,839.37,cust_payee_25334,USA,GOODS_SETTLEMENT,proofrail_synthetic,conditional_settlement_case,FALSE,proofrail,synthetic_research
2026-01-07T21:31,GOOD,txn_0002448,cust_payer_35805,USA,1719.52,cust_payee_62210,USA,GOODS_SETTLEMENT,proofrail_synthetic,conditional_settlement_case,FALSE,proofrail,synthetic_research
2026-01-07T21:36,GOOD,txn_0002449,cust_payer_82675,USA,1950.88,cust_payee_86162,USA,MILESTONE_PAYMENT,proofrail_synthetic,conditional_settlement_case,FALSE,proofrail,synthetic_research
2026-01-07T21:37,GOOD,txn_0002450,cust_payer_86199,USA,745.08,cust_payee_68317,SINGAPORE,GOODS_SETTLEMENT,proofrail_synthetic,conditional_settlement_case,FALSE,proofrail,synthetic_research
2026-01-07T21:38,GOOD,txn_0002451,cust_payer_09336,USA,2497.64,cust_payee_76608,USA,SERVICE_RETAINER,proofrail_synthetic,conditional_settlement_case,FALSE,proofrail,synthetic_research
2026-01-07T21:41,GOOD,txn_0002452,cust_payer_61172,USA,2007.13,cust_payee_99403,USA,INVOICE_PAYMENT,proofrail_synthetic,conditional_settlement_case,FALSE,proofrail,synthetic_research
2026-01-07T21:42,GOOD,txn_0002453,cust_payer_17824,USA,1220.53,cust_payee_42284,UNITED-KINGDOM,INVOICE_PAYMENT,proofrail_synthetic,conditional_settlement_case,FALSE,proofrail,synthetic_research
2026-01-07T21:43,GOOD,txn_0002454,cust_payer_65803,USA,3146,cust_payee_65386,USA,INVOICE_PAYMENT,proofrail_synthetic,conditional_settlement_case,FALSE,proofrail,synthetic_research
2026-01-07T21:45,GOOD,txn_0002455,cust_payer_33415,USA,18143.48,cust_payee_03934,USA,MILESTONE_PAYMENT,proofrail_synthetic,conditional_settlement_case,FALSE,proofrail,synthetic_research
2026-01-07T21:45,GOOD,txn_0002456,cust_payer_59627,USA,1564.14,cust_payee_32567,USA,MILESTONE_PAYMENT,proofrail_synthetic,conditional_settlement_case,FALSE,proofrail,synthetic_research
2026-01-07T21:45,GOOD,txn_0002457,cust_payer_20385,CANADA,5310.68,cust_payee_62040,CANADA,INVOICE_PAYMENT,proofrail_synthetic,conditional_settlement_case,FALSE,proofrail,synthetic_research
2026-01-07T21:46,GOOD,txn_0002458,cust_payer_90592,USA,2067.7,cust_payee_17458,CANADA,SERVICE_RETAINER,proofrail_synthetic,conditional_settlement_case,FALSE,proofrail,synthetic_research
2026-01-07T21:46,GOOD,txn_0002459,cust_payer_60211,USA,2848.71,cust_payee_04215,USA,MILESTONE_PAYMENT,proofrail_synthetic,conditional_settlement_case,FALSE,proofrail,synthetic_research
2026-01-07T21:47,GOOD,txn_0002460,cust_payer_74401,USA,161.73,cust_payee_43575,USA,SERVICE_RETAINER,proofrail_synthetic,conditional_settlement_case,FALSE,proofrail,synthetic_research
2026-01-07T21:50,GOOD,txn_0002461,cust_payer_09778,UNITED-KINGDOM,1524.8,cust_payee_21158,USA,INVOICE_PAYMENT,proofrail_synthetic,conditional_settlement_case,FALSE,proofrail,synthetic_research
2026-01-07T21:57,GOOD,txn_0002462,cust_payer_22745,USA,950.96,cust_payee_33186,UNITED-KINGDOM,SERVICE_RETAINER,proofrail_synthetic,conditional_settlement_case,FALSE,proofrail,synthetic_research
2026-01-07T21:57,GOOD,txn_0002463,cust_payer_41430,USA,6273.8,cust_payee_15628,USA,INVOICE_PAYMENT,proofrail_synthetic,conditional_settlement_case,FALSE,proofrail,synthetic_research
2026-01-07T22:02,GOOD,txn_0002464,cust_payer_73100,SINGAPORE,3967.91,cust_payee_22481,USA,MILESTONE_PAYMENT,proofrail_synthetic,conditional_settlement_case,FALSE,proofrail,synthetic_research
2026-01-07T22:06,GOOD,txn_0002465,cust_payer_40441,USA,3075.53,cust_payee_26947,UNITED-KINGDOM,INVOICE_PAYMENT,proofrail_synthetic,conditional_settlement_case,FALSE,proofrail,synthetic_research
2026-01-07T22:08,REVIEW,txn_0002466,cust_payer_77980,UNITED-KINGDOM,1167.97,cust_payee_82137,USA,GOODS_SETTLEMENT,proofrail_synthetic,conditional_settlement_case,TRUE,proofrail,synthetic_research
2026-01-07T22:09,GOOD,txn_0002467,cust_payer_01174,USA,17339.99,cust_payee_55672,USA,MILESTONE_PAYMENT,proofrail_synthetic,conditional_settlement_case,FALSE,proofrail,synthetic_research
2026-01-07T22:09,GOOD,txn_0002468,cust_payer_33335,USA,4246.7,cust_payee_99817,USA,INVOICE_PAYMENT,proofrail_synthetic,conditional_settlement_case,FALSE,proofrail,synthetic_research
2026-01-07T22:09,BAD,txn_0002469,cust_payer_22630,USA,2570.77,cust_payee_07875,USA,MILESTONE_PAYMENT,proofrail_synthetic,conditional_settlement_case,TRUE,proofrail,synthetic_research
2026-01-07T22:10,GOOD,txn_0002470,cust_payer_34245,USA,1815.61,cust_payee_21487,USA,INVOICE_PAYMENT,proofrail_synthetic,conditional_settlement_case,FALSE,proofrail,synthetic_research
2026-01-07T22:12,GOOD,txn_0002471,cust_payer_69896,USA,899.5,cust_payee_55462,USA,INVOICE_PAYMENT,proofrail_synthetic,conditional_settlement_case,FALSE,proofrail,synthetic_research
2026-01-07T22:14,GOOD,txn_0002472,cust_payer_91427,USA,3534.17,cust_payee_57255,USA,MILESTONE_PAYMENT,proofrail_synthetic,conditional_settlement_case,FALSE,proofrail,synthetic_research
2026-01-07T22:17,REVIEW,txn_0002473,cust_payer_27391,USA,2310.76,cust_payee_51112,USA,INVOICE_PAYMENT,proofrail_synthetic,conditional_settlement_case,FALSE,proofrail,synthetic_research
2026-01-07T22:17,REVIEW,txn_0002474,cust_payer_30132,GERMANY,2757.31,cust_payee_74685,USA,GOODS_SETTLEMENT,proofrail_synthetic,conditional_settlement_case,TRUE,proofrail,synthetic_research
2026-01-07T22:18,GOOD,txn_0002475,cust_payer_01977,USA,1572.89,cust_payee_80925,UNITED-KINGDOM,INVOICE_PAYMENT,proofrail_synthetic,conditional_settlement_case,FALSE,proofrail,synthetic_research
2026-01-07T22:20,GOOD,txn_0002476,cust_payer_49767,USA,2502.22,cust_payee_40738,USA,INVOICE_PAYMENT,proofrail_synthetic,conditional_settlement_case,FALSE,proofrail,synthetic_research
2026-01-07T22:20,GOOD,txn_0002477,cust_payer_48956,USA,3011.36,cust_payee_31511,USA,INVOICE_PAYMENT,proofrail_synthetic,conditional_settlement_case,FALSE,proofrail,synthetic_research
2026-01-07T22:22,GOOD,txn_0002478,cust_payer_42303,CANADA,973.25,cust_payee_60129,USA,GOODS_SETTLEMENT,proofrail_synthetic,conditional_settlement_case,FALSE,proofrail,synthetic_research
2026-01-07T22:27,REVIEW,txn_0002479,cust_payer_97580,USA,1699.19,cust_payee_72196,CANADA,MILESTONE_PAYMENT,proofrail_synthetic,conditional_settlement_case,TRUE,proofrail,synthetic_research
2026-01-07T22:28,REVIEW,txn_0002480,cust_payer_73743,USA,3958.18,cust_payee_89870,USA,MILESTONE_PAYMENT,proofrail_synthetic,conditional_settlement_case,TRUE,proofrail,synthetic_research
2026-01-07T22:28,REVIEW,txn_0002481,cust_payer_29370,USA,17526.36,cust_payee_87134,USA,INVOICE_PAYMENT,proofrail_synthetic,conditional_settlement_case,TRUE,proofrail,synthetic_research
2026-01-07T22:30,REVIEW,txn_0002482,cust_payer_61576,USA,1103.7,cust_payee_41965,USA,GOODS_SETTLEMENT,proofrail_synthetic,conditional_settlement_case,FALSE,proofrail,synthetic_research
2026-01-07T22:31,GOOD,txn_0002483,cust_payer_40933,USA,1417.23,cust_payee_17150,USA,MILESTONE_PAYMENT,proofrail_synthetic,conditional_settlement_case,FALSE,proofrail,synthetic_research
2026-01-07T22:31,GOOD,txn_0002484,cust_payer_18865,USA,2769.35,cust_payee_68326,USA,MILESTONE_PAYMENT,proofrail_synthetic,conditional_settlement_case,FALSE,proofrail,synthetic_research
2026-01-07T22:32,GOOD,txn_0002485,cust_payer_96730,USA,8123.3,cust_payee_88785,USA,MILESTONE_PAYMENT,proofrail_synthetic,conditional_settlement_case,FALSE,proofrail,synthetic_research
2026-01-07T22:32,REVIEW,txn_0002486,cust_payer_79285,USA,1684.32,cust_payee_26112,USA,INVOICE_PAYMENT,proofrail_synthetic,conditional_settlement_case,TRUE,proofrail,synthetic_research
2026-01-07T22:33,GOOD,txn_0002487,cust_payer_59990,USA,1400.39,cust_payee_60789,MEXICO,INVOICE_PAYMENT,proofrail_synthetic,conditional_settlement_case,FALSE,proofrail,synthetic_research
2026-01-07T22:33,GOOD,txn_0002488,cust_payer_43362,USA,822.27,cust_payee_91202,USA,INVOICE_PAYMENT,proofrail_synthetic,conditional_settlement_case,FALSE,proofrail,synthetic_research
2026-01-07T22:34,GOOD,txn_0002489,cust_payer_95891,USA,1820.67,cust_payee_98450,MEXICO,GOODS_SETTLEMENT,proofrail_synthetic,conditional_settlement_case,FALSE,proofrail,synthetic_research
2026-01-07T22:36,GOOD,txn_0002490,cust_payer_03735,USA,16104.5,cust_payee_60885,USA,MILESTONE_PAYMENT,proofrail_synthetic,conditional_settlement_case,FALSE,proofrail,synthetic_research
2026-01-07T22:37,GOOD,txn_0002491,cust_payer_20603,USA,4842.98,cust_payee_14073,USA,GOODS_SETTLEMENT,proofrail_synthetic,conditional_settlement_case,FALSE,proofrail,synthetic_research
2026-01-07T22:37,REVIEW,txn_0002492,cust_payer_22842,USA,23955.12,cust_payee_76433,USA,INVOICE_PAYMENT,proofrail_synthetic,conditional_settlement_case,FALSE,proofrail,synthetic_research
2026-01-07T22:40,GOOD,txn_0002493,cust_payer_21078,USA,2543.45,cust_payee_49053,USA,INVOICE_PAYMENT,proofrail_synthetic,conditional_settlement_case,FALSE,proofrail,synthetic_research
2026-01-07T22:40,REVIEW,txn_0002494,cust_payer_95058,USA,6600.12,cust_payee_43754,USA,GOODS_SETTLEMENT,proofrail_synthetic,conditional_settlement_case,TRUE,proofrail,synthetic_research
2026-01-07T22:41,GOOD,txn_0002495,cust_payer_76570,USA,1504.41,cust_payee_00774,USA,GOODS_SETTLEMENT,proofrail_synthetic,conditional_settlement_case,FALSE,proofrail,synthetic_research
2026-01-07T22:42,GOOD,txn_0002496,cust_payer_01224,USA,2466.88,cust_payee_09061,USA,MILESTONE_PAYMENT,proofrail_synthetic,conditional_settlement_case,FALSE,proofrail,synthetic_research
2026-01-07T22:43,GOOD,txn_0002497,cust_payer_99454,USA,6077.28,cust_payee_84107,UNITED-KINGDOM,MILESTONE_PAYMENT,proofrail_synthetic,conditional_settlement_case,FALSE,proofrail,synthetic_research
2026-01-07T22:45,GOOD,txn_0002498,cust_payer_64919,USA,1204.56,cust_payee_31630,USA,MILESTONE_PAYMENT,proofrail_synthetic,conditional_settlement_case,FALSE,proofrail,synthetic_research
2026-01-07T22:47,REVIEW,txn_0002499,cust_payer_50508,USA,3020.24,cust_payee_35153,USA,INVOICE_PAYMENT,proofrail_synthetic,conditional_settlement_case,TRUE,proofrail,synthetic_research
2026-01-07T22:49,REVIEW,txn_0002500,cust_payer_64211,USA,1312,cust_payee_90082,USA,MILESTONE_PAYMENT,proofrail_synthetic,conditional_settlement_case,FALSE,proofrail,synthetic_research
2026-01-07T22:50,BAD,txn_0002501,cust_payer_42612,USA,706.04,cust_payee_47816,USA,INVOICE_PAYMENT,proofrail_synthetic,conditional_settlement_case,TRUE,proofrail,synthetic_research
2026-01-07T22:50,GOOD,txn_0002502,cust_payer_48562,CANADA,1295.34,cust_payee_41103,USA,INVOICE_PAYMENT,proofrail_synthetic,conditional_settlement_case,FALSE,proofrail,synthetic_research
2026-01-07T22:51,GOOD,txn_0002503,cust_payer_48916,USA,1219.14,cust_payee_51764,MEXICO,SERVICE_RETAINER,proofrail_synthetic,conditional_settlement_case,FALSE,proofrail,synthetic_research
2026-01-07T22:53,REVIEW,txn_0002504,cust_payer_50835,USA,13329.55,cust_payee_75987,USA,GOODS_SETTLEMENT,proofrail_synthetic,conditional_settlement_case,TRUE,proofrail,synthetic_research
2026-01-07T22:54,GOOD,txn_0002505,cust_payer_64837,USA,17117.36,cust_payee_82179,CANADA,INVOICE_PAYMENT,proofrail_synthetic,conditional_settlement_case,FALSE,proofrail,synthetic_research
2026-01-07T22:54,GOOD,txn_0002506,cust_payer_15795,UNITED-KINGDOM,865.31,cust_payee_17583,USA,INVOICE_PAYMENT,proofrail_synthetic,conditional_settlement_case,FALSE,proofrail,synthetic_research
2026-01-07T22:55,REVIEW,txn_0002507,cust_payer_68704,USA,6173.09,cust_payee_47556,USA,SERVICE_RETAINER,proofrail_synthetic,conditional_settlement_case,TRUE,proofrail,synthetic_research
2026-01-07T22:56,GOOD,txn_0002508,cust_payer_48984,USA,2140.17,cust_payee_51327,USA,INVOICE_PAYMENT,proofrail_synthetic,conditional_settlement_case,FALSE,proofrail,synthetic_research
2026-01-07T22:56,GOOD,txn_0002509,cust_payer_98619,USA,5548.42,cust_payee_16707,USA,INVOICE_PAYMENT,proofrail_synthetic,conditional_settlement_case,FALSE,proofrail,synthetic_research
2026-01-07T22:59,GOOD,txn_0002510,cust_payer_10599,USA,3918.09,cust_payee_15196,GERMANY,MILESTONE_PAYMENT,proofrail_synthetic,conditional_settlement_case,FALSE,proofrail,synthetic_research
2026-01-07T23:00,GOOD,txn_0002511,cust_payer_54144,USA,19700.47,cust_payee_18185,USA,MILESTONE_PAYMENT,proofrail_synthetic,conditional_settlement_case,FALSE,proofrail,synthetic_research
2026-01-07T23:03,GOOD,txn_0002512,cust_payer_27407,USA,1838.38,cust_payee_83565,USA,INVOICE_PAYMENT,proofrail_synthetic,conditional_settlement_case,FALSE,proofrail,synthetic_research
2026-01-07T23:04,GOOD,txn_0002513,cust_payer_36685,USA,1104.05,cust_payee_44078,USA,INVOICE_PAYMENT,proofrail_synthetic,conditional_settlement_case,FALSE,proofrail,synthetic_research
2026-01-07T23:06,BAD,txn_0002514,cust_payer_14111,USA,1676.08,cust_payee_86528,USA,GOODS_SETTLEMENT,proofrail_synthetic,conditional_settlement_case,TRUE,proofrail,synthetic_research
2026-01-07T23:08,GOOD,txn_0002515,cust_payer_95890,USA,319.56,cust_payee_32706,USA,INVOICE_PAYMENT,proofrail_synthetic,conditional_settlement_case,FALSE,proofrail,synthetic_research
2026-01-07T23:09,GOOD,txn_0002516,cust_payer_20969,USA,7747.64,cust_payee_94795,CANADA,MILESTONE_PAYMENT,proofrail_synthetic,conditional_settlement_case,FALSE,proofrail,synthetic_research
2026-01-07T23:10,GOOD,txn_0002517,cust_payer_11699,CANADA,3355.85,cust_payee_32256,USA,INVOICE_PAYMENT,proofrail_synthetic,conditional_settlement_case,FALSE,proofrail,synthetic_research
2026-01-07T23:11,REVIEW,txn_0002518,cust_payer_86056,USA,4251.79,cust_payee_35245,CANADA,SERVICE_RETAINER,proofrail_synthetic,conditional_settlement_case,FALSE,proofrail,synthetic_research
2026-01-07T23:13,GOOD,txn_0002519,cust_payer_41923,USA,4784.33,cust_payee_60034,USA,GOODS_SETTLEMENT,proofrail_synthetic,conditional_settlement_case,FALSE,proofrail,synthetic_research
2026-01-07T23:15,REVIEW,txn_0002520,cust_payer_04452,USA,1597.09,cust_payee_92673,USA,GOODS_SETTLEMENT,proofrail_synthetic,conditional_settlement_case,TRUE,proofrail,synthetic_research
2026-01-07T23:20,GOOD,txn_0002521,cust_payer_99195,USA,406.45,cust_payee_77484,USA,GOODS_SETTLEMENT,proofrail_synthetic,conditional_settlement_case,FALSE,proofrail,synthetic_research
2026-01-07T23:22,GOOD,txn_0002522,cust_payer_53709,USA,1509.39,cust_payee_04501,MEXICO,GOODS_SETTLEMENT,proofrail_synthetic,conditional_settlement_case,FALSE,proofrail,synthetic_research
2026-01-07T23:23,REVIEW,txn_0002523,cust_payer_71976,USA,601.15,cust_payee_13134,USA,INVOICE_PAYMENT,proofrail_synthetic,conditional_settlement_case,TRUE,proofrail,synthetic_research
2026-01-07T23:24,GOOD,txn_0002524,cust_payer_49196,USA,3572.39,cust_payee_47396,USA,GOODS_SETTLEMENT,proofrail_synthetic,conditional_settlement_case,FALSE,proofrail,synthetic_research
2026-01-07T23:25,GOOD,txn_0002525,cust_payer_41635,USA,12269.36,cust_payee_34163,USA,GOODS_SETTLEMENT,proofrail_synthetic,conditional_settlement_case,FALSE,proofrail,synthetic_research
2026-01-07T23:27,REVIEW,txn_0002526,cust_payer_31600,USA,21442.7,cust_payee_94200,USA,GOODS_SETTLEMENT,proofrail_synthetic,conditional_settlement_case,TRUE,proofrail,synthetic_research
2026-01-07T23:27,GOOD,txn_0002527,cust_payer_35668,USA,6679.79,cust_payee_64925,USA,INVOICE_PAYMENT,proofrail_synthetic,conditional_settlement_case,FALSE,proofrail,synthetic_research
2026-01-07T23:29,REVIEW,txn_0002528,cust_payer_96118,USA,695.65,cust_payee_01704,USA,MILESTONE_PAYMENT,proofrail_synthetic,conditional_settlement_case,TRUE,proofrail,synthetic_research
2026-01-07T23:31,GOOD,txn_0002529,cust_payer_95482,USA,1430.28,cust_payee_65031,USA,INVOICE_PAYMENT,proofrail_synthetic,conditional_settlement_case,FALSE,proofrail,synthetic_research
2026-01-07T23:35,GOOD,txn_0002530,cust_payer_49541,USA,693.14,cust_payee_65250,MEXICO,GOODS_SETTLEMENT,proofrail_synthetic,conditional_settlement_case,FALSE,proofrail,synthetic_research
2026-01-07T23:37,GOOD,txn_0002531,cust_payer_13575,USA,6836.68,cust_payee_11350,USA,GOODS_SETTLEMENT,proofrail_synthetic,conditional_settlement_case,FALSE,proofrail,synthetic_research
2026-01-07T23:37,GOOD,txn_0002532,cust_payer_58784,USA,3826.81,cust_payee_81455,USA,INVOICE_PAYMENT,proofrail_synthetic,conditional_settlement_case,FALSE,proofrail,synthetic_research
2026-01-07T23:40,GOOD,txn_0002533,cust_payer_95409,SINGAPORE,1732.04,cust_payee_68628,USA,GOODS_SETTLEMENT,proofrail_synthetic,conditional_settlement_case,FALSE,proofrail,synthetic_research
2026-01-07T23:41,GOOD,txn_0002534,cust_payer_69961,USA,4865.08,cust_payee_60442,USA,INVOICE_PAYMENT,proofrail_synthetic,conditional_settlement_case,FALSE,proofrail,synthetic_research
2026-01-07T23:43,GOOD,txn_0002535,cust_payer_23641,USA,2940.95,cust_payee_50441,USA,INVOICE_PAYMENT,proofrail_synthetic,conditional_settlement_case,FALSE,proofrail,synthetic_research
2026-01-07T23:43,GOOD,txn_0002536,cust_payer_61592,CANADA,986.42,cust_payee_66763,USA,GOODS_SETTLEMENT,proofrail_synthetic,conditional_settlement_case,FALSE,proofrail,synthetic_research
2026-01-07T23:44,REVIEW,txn_0002537,cust_payer_04374,GERMANY,20523.37,cust_payee_29842,SINGAPORE,INVOICE_PAYMENT,proofrail_synthetic,conditional_settlement_case,FALSE,proofrail,synthetic_research
2026-01-07T23:45,GOOD,txn_0002538,cust_payer_01699,USA,4487.13,cust_payee_49555,CANADA,INVOICE_PAYMENT,proofrail_synthetic,conditional_settlement_case,FALSE,proofrail,synthetic_research
2026-01-07T23:45,BAD,txn_0002539,cust_payer_53068,MEXICO,1762.32,cust_payee_36937,USA,GOODS_SETTLEMENT,proofrail_synthetic,conditional_settlement_case,TRUE,proofrail,synthetic_research
2026-01-07T23:50,GOOD,txn_0002540,cust_payer_38951,USA,5439.31,cust_payee_88857,SINGAPORE,INVOICE_PAYMENT,proofrail_synthetic,conditional_settlement_case,FALSE,proofrail,synthetic_research
2026-01-07T23:53,BAD,txn_0002541,cust_payer_47881,USA,2892.02,cust_payee_13662,USA,GOODS_SETTLEMENT,proofrail_synthetic,conditional_settlement_case,TRUE,proofrail,synthetic_research
2026-01-07T23:55,REVIEW,txn_0002542,cust_payer_64808,USA,565.37,cust_payee_04860,CANADA,INVOICE_PAYMENT,proofrail_synthetic,conditional_settlement_case,TRUE,proofrail,synthetic_research
2026-01-07T23:55,GOOD,txn_0002543,cust_payer_07935,MEXICO,5987.86,cust_payee_23263,USA,GOODS_SETTLEMENT,proofrail_synthetic,conditional_settlement_case,FALSE,proofrail,synthetic_research
2026-01-07T23:58,GOOD,txn_0002544,cust_payer_75771,CANADA,1193.87,cust_payee_19757,USA,MILESTONE_PAYMENT,proofrail_synthetic,conditional_settlement_case,FALSE,proofrail,synthetic_research
2026-01-08T00:00,GOOD,txn_0002545,cust_payer_83620,USA,7389.57,cust_payee_17496,USA,INVOICE_PAYMENT,proofrail_synthetic,conditional_settlement_case,FALSE,proofrail,synthetic_research
2026-01-08T00:01,REVIEW,txn_0002546,cust_payer_68857,USA,10513.71,cust_payee_97969,USA,SERVICE_RETAINER,proofrail_synthetic,conditional_settlement_case,TRUE,proofrail,synthetic_research
2026-01-08T00:05,BAD,txn_0002547,cust_payer_28260,USA,1114.91,cust_payee_82916,USA,SERVICE_RETAINER,proofrail_synthetic,conditional_settlement_case,TRUE,proofrail,synthetic_research
2026-01-08T00:12,REVIEW,txn_0002548,cust_payer_24801,USA,713.4,cust_payee_16103,MEXICO,GOODS_SETTLEMENT,proofrail_synthetic,conditional_settlement_case,TRUE,proofrail,synthetic_research
2026-01-08T00:12,BAD,txn_0002549,cust_payer_51349,USA,3890.8,cust_payee_24305,USA,SERVICE_RETAINER,proofrail_synthetic,conditional_settlement_case,TRUE,proofrail,synthetic_research
2026-01-08T00:13,GOOD,txn_0002550,cust_payer_69447,USA,13329.51,cust_payee_31331,USA,INVOICE_PAYMENT,proofrail_synthetic,conditional_settlement_case,FALSE,proofrail,synthetic_research
2026-01-08T00:15,GOOD,txn_0002551,cust_payer_80265,USA,712.48,cust_payee_01190,USA,SERVICE_RETAINER,proofrail_synthetic,conditional_settlement_case,FALSE,proofrail,synthetic_research
2026-01-08T00:15,REVIEW,txn_0002552,cust_payer_19368,USA,3314.82,cust_payee_96882,CANADA,GOODS_SETTLEMENT,proofrail_synthetic,conditional_settlement_case,TRUE,proofrail,synthetic_research
2026-01-08T00:17,BAD,txn_0002553,cust_payer_68663,USA,944.77,cust_payee_70552,USA,INVOICE_PAYMENT,proofrail_synthetic,conditional_settlement_case,TRUE,proofrail,synthetic_research
2026-01-08T00:18,GOOD,txn_0002554,cust_payer_10229,USA,130.63,cust_payee_51987,USA,MILESTONE_PAYMENT,proofrail_synthetic,conditional_settlement_case,FALSE,proofrail,synthetic_research
2026-01-08T00:19,BAD,txn_0002555,cust_payer_53114,USA,2568.65,cust_payee_40842,USA,INVOICE_PAYMENT,proofrail_synthetic,conditional_settlement_case,TRUE,proofrail,synthetic_research
2026-01-08T00:22,GOOD,txn_0002556,cust_payer_89105,USA,5355.63,cust_payee_04532,USA,INVOICE_PAYMENT,proofrail_synthetic,conditional_settlement_case,FALSE,proofrail,synthetic_research
2026-01-08T00:23,GOOD,txn_0002557,cust_payer_41702,USA,4353.79,cust_payee_40112,USA,INVOICE_PAYMENT,proofrail_synthetic,conditional_settlement_case,FALSE,proofrail,synthetic_research
2026-01-08T00:25,GOOD,txn_0002558,cust_payer_67037,USA,7899.3,cust_payee_40921,SINGAPORE,SERVICE_RETAINER,proofrail_synthetic,conditional_settlement_case,FALSE,proofrail,synthetic_research
2026-01-08T00:25,GOOD,txn_0002559,cust_payer_80280,USA,975.93,cust_payee_86524,USA,GOODS_SETTLEMENT,proofrail_synthetic,conditional_settlement_case,FALSE,proofrail,synthetic_research
2026-01-08T00:27,BAD,txn_0002560,cust_payer_41871,CANADA,1638.84,cust_payee_61688,UNITED-KINGDOM,MILESTONE_PAYMENT,proofrail_synthetic,conditional_settlement_case,TRUE,proofrail,synthetic_research
2026-01-08T00:28,REVIEW,txn_0002561,cust_payer_45423,USA,1089.35,cust_payee_34876,USA,INVOICE_PAYMENT,proofrail_synthetic,conditional_settlement_case,FALSE,proofrail,synthetic_research
2026-01-08T00:28,REVIEW,txn_0002562,cust_payer_86348,USA,3554.1,cust_payee_03347,CANADA,MILESTONE_PAYMENT,proofrail_synthetic,conditional_settlement_case,TRUE,proofrail,synthetic_research
2026-01-08T00:29,GOOD,txn_0002563,cust_payer_10562,USA,1299.62,cust_payee_33388,USA,GOODS_SETTLEMENT,proofrail_synthetic,conditional_settlement_case,FALSE,proofrail,synthetic_research
2026-01-08T00:30,GOOD,txn_0002564,cust_payer_23581,USA,193.12,cust_payee_66539,USA,MILESTONE_PAYMENT,proofrail_synthetic,conditional_settlement_case,FALSE,proofrail,synthetic_research
2026-01-08T00:35,GOOD,txn_0002565,cust_payer_20700,GERMANY,11842.86,cust_payee_54665,CANADA,MILESTONE_PAYMENT,proofrail_synthetic,conditional_settlement_case,FALSE,proofrail,synthetic_research
2026-01-08T00:36,GOOD,txn_0002566,cust_payer_97239,USA,1661.92,cust_payee_99047,USA,INVOICE_PAYMENT,proofrail_synthetic,conditional_settlement_case,FALSE,proofrail,synthetic_research
2026-01-08T00:36,GOOD,txn_0002567,cust_payer_27589,CANADA,8617,cust_payee_78136,USA,GOODS_SETTLEMENT,proofrail_synthetic,conditional_settlement_case,FALSE,proofrail,synthetic_research
2026-01-08T00:37,BAD,txn_0002568,cust_payer_53932,USA,2816.97,cust_payee_85900,USA,INVOICE_PAYMENT,proofrail_synthetic,conditional_settlement_case,TRUE,proofrail,synthetic_research
2026-01-08T00:38,REVIEW,txn_0002569,cust_payer_43855,USA,13525.94,cust_payee_76619,UNITED-KINGDOM,INVOICE_PAYMENT,proofrail_synthetic,conditional_settlement_case,TRUE,proofrail,synthetic_research
2026-01-08T00:40,REVIEW,txn_0002570,cust_payer_74449,USA,1335.32,cust_payee_14054,USA,INVOICE_PAYMENT,proofrail_synthetic,conditional_settlement_case,FALSE,proofrail,synthetic_research
2026-01-08T00:44,GOOD,txn_0002571,cust_payer_69463,USA,4026.96,cust_payee_51922,USA,MILESTONE_PAYMENT,proofrail_synthetic,conditional_settlement_case,FALSE,proofrail,synthetic_research
2026-01-08T00:46,BAD,txn_0002572,cust_payer_38298,USA,2175.58,cust_payee_61600,USA,INVOICE_PAYMENT,proofrail_synthetic,conditional_settlement_case,TRUE,proofrail,synthetic_research
2026-01-08T00:47,REVIEW,txn_0002573,cust_payer_76760,USA,368.89,cust_payee_81940,USA,INVOICE_PAYMENT,proofrail_synthetic,conditional_settlement_case,FALSE,proofrail,synthetic_research
2026-01-08T00:48,REVIEW,txn_0002574,cust_payer_37968,USA,1157.42,cust_payee_73259,USA,INVOICE_PAYMENT,proofrail_synthetic,conditional_settlement_case,TRUE,proofrail,synthetic_research
2026-01-08T00:49,GOOD,txn_0002575,cust_payer_63896,CANADA,10265.48,cust_payee_50525,MEXICO,GOODS_SETTLEMENT,proofrail_synthetic,conditional_settlement_case,FALSE,proofrail,synthetic_research
2026-01-08T00:50,BAD,txn_0002576,cust_payer_97059,USA,5413.25,cust_payee_91513,USA,INVOICE_PAYMENT,proofrail_synthetic,conditional_settlement_case,TRUE,proofrail,synthetic_research
2026-01-08T00:50,REVIEW,txn_0002577,cust_payer_11022,CANADA,6860.51,cust_payee_33287,USA,MILESTONE_PAYMENT,proofrail_synthetic,conditional_settlement_case,TRUE,proofrail,synthetic_research
2026-01-08T00:50,GOOD,txn_0002578,cust_payer_77132,USA,18917.54,cust_payee_80735,USA,GOODS_SETTLEMENT,proofrail_synthetic,conditional_settlement_case,FALSE,proofrail,synthetic_research
2026-01-08T00:51,REVIEW,txn_0002579,cust_payer_12333,USA,34011.49,cust_payee_04106,USA,INVOICE_PAYMENT,proofrail_synthetic,conditional_settlement_case,TRUE,proofrail,synthetic_research
2026-01-08T00:54,REVIEW,txn_0002580,cust_payer_02645,USA,17781.18,cust_payee_38449,CANADA,GOODS_SETTLEMENT,proofrail_synthetic,conditional_settlement_case,TRUE,proofrail,synthetic_research
2026-01-08T00:56,GOOD,txn_0002581,cust_payer_08960,USA,2566.03,cust_payee_88793,USA,MILESTONE_PAYMENT,proofrail_synthetic,conditional_settlement_case,FALSE,proofrail,synthetic_research
2026-01-08T00:57,GOOD,txn_0002582,cust_payer_43492,USA,4392.38,cust_payee_57627,MEXICO,INVOICE_PAYMENT,proofrail_synthetic,conditional_settlement_case,FALSE,proofrail,synthetic_research
2026-01-08T00:57,GOOD,txn_0002583,cust_payer_64297,USA,2811.09,cust_payee_99371,USA,INVOICE_PAYMENT,proofrail_synthetic,conditional_settlement_case,FALSE,proofrail,synthetic_research
2026-01-08T00:58,REVIEW,txn_0002584,cust_payer_94247,USA,3709.05,cust_payee_91186,CANADA,SERVICE_RETAINER,proofrail_synthetic,conditional_settlement_case,FALSE,proofrail,synthetic_research
2026-01-08T00:59,REVIEW,txn_0002585,cust_payer_64753,USA,760.03,cust_payee_02858,CANADA,INVOICE_PAYMENT,proofrail_synthetic,conditional_settlement_case,TRUE,proofrail,synthetic_research
2026-01-08T01:00,GOOD,txn_0002586,cust_payer_05917,USA,4733.27,cust_payee_19530,USA,MILESTONE_PAYMENT,proofrail_synthetic,conditional_settlement_case,FALSE,proofrail,synthetic_research
2026-01-08T01:02,BAD,txn_0002587,cust_payer_23130,USA,2348.9,cust_payee_96073,USA,GOODS_SETTLEMENT,proofrail_synthetic,conditional_settlement_case,TRUE,proofrail,synthetic_research
2026-01-08T01:05,GOOD,txn_0002588,cust_payer_49131,USA,3460.94,cust_payee_15062,USA,MILESTONE_PAYMENT,proofrail_synthetic,conditional_settlement_case,FALSE,proofrail,synthetic_research
2026-01-08T01:06,GOOD,txn_0002589,cust_payer_60483,GERMANY,513.52,cust_payee_73439,USA,MILESTONE_PAYMENT,proofrail_synthetic,conditional_settlement_case,FALSE,proofrail,synthetic_research
2026-01-08T01:08,REVIEW,txn_0002590,cust_payer_07228,USA,4286.09,cust_payee_56383,USA,SERVICE_RETAINER,proofrail_synthetic,conditional_settlement_case,TRUE,proofrail,synthetic_research
2026-01-08T01:08,GOOD,txn_0002591,cust_payer_15849,USA,886.69,cust_payee_26343,USA,GOODS_SETTLEMENT,proofrail_synthetic,conditional_settlement_case,FALSE,proofrail,synthetic_research
2026-01-08T01:08,GOOD,txn_0002592,cust_payer_56358,USA,4067.04,cust_payee_27918,USA,SERVICE_RETAINER,proofrail_synthetic,conditional_settlement_case,FALSE,proofrail,synthetic_research
2026-01-08T01:09,GOOD,txn_0002593,cust_payer_71796,USA,3077.19,cust_payee_82455,USA,GOODS_SETTLEMENT,proofrail_synthetic,conditional_settlement_case,FALSE,proofrail,synthetic_research
2026-01-08T01:10,GOOD,txn_0002594,cust_payer_30427,SINGAPORE,4805.52,cust_payee_75308,USA,MILESTONE_PAYMENT,proofrail_synthetic,conditional_settlement_case,FALSE,proofrail,synthetic_research
2026-01-08T01:11,GOOD,txn_0002595,cust_payer_57127,USA,8589.47,cust_payee_81312,USA,INVOICE_PAYMENT,proofrail_synthetic,conditional_settlement_case,FALSE,proofrail,synthetic_research
2026-01-08T01:12,GOOD,txn_0002596,cust_payer_17704,USA,827.03,cust_payee_20281,USA,MILESTONE_PAYMENT,proofrail_synthetic,conditional_settlement_case,FALSE,proofrail,synthetic_research
2026-01-08T01:13,GOOD,txn_0002597,cust_payer_53986,USA,3556.59,cust_payee_74082,MEXICO,SERVICE_RETAINER,proofrail_synthetic,conditional_settlement_case,FALSE,proofrail,synthetic_research
2026-01-08T01:14,GOOD,txn_0002598,cust_payer_15171,CANADA,5476.6,cust_payee_29305,USA,INVOICE_PAYMENT,proofrail_synthetic,conditional_settlement_case,FALSE,proofrail,synthetic_research
2026-01-08T01:14,GOOD,txn_0002599,cust_payer_57733,USA,1663.08,cust_payee_01460,USA,INVOICE_PAYMENT,proofrail_synthetic,conditional_settlement_case,FALSE,proofrail,synthetic_research
2026-01-08T01:14,GOOD,txn_0002600,cust_payer_16608,USA,3211.05,cust_payee_25029,CANADA,GOODS_SETTLEMENT,proofrail_synthetic,conditional_settlement_case,FALSE,proofrail,synthetic_research
2026-01-08T01:18,BAD,txn_0002601,cust_payer_32311,USA,1414.07,cust_payee_41110,USA,GOODS_SETTLEMENT,proofrail_synthetic,conditional_settlement_case,TRUE,proofrail,synthetic_research
2026-01-08T01:22,REVIEW,txn_0002602,cust_payer_09904,USA,4904.3,cust_payee_76682,USA,GOODS_SETTLEMENT,proofrail_synthetic,conditional_settlement_case,TRUE,proofrail,synthetic_research
2026-01-08T01:23,GOOD,txn_0002603,cust_payer_02608,USA,4877.78,cust_payee_87693,USA,GOODS_SETTLEMENT,proofrail_synthetic,conditional_settlement_case,FALSE,proofrail,synthetic_research
2026-01-08T01:27,GOOD,txn_0002604,cust_payer_56562,USA,3636.1,cust_payee_43960,USA,MILESTONE_PAYMENT,proofrail_synthetic,conditional_settlement_case,FALSE,proofrail,synthetic_research
2026-01-08T01:28,REVIEW,txn_0002605,cust_payer_69210,USA,6527.94,cust_payee_90570,USA,GOODS_SETTLEMENT,proofrail_synthetic,conditional_settlement_case,TRUE,proofrail,synthetic_research
2026-01-08T01:30,GOOD,txn_0002606,cust_payer_39590,USA,8118.09,cust_payee_72589,USA,MILESTONE_PAYMENT,proofrail_synthetic,conditional_settlement_case,FALSE,proofrail,synthetic_research
2026-01-08T01:30,GOOD,txn_0002607,cust_payer_01862,USA,1819.54,cust_payee_68315,USA,MILESTONE_PAYMENT,proofrail_synthetic,conditional_settlement_case,FALSE,proofrail,synthetic_research
2026-01-08T01:30,BAD,txn_0002608,cust_payer_93088,USA,11103.52,cust_payee_29014,USA,GOODS_SETTLEMENT,proofrail_synthetic,conditional_settlement_case,TRUE,proofrail,synthetic_research
2026-01-08T01:31,GOOD,txn_0002609,cust_payer_91968,CANADA,944.01,cust_payee_54375,GERMANY,INVOICE_PAYMENT,proofrail_synthetic,conditional_settlement_case,FALSE,proofrail,synthetic_research
2026-01-08T01:31,BAD,txn_0002610,cust_payer_89840,CANADA,4592.34,cust_payee_94908,USA,MILESTONE_PAYMENT,proofrail_synthetic,conditional_settlement_case,TRUE,proofrail,synthetic_research
2026-01-08T01:31,GOOD,txn_0002611,cust_payer_75855,USA,7183.11,cust_payee_19482,USA,MILESTONE_PAYMENT,proofrail_synthetic,conditional_settlement_case,FALSE,proofrail,synthetic_research
2026-01-08T01:33,GOOD,txn_0002612,cust_payer_27667,USA,1976.22,cust_payee_02976,USA,MILESTONE_PAYMENT,proofrail_synthetic,conditional_settlement_case,FALSE,proofrail,synthetic_research
2026-01-08T01:33,GOOD,txn_0002613,cust_payer_50544,USA,3991.14,cust_payee_18897,USA,GOODS_SETTLEMENT,proofrail_synthetic,conditional_settlement_case,FALSE,proofrail,synthetic_research
2026-01-08T01:36,GOOD,txn_0002614,cust_payer_72429,USA,2348.48,cust_payee_64121,USA,INVOICE_PAYMENT,proofrail_synthetic,conditional_settlement_case,FALSE,proofrail,synthetic_research
2026-01-08T01:38,REVIEW,txn_0002615,cust_payer_15542,CANADA,7026.47,cust_payee_66059,USA,INVOICE_PAYMENT,proofrail_synthetic,conditional_settlement_case,TRUE,proofrail,synthetic_research
2026-01-08T01:40,GOOD,txn_0002616,cust_payer_88517,USA,240.77,cust_payee_83764,UNITED-KINGDOM,INVOICE_PAYMENT,proofrail_synthetic,conditional_settlement_case,FALSE,proofrail,synthetic_research
2026-01-08T01:42,GOOD,txn_0002617,cust_payer_78369,USA,1890.19,cust_payee_54367,USA,GOODS_SETTLEMENT,proofrail_synthetic,conditional_settlement_case,FALSE,proofrail,synthetic_research
2026-01-08T01:43,GOOD,txn_0002618,cust_payer_80351,USA,102.39,cust_payee_96932,USA,INVOICE_PAYMENT,proofrail_synthetic,conditional_settlement_case,FALSE,proofrail,synthetic_research
2026-01-08T01:44,REVIEW,txn_0002619,cust_payer_73929,USA,2458.36,cust_payee_38824,USA,MILESTONE_PAYMENT,proofrail_synthetic,conditional_settlement_case,TRUE,proofrail,synthetic_research
2026-01-08T01:47,REVIEW,txn_0002620,cust_payer_36946,USA,3866.61,cust_payee_91294,USA,GOODS_SETTLEMENT,proofrail_synthetic,conditional_settlement_case,TRUE,proofrail,synthetic_research
2026-01-08T01:50,GOOD,txn_0002621,cust_payer_83513,USA,4275.89,cust_payee_06546,USA,MILESTONE_PAYMENT,proofrail_synthetic,conditional_settlement_case,FALSE,proofrail,synthetic_research
2026-01-08T01:50,REVIEW,txn_0002622,cust_payer_32811,USA,6778.18,cust_payee_32362,USA,INVOICE_PAYMENT,proofrail_synthetic,conditional_settlement_case,FALSE,proofrail,synthetic_research
2026-01-08T01:50,GOOD,txn_0002623,cust_payer_97908,USA,3542.92,cust_payee_37029,MEXICO,GOODS_SETTLEMENT,proofrail_synthetic,conditional_settlement_case,FALSE,proofrail,synthetic_research
2026-01-08T01:51,REVIEW,txn_0002624,cust_payer_47463,SINGAPORE,2068.32,cust_payee_58446,USA,INVOICE_PAYMENT,proofrail_synthetic,conditional_settlement_case,TRUE,proofrail,synthetic_research
2026-01-08T01:59,GOOD,txn_0002625,cust_payer_29790,USA,13622.92,cust_payee_93189,USA,INVOICE_PAYMENT,proofrail_synthetic,conditional_settlement_case,FALSE,proofrail,synthetic_research
2026-01-08T02:00,REVIEW,txn_0002626,cust_payer_90186,USA,27164.72,cust_payee_82032,USA,MILESTONE_PAYMENT,proofrail_synthetic,conditional_settlement_case,TRUE,proofrail,synthetic_research
2026-01-08T02:02,GOOD,txn_0002627,cust_payer_23287,USA,13605.87,cust_payee_68974,USA,GOODS_SETTLEMENT,proofrail_synthetic,conditional_settlement_case,FALSE,proofrail,synthetic_research
2026-01-08T02:03,REVIEW,txn_0002628,cust_payer_37987,USA,9704.5,cust_payee_53938,USA,INVOICE_PAYMENT,proofrail_synthetic,conditional_settlement_case,TRUE,proofrail,synthetic_research
2026-01-08T02:06,REVIEW,txn_0002629,cust_payer_75261,USA,998.9,cust_payee_42673,GERMANY,GOODS_SETTLEMENT,proofrail_synthetic,conditional_settlement_case,TRUE,proofrail,synthetic_research
2026-01-08T02:11,GOOD,txn_0002630,cust_payer_43541,USA,1437.77,cust_payee_82624,USA,INVOICE_PAYMENT,proofrail_synthetic,conditional_settlement_case,FALSE,proofrail,synthetic_research
2026-01-08T02:11,GOOD,txn_0002631,cust_payer_73758,USA,5889.3,cust_payee_81564,USA,GOODS_SETTLEMENT,proofrail_synthetic,conditional_settlement_case,FALSE,proofrail,synthetic_research
2026-01-08T02:11,REVIEW,txn_0002632,cust_payer_33492,USA,3307.03,cust_payee_23319,USA,MILESTONE_PAYMENT,proofrail_synthetic,conditional_settlement_case,TRUE,proofrail,synthetic_research
2026-01-08T02:13,REVIEW,txn_0002633,cust_payer_58367,SINGAPORE,20646.28,cust_payee_12866,USA,GOODS_SETTLEMENT,proofrail_synthetic,conditional_settlement_case,FALSE,proofrail,synthetic_research
2026-01-08T02:14,BAD,txn_0002634,cust_payer_86371,USA,2639.4,cust_payee_22872,CANADA,INVOICE_PAYMENT,proofrail_synthetic,conditional_settlement_case,TRUE,proofrail,synthetic_research
2026-01-08T02:14,REVIEW,txn_0002635,cust_payer_05882,USA,5502.91,cust_payee_45264,USA,INVOICE_PAYMENT,proofrail_synthetic,conditional_settlement_case,FALSE,proofrail,synthetic_research
2026-01-08T02:18,GOOD,txn_0002636,cust_payer_60726,USA,4734.49,cust_payee_48909,USA,MILESTONE_PAYMENT,proofrail_synthetic,conditional_settlement_case,FALSE,proofrail,synthetic_research
2026-01-08T02:19,REVIEW,txn_0002637,cust_payer_27108,USA,7397.89,cust_payee_87244,USA,INVOICE_PAYMENT,proofrail_synthetic,conditional_settlement_case,TRUE,proofrail,synthetic_research
2026-01-08T02:19,REVIEW,txn_0002638,cust_payer_54125,USA,18558.59,cust_payee_11186,USA,SERVICE_RETAINER,proofrail_synthetic,conditional_settlement_case,FALSE,proofrail,synthetic_research
2026-01-08T02:20,BAD,txn_0002639,cust_payer_98302,USA,3698.06,cust_payee_11810,USA,MILESTONE_PAYMENT,proofrail_synthetic,conditional_settlement_case,TRUE,proofrail,synthetic_research
2026-01-08T02:23,GOOD,txn_0002640,cust_payer_42720,USA,8751.54,cust_payee_69733,USA,GOODS_SETTLEMENT,proofrail_synthetic,conditional_settlement_case,FALSE,proofrail,synthetic_research
2026-01-08T02:25,REVIEW,txn_0002641,cust_payer_85520,USA,468.07,cust_payee_78039,MEXICO,GOODS_SETTLEMENT,proofrail_synthetic,conditional_settlement_case,FALSE,proofrail,synthetic_research
2026-01-08T02:26,GOOD,txn_0002642,cust_payer_87842,USA,1835.44,cust_payee_31004,GERMANY,SERVICE_RETAINER,proofrail_synthetic,conditional_settlement_case,FALSE,proofrail,synthetic_research
2026-01-08T02:27,GOOD,txn_0002643,cust_payer_52547,USA,991.08,cust_payee_28536,USA,INVOICE_PAYMENT,proofrail_synthetic,conditional_settlement_case,FALSE,proofrail,synthetic_research
2026-01-08T02:28,GOOD,txn_0002644,cust_payer_97120,USA,851.84,cust_payee_93364,UNITED-KINGDOM,SERVICE_RETAINER,proofrail_synthetic,conditional_settlement_case,FALSE,proofrail,synthetic_research
2026-01-08T02:30,REVIEW,txn_0002645,cust_payer_98124,USA,6269.37,cust_payee_82811,USA,GOODS_SETTLEMENT,proofrail_synthetic,conditional_settlement_case,TRUE,proofrail,synthetic_research
2026-01-08T02:31,REVIEW,txn_0002646,cust_payer_60400,USA,3845.97,cust_payee_61449,USA,MILESTONE_PAYMENT,proofrail_synthetic,conditional_settlement_case,TRUE,proofrail,synthetic_research
2026-01-08T02:32,GOOD,txn_0002647,cust_payer_92249,USA,3803.75,cust_payee_71971,USA,INVOICE_PAYMENT,proofrail_synthetic,conditional_settlement_case,FALSE,proofrail,synthetic_research
2026-01-08T02:33,REVIEW,txn_0002648,cust_payer_61731,USA,1340.25,cust_payee_34318,USA,MILESTONE_PAYMENT,proofrail_synthetic,conditional_settlement_case,TRUE,proofrail,synthetic_research
2026-01-08T02:34,GOOD,txn_0002649,cust_payer_22647,USA,10262.54,cust_payee_91801,USA,INVOICE_PAYMENT,proofrail_synthetic,conditional_settlement_case,FALSE,proofrail,synthetic_research
2026-01-08T02:34,BAD,txn_0002650,cust_payer_90797,USA,1402.41,cust_payee_48314,USA,GOODS_SETTLEMENT,proofrail_synthetic,conditional_settlement_case,TRUE,proofrail,synthetic_research
2026-01-08T02:35,GOOD,txn_0002651,cust_payer_93520,USA,4699.43,cust_payee_23244,MEXICO,MILESTONE_PAYMENT,proofrail_synthetic,conditional_settlement_case,FALSE,proofrail,synthetic_research
2026-01-08T02:36,GOOD,txn_0002652,cust_payer_20533,USA,4245.31,cust_payee_53811,USA,GOODS_SETTLEMENT,proofrail_synthetic,conditional_settlement_case,FALSE,proofrail,synthetic_research
2026-01-08T02:40,GOOD,txn_0002653,cust_payer_16110,USA,6744.64,cust_payee_72172,USA,INVOICE_PAYMENT,proofrail_synthetic,conditional_settlement_case,FALSE,proofrail,synthetic_research
2026-01-08T02:42,GOOD,txn_0002654,cust_payer_44358,USA,8863.91,cust_payee_71164,USA,INVOICE_PAYMENT,proofrail_synthetic,conditional_settlement_case,FALSE,proofrail,synthetic_research
2026-01-08T02:42,REVIEW,txn_0002655,cust_payer_57049,USA,2377.6,cust_payee_10405,USA,MILESTONE_PAYMENT,proofrail_synthetic,conditional_settlement_case,TRUE,proofrail,synthetic_research
2026-01-08T02:46,REVIEW,txn_0002656,cust_payer_30667,USA,492.04,cust_payee_39368,USA,MILESTONE_PAYMENT,proofrail_synthetic,conditional_settlement_case,TRUE,proofrail,synthetic_research
2026-01-08T02:47,REVIEW,txn_0002657,cust_payer_23766,CANADA,1238.19,cust_payee_28650,USA,GOODS_SETTLEMENT,proofrail_synthetic,conditional_settlement_case,TRUE,proofrail,synthetic_research
2026-01-08T02:47,GOOD,txn_0002658,cust_payer_17114,CANADA,3025.86,cust_payee_98508,USA,INVOICE_PAYMENT,proofrail_synthetic,conditional_settlement_case,FALSE,proofrail,synthetic_research
2026-01-08T02:48,BAD,txn_0002659,cust_payer_74992,USA,2419.85,cust_payee_69814,USA,INVOICE_PAYMENT,proofrail_synthetic,conditional_settlement_case,TRUE,proofrail,synthetic_research
2026-01-08T02:49,REVIEW,txn_0002660,cust_payer_69301,USA,1796.99,cust_payee_69096,USA,GOODS_SETTLEMENT,proofrail_synthetic,conditional_settlement_case,TRUE,proofrail,synthetic_research
2026-01-08T02:49,GOOD,txn_0002661,cust_payer_94736,USA,4268.27,cust_payee_78765,CANADA,GOODS_SETTLEMENT,proofrail_synthetic,conditional_settlement_case,FALSE,proofrail,synthetic_research
2026-01-08T02:50,GOOD,txn_0002662,cust_payer_29133,USA,1184.08,cust_payee_66531,UNITED-KINGDOM,INVOICE_PAYMENT,proofrail_synthetic,conditional_settlement_case,FALSE,proofrail,synthetic_research
2026-01-08T02:50,BAD,txn_0002663,cust_payer_64590,GERMANY,44778.98,cust_payee_77677,USA,GOODS_SETTLEMENT,proofrail_synthetic,conditional_settlement_case,TRUE,proofrail,synthetic_research
2026-01-08T02:51,GOOD,txn_0002664,cust_payer_96920,USA,330.84,cust_payee_14852,USA,GOODS_SETTLEMENT,proofrail_synthetic,conditional_settlement_case,FALSE,proofrail,synthetic_research
2026-01-08T02:54,GOOD,txn_0002665,cust_payer_96913,USA,7753.02,cust_payee_61519,USA,GOODS_SETTLEMENT,proofrail_synthetic,conditional_settlement_case,FALSE,proofrail,synthetic_research
2026-01-08T02:57,GOOD,txn_0002666,cust_payer_48291,UNITED-KINGDOM,1133.62,cust_payee_80286,USA,SERVICE_RETAINER,proofrail_synthetic,conditional_settlement_case,FALSE,proofrail,synthetic_research
2026-01-08T03:00,GOOD,txn_0002667,cust_payer_68859,USA,337.68,cust_payee_64237,USA,SERVICE_RETAINER,proofrail_synthetic,conditional_settlement_case,FALSE,proofrail,synthetic_research
2026-01-08T03:01,REVIEW,txn_0002668,cust_payer_77069,USA,13797.96,cust_payee_61455,USA,MILESTONE_PAYMENT,proofrail_synthetic,conditional_settlement_case,TRUE,proofrail,synthetic_research
2026-01-08T03:06,GOOD,txn_0002669,cust_payer_98839,SINGAPORE,2522.81,cust_payee_07242,USA,INVOICE_PAYMENT,proofrail_synthetic,conditional_settlement_case,FALSE,proofrail,synthetic_research
2026-01-08T03:08,BAD,txn_0002670,cust_payer_19342,USA,2165.25,cust_payee_53053,USA,INVOICE_PAYMENT,proofrail_synthetic,conditional_settlement_case,TRUE,proofrail,synthetic_research
2026-01-08T03:09,GOOD,txn_0002671,cust_payer_41876,MEXICO,1426.1,cust_payee_26647,MEXICO,INVOICE_PAYMENT,proofrail_synthetic,conditional_settlement_case,FALSE,proofrail,synthetic_research
2026-01-08T03:10,REVIEW,txn_0002672,cust_payer_04496,USA,6782.43,cust_payee_66326,USA,GOODS_SETTLEMENT,proofrail_synthetic,conditional_settlement_case,FALSE,proofrail,synthetic_research
2026-01-08T03:10,GOOD,txn_0002673,cust_payer_68364,USA,4982.37,cust_payee_28433,USA,MILESTONE_PAYMENT,proofrail_synthetic,conditional_settlement_case,FALSE,proofrail,synthetic_research
2026-01-08T03:11,GOOD,txn_0002674,cust_payer_41625,USA,2252.94,cust_payee_50873,CANADA,INVOICE_PAYMENT,proofrail_synthetic,conditional_settlement_case,FALSE,proofrail,synthetic_research
2026-01-08T03:14,REVIEW,txn_0002675,cust_payer_14633,USA,1154.2,cust_payee_37852,USA,GOODS_SETTLEMENT,proofrail_synthetic,conditional_settlement_case,FALSE,proofrail,synthetic_research
2026-01-08T03:14,BAD,txn_0002676,cust_payer_28279,UNITED-KINGDOM,5677.68,cust_payee_04370,USA,INVOICE_PAYMENT,proofrail_synthetic,conditional_settlement_case,TRUE,proofrail,synthetic_research
2026-01-08T03:15,BAD,txn_0002677,cust_payer_44037,USA,2103.89,cust_payee_87387,USA,MILESTONE_PAYMENT,proofrail_synthetic,conditional_settlement_case,TRUE,proofrail,synthetic_research
2026-01-08T03:19,GOOD,txn_0002678,cust_payer_99250,UNITED-KINGDOM,309.41,cust_payee_83730,USA,GOODS_SETTLEMENT,proofrail_synthetic,conditional_settlement_case,FALSE,proofrail,synthetic_research
2026-01-08T03:20,GOOD,txn_0002679,cust_payer_03381,USA,8511.88,cust_payee_82338,USA,INVOICE_PAYMENT,proofrail_synthetic,conditional_settlement_case,FALSE,proofrail,synthetic_research
2026-01-08T03:20,REVIEW,txn_0002680,cust_payer_37766,USA,2352.79,cust_payee_14961,USA,INVOICE_PAYMENT,proofrail_synthetic,conditional_settlement_case,FALSE,proofrail,synthetic_research
2026-01-08T03:21,GOOD,txn_0002681,cust_payer_89199,USA,2088.73,cust_payee_15019,GERMANY,INVOICE_PAYMENT,proofrail_synthetic,conditional_settlement_case,FALSE,proofrail,synthetic_research
2026-01-08T03:21,GOOD,txn_0002682,cust_payer_40880,USA,4038.19,cust_payee_44003,USA,INVOICE_PAYMENT,proofrail_synthetic,conditional_settlement_case,FALSE,proofrail,synthetic_research
2026-01-08T03:22,BAD,txn_0002683,cust_payer_79559,USA,3181.32,cust_payee_40338,USA,INVOICE_PAYMENT,proofrail_synthetic,conditional_settlement_case,TRUE,proofrail,synthetic_research
2026-01-08T03:22,GOOD,txn_0002684,cust_payer_28513,USA,12210.35,cust_payee_52881,USA,GOODS_SETTLEMENT,proofrail_synthetic,conditional_settlement_case,FALSE,proofrail,synthetic_research
2026-01-08T03:25,GOOD,txn_0002685,cust_payer_38901,USA,4406.43,cust_payee_84257,CANADA,INVOICE_PAYMENT,proofrail_synthetic,conditional_settlement_case,FALSE,proofrail,synthetic_research
2026-01-08T03:27,GOOD,txn_0002686,cust_payer_34060,USA,3494.32,cust_payee_46789,USA,INVOICE_PAYMENT,proofrail_synthetic,conditional_settlement_case,FALSE,proofrail,synthetic_research
2026-01-08T03:28,REVIEW,txn_0002687,cust_payer_41443,USA,3420.06,cust_payee_13696,USA,MILESTONE_PAYMENT,proofrail_synthetic,conditional_settlement_case,TRUE,proofrail,synthetic_research
2026-01-08T03:33,GOOD,txn_0002688,cust_payer_52167,USA,2489.57,cust_payee_53253,CANADA,SERVICE_RETAINER,proofrail_synthetic,conditional_settlement_case,FALSE,proofrail,synthetic_research
2026-01-08T03:33,GOOD,txn_0002689,cust_payer_49942,USA,5299.68,cust_payee_33081,USA,INVOICE_PAYMENT,proofrail_synthetic,conditional_settlement_case,FALSE,proofrail,synthetic_research
2026-01-08T03:34,GOOD,txn_0002690,cust_payer_22573,USA,665.05,cust_payee_21208,UNITED-KINGDOM,MILESTONE_PAYMENT,proofrail_synthetic,conditional_settlement_case,FALSE,proofrail,synthetic_research
2026-01-08T03:36,REVIEW,txn_0002691,cust_payer_80858,USA,1402.82,cust_payee_59160,USA,SERVICE_RETAINER,proofrail_synthetic,conditional_settlement_case,FALSE,proofrail,synthetic_research
2026-01-08T03:36,GOOD,txn_0002692,cust_payer_33093,USA,1267.33,cust_payee_58694,USA,SERVICE_RETAINER,proofrail_synthetic,conditional_settlement_case,FALSE,proofrail,synthetic_research
2026-01-08T03:38,GOOD,txn_0002693,cust_payer_54276,USA,1058.69,cust_payee_96802,USA,GOODS_SETTLEMENT,proofrail_synthetic,conditional_settlement_case,FALSE,proofrail,synthetic_research
2026-01-08T03:39,REVIEW,txn_0002694,cust_payer_56174,USA,2893.07,cust_payee_17700,USA,MILESTONE_PAYMENT,proofrail_synthetic,conditional_settlement_case,TRUE,proofrail,synthetic_research
2026-01-08T03:39,GOOD,txn_0002695,cust_payer_34280,USA,5519.81,cust_payee_99995,USA,INVOICE_PAYMENT,proofrail_synthetic,conditional_settlement_case,FALSE,proofrail,synthetic_research
2026-01-08T03:42,GOOD,txn_0002696,cust_payer_56393,USA,1534.31,cust_payee_94356,MEXICO,INVOICE_PAYMENT,proofrail_synthetic,conditional_settlement_case,FALSE,proofrail,synthetic_research
2026-01-08T03:45,GOOD,txn_0002697,cust_payer_82370,USA,3857.08,cust_payee_47452,USA,INVOICE_PAYMENT,proofrail_synthetic,conditional_settlement_case,FALSE,proofrail,synthetic_research
2026-01-08T03:47,BAD,txn_0002698,cust_payer_57489,USA,4490.39,cust_payee_20494,USA,INVOICE_PAYMENT,proofrail_synthetic,conditional_settlement_case,TRUE,proofrail,synthetic_research
2026-01-08T03:47,GOOD,txn_0002699,cust_payer_31961,USA,1122.42,cust_payee_20271,USA,GOODS_SETTLEMENT,proofrail_synthetic,conditional_settlement_case,FALSE,proofrail,synthetic_research
2026-01-08T03:49,BAD,txn_0002700,cust_payer_58504,USA,6652.42,cust_payee_83908,USA,GOODS_SETTLEMENT,proofrail_synthetic,conditional_settlement_case,TRUE,proofrail,synthetic_research
2026-01-08T03:52,REVIEW,txn_0002701,cust_payer_20577,USA,829.51,cust_payee_95380,USA,GOODS_SETTLEMENT,proofrail_synthetic,conditional_settlement_case,TRUE,proofrail,synthetic_research
2026-01-08T03:53,GOOD,txn_0002702,cust_payer_27426,USA,1828.68,cust_payee_24475,USA,SERVICE_RETAINER,proofrail_synthetic,conditional_settlement_case,FALSE,proofrail,synthetic_research
2026-01-08T03:55,GOOD,txn_0002703,cust_payer_69994,USA,1628.48,cust_payee_29047,GERMANY,GOODS_SETTLEMENT,proofrail_synthetic,conditional_settlement_case,FALSE,proofrail,synthetic_research
2026-01-08T03:55,GOOD,txn_0002704,cust_payer_55493,CANADA,1677.2,cust_payee_17718,USA,GOODS_SETTLEMENT,proofrail_synthetic,conditional_settlement_case,FALSE,proofrail,synthetic_research
2026-01-08T03:56,GOOD,txn_0002705,cust_payer_87576,USA,1824.11,cust_payee_31585,USA,SERVICE_RETAINER,proofrail_synthetic,conditional_settlement_case,FALSE,proofrail,synthetic_research
2026-01-08T03:56,REVIEW,txn_0002706,cust_payer_55082,USA,585.97,cust_payee_24033,USA,INVOICE_PAYMENT,proofrail_synthetic,conditional_settlement_case,TRUE,proofrail,synthetic_research
2026-01-08T03:56,GOOD,txn_0002707,cust_payer_44157,USA,2428.58,cust_payee_13732,CANADA,SERVICE_RETAINER,proofrail_synthetic,conditional_settlement_case,FALSE,proofrail,synthetic_research
2026-01-08T03:56,REVIEW,txn_0002708,cust_payer_10144,CANADA,2109.32,cust_payee_42347,USA,INVOICE_PAYMENT,proofrail_synthetic,conditional_settlement_case,TRUE,proofrail,synthetic_research
2026-01-08T03:57,BAD,txn_0002709,cust_payer_46376,USA,378.73,cust_payee_24109,MEXICO,MILESTONE_PAYMENT,proofrail_synthetic,conditional_settlement_case,TRUE,proofrail,synthetic_research
2026-01-08T03:57,GOOD,txn_0002710,cust_payer_05502,USA,133.63,cust_payee_58003,USA,INVOICE_PAYMENT,proofrail_synthetic,conditional_settlement_case,FALSE,proofrail,synthetic_research
2026-01-08T03:58,GOOD,txn_0002711,cust_payer_05186,USA,30380.62,cust_payee_63226,USA,INVOICE_PAYMENT,proofrail_synthetic,conditional_settlement_case,FALSE,proofrail,synthetic_research
2026-01-08T03:59,REVIEW,txn_0002712,cust_payer_08273,USA,2749.03,cust_payee_30283,USA,MILESTONE_PAYMENT,proofrail_synthetic,conditional_settlement_case,FALSE,proofrail,synthetic_research
2026-01-08T04:04,GOOD,txn_0002713,cust_payer_42989,USA,3839.69,cust_payee_33545,USA,MILESTONE_PAYMENT,proofrail_synthetic,conditional_settlement_case,FALSE,proofrail,synthetic_research
2026-01-08T04:05,GOOD,txn_0002714,cust_payer_52668,USA,6941.39,cust_payee_40801,USA,MILESTONE_PAYMENT,proofrail_synthetic,conditional_settlement_case,FALSE,proofrail,synthetic_research
2026-01-08T04:06,REVIEW,txn_0002715,cust_payer_78467,USA,1168.24,cust_payee_68583,USA,GOODS_SETTLEMENT,proofrail_synthetic,conditional_settlement_case,TRUE,proofrail,synthetic_research
2026-01-08T04:06,GOOD,txn_0002716,cust_payer_97214,USA,964.43,cust_payee_65510,USA,MILESTONE_PAYMENT,proofrail_synthetic,conditional_settlement_case,FALSE,proofrail,synthetic_research
2026-01-08T04:13,GOOD,txn_0002717,cust_payer_92618,USA,891.88,cust_payee_65579,USA,INVOICE_PAYMENT,proofrail_synthetic,conditional_settlement_case,FALSE,proofrail,synthetic_research
2026-01-08T04:13,GOOD,txn_0002718,cust_payer_81014,USA,724.64,cust_payee_88760,USA,GOODS_SETTLEMENT,proofrail_synthetic,conditional_settlement_case,FALSE,proofrail,synthetic_research
2026-01-08T04:13,REVIEW,txn_0002719,cust_payer_50822,USA,1237.58,cust_payee_97419,MEXICO,SERVICE_RETAINER,proofrail_synthetic,conditional_settlement_case,TRUE,proofrail,synthetic_research
2026-01-08T04:14,BAD,txn_0002720,cust_payer_60963,USA,3768.15,cust_payee_96793,USA,INVOICE_PAYMENT,proofrail_synthetic,conditional_settlement_case,TRUE,proofrail,synthetic_research
2026-01-08T04:16,BAD,txn_0002721,cust_payer_30508,SINGAPORE,5172.35,cust_payee_83583,USA,INVOICE_PAYMENT,proofrail_synthetic,conditional_settlement_case,TRUE,proofrail,synthetic_research
2026-01-08T04:16,GOOD,txn_0002722,cust_payer_24343,SINGAPORE,1390.67,cust_payee_69109,USA,GOODS_SETTLEMENT,proofrail_synthetic,conditional_settlement_case,FALSE,proofrail,synthetic_research
2026-01-08T04:17,GOOD,txn_0002723,cust_payer_37690,USA,1148.86,cust_payee_10637,USA,INVOICE_PAYMENT,proofrail_synthetic,conditional_settlement_case,FALSE,proofrail,synthetic_research
2026-01-08T04:18,REVIEW,txn_0002724,cust_payer_88827,USA,4614.91,cust_payee_45597,USA,MILESTONE_PAYMENT,proofrail_synthetic,conditional_settlement_case,TRUE,proofrail,synthetic_research
2026-01-08T04:21,BAD,txn_0002725,cust_payer_72593,USA,4674.32,cust_payee_32673,MEXICO,SERVICE_RETAINER,proofrail_synthetic,conditional_settlement_case,TRUE,proofrail,synthetic_research
2026-01-08T04:29,GOOD,txn_0002726,cust_payer_40024,USA,333.14,cust_payee_54588,USA,MILESTONE_PAYMENT,proofrail_synthetic,conditional_settlement_case,FALSE,proofrail,synthetic_research
2026-01-08T04:30,BAD,txn_0002727,cust_payer_52729,USA,879.05,cust_payee_78265,USA,MILESTONE_PAYMENT,proofrail_synthetic,conditional_settlement_case,TRUE,proofrail,synthetic_research
2026-01-08T04:34,GOOD,txn_0002728,cust_payer_52864,USA,20721.79,cust_payee_11710,CANADA,INVOICE_PAYMENT,proofrail_synthetic,conditional_settlement_case,FALSE,proofrail,synthetic_research
2026-01-08T04:36,REVIEW,txn_0002729,cust_payer_85194,USA,18648.75,cust_payee_11515,USA,GOODS_SETTLEMENT,proofrail_synthetic,conditional_settlement_case,FALSE,proofrail,synthetic_research
2026-01-08T04:36,GOOD,txn_0002730,cust_payer_17024,CANADA,20704.16,cust_payee_52273,USA,MILESTONE_PAYMENT,proofrail_synthetic,conditional_settlement_case,FALSE,proofrail,synthetic_research
2026-01-08T04:37,GOOD,txn_0002731,cust_payer_86612,USA,1414.86,cust_payee_92716,CANADA,INVOICE_PAYMENT,proofrail_synthetic,conditional_settlement_case,FALSE,proofrail,synthetic_research
2026-01-08T04:38,BAD,txn_0002732,cust_payer_38516,USA,2656.94,cust_payee_16554,USA,GOODS_SETTLEMENT,proofrail_synthetic,conditional_settlement_case,TRUE,proofrail,synthetic_research
2026-01-08T04:39,BAD,txn_0002733,cust_payer_19505,USA,4770.73,cust_payee_31204,USA,MILESTONE_PAYMENT,proofrail_synthetic,conditional_settlement_case,TRUE,proofrail,synthetic_research
2026-01-08T04:41,GOOD,txn_0002734,cust_payer_35434,USA,4756.8,cust_payee_76086,USA,GOODS_SETTLEMENT,proofrail_synthetic,conditional_settlement_case,FALSE,proofrail,synthetic_research
2026-01-08T04:43,GOOD,txn_0002735,cust_payer_97365,USA,955.17,cust_payee_31733,USA,MILESTONE_PAYMENT,proofrail_synthetic,conditional_settlement_case,FALSE,proofrail,synthetic_research
2026-01-08T04:43,GOOD,txn_0002736,cust_payer_49250,USA,3952.98,cust_payee_07015,SINGAPORE,GOODS_SETTLEMENT,proofrail_synthetic,conditional_settlement_case,FALSE,proofrail,synthetic_research
2026-01-08T04:46,REVIEW,txn_0002737,cust_payer_31516,SINGAPORE,1394.35,cust_payee_31211,CANADA,INVOICE_PAYMENT,proofrail_synthetic,conditional_settlement_case,TRUE,proofrail,synthetic_research
2026-01-08T04:49,GOOD,txn_0002738,cust_payer_10028,USA,2514.52,cust_payee_87263,USA,GOODS_SETTLEMENT,proofrail_synthetic,conditional_settlement_case,FALSE,proofrail,synthetic_research
2026-01-08T04:50,REVIEW,txn_0002739,cust_payer_58680,USA,2739.28,cust_payee_35215,USA,GOODS_SETTLEMENT,proofrail_synthetic,conditional_settlement_case,FALSE,proofrail,synthetic_research
2026-01-08T04:51,GOOD,txn_0002740,cust_payer_06505,USA,490.46,cust_payee_52000,USA,SERVICE_RETAINER,proofrail_synthetic,conditional_settlement_case,FALSE,proofrail,synthetic_research
2026-01-08T04:53,GOOD,txn_0002741,cust_payer_94511,MEXICO,9381.86,cust_payee_94854,USA,SERVICE_RETAINER,proofrail_synthetic,conditional_settlement_case,FALSE,proofrail,synthetic_research
2026-01-08T04:54,GOOD,txn_0002742,cust_payer_26396,USA,2608.53,cust_payee_11670,USA,MILESTONE_PAYMENT,proofrail_synthetic,conditional_settlement_case,FALSE,proofrail,synthetic_research
2026-01-08T04:54,GOOD,txn_0002743,cust_payer_00303,CANADA,944.31,cust_payee_90457,MEXICO,INVOICE_PAYMENT,proofrail_synthetic,conditional_settlement_case,FALSE,proofrail,synthetic_research
2026-01-08T04:55,GOOD,txn_0002744,cust_payer_92851,USA,858.85,cust_payee_64824,USA,INVOICE_PAYMENT,proofrail_synthetic,conditional_settlement_case,FALSE,proofrail,synthetic_research
2026-01-08T04:57,GOOD,txn_0002745,cust_payer_59683,USA,6878.13,cust_payee_08586,USA,SERVICE_RETAINER,proofrail_synthetic,conditional_settlement_case,FALSE,proofrail,synthetic_research
2026-01-08T05:00,GOOD,txn_0002746,cust_payer_75325,USA,6641.92,cust_payee_47729,USA,GOODS_SETTLEMENT,proofrail_synthetic,conditional_settlement_case,FALSE,proofrail,synthetic_research
2026-01-08T05:01,GOOD,txn_0002747,cust_payer_45644,USA,3712.78,cust_payee_59485,USA,GOODS_SETTLEMENT,proofrail_synthetic,conditional_settlement_case,FALSE,proofrail,synthetic_research
2026-01-08T05:01,GOOD,txn_0002748,cust_payer_27195,USA,1444.18,cust_payee_06649,MEXICO,INVOICE_PAYMENT,proofrail_synthetic,conditional_settlement_case,FALSE,proofrail,synthetic_research
2026-01-08T05:03,BAD,txn_0002749,cust_payer_13578,USA,1038.19,cust_payee_22352,USA,INVOICE_PAYMENT,proofrail_synthetic,conditional_settlement_case,TRUE,proofrail,synthetic_research
2026-01-08T05:04,REVIEW,txn_0002750,cust_payer_76647,USA,9110.88,cust_payee_13740,USA,GOODS_SETTLEMENT,proofrail_synthetic,conditional_settlement_case,FALSE,proofrail,synthetic_research
2026-01-08T05:05,GOOD,txn_0002751,cust_payer_67616,USA,4366.42,cust_payee_00856,USA,INVOICE_PAYMENT,proofrail_synthetic,conditional_settlement_case,FALSE,proofrail,synthetic_research
2026-01-08T05:06,REVIEW,txn_0002752,cust_payer_32290,USA,674.01,cust_payee_70820,USA,SERVICE_RETAINER,proofrail_synthetic,conditional_settlement_case,TRUE,proofrail,synthetic_research
2026-01-08T05:08,GOOD,txn_0002753,cust_payer_51864,USA,6774.26,cust_payee_22158,USA,GOODS_SETTLEMENT,proofrail_synthetic,conditional_settlement_case,FALSE,proofrail,synthetic_research
2026-01-08T05:09,BAD,txn_0002754,cust_payer_26800,USA,8005.78,cust_payee_34577,USA,INVOICE_PAYMENT,proofrail_synthetic,conditional_settlement_case,TRUE,proofrail,synthetic_research
2026-01-08T05:13,REVIEW,txn_0002755,cust_payer_95573,GERMANY,2624.6,cust_payee_70116,USA,GOODS_SETTLEMENT,proofrail_synthetic,conditional_settlement_case,TRUE,proofrail,synthetic_research
2026-01-08T05:13,GOOD,txn_0002756,cust_payer_30784,USA,688.31,cust_payee_28360,USA,MILESTONE_PAYMENT,proofrail_synthetic,conditional_settlement_case,FALSE,proofrail,synthetic_research
2026-01-08T05:13,GOOD,txn_0002757,cust_payer_75114,SINGAPORE,1132.22,cust_payee_09056,SINGAPORE,GOODS_SETTLEMENT,proofrail_synthetic,conditional_settlement_case,FALSE,proofrail,synthetic_research
2026-01-08T05:14,GOOD,txn_0002758,cust_payer_07481,GERMANY,2334.58,cust_payee_30195,USA,INVOICE_PAYMENT,proofrail_synthetic,conditional_settlement_case,FALSE,proofrail,synthetic_research
2026-01-08T05:17,GOOD,txn_0002759,cust_payer_01910,USA,1062.3,cust_payee_37591,USA,GOODS_SETTLEMENT,proofrail_synthetic,conditional_settlement_case,FALSE,proofrail,synthetic_research
2026-01-08T05:18,GOOD,txn_0002760,cust_payer_62677,UNITED-KINGDOM,3792.32,cust_payee_31960,USA,MILESTONE_PAYMENT,proofrail_synthetic,conditional_settlement_case,FALSE,proofrail,synthetic_research
2026-01-08T05:19,GOOD,txn_0002761,cust_payer_15683,USA,159.82,cust_payee_16959,CANADA,INVOICE_PAYMENT,proofrail_synthetic,conditional_settlement_case,FALSE,proofrail,synthetic_research
2026-01-08T05:20,REVIEW,txn_0002762,cust_payer_70401,USA,481.77,cust_payee_12939,CANADA,GOODS_SETTLEMENT,proofrail_synthetic,conditional_settlement_case,TRUE,proofrail,synthetic_research
2026-01-08T05:30,GOOD,txn_0002763,cust_payer_97533,CANADA,1517.37,cust_payee_91361,USA,SERVICE_RETAINER,proofrail_synthetic,conditional_settlement_case,FALSE,proofrail,synthetic_research
2026-01-08T05:36,GOOD,txn_0002764,cust_payer_48485,USA,22798.08,cust_payee_90507,USA,SERVICE_RETAINER,proofrail_synthetic,conditional_settlement_case,FALSE,proofrail,synthetic_research
2026-01-08T05:36,GOOD,txn_0002765,cust_payer_03151,USA,2489.09,cust_payee_09379,USA,INVOICE_PAYMENT,proofrail_synthetic,conditional_settlement_case,FALSE,proofrail,synthetic_research
2026-01-08T05:38,GOOD,txn_0002766,cust_payer_35622,USA,2277,cust_payee_56806,USA,GOODS_SETTLEMENT,proofrail_synthetic,conditional_settlement_case,FALSE,proofrail,synthetic_research
2026-01-08T05:39,GOOD,txn_0002767,cust_payer_27664,USA,1215.16,cust_payee_38757,USA,INVOICE_PAYMENT,proofrail_synthetic,conditional_settlement_case,FALSE,proofrail,synthetic_research
2026-01-08T05:39,GOOD,txn_0002768,cust_payer_58129,USA,975.57,cust_payee_55320,USA,MILESTONE_PAYMENT,proofrail_synthetic,conditional_settlement_case,FALSE,proofrail,synthetic_research
2026-01-08T05:41,GOOD,txn_0002769,cust_payer_48873,USA,6127.57,cust_payee_07849,USA,INVOICE_PAYMENT,proofrail_synthetic,conditional_settlement_case,FALSE,proofrail,synthetic_research
2026-01-08T05:42,GOOD,txn_0002770,cust_payer_63050,USA,5036.54,cust_payee_63465,CANADA,SERVICE_RETAINER,proofrail_synthetic,conditional_settlement_case,FALSE,proofrail,synthetic_research
2026-01-08T05:44,GOOD,txn_0002771,cust_payer_52692,GERMANY,19143.73,cust_payee_61842,USA,INVOICE_PAYMENT,proofrail_synthetic,conditional_settlement_case,FALSE,proofrail,synthetic_research
2026-01-08T05:45,GOOD,txn_0002772,cust_payer_99498,MEXICO,449.87,cust_payee_23595,USA,INVOICE_PAYMENT,proofrail_synthetic,conditional_settlement_case,FALSE,proofrail,synthetic_research
2026-01-08T05:46,GOOD,txn_0002773,cust_payer_35633,USA,5263.63,cust_payee_97765,USA,INVOICE_PAYMENT,proofrail_synthetic,conditional_settlement_case,FALSE,proofrail,synthetic_research
2026-01-08T05:49,REVIEW,txn_0002774,cust_payer_39235,USA,1148.1,cust_payee_69504,CANADA,GOODS_SETTLEMENT,proofrail_synthetic,conditional_settlement_case,TRUE,proofrail,synthetic_research
2026-01-08T05:53,REVIEW,txn_0002775,cust_payer_76027,USA,5642.56,cust_payee_20273,USA,INVOICE_PAYMENT,proofrail_synthetic,conditional_settlement_case,TRUE,proofrail,synthetic_research
2026-01-08T05:55,REVIEW,txn_0002776,cust_payer_54797,USA,2212.95,cust_payee_33377,USA,SERVICE_RETAINER,proofrail_synthetic,conditional_settlement_case,TRUE,proofrail,synthetic_research
2026-01-08T05:56,GOOD,txn_0002777,cust_payer_70547,USA,487.15,cust_payee_74928,USA,INVOICE_PAYMENT,proofrail_synthetic,conditional_settlement_case,FALSE,proofrail,synthetic_research
2026-01-08T05:56,GOOD,txn_0002778,cust_payer_33177,USA,3797.89,cust_payee_16539,USA,INVOICE_PAYMENT,proofrail_synthetic,conditional_settlement_case,FALSE,proofrail,synthetic_research
2026-01-08T05:59,REVIEW,txn_0002779,cust_payer_41755,CANADA,2736.93,cust_payee_75388,USA,MILESTONE_PAYMENT,proofrail_synthetic,conditional_settlement_case,TRUE,proofrail,synthetic_research
2026-01-08T06:01,GOOD,txn_0002780,cust_payer_36369,CANADA,7123.63,cust_payee_58371,USA,MILESTONE_PAYMENT,proofrail_synthetic,conditional_settlement_case,FALSE,proofrail,synthetic_research
2026-01-08T06:01,GOOD,txn_0002781,cust_payer_81384,USA,1769.51,cust_payee_90699,USA,MILESTONE_PAYMENT,proofrail_synthetic,conditional_settlement_case,FALSE,proofrail,synthetic_research
2026-01-08T06:03,GOOD,txn_0002782,cust_payer_85787,USA,2891.48,cust_payee_62050,USA,INVOICE_PAYMENT,proofrail_synthetic,conditional_settlement_case,FALSE,proofrail,synthetic_research
2026-01-08T06:04,GOOD,txn_0002783,cust_payer_21044,USA,1707.07,cust_payee_61660,USA,INVOICE_PAYMENT,proofrail_synthetic,conditional_settlement_case,FALSE,proofrail,synthetic_research
2026-01-08T06:06,REVIEW,txn_0002784,cust_payer_35744,USA,10458.92,cust_payee_20656,USA,GOODS_SETTLEMENT,proofrail_synthetic,conditional_settlement_case,FALSE,proofrail,synthetic_research
2026-01-08T06:06,GOOD,txn_0002785,cust_payer_40139,USA,4879.35,cust_payee_34630,GERMANY,MILESTONE_PAYMENT,proofrail_synthetic,conditional_settlement_case,FALSE,proofrail,synthetic_research
2026-01-08T06:07,GOOD,txn_0002786,cust_payer_64977,USA,2017.82,cust_payee_61216,USA,MILESTONE_PAYMENT,proofrail_synthetic,conditional_settlement_case,FALSE,proofrail,synthetic_research
2026-01-08T06:07,GOOD,txn_0002787,cust_payer_89994,USA,408.25,cust_payee_61701,USA,INVOICE_PAYMENT,proofrail_synthetic,conditional_settlement_case,FALSE,proofrail,synthetic_research
2026-01-08T06:09,GOOD,txn_0002788,cust_payer_75959,USA,874.16,cust_payee_02410,USA,GOODS_SETTLEMENT,proofrail_synthetic,conditional_settlement_case,FALSE,proofrail,synthetic_research
2026-01-08T06:11,GOOD,txn_0002789,cust_payer_11835,USA,10175.24,cust_payee_91319,USA,MILESTONE_PAYMENT,proofrail_synthetic,conditional_settlement_case,FALSE,proofrail,synthetic_research
2026-01-08T06:11,REVIEW,txn_0002790,cust_payer_14022,USA,2039.8,cust_payee_71094,USA,INVOICE_PAYMENT,proofrail_synthetic,conditional_settlement_case,TRUE,proofrail,synthetic_research
2026-01-08T06:13,BAD,txn_0002791,cust_payer_73779,USA,3367.58,cust_payee_98219,USA,INVOICE_PAYMENT,proofrail_synthetic,conditional_settlement_case,TRUE,proofrail,synthetic_research
2026-01-08T06:15,GOOD,txn_0002792,cust_payer_27238,USA,16995.04,cust_payee_94505,CANADA,GOODS_SETTLEMENT,proofrail_synthetic,conditional_settlement_case,FALSE,proofrail,synthetic_research
2026-01-08T06:16,GOOD,txn_0002793,cust_payer_82565,USA,2275.54,cust_payee_42534,USA,GOODS_SETTLEMENT,proofrail_synthetic,conditional_settlement_case,FALSE,proofrail,synthetic_research
2026-01-08T06:16,REVIEW,txn_0002794,cust_payer_43255,USA,6723.64,cust_payee_46203,USA,INVOICE_PAYMENT,proofrail_synthetic,conditional_settlement_case,TRUE,proofrail,synthetic_research
2026-01-08T06:17,REVIEW,txn_0002795,cust_payer_73185,USA,2674.13,cust_payee_94201,USA,INVOICE_PAYMENT,proofrail_synthetic,conditional_settlement_case,TRUE,proofrail,synthetic_research
2026-01-08T06:22,REVIEW,txn_0002796,cust_payer_57992,USA,6135.31,cust_payee_21725,USA,GOODS_SETTLEMENT,proofrail_synthetic,conditional_settlement_case,FALSE,proofrail,synthetic_research
2026-01-08T06:23,GOOD,txn_0002797,cust_payer_81321,USA,37326.14,cust_payee_49926,USA,INVOICE_PAYMENT,proofrail_synthetic,conditional_settlement_case,FALSE,proofrail,synthetic_research
2026-01-08T06:24,GOOD,txn_0002798,cust_payer_13407,USA,1443.15,cust_payee_74289,USA,GOODS_SETTLEMENT,proofrail_synthetic,conditional_settlement_case,FALSE,proofrail,synthetic_research
2026-01-08T06:25,GOOD,txn_0002799,cust_payer_51860,USA,1451.98,cust_payee_29101,USA,SERVICE_RETAINER,proofrail_synthetic,conditional_settlement_case,FALSE,proofrail,synthetic_research
2026-01-08T06:25,BAD,txn_0002800,cust_payer_29524,USA,5828.52,cust_payee_12010,USA,INVOICE_PAYMENT,proofrail_synthetic,conditional_settlement_case,TRUE,proofrail,synthetic_research
2026-01-08T06:28,GOOD,txn_0002801,cust_payer_30569,MEXICO,2134.65,cust_payee_00893,SINGAPORE,MILESTONE_PAYMENT,proofrail_synthetic,conditional_settlement_case,FALSE,proofrail,synthetic_research
2026-01-08T06:28,GOOD,txn_0002802,cust_payer_00747,USA,6500.65,cust_payee_12807,USA,GOODS_SETTLEMENT,proofrail_synthetic,conditional_settlement_case,FALSE,proofrail,synthetic_research
2026-01-08T06:28,REVIEW,txn_0002803,cust_payer_90763,USA,467.63,cust_payee_77800,USA,GOODS_SETTLEMENT,proofrail_synthetic,conditional_settlement_case,TRUE,proofrail,synthetic_research
2026-01-08T06:29,REVIEW,txn_0002804,cust_payer_73022,USA,31396.3,cust_payee_93222,USA,INVOICE_PAYMENT,proofrail_synthetic,conditional_settlement_case,FALSE,proofrail,synthetic_research
2026-01-08T06:30,BAD,txn_0002805,cust_payer_82201,USA,6249.91,cust_payee_53274,USA,MILESTONE_PAYMENT,proofrail_synthetic,conditional_settlement_case,TRUE,proofrail,synthetic_research
2026-01-08T06:31,REVIEW,txn_0002806,cust_payer_54676,USA,15061.85,cust_payee_06513,CANADA,MILESTONE_PAYMENT,proofrail_synthetic,conditional_settlement_case,TRUE,proofrail,synthetic_research
2026-01-08T06:32,REVIEW,txn_0002807,cust_payer_07458,USA,1012,cust_payee_50698,USA,INVOICE_PAYMENT,proofrail_synthetic,conditional_settlement_case,TRUE,proofrail,synthetic_research
2026-01-08T06:32,REVIEW,txn_0002808,cust_payer_65405,USA,1499.63,cust_payee_14336,USA,MILESTONE_PAYMENT,proofrail_synthetic,conditional_settlement_case,FALSE,proofrail,synthetic_research
2026-01-08T06:33,BAD,txn_0002809,cust_payer_64240,USA,3683.19,cust_payee_05511,USA,GOODS_SETTLEMENT,proofrail_synthetic,conditional_settlement_case,TRUE,proofrail,synthetic_research
2026-01-08T06:35,REVIEW,txn_0002810,cust_payer_81807,USA,832.24,cust_payee_34155,USA,INVOICE_PAYMENT,proofrail_synthetic,conditional_settlement_case,TRUE,proofrail,synthetic_research
2026-01-08T06:36,GOOD,txn_0002811,cust_payer_86236,USA,1727.55,cust_payee_54402,USA,INVOICE_PAYMENT,proofrail_synthetic,conditional_settlement_case,FALSE,proofrail,synthetic_research
2026-01-08T06:40,GOOD,txn_0002812,cust_payer_00732,USA,3558.3,cust_payee_58365,USA,INVOICE_PAYMENT,proofrail_synthetic,conditional_settlement_case,FALSE,proofrail,synthetic_research
2026-01-08T06:41,GOOD,txn_0002813,cust_payer_85270,USA,1514.91,cust_payee_61280,USA,SERVICE_RETAINER,proofrail_synthetic,conditional_settlement_case,FALSE,proofrail,synthetic_research
2026-01-08T06:43,GOOD,txn_0002814,cust_payer_59921,USA,6700.62,cust_payee_45596,CANADA,INVOICE_PAYMENT,proofrail_synthetic,conditional_settlement_case,FALSE,proofrail,synthetic_research
2026-01-08T06:44,GOOD,txn_0002815,cust_payer_13455,USA,4119.79,cust_payee_69400,USA,GOODS_SETTLEMENT,proofrail_synthetic,conditional_settlement_case,FALSE,proofrail,synthetic_research
2026-01-08T06:44,REVIEW,txn_0002816,cust_payer_76834,USA,4954.78,cust_payee_15378,USA,INVOICE_PAYMENT,proofrail_synthetic,conditional_settlement_case,TRUE,proofrail,synthetic_research
2026-01-08T06:45,REVIEW,txn_0002817,cust_payer_60800,USA,4103.18,cust_payee_36752,USA,SERVICE_RETAINER,proofrail_synthetic,conditional_settlement_case,TRUE,proofrail,synthetic_research
2026-01-08T06:46,GOOD,txn_0002818,cust_payer_51260,CANADA,1352,cust_payee_77451,USA,INVOICE_PAYMENT,proofrail_synthetic,conditional_settlement_case,FALSE,proofrail,synthetic_research
2026-01-08T06:46,GOOD,txn_0002819,cust_payer_01909,USA,560,cust_payee_73316,USA,INVOICE_PAYMENT,proofrail_synthetic,conditional_settlement_case,FALSE,proofrail,synthetic_research
2026-01-08T06:50,GOOD,txn_0002820,cust_payer_44178,USA,5343.02,cust_payee_81141,USA,MILESTONE_PAYMENT,proofrail_synthetic,conditional_settlement_case,FALSE,proofrail,synthetic_research
2026-01-08T06:51,GOOD,txn_0002821,cust_payer_51979,USA,537.17,cust_payee_97808,USA,INVOICE_PAYMENT,proofrail_synthetic,conditional_settlement_case,FALSE,proofrail,synthetic_research
2026-01-08T06:52,GOOD,txn_0002822,cust_payer_72035,USA,933.24,cust_payee_02572,USA,GOODS_SETTLEMENT,proofrail_synthetic,conditional_settlement_case,FALSE,proofrail,synthetic_research
2026-01-08T06:54,BAD,txn_0002823,cust_payer_70231,USA,9752.2,cust_payee_26227,USA,MILESTONE_PAYMENT,proofrail_synthetic,conditional_settlement_case,TRUE,proofrail,synthetic_research
2026-01-08T06:57,GOOD,txn_0002824,cust_payer_98992,USA,105676.6,cust_payee_73868,USA,INVOICE_PAYMENT,proofrail_synthetic,conditional_settlement_case,FALSE,proofrail,synthetic_research
2026-01-08T06:58,GOOD,txn_0002825,cust_payer_89554,USA,2482.89,cust_payee_32110,USA,MILESTONE_PAYMENT,proofrail_synthetic,conditional_settlement_case,FALSE,proofrail,synthetic_research
2026-01-08T06:59,BAD,txn_0002826,cust_payer_01935,USA,34215.97,cust_payee_16580,CANADA,GOODS_SETTLEMENT,proofrail_synthetic,conditional_settlement_case,TRUE,proofrail,synthetic_research
2026-01-08T07:02,GOOD,txn_0002827,cust_payer_43045,USA,62021.92,cust_payee_39162,USA,SERVICE_RETAINER,proofrail_synthetic,conditional_settlement_case,FALSE,proofrail,synthetic_research
2026-01-08T07:03,GOOD,txn_0002828,cust_payer_45151,USA,978.19,cust_payee_41253,GERMANY,INVOICE_PAYMENT,proofrail_synthetic,conditional_settlement_case,FALSE,proofrail,synthetic_research
2026-01-08T07:03,GOOD,txn_0002829,cust_payer_57373,SINGAPORE,1244.9,cust_payee_72465,USA,INVOICE_PAYMENT,proofrail_synthetic,conditional_settlement_case,FALSE,proofrail,synthetic_research
2026-01-08T07:04,GOOD,txn_0002830,cust_payer_03213,USA,47561.44,cust_payee_47037,USA,SERVICE_RETAINER,proofrail_synthetic,conditional_settlement_case,FALSE,proofrail,synthetic_research
2026-01-08T07:04,GOOD,txn_0002831,cust_payer_56076,USA,758.57,cust_payee_76085,USA,GOODS_SETTLEMENT,proofrail_synthetic,conditional_settlement_case,FALSE,proofrail,synthetic_research
2026-01-08T07:04,REVIEW,txn_0002832,cust_payer_29639,USA,7451.24,cust_payee_66969,MEXICO,INVOICE_PAYMENT,proofrail_synthetic,conditional_settlement_case,TRUE,proofrail,synthetic_research
2026-01-08T07:05,GOOD,txn_0002833,cust_payer_05947,USA,10417.46,cust_payee_57533,USA,INVOICE_PAYMENT,proofrail_synthetic,conditional_settlement_case,FALSE,proofrail,synthetic_research
2026-01-08T07:06,GOOD,txn_0002834,cust_payer_56395,USA,4507.42,cust_payee_51036,USA,INVOICE_PAYMENT,proofrail_synthetic,conditional_settlement_case,FALSE,proofrail,synthetic_research
2026-01-08T07:07,GOOD,txn_0002835,cust_payer_55144,USA,6160.26,cust_payee_72342,USA,INVOICE_PAYMENT,proofrail_synthetic,conditional_settlement_case,FALSE,proofrail,synthetic_research
2026-01-08T07:10,GOOD,txn_0002836,cust_payer_29920,USA,2958.01,cust_payee_31439,USA,INVOICE_PAYMENT,proofrail_synthetic,conditional_settlement_case,FALSE,proofrail,synthetic_research
2026-01-08T07:10,GOOD,txn_0002837,cust_payer_74711,USA,2743.35,cust_payee_50671,USA,INVOICE_PAYMENT,proofrail_synthetic,conditional_settlement_case,FALSE,proofrail,synthetic_research
2026-01-08T07:14,REVIEW,txn_0002838,cust_payer_49747,USA,510.23,cust_payee_56196,USA,INVOICE_PAYMENT,proofrail_synthetic,conditional_settlement_case,FALSE,proofrail,synthetic_research
2026-01-08T07:14,GOOD,txn_0002839,cust_payer_65991,USA,2551.13,cust_payee_03794,USA,GOODS_SETTLEMENT,proofrail_synthetic,conditional_settlement_case,FALSE,proofrail,synthetic_research
2026-01-08T07:14,REVIEW,txn_0002840,cust_payer_60836,USA,2832.64,cust_payee_65535,USA,SERVICE_RETAINER,proofrail_synthetic,conditional_settlement_case,FALSE,proofrail,synthetic_research
2026-01-08T07:17,GOOD,txn_0002841,cust_payer_52923,USA,7973.05,cust_payee_60345,USA,INVOICE_PAYMENT,proofrail_synthetic,conditional_settlement_case,FALSE,proofrail,synthetic_research
2026-01-08T07:20,GOOD,txn_0002842,cust_payer_20923,CANADA,2725.03,cust_payee_63747,USA,SERVICE_RETAINER,proofrail_synthetic,conditional_settlement_case,FALSE,proofrail,synthetic_research
2026-01-08T07:21,BAD,txn_0002843,cust_payer_17586,USA,1298.12,cust_payee_20550,USA,INVOICE_PAYMENT,proofrail_synthetic,conditional_settlement_case,TRUE,proofrail,synthetic_research
2026-01-08T07:23,REVIEW,txn_0002844,cust_payer_80977,USA,876.25,cust_payee_71575,USA,INVOICE_PAYMENT,proofrail_synthetic,conditional_settlement_case,FALSE,proofrail,synthetic_research
2026-01-08T07:24,BAD,txn_0002845,cust_payer_33421,USA,5415.86,cust_payee_54589,USA,GOODS_SETTLEMENT,proofrail_synthetic,conditional_settlement_case,TRUE,proofrail,synthetic_research
2026-01-08T07:25,GOOD,txn_0002846,cust_payer_55360,USA,494.39,cust_payee_92175,USA,INVOICE_PAYMENT,proofrail_synthetic,conditional_settlement_case,FALSE,proofrail,synthetic_research
2026-01-08T07:26,GOOD,txn_0002847,cust_payer_22673,CANADA,2486.23,cust_payee_84203,USA,GOODS_SETTLEMENT,proofrail_synthetic,conditional_settlement_case,FALSE,proofrail,synthetic_research
2026-01-08T07:27,GOOD,txn_0002848,cust_payer_96207,USA,1193.85,cust_payee_57621,GERMANY,MILESTONE_PAYMENT,proofrail_synthetic,conditional_settlement_case,FALSE,proofrail,synthetic_research
2026-01-08T07:32,BAD,txn_0002849,cust_payer_33035,GERMANY,858.3,cust_payee_32277,USA,INVOICE_PAYMENT,proofrail_synthetic,conditional_settlement_case,TRUE,proofrail,synthetic_research
2026-01-08T07:33,REVIEW,txn_0002850,cust_payer_01840,USA,2319.82,cust_payee_57742,CANADA,INVOICE_PAYMENT,proofrail_synthetic,conditional_settlement_case,TRUE,proofrail,synthetic_research
2026-01-08T07:34,GOOD,txn_0002851,cust_payer_41499,UNITED-KINGDOM,1960.34,cust_payee_56025,USA,GOODS_SETTLEMENT,proofrail_synthetic,conditional_settlement_case,FALSE,proofrail,synthetic_research
2026-01-08T07:35,REVIEW,txn_0002852,cust_payer_60716,USA,2005.02,cust_payee_21236,USA,GOODS_SETTLEMENT,proofrail_synthetic,conditional_settlement_case,FALSE,proofrail,synthetic_research
2026-01-08T07:37,REVIEW,txn_0002853,cust_payer_30591,USA,532.97,cust_payee_73020,USA,INVOICE_PAYMENT,proofrail_synthetic,conditional_settlement_case,TRUE,proofrail,synthetic_research
2026-01-08T07:39,REVIEW,txn_0002854,cust_payer_33147,USA,2639.09,cust_payee_55471,USA,GOODS_SETTLEMENT,proofrail_synthetic,conditional_settlement_case,TRUE,proofrail,synthetic_research
2026-01-08T07:40,GOOD,txn_0002855,cust_payer_40915,USA,2463.92,cust_payee_26316,CANADA,INVOICE_PAYMENT,proofrail_synthetic,conditional_settlement_case,FALSE,proofrail,synthetic_research
2026-01-08T07:42,GOOD,txn_0002856,cust_payer_19484,USA,527.11,cust_payee_56094,CANADA,GOODS_SETTLEMENT,proofrail_synthetic,conditional_settlement_case,FALSE,proofrail,synthetic_research
2026-01-08T07:42,REVIEW,txn_0002857,cust_payer_13944,USA,6023.23,cust_payee_56321,USA,INVOICE_PAYMENT,proofrail_synthetic,conditional_settlement_case,TRUE,proofrail,synthetic_research
2026-01-08T07:44,GOOD,txn_0002858,cust_payer_00557,USA,2439.68,cust_payee_84766,USA,MILESTONE_PAYMENT,proofrail_synthetic,conditional_settlement_case,FALSE,proofrail,synthetic_research
2026-01-08T07:45,GOOD,txn_0002859,cust_payer_52015,USA,4761.7,cust_payee_48958,USA,MILESTONE_PAYMENT,proofrail_synthetic,conditional_settlement_case,FALSE,proofrail,synthetic_research
2026-01-08T07:48,GOOD,txn_0002860,cust_payer_12217,USA,4150.73,cust_payee_27971,USA,GOODS_SETTLEMENT,proofrail_synthetic,conditional_settlement_case,FALSE,proofrail,synthetic_research
2026-01-08T07:49,BAD,txn_0002861,cust_payer_99980,USA,1286.91,cust_payee_88012,USA,INVOICE_PAYMENT,proofrail_synthetic,conditional_settlement_case,TRUE,proofrail,synthetic_research
2026-01-08T07:49,GOOD,txn_0002862,cust_payer_53904,USA,23391.25,cust_payee_01950,USA,SERVICE_RETAINER,proofrail_synthetic,conditional_settlement_case,FALSE,proofrail,synthetic_research
2026-01-08T07:50,REVIEW,txn_0002863,cust_payer_41475,USA,2489.22,cust_payee_73896,USA,SERVICE_RETAINER,proofrail_synthetic,conditional_settlement_case,FALSE,proofrail,synthetic_research
2026-01-08T07:52,BAD,txn_0002864,cust_payer_06519,USA,41665.61,cust_payee_12973,USA,SERVICE_RETAINER,proofrail_synthetic,conditional_settlement_case,TRUE,proofrail,synthetic_research
2026-01-08T07:54,GOOD,txn_0002865,cust_payer_37653,USA,2421.45,cust_payee_29788,USA,SERVICE_RETAINER,proofrail_synthetic,conditional_settlement_case,FALSE,proofrail,synthetic_research
2026-01-08T07:57,BAD,txn_0002866,cust_payer_07051,MEXICO,2485.3,cust_payee_38658,USA,GOODS_SETTLEMENT,proofrail_synthetic,conditional_settlement_case,TRUE,proofrail,synthetic_research
2026-01-08T07:57,BAD,txn_0002867,cust_payer_38774,USA,2109.28,cust_payee_13471,CANADA,MILESTONE_PAYMENT,proofrail_synthetic,conditional_settlement_case,TRUE,proofrail,synthetic_research
2026-01-08T07:59,GOOD,txn_0002868,cust_payer_21633,USA,2925.74,cust_payee_75883,USA,INVOICE_PAYMENT,proofrail_synthetic,conditional_settlement_case,FALSE,proofrail,synthetic_research
2026-01-08T07:59,GOOD,txn_0002869,cust_payer_84313,USA,5047.39,cust_payee_47675,USA,INVOICE_PAYMENT,proofrail_synthetic,conditional_settlement_case,FALSE,proofrail,synthetic_research
2026-01-08T08:00,GOOD,txn_0002870,cust_payer_29224,USA,1588.52,cust_payee_37595,CANADA,INVOICE_PAYMENT,proofrail_synthetic,conditional_settlement_case,FALSE,proofrail,synthetic_research
2026-01-08T08:01,REVIEW,txn_0002871,cust_payer_42295,UNITED-KINGDOM,1201.38,cust_payee_58957,CANADA,INVOICE_PAYMENT,proofrail_synthetic,conditional_settlement_case,TRUE,proofrail,synthetic_research
2026-01-08T08:01,GOOD,txn_0002872,cust_payer_13207,USA,5260.96,cust_payee_09355,GERMANY,INVOICE_PAYMENT,proofrail_synthetic,conditional_settlement_case,FALSE,proofrail,synthetic_research
2026-01-08T08:03,GOOD,txn_0002873,cust_payer_59734,USA,3187.8,cust_payee_06796,USA,INVOICE_PAYMENT,proofrail_synthetic,conditional_settlement_case,FALSE,proofrail,synthetic_research
2026-01-08T08:03,GOOD,txn_0002874,cust_payer_23502,CANADA,304.04,cust_payee_33472,USA,INVOICE_PAYMENT,proofrail_synthetic,conditional_settlement_case,FALSE,proofrail,synthetic_research
2026-01-08T08:04,REVIEW,txn_0002875,cust_payer_63081,CANADA,3089.95,cust_payee_67296,USA,INVOICE_PAYMENT,proofrail_synthetic,conditional_settlement_case,TRUE,proofrail,synthetic_research
2026-01-08T08:07,GOOD,txn_0002876,cust_payer_25581,USA,7404.55,cust_payee_50962,USA,GOODS_SETTLEMENT,proofrail_synthetic,conditional_settlement_case,FALSE,proofrail,synthetic_research
2026-01-08T08:08,GOOD,txn_0002877,cust_payer_94138,USA,871.09,cust_payee_74541,USA,MILESTONE_PAYMENT,proofrail_synthetic,conditional_settlement_case,FALSE,proofrail,synthetic_research
2026-01-08T08:09,GOOD,txn_0002878,cust_payer_37233,USA,3964.36,cust_payee_58502,USA,SERVICE_RETAINER,proofrail_synthetic,conditional_settlement_case,FALSE,proofrail,synthetic_research
2026-01-08T08:09,GOOD,txn_0002879,cust_payer_87182,USA,446.91,cust_payee_27940,USA,MILESTONE_PAYMENT,proofrail_synthetic,conditional_settlement_case,FALSE,proofrail,synthetic_research
2026-01-08T08:09,REVIEW,txn_0002880,cust_payer_02674,USA,1350.89,cust_payee_02674,USA,MILESTONE_PAYMENT,proofrail_synthetic,conditional_settlement_case,TRUE,proofrail,synthetic_research
2026-01-08T08:10,REVIEW,txn_0002881,cust_payer_00656,USA,9299.98,cust_payee_46011,USA,MILESTONE_PAYMENT,proofrail_synthetic,conditional_settlement_case,TRUE,proofrail,synthetic_research
2026-01-08T08:10,GOOD,txn_0002882,cust_payer_72914,USA,6959.06,cust_payee_61298,USA,MILESTONE_PAYMENT,proofrail_synthetic,conditional_settlement_case,FALSE,proofrail,synthetic_research
2026-01-08T08:12,REVIEW,txn_0002883,cust_payer_62355,CANADA,4700.65,cust_payee_41584,USA,GOODS_SETTLEMENT,proofrail_synthetic,conditional_settlement_case,TRUE,proofrail,synthetic_research
2026-01-08T08:14,GOOD,txn_0002884,cust_payer_96064,USA,4251.75,cust_payee_12718,USA,GOODS_SETTLEMENT,proofrail_synthetic,conditional_settlement_case,FALSE,proofrail,synthetic_research
2026-01-08T08:19,REVIEW,txn_0002885,cust_payer_99583,USA,3883.65,cust_payee_99991,USA,GOODS_SETTLEMENT,proofrail_synthetic,conditional_settlement_case,FALSE,proofrail,synthetic_research
2026-01-08T08:22,GOOD,txn_0002886,cust_payer_59044,USA,657.08,cust_payee_29953,USA,SERVICE_RETAINER,proofrail_synthetic,conditional_settlement_case,FALSE,proofrail,synthetic_research
2026-01-08T08:22,GOOD,txn_0002887,cust_payer_02483,USA,479.17,cust_payee_62504,USA,MILESTONE_PAYMENT,proofrail_synthetic,conditional_settlement_case,FALSE,proofrail,synthetic_research
2026-01-08T08:24,GOOD,txn_0002888,cust_payer_12091,USA,1778.65,cust_payee_94362,SINGAPORE,INVOICE_PAYMENT,proofrail_synthetic,conditional_settlement_case,FALSE,proofrail,synthetic_research
2026-01-08T08:25,GOOD,txn_0002889,cust_payer_54953,USA,1548.15,cust_payee_84201,USA,INVOICE_PAYMENT,proofrail_synthetic,conditional_settlement_case,FALSE,proofrail,synthetic_research
2026-01-08T08:26,GOOD,txn_0002890,cust_payer_07146,USA,2752.32,cust_payee_80211,USA,GOODS_SETTLEMENT,proofrail_synthetic,conditional_settlement_case,FALSE,proofrail,synthetic_research
2026-01-08T08:28,REVIEW,txn_0002891,cust_payer_60668,USA,8974,cust_payee_28801,USA,GOODS_SETTLEMENT,proofrail_synthetic,conditional_settlement_case,TRUE,proofrail,synthetic_research
2026-01-08T08:28,BAD,txn_0002892,cust_payer_26529,USA,3823.66,cust_payee_08181,USA,GOODS_SETTLEMENT,proofrail_synthetic,conditional_settlement_case,TRUE,proofrail,synthetic_research
2026-01-08T08:29,GOOD,txn_0002893,cust_payer_60246,USA,412.42,cust_payee_07561,USA,MILESTONE_PAYMENT,proofrail_synthetic,conditional_settlement_case,FALSE,proofrail,synthetic_research
2026-01-08T08:35,REVIEW,txn_0002894,cust_payer_54056,USA,2122,cust_payee_58087,USA,MILESTONE_PAYMENT,proofrail_synthetic,conditional_settlement_case,FALSE,proofrail,synthetic_research
2026-01-08T08:37,REVIEW,txn_0002895,cust_payer_70918,CANADA,2554.76,cust_payee_67775,USA,MILESTONE_PAYMENT,proofrail_synthetic,conditional_settlement_case,TRUE,proofrail,synthetic_research
2026-01-08T08:46,GOOD,txn_0002896,cust_payer_58589,USA,6683.74,cust_payee_33245,USA,MILESTONE_PAYMENT,proofrail_synthetic,conditional_settlement_case,FALSE,proofrail,synthetic_research
2026-01-08T08:47,GOOD,txn_0002897,cust_payer_46522,CANADA,1308.81,cust_payee_02092,USA,MILESTONE_PAYMENT,proofrail_synthetic,conditional_settlement_case,FALSE,proofrail,synthetic_research
2026-01-08T08:49,GOOD,txn_0002898,cust_payer_68405,UNITED-KINGDOM,738.88,cust_payee_08669,USA,INVOICE_PAYMENT,proofrail_synthetic,conditional_settlement_case,FALSE,proofrail,synthetic_research
2026-01-08T08:49,GOOD,txn_0002899,cust_payer_42737,USA,12945.79,cust_payee_07332,USA,INVOICE_PAYMENT,proofrail_synthetic,conditional_settlement_case,FALSE,proofrail,synthetic_research
2026-01-08T08:50,GOOD,txn_0002900,cust_payer_67196,USA,914.56,cust_payee_95306,USA,SERVICE_RETAINER,proofrail_synthetic,conditional_settlement_case,FALSE,proofrail,synthetic_research
2026-01-08T08:50,GOOD,txn_0002901,cust_payer_45498,USA,4617.77,cust_payee_89438,USA,GOODS_SETTLEMENT,proofrail_synthetic,conditional_settlement_case,FALSE,proofrail,synthetic_research
2026-01-08T08:51,GOOD,txn_0002902,cust_payer_70112,CANADA,3230.49,cust_payee_78188,USA,GOODS_SETTLEMENT,proofrail_synthetic,conditional_settlement_case,FALSE,proofrail,synthetic_research
2026-01-08T08:54,GOOD,txn_0002903,cust_payer_50953,USA,1686.7,cust_payee_12586,CANADA,MILESTONE_PAYMENT,proofrail_synthetic,conditional_settlement_case,FALSE,proofrail,synthetic_research
2026-01-08T08:55,REVIEW,txn_0002904,cust_payer_36718,USA,1346.75,cust_payee_88912,USA,INVOICE_PAYMENT,proofrail_synthetic,conditional_settlement_case,TRUE,proofrail,synthetic_research
2026-01-08T08:55,GOOD,txn_0002905,cust_payer_19967,UNITED-KINGDOM,1303.23,cust_payee_89950,USA,MILESTONE_PAYMENT,proofrail_synthetic,conditional_settlement_case,FALSE,proofrail,synthetic_research
2026-01-08T08:56,BAD,txn_0002906,cust_payer_47566,USA,1389.37,cust_payee_09868,CANADA,INVOICE_PAYMENT,proofrail_synthetic,conditional_settlement_case,TRUE,proofrail,synthetic_research
2026-01-08T08:57,GOOD,txn_0002907,cust_payer_62060,CANADA,1114.41,cust_payee_07192,USA,INVOICE_PAYMENT,proofrail_synthetic,conditional_settlement_case,FALSE,proofrail,synthetic_research
2026-01-08T08:58,GOOD,txn_0002908,cust_payer_23834,USA,1843.99,cust_payee_11981,USA,GOODS_SETTLEMENT,proofrail_synthetic,conditional_settlement_case,FALSE,proofrail,synthetic_research
2026-01-08T08:58,REVIEW,txn_0002909,cust_payer_71522,USA,4189.72,cust_payee_99983,USA,GOODS_SETTLEMENT,proofrail_synthetic,conditional_settlement_case,TRUE,proofrail,synthetic_research
2026-01-08T08:59,GOOD,txn_0002910,cust_payer_21868,USA,864.17,cust_payee_41914,USA,INVOICE_PAYMENT,proofrail_synthetic,conditional_settlement_case,FALSE,proofrail,synthetic_research
2026-01-08T09:02,REVIEW,txn_0002911,cust_payer_42716,USA,7403.15,cust_payee_57302,USA,MILESTONE_PAYMENT,proofrail_synthetic,conditional_settlement_case,FALSE,proofrail,synthetic_research
2026-01-08T09:13,GOOD,txn_0002912,cust_payer_39954,USA,15604.17,cust_payee_67964,CANADA,INVOICE_PAYMENT,proofrail_synthetic,conditional_settlement_case,FALSE,proofrail,synthetic_research
2026-01-08T09:13,REVIEW,txn_0002913,cust_payer_96016,CANADA,2939.13,cust_payee_98194,USA,INVOICE_PAYMENT,proofrail_synthetic,conditional_settlement_case,TRUE,proofrail,synthetic_research
2026-01-08T09:14,REVIEW,txn_0002914,cust_payer_17430,USA,1557.49,cust_payee_88663,USA,SERVICE_RETAINER,proofrail_synthetic,conditional_settlement_case,TRUE,proofrail,synthetic_research
2026-01-08T09:14,REVIEW,txn_0002915,cust_payer_58883,CANADA,676.16,cust_payee_97946,USA,GOODS_SETTLEMENT,proofrail_synthetic,conditional_settlement_case,TRUE,proofrail,synthetic_research
2026-01-08T09:14,GOOD,txn_0002916,cust_payer_63905,USA,10721.23,cust_payee_11764,USA,SERVICE_RETAINER,proofrail_synthetic,conditional_settlement_case,FALSE,proofrail,synthetic_research
2026-01-08T09:18,BAD,txn_0002917,cust_payer_72189,USA,1320,cust_payee_96811,USA,MILESTONE_PAYMENT,proofrail_synthetic,conditional_settlement_case,TRUE,proofrail,synthetic_research
2026-01-08T09:21,GOOD,txn_0002918,cust_payer_99545,USA,7740.01,cust_payee_84563,USA,MILESTONE_PAYMENT,proofrail_synthetic,conditional_settlement_case,FALSE,proofrail,synthetic_research
2026-01-08T09:23,GOOD,txn_0002919,cust_payer_17238,USA,26324.7,cust_payee_77082,USA,SERVICE_RETAINER,proofrail_synthetic,conditional_settlement_case,FALSE,proofrail,synthetic_research
2026-01-08T09:24,GOOD,txn_0002920,cust_payer_34472,USA,9965.01,cust_payee_44548,USA,MILESTONE_PAYMENT,proofrail_synthetic,conditional_settlement_case,FALSE,proofrail,synthetic_research
2026-01-08T09:24,GOOD,txn_0002921,cust_payer_90967,USA,15909.4,cust_payee_24320,USA,INVOICE_PAYMENT,proofrail_synthetic,conditional_settlement_case,FALSE,proofrail,synthetic_research
2026-01-08T09:28,GOOD,txn_0002922,cust_payer_41416,USA,1296.5,cust_payee_82124,USA,GOODS_SETTLEMENT,proofrail_synthetic,conditional_settlement_case,FALSE,proofrail,synthetic_research
2026-01-08T09:31,REVIEW,txn_0002923,cust_payer_99575,USA,16161.9,cust_payee_68026,USA,GOODS_SETTLEMENT,proofrail_synthetic,conditional_settlement_case,FALSE,proofrail,synthetic_research
2026-01-08T09:31,REVIEW,txn_0002924,cust_payer_54264,SINGAPORE,6675.1,cust_payee_67023,USA,INVOICE_PAYMENT,proofrail_synthetic,conditional_settlement_case,TRUE,proofrail,synthetic_research
2026-01-08T09:31,REVIEW,txn_0002925,cust_payer_56562,CANADA,2255.42,cust_payee_93580,USA,INVOICE_PAYMENT,proofrail_synthetic,conditional_settlement_case,TRUE,proofrail,synthetic_research
2026-01-08T09:32,GOOD,txn_0002926,cust_payer_39903,USA,4211.33,cust_payee_30532,USA,MILESTONE_PAYMENT,proofrail_synthetic,conditional_settlement_case,FALSE,proofrail,synthetic_research
2026-01-08T09:32,BAD,txn_0002927,cust_payer_72788,USA,1095.39,cust_payee_15930,USA,GOODS_SETTLEMENT,proofrail_synthetic,conditional_settlement_case,TRUE,proofrail,synthetic_research
2026-01-08T09:33,GOOD,txn_0002928,cust_payer_90670,USA,1029.42,cust_payee_57772,USA,INVOICE_PAYMENT,proofrail_synthetic,conditional_settlement_case,FALSE,proofrail,synthetic_research
2026-01-08T09:36,GOOD,txn_0002929,cust_payer_64741,CANADA,4961.54,cust_payee_41251,USA,GOODS_SETTLEMENT,proofrail_synthetic,conditional_settlement_case,FALSE,proofrail,synthetic_research
2026-01-08T09:39,GOOD,txn_0002930,cust_payer_21950,USA,1208.99,cust_payee_51937,USA,INVOICE_PAYMENT,proofrail_synthetic,conditional_settlement_case,FALSE,proofrail,synthetic_research
2026-01-08T09:41,BAD,txn_0002931,cust_payer_08446,USA,324.66,cust_payee_29558,USA,INVOICE_PAYMENT,proofrail_synthetic,conditional_settlement_case,TRUE,proofrail,synthetic_research
2026-01-08T09:41,GOOD,txn_0002932,cust_payer_99034,CANADA,368.67,cust_payee_36340,USA,GOODS_SETTLEMENT,proofrail_synthetic,conditional_settlement_case,FALSE,proofrail,synthetic_research
2026-01-08T09:41,BAD,txn_0002933,cust_payer_91241,USA,428.39,cust_payee_93455,CANADA,GOODS_SETTLEMENT,proofrail_synthetic,conditional_settlement_case,TRUE,proofrail,synthetic_research
2026-01-08T09:46,GOOD,txn_0002934,cust_payer_93095,USA,9772.06,cust_payee_24576,USA,MILESTONE_PAYMENT,proofrail_synthetic,conditional_settlement_case,FALSE,proofrail,synthetic_research
2026-01-08T09:46,GOOD,txn_0002935,cust_payer_29012,USA,12956.99,cust_payee_86184,USA,SERVICE_RETAINER,proofrail_synthetic,conditional_settlement_case,FALSE,proofrail,synthetic_research
2026-01-08T09:47,REVIEW,txn_0002936,cust_payer_82807,USA,926.31,cust_payee_89165,USA,SERVICE_RETAINER,proofrail_synthetic,conditional_settlement_case,TRUE,proofrail,synthetic_research
2026-01-08T09:48,BAD,txn_0002937,cust_payer_77077,USA,1742.59,cust_payee_41955,USA,SERVICE_RETAINER,proofrail_synthetic,conditional_settlement_case,TRUE,proofrail,synthetic_research
2026-01-08T09:49,GOOD,txn_0002938,cust_payer_47543,USA,2103.32,cust_payee_00713,USA,MILESTONE_PAYMENT,proofrail_synthetic,conditional_settlement_case,FALSE,proofrail,synthetic_research
2026-01-08T09:49,GOOD,txn_0002939,cust_payer_97373,USA,11131.15,cust_payee_37693,USA,MILESTONE_PAYMENT,proofrail_synthetic,conditional_settlement_case,FALSE,proofrail,synthetic_research
2026-01-08T09:51,REVIEW,txn_0002940,cust_payer_79168,USA,1742.55,cust_payee_00914,CANADA,INVOICE_PAYMENT,proofrail_synthetic,conditional_settlement_case,FALSE,proofrail,synthetic_research
2026-01-08T09:51,GOOD,txn_0002941,cust_payer_12340,USA,2049.65,cust_payee_51309,UNITED-KINGDOM,SERVICE_RETAINER,proofrail_synthetic,conditional_settlement_case,FALSE,proofrail,synthetic_research
2026-01-08T09:54,REVIEW,txn_0002942,cust_payer_83753,USA,1995.27,cust_payee_65410,USA,INVOICE_PAYMENT,proofrail_synthetic,conditional_settlement_case,FALSE,proofrail,synthetic_research
2026-01-08T09:55,GOOD,txn_0002943,cust_payer_98577,USA,5610.55,cust_payee_38713,GERMANY,SERVICE_RETAINER,proofrail_synthetic,conditional_settlement_case,FALSE,proofrail,synthetic_research
2026-01-08T09:55,GOOD,txn_0002944,cust_payer_38876,MEXICO,2116.58,cust_payee_47623,GERMANY,MILESTONE_PAYMENT,proofrail_synthetic,conditional_settlement_case,FALSE,proofrail,synthetic_research
2026-01-08T09:55,BAD,txn_0002945,cust_payer_41306,USA,4720.38,cust_payee_55670,USA,MILESTONE_PAYMENT,proofrail_synthetic,conditional_settlement_case,TRUE,proofrail,synthetic_research
2026-01-08T09:55,GOOD,txn_0002946,cust_payer_68357,USA,2618.97,cust_payee_15261,USA,GOODS_SETTLEMENT,proofrail_synthetic,conditional_settlement_case,FALSE,proofrail,synthetic_research
2026-01-08T09:56,GOOD,txn_0002947,cust_payer_22256,USA,584.2,cust_payee_43992,USA,GOODS_SETTLEMENT,proofrail_synthetic,conditional_settlement_case,FALSE,proofrail,synthetic_research
2026-01-08T09:56,BAD,txn_0002948,cust_payer_09079,USA,6387.38,cust_payee_64460,USA,GOODS_SETTLEMENT,proofrail_synthetic,conditional_settlement_case,TRUE,proofrail,synthetic_research
2026-01-08T09:56,GOOD,txn_0002949,cust_payer_26761,USA,3147.47,cust_payee_27694,USA,INVOICE_PAYMENT,proofrail_synthetic,conditional_settlement_case,FALSE,proofrail,synthetic_research
2026-01-08T09:58,BAD,txn_0002950,cust_payer_46393,USA,3767.76,cust_payee_56895,CANADA,SERVICE_RETAINER,proofrail_synthetic,conditional_settlement_case,TRUE,proofrail,synthetic_research
2026-01-08T09:58,REVIEW,txn_0002951,cust_payer_06258,USA,1717.91,cust_payee_72756,USA,MILESTONE_PAYMENT,proofrail_synthetic,conditional_settlement_case,TRUE,proofrail,synthetic_research
2026-01-08T09:58,REVIEW,txn_0002952,cust_payer_61409,USA,10682.82,cust_payee_02047,USA,INVOICE_PAYMENT,proofrail_synthetic,conditional_settlement_case,TRUE,proofrail,synthetic_research
2026-01-08T10:01,REVIEW,txn_0002953,cust_payer_42249,USA,944.28,cust_payee_89585,UNITED-KINGDOM,GOODS_SETTLEMENT,proofrail_synthetic,conditional_settlement_case,TRUE,proofrail,synthetic_research
2026-01-08T10:02,REVIEW,txn_0002954,cust_payer_69480,CANADA,8045.08,cust_payee_26891,CANADA,INVOICE_PAYMENT,proofrail_synthetic,conditional_settlement_case,TRUE,proofrail,synthetic_research
2026-01-08T10:02,GOOD,txn_0002955,cust_payer_56462,USA,3202.24,cust_payee_83539,USA,GOODS_SETTLEMENT,proofrail_synthetic,conditional_settlement_case,FALSE,proofrail,synthetic_research
2026-01-08T10:02,REVIEW,txn_0002956,cust_payer_60057,USA,311.08,cust_payee_04589,UNITED-KINGDOM,GOODS_SETTLEMENT,proofrail_synthetic,conditional_settlement_case,TRUE,proofrail,synthetic_research
2026-01-08T10:03,REVIEW,txn_0002957,cust_payer_56884,USA,876.31,cust_payee_61712,USA,INVOICE_PAYMENT,proofrail_synthetic,conditional_settlement_case,TRUE,proofrail,synthetic_research
2026-01-08T10:05,GOOD,txn_0002958,cust_payer_73820,USA,2031.48,cust_payee_49432,USA,MILESTONE_PAYMENT,proofrail_synthetic,conditional_settlement_case,FALSE,proofrail,synthetic_research
2026-01-08T10:05,REVIEW,txn_0002959,cust_payer_53150,UNITED-KINGDOM,4160.52,cust_payee_42094,USA,INVOICE_PAYMENT,proofrail_synthetic,conditional_settlement_case,TRUE,proofrail,synthetic_research
2026-01-08T10:10,GOOD,txn_0002960,cust_payer_66456,USA,3179.78,cust_payee_58191,USA,INVOICE_PAYMENT,proofrail_synthetic,conditional_settlement_case,FALSE,proofrail,synthetic_research
2026-01-08T10:10,GOOD,txn_0002961,cust_payer_35131,USA,3361.22,cust_payee_24391,USA,MILESTONE_PAYMENT,proofrail_synthetic,conditional_settlement_case,FALSE,proofrail,synthetic_research
2026-01-08T10:10,GOOD,txn_0002962,cust_payer_09840,USA,16208.78,cust_payee_24700,USA,GOODS_SETTLEMENT,proofrail_synthetic,conditional_settlement_case,FALSE,proofrail,synthetic_research
2026-01-08T10:11,REVIEW,txn_0002963,cust_payer_98319,USA,2176.04,cust_payee_30010,GERMANY,INVOICE_PAYMENT,proofrail_synthetic,conditional_settlement_case,FALSE,proofrail,synthetic_research
2026-01-08T10:12,GOOD,txn_0002964,cust_payer_30330,USA,1643.88,cust_payee_62052,USA,INVOICE_PAYMENT,proofrail_synthetic,conditional_settlement_case,FALSE,proofrail,synthetic_research
2026-01-08T10:13,GOOD,txn_0002965,cust_payer_13638,USA,794.29,cust_payee_53032,GERMANY,GOODS_SETTLEMENT,proofrail_synthetic,conditional_settlement_case,FALSE,proofrail,synthetic_research
2026-01-08T10:14,GOOD,txn_0002966,cust_payer_52711,USA,3584.85,cust_payee_93796,USA,INVOICE_PAYMENT,proofrail_synthetic,conditional_settlement_case,FALSE,proofrail,synthetic_research
2026-01-08T10:16,BAD,txn_0002967,cust_payer_10249,USA,2787.31,cust_payee_34329,USA,INVOICE_PAYMENT,proofrail_synthetic,conditional_settlement_case,TRUE,proofrail,synthetic_research
2026-01-08T10:18,GOOD,txn_0002968,cust_payer_84173,USA,1051.64,cust_payee_68768,USA,GOODS_SETTLEMENT,proofrail_synthetic,conditional_settlement_case,FALSE,proofrail,synthetic_research
2026-01-08T10:20,GOOD,txn_0002969,cust_payer_12552,USA,2267.43,cust_payee_26669,USA,INVOICE_PAYMENT,proofrail_synthetic,conditional_settlement_case,FALSE,proofrail,synthetic_research
2026-01-08T10:20,REVIEW,txn_0002970,cust_payer_90227,USA,1729.85,cust_payee_66042,USA,MILESTONE_PAYMENT,proofrail_synthetic,conditional_settlement_case,TRUE,proofrail,synthetic_research
2026-01-08T10:20,GOOD,txn_0002971,cust_payer_66965,USA,2252.65,cust_payee_64634,USA,GOODS_SETTLEMENT,proofrail_synthetic,conditional_settlement_case,FALSE,proofrail,synthetic_research
2026-01-08T10:21,GOOD,txn_0002972,cust_payer_70390,USA,4076.87,cust_payee_09770,USA,GOODS_SETTLEMENT,proofrail_synthetic,conditional_settlement_case,FALSE,proofrail,synthetic_research
2026-01-08T10:23,GOOD,txn_0002973,cust_payer_20351,USA,291.98,cust_payee_24096,USA,INVOICE_PAYMENT,proofrail_synthetic,conditional_settlement_case,FALSE,proofrail,synthetic_research
2026-01-08T10:23,REVIEW,txn_0002974,cust_payer_22851,USA,1841.92,cust_payee_05602,USA,INVOICE_PAYMENT,proofrail_synthetic,conditional_settlement_case,TRUE,proofrail,synthetic_research
2026-01-08T10:23,BAD,txn_0002975,cust_payer_89021,SINGAPORE,6665.07,cust_payee_75498,USA,GOODS_SETTLEMENT,proofrail_synthetic,conditional_settlement_case,TRUE,proofrail,synthetic_research
2026-01-08T10:24,BAD,txn_0002976,cust_payer_73642,USA,1100.11,cust_payee_26418,USA,GOODS_SETTLEMENT,proofrail_synthetic,conditional_settlement_case,TRUE,proofrail,synthetic_research
2026-01-08T10:24,GOOD,txn_0002977,cust_payer_29015,USA,11913.69,cust_payee_17031,USA,MILESTONE_PAYMENT,proofrail_synthetic,conditional_settlement_case,FALSE,proofrail,synthetic_research
2026-01-08T10:26,GOOD,txn_0002978,cust_payer_76301,USA,6163.1,cust_payee_06454,USA,MILESTONE_PAYMENT,proofrail_synthetic,conditional_settlement_case,FALSE,proofrail,synthetic_research
2026-01-08T10:26,BAD,txn_0002979,cust_payer_97169,CANADA,1349.07,cust_payee_48698,USA,INVOICE_PAYMENT,proofrail_synthetic,conditional_settlement_case,TRUE,proofrail,synthetic_research
2026-01-08T10:31,GOOD,txn_0002980,cust_payer_66205,USA,2779.86,cust_payee_30634,USA,GOODS_SETTLEMENT,proofrail_synthetic,conditional_settlement_case,FALSE,proofrail,synthetic_research
2026-01-08T10:31,GOOD,txn_0002981,cust_payer_17109,USA,2899.95,cust_payee_35216,CANADA,INVOICE_PAYMENT,proofrail_synthetic,conditional_settlement_case,FALSE,proofrail,synthetic_research
2026-01-08T10:32,REVIEW,txn_0002982,cust_payer_09388,GERMANY,2719.41,cust_payee_52162,USA,INVOICE_PAYMENT,proofrail_synthetic,conditional_settlement_case,FALSE,proofrail,synthetic_research
2026-01-08T10:33,GOOD,txn_0002983,cust_payer_64337,USA,9000.73,cust_payee_33484,CANADA,GOODS_SETTLEMENT,proofrail_synthetic,conditional_settlement_case,FALSE,proofrail,synthetic_research
2026-01-08T10:34,GOOD,txn_0002984,cust_payer_77803,USA,554.47,cust_payee_60624,USA,INVOICE_PAYMENT,proofrail_synthetic,conditional_settlement_case,FALSE,proofrail,synthetic_research
2026-01-08T10:36,GOOD,txn_0002985,cust_payer_48123,USA,911.59,cust_payee_77078,CANADA,INVOICE_PAYMENT,proofrail_synthetic,conditional_settlement_case,FALSE,proofrail,synthetic_research
2026-01-08T10:37,GOOD,txn_0002986,cust_payer_01410,USA,2631.66,cust_payee_89849,USA,INVOICE_PAYMENT,proofrail_synthetic,conditional_settlement_case,FALSE,proofrail,synthetic_research
2026-01-08T10:37,BAD,txn_0002987,cust_payer_75006,USA,2299.14,cust_payee_53049,USA,MILESTONE_PAYMENT,proofrail_synthetic,conditional_settlement_case,TRUE,proofrail,synthetic_research
2026-01-08T10:38,REVIEW,txn_0002988,cust_payer_53199,USA,3635.43,cust_payee_02733,USA,MILESTONE_PAYMENT,proofrail_synthetic,conditional_settlement_case,TRUE,proofrail,synthetic_research
2026-01-08T10:41,GOOD,txn_0002989,cust_payer_59186,USA,263.69,cust_payee_43011,USA,INVOICE_PAYMENT,proofrail_synthetic,conditional_settlement_case,FALSE,proofrail,synthetic_research
2026-01-08T10:44,BAD,txn_0002990,cust_payer_71638,USA,1953,cust_payee_20631,MEXICO,INVOICE_PAYMENT,proofrail_synthetic,conditional_settlement_case,TRUE,proofrail,synthetic_research
2026-01-08T10:45,GOOD,txn_0002991,cust_payer_99327,USA,28785.23,cust_payee_41973,USA,INVOICE_PAYMENT,proofrail_synthetic,conditional_settlement_case,FALSE,proofrail,synthetic_research
2026-01-08T10:46,GOOD,txn_0002992,cust_payer_73893,CANADA,1507.27,cust_payee_31606,USA,SERVICE_RETAINER,proofrail_synthetic,conditional_settlement_case,FALSE,proofrail,synthetic_research
2026-01-08T10:47,GOOD,txn_0002993,cust_payer_11111,USA,4131.36,cust_payee_25861,CANADA,MILESTONE_PAYMENT,proofrail_synthetic,conditional_settlement_case,FALSE,proofrail,synthetic_research
2026-01-08T10:48,REVIEW,txn_0002994,cust_payer_32708,USA,1539.68,cust_payee_07524,USA,SERVICE_RETAINER,proofrail_synthetic,conditional_settlement_case,FALSE,proofrail,synthetic_research
2026-01-08T10:57,GOOD,txn_0002995,cust_payer_79457,USA,1761.34,cust_payee_47353,USA,MILESTONE_PAYMENT,proofrail_synthetic,conditional_settlement_case,FALSE,proofrail,synthetic_research
2026-01-08T10:58,GOOD,txn_0002996,cust_payer_43049,USA,1402.68,cust_payee_59186,CANADA,MILESTONE_PAYMENT,proofrail_synthetic,conditional_settlement_case,FALSE,proofrail,synthetic_research
2026-01-08T11:02,REVIEW,txn_0002997,cust_payer_69249,USA,1375.68,cust_payee_18121,USA,INVOICE_PAYMENT,proofrail_synthetic,conditional_settlement_case,FALSE,proofrail,synthetic_research
2026-01-08T11:03,GOOD,txn_0002998,cust_payer_76432,USA,2907.55,cust_payee_51230,USA,INVOICE_PAYMENT,proofrail_synthetic,conditional_settlement_case,FALSE,proofrail,synthetic_research
2026-01-08T11:05,GOOD,txn_0002999,cust_payer_81688,USA,2755.55,cust_payee_37396,USA,SERVICE_RETAINER,proofrail_synthetic,conditional_settlement_case,FALSE,proofrail,synthetic_research
2026-01-08T11:06,GOOD,txn_0003000,cust_payer_08356,CANADA,521.44,cust_payee_07984,USA,GOODS_SETTLEMENT,proofrail_synthetic,conditional_settlement_case,FALSE,proofrail,synthetic_research
2026-01-08T11:10,BAD,txn_0003001,cust_payer_50048,SINGAPORE,6341.67,cust_payee_00956,MEXICO,GOODS_SETTLEMENT,proofrail_synthetic,conditional_settlement_case,TRUE,proofrail,synthetic_research
2026-01-08T11:12,GOOD,txn_0003002,cust_payer_84769,USA,7525.89,cust_payee_48770,USA,GOODS_SETTLEMENT,proofrail_synthetic,conditional_settlement_case,FALSE,proofrail,synthetic_research
2026-01-08T11:18,GOOD,txn_0003003,cust_payer_51602,SINGAPORE,164.58,cust_payee_59225,USA,GOODS_SETTLEMENT,proofrail_synthetic,conditional_settlement_case,FALSE,proofrail,synthetic_research
2026-01-08T11:18,REVIEW,txn_0003004,cust_payer_53266,USA,4384.2,cust_payee_95830,USA,MILESTONE_PAYMENT,proofrail_synthetic,conditional_settlement_case,TRUE,proofrail,synthetic_research
2026-01-08T11:22,GOOD,txn_0003005,cust_payer_18667,USA,4665.21,cust_payee_97547,USA,MILESTONE_PAYMENT,proofrail_synthetic,conditional_settlement_case,FALSE,proofrail,synthetic_research
2026-01-08T11:23,GOOD,txn_0003006,cust_payer_41000,MEXICO,5601.33,cust_payee_29491,USA,INVOICE_PAYMENT,proofrail_synthetic,conditional_settlement_case,FALSE,proofrail,synthetic_research
2026-01-08T11:23,GOOD,txn_0003007,cust_payer_70894,USA,629.21,cust_payee_85479,USA,INVOICE_PAYMENT,proofrail_synthetic,conditional_settlement_case,FALSE,proofrail,synthetic_research
2026-01-08T11:24,GOOD,txn_0003008,cust_payer_50505,USA,6465.93,cust_payee_42120,USA,GOODS_SETTLEMENT,proofrail_synthetic,conditional_settlement_case,FALSE,proofrail,synthetic_research
2026-01-08T11:24,GOOD,txn_0003009,cust_payer_39383,USA,5998.77,cust_payee_01912,USA,SERVICE_RETAINER,proofrail_synthetic,conditional_settlement_case,FALSE,proofrail,synthetic_research
2026-01-08T11:24,REVIEW,txn_0003010,cust_payer_22880,MEXICO,2156.32,cust_payee_62964,USA,INVOICE_PAYMENT,proofrail_synthetic,conditional_settlement_case,TRUE,proofrail,synthetic_research
2026-01-08T11:28,REVIEW,txn_0003011,cust_payer_02612,USA,1165.71,cust_payee_12279,USA,INVOICE_PAYMENT,proofrail_synthetic,conditional_settlement_case,TRUE,proofrail,synthetic_research
2026-01-08T11:28,GOOD,txn_0003012,cust_payer_54319,USA,590.59,cust_payee_36877,USA,MILESTONE_PAYMENT,proofrail_synthetic,conditional_settlement_case,FALSE,proofrail,synthetic_research
2026-01-08T11:28,GOOD,txn_0003013,cust_payer_83171,USA,903.26,cust_payee_56103,USA,GOODS_SETTLEMENT,proofrail_synthetic,conditional_settlement_case,FALSE,proofrail,synthetic_research
2026-01-08T11:29,GOOD,txn_0003014,cust_payer_22745,USA,4934.98,cust_payee_57095,USA,MILESTONE_PAYMENT,proofrail_synthetic,conditional_settlement_case,FALSE,proofrail,synthetic_research
2026-01-08T11:35,BAD,txn_0003015,cust_payer_44519,USA,1550.59,cust_payee_83968,GERMANY,INVOICE_PAYMENT,proofrail_synthetic,conditional_settlement_case,TRUE,proofrail,synthetic_research
2026-01-08T11:37,REVIEW,txn_0003016,cust_payer_67002,MEXICO,12812.82,cust_payee_11097,USA,GOODS_SETTLEMENT,proofrail_synthetic,conditional_settlement_case,TRUE,proofrail,synthetic_research
2026-01-08T11:38,GOOD,txn_0003017,cust_payer_35811,USA,4588.22,cust_payee_81060,USA,INVOICE_PAYMENT,proofrail_synthetic,conditional_settlement_case,FALSE,proofrail,synthetic_research
2026-01-08T11:40,GOOD,txn_0003018,cust_payer_54745,USA,11024.75,cust_payee_93378,USA,INVOICE_PAYMENT,proofrail_synthetic,conditional_settlement_case,FALSE,proofrail,synthetic_research
2026-01-08T11:40,BAD,txn_0003019,cust_payer_57624,USA,15615.16,cust_payee_20387,USA,INVOICE_PAYMENT,proofrail_synthetic,conditional_settlement_case,TRUE,proofrail,synthetic_research
2026-01-08T11:41,GOOD,txn_0003020,cust_payer_02211,UNITED-KINGDOM,7337.83,cust_payee_08020,USA,SERVICE_RETAINER,proofrail_synthetic,conditional_settlement_case,FALSE,proofrail,synthetic_research
2026-01-08T11:42,BAD,txn_0003021,cust_payer_76262,USA,2904.76,cust_payee_03536,USA,SERVICE_RETAINER,proofrail_synthetic,conditional_settlement_case,TRUE,proofrail,synthetic_research
2026-01-08T11:44,GOOD,txn_0003022,cust_payer_92930,USA,2014.17,cust_payee_48194,USA,MILESTONE_PAYMENT,proofrail_synthetic,conditional_settlement_case,FALSE,proofrail,synthetic_research
2026-01-08T11:45,GOOD,txn_0003023,cust_payer_28789,USA,20385.71,cust_payee_30073,USA,GOODS_SETTLEMENT,proofrail_synthetic,conditional_settlement_case,FALSE,proofrail,synthetic_research
2026-01-08T11:46,REVIEW,txn_0003024,cust_payer_24486,CANADA,2673.41,cust_payee_69383,USA,INVOICE_PAYMENT,proofrail_synthetic,conditional_settlement_case,FALSE,proofrail,synthetic_research
2026-01-08T11:47,GOOD,txn_0003025,cust_payer_73723,USA,2589.59,cust_payee_56645,USA,GOODS_SETTLEMENT,proofrail_synthetic,conditional_settlement_case,FALSE,proofrail,synthetic_research
2026-01-08T11:48,GOOD,txn_0003026,cust_payer_54992,USA,476.59,cust_payee_20627,USA,MILESTONE_PAYMENT,proofrail_synthetic,conditional_settlement_case,FALSE,proofrail,synthetic_research
2026-01-08T11:49,BAD,txn_0003027,cust_payer_43020,USA,8114.68,cust_payee_07007,USA,GOODS_SETTLEMENT,proofrail_synthetic,conditional_settlement_case,TRUE,proofrail,synthetic_research
2026-01-08T11:52,GOOD,txn_0003028,cust_payer_37688,CANADA,260.43,cust_payee_27284,UNITED-KINGDOM,GOODS_SETTLEMENT,proofrail_synthetic,conditional_settlement_case,FALSE,proofrail,synthetic_research
2026-01-08T11:55,GOOD,txn_0003029,cust_payer_35248,USA,419.2,cust_payee_01708,USA,INVOICE_PAYMENT,proofrail_synthetic,conditional_settlement_case,FALSE,proofrail,synthetic_research
2026-01-08T11:56,GOOD,txn_0003030,cust_payer_85061,USA,964.25,cust_payee_09440,UNITED-KINGDOM,MILESTONE_PAYMENT,proofrail_synthetic,conditional_settlement_case,FALSE,proofrail,synthetic_research
2026-01-08T11:56,BAD,txn_0003031,cust_payer_03827,USA,1896.38,cust_payee_64057,USA,GOODS_SETTLEMENT,proofrail_synthetic,conditional_settlement_case,TRUE,proofrail,synthetic_research
2026-01-08T11:56,GOOD,txn_0003032,cust_payer_00678,CANADA,237.07,cust_payee_09862,USA,MILESTONE_PAYMENT,proofrail_synthetic,conditional_settlement_case,FALSE,proofrail,synthetic_research
2026-01-08T11:59,GOOD,txn_0003033,cust_payer_50225,MEXICO,8817.7,cust_payee_49487,USA,GOODS_SETTLEMENT,proofrail_synthetic,conditional_settlement_case,FALSE,proofrail,synthetic_research
2026-01-08T11:59,GOOD,txn_0003034,cust_payer_39414,USA,560.37,cust_payee_50068,USA,GOODS_SETTLEMENT,proofrail_synthetic,conditional_settlement_case,FALSE,proofrail,synthetic_research
2026-01-08T12:00,GOOD,txn_0003035,cust_payer_81076,USA,4264.13,cust_payee_21565,USA,INVOICE_PAYMENT,proofrail_synthetic,conditional_settlement_case,FALSE,proofrail,synthetic_research
2026-01-08T12:02,GOOD,txn_0003036,cust_payer_59782,USA,2669.06,cust_payee_07990,USA,GOODS_SETTLEMENT,proofrail_synthetic,conditional_settlement_case,FALSE,proofrail,synthetic_research
2026-01-08T12:05,GOOD,txn_0003037,cust_payer_95880,USA,6023.12,cust_payee_29481,USA,GOODS_SETTLEMENT,proofrail_synthetic,conditional_settlement_case,FALSE,proofrail,synthetic_research
2026-01-08T12:05,BAD,txn_0003038,cust_payer_63319,USA,4483.88,cust_payee_69371,USA,MILESTONE_PAYMENT,proofrail_synthetic,conditional_settlement_case,TRUE,proofrail,synthetic_research
2026-01-08T12:08,REVIEW,txn_0003039,cust_payer_00282,USA,2725.48,cust_payee_03075,USA,INVOICE_PAYMENT,proofrail_synthetic,conditional_settlement_case,TRUE,proofrail,synthetic_research
2026-01-08T12:13,GOOD,txn_0003040,cust_payer_27633,USA,38677.83,cust_payee_69338,USA,MILESTONE_PAYMENT,proofrail_synthetic,conditional_settlement_case,FALSE,proofrail,synthetic_research
2026-01-08T12:15,REVIEW,txn_0003041,cust_payer_22975,CANADA,1777.85,cust_payee_50894,USA,INVOICE_PAYMENT,proofrail_synthetic,conditional_settlement_case,TRUE,proofrail,synthetic_research
2026-01-08T12:18,REVIEW,txn_0003042,cust_payer_67571,USA,5110.64,cust_payee_93518,USA,MILESTONE_PAYMENT,proofrail_synthetic,conditional_settlement_case,FALSE,proofrail,synthetic_research
2026-01-08T12:22,GOOD,txn_0003043,cust_payer_16630,USA,1883.81,cust_payee_12158,USA,MILESTONE_PAYMENT,proofrail_synthetic,conditional_settlement_case,FALSE,proofrail,synthetic_research
2026-01-08T12:26,BAD,txn_0003044,cust_payer_30538,MEXICO,4338.18,cust_payee_48163,USA,INVOICE_PAYMENT,proofrail_synthetic,conditional_settlement_case,TRUE,proofrail,synthetic_research
2026-01-08T12:27,GOOD,txn_0003045,cust_payer_56774,USA,536.53,cust_payee_35926,USA,INVOICE_PAYMENT,proofrail_synthetic,conditional_settlement_case,FALSE,proofrail,synthetic_research
2026-01-08T12:27,GOOD,txn_0003046,cust_payer_24345,UNITED-KINGDOM,2875.45,cust_payee_44931,USA,GOODS_SETTLEMENT,proofrail_synthetic,conditional_settlement_case,FALSE,proofrail,synthetic_research
2026-01-08T12:28,REVIEW,txn_0003047,cust_payer_50860,USA,11167.44,cust_payee_82116,GERMANY,GOODS_SETTLEMENT,proofrail_synthetic,conditional_settlement_case,FALSE,proofrail,synthetic_research
2026-01-08T12:30,GOOD,txn_0003048,cust_payer_08097,USA,500.02,cust_payee_88983,USA,MILESTONE_PAYMENT,proofrail_synthetic,conditional_settlement_case,FALSE,proofrail,synthetic_research
2026-01-08T12:30,REVIEW,txn_0003049,cust_payer_40234,USA,3437.2,cust_payee_63920,USA,SERVICE_RETAINER,proofrail_synthetic,conditional_settlement_case,TRUE,proofrail,synthetic_research
2026-01-08T12:30,GOOD,txn_0003050,cust_payer_66208,USA,8601.46,cust_payee_38170,USA,SERVICE_RETAINER,proofrail_synthetic,conditional_settlement_case,FALSE,proofrail,synthetic_research
2026-01-08T12:30,GOOD,txn_0003051,cust_payer_94325,USA,265.41,cust_payee_91173,USA,SERVICE_RETAINER,proofrail_synthetic,conditional_settlement_case,FALSE,proofrail,synthetic_research
2026-01-08T12:31,GOOD,txn_0003052,cust_payer_57032,USA,933.2,cust_payee_69134,USA,GOODS_SETTLEMENT,proofrail_synthetic,conditional_settlement_case,FALSE,proofrail,synthetic_research
2026-01-08T12:32,GOOD,txn_0003053,cust_payer_12366,USA,543.81,cust_payee_70357,USA,SERVICE_RETAINER,proofrail_synthetic,conditional_settlement_case,FALSE,proofrail,synthetic_research
2026-01-08T12:33,REVIEW,txn_0003054,cust_payer_79173,CANADA,3044.68,cust_payee_94272,USA,GOODS_SETTLEMENT,proofrail_synthetic,conditional_settlement_case,FALSE,proofrail,synthetic_research
2026-01-08T12:33,GOOD,txn_0003055,cust_payer_57420,CANADA,1367.07,cust_payee_62493,USA,GOODS_SETTLEMENT,proofrail_synthetic,conditional_settlement_case,FALSE,proofrail,synthetic_research
2026-01-08T12:34,REVIEW,txn_0003056,cust_payer_00921,GERMANY,8992.91,cust_payee_33569,USA,MILESTONE_PAYMENT,proofrail_synthetic,conditional_settlement_case,TRUE,proofrail,synthetic_research
2026-01-08T12:36,GOOD,txn_0003057,cust_payer_52575,USA,5334.34,cust_payee_67639,USA,GOODS_SETTLEMENT,proofrail_synthetic,conditional_settlement_case,FALSE,proofrail,synthetic_research
2026-01-08T12:37,REVIEW,txn_0003058,cust_payer_34151,CANADA,3780.37,cust_payee_84201,USA,GOODS_SETTLEMENT,proofrail_synthetic,conditional_settlement_case,FALSE,proofrail,synthetic_research
2026-01-08T12:38,REVIEW,txn_0003059,cust_payer_39075,USA,2378.67,cust_payee_15078,USA,GOODS_SETTLEMENT,proofrail_synthetic,conditional_settlement_case,FALSE,proofrail,synthetic_research
2026-01-08T12:42,GOOD,txn_0003060,cust_payer_47489,USA,1531.54,cust_payee_16620,USA,INVOICE_PAYMENT,proofrail_synthetic,conditional_settlement_case,FALSE,proofrail,synthetic_research
2026-01-08T12:43,GOOD,txn_0003061,cust_payer_46249,USA,1468.02,cust_payee_40817,USA,INVOICE_PAYMENT,proofrail_synthetic,conditional_settlement_case,FALSE,proofrail,synthetic_research
2026-01-08T12:45,GOOD,txn_0003062,cust_payer_75626,USA,3651.63,cust_payee_66381,USA,GOODS_SETTLEMENT,proofrail_synthetic,conditional_settlement_case,FALSE,proofrail,synthetic_research
2026-01-08T12:48,GOOD,txn_0003063,cust_payer_64205,USA,672.71,cust_payee_91398,SINGAPORE,MILESTONE_PAYMENT,proofrail_synthetic,conditional_settlement_case,FALSE,proofrail,synthetic_research
2026-01-08T12:49,GOOD,txn_0003064,cust_payer_33084,USA,4023.9,cust_payee_01837,USA,INVOICE_PAYMENT,proofrail_synthetic,conditional_settlement_case,FALSE,proofrail,synthetic_research
2026-01-08T12:50,GOOD,txn_0003065,cust_payer_12700,USA,2849.13,cust_payee_79302,USA,GOODS_SETTLEMENT,proofrail_synthetic,conditional_settlement_case,FALSE,proofrail,synthetic_research
2026-01-08T12:51,GOOD,txn_0003066,cust_payer_16974,USA,748.47,cust_payee_68771,USA,GOODS_SETTLEMENT,proofrail_synthetic,conditional_settlement_case,FALSE,proofrail,synthetic_research
2026-01-08T12:51,GOOD,txn_0003067,cust_payer_43540,GERMANY,2555.03,cust_payee_25575,CANADA,INVOICE_PAYMENT,proofrail_synthetic,conditional_settlement_case,FALSE,proofrail,synthetic_research
2026-01-08T12:51,GOOD,txn_0003068,cust_payer_09244,CANADA,3219.01,cust_payee_08050,USA,MILESTONE_PAYMENT,proofrail_synthetic,conditional_settlement_case,FALSE,proofrail,synthetic_research
2026-01-08T12:51,GOOD,txn_0003069,cust_payer_48009,USA,820.22,cust_payee_35274,GERMANY,INVOICE_PAYMENT,proofrail_synthetic,conditional_settlement_case,FALSE,proofrail,synthetic_research
2026-01-08T12:53,REVIEW,txn_0003070,cust_payer_21845,MEXICO,9791.78,cust_payee_91035,USA,INVOICE_PAYMENT,proofrail_synthetic,conditional_settlement_case,TRUE,proofrail,synthetic_research
2026-01-08T12:53,GOOD,txn_0003071,cust_payer_76366,USA,4260.18,cust_payee_83466,USA,MILESTONE_PAYMENT,proofrail_synthetic,conditional_settlement_case,FALSE,proofrail,synthetic_research
2026-01-08T12:54,REVIEW,txn_0003072,cust_payer_19466,USA,430.76,cust_payee_67563,USA,GOODS_SETTLEMENT,proofrail_synthetic,conditional_settlement_case,TRUE,proofrail,synthetic_research
2026-01-08T12:55,REVIEW,txn_0003073,cust_payer_27258,USA,670.77,cust_payee_02432,USA,GOODS_SETTLEMENT,proofrail_synthetic,conditional_settlement_case,FALSE,proofrail,synthetic_research
2026-01-08T12:55,REVIEW,txn_0003074,cust_payer_56177,USA,16560.25,cust_payee_61344,USA,INVOICE_PAYMENT,proofrail_synthetic,conditional_settlement_case,TRUE,proofrail,synthetic_research
2026-01-08T12:59,GOOD,txn_0003075,cust_payer_10601,USA,4095.98,cust_payee_09311,USA,GOODS_SETTLEMENT,proofrail_synthetic,conditional_settlement_case,FALSE,proofrail,synthetic_research
2026-01-08T13:02,GOOD,txn_0003076,cust_payer_75540,USA,2320.04,cust_payee_22848,GERMANY,GOODS_SETTLEMENT,proofrail_synthetic,conditional_settlement_case,FALSE,proofrail,synthetic_research
2026-01-08T13:02,BAD,txn_0003077,cust_payer_59878,USA,10134.08,cust_payee_02709,USA,INVOICE_PAYMENT,proofrail_synthetic,conditional_settlement_case,TRUE,proofrail,synthetic_research
2026-01-08T13:05,GOOD,txn_0003078,cust_payer_55269,USA,859.74,cust_payee_65565,USA,INVOICE_PAYMENT,proofrail_synthetic,conditional_settlement_case,FALSE,proofrail,synthetic_research
2026-01-08T13:05,GOOD,txn_0003079,cust_payer_84610,USA,1914.67,cust_payee_89597,USA,INVOICE_PAYMENT,proofrail_synthetic,conditional_settlement_case,FALSE,proofrail,synthetic_research
2026-01-08T13:07,GOOD,txn_0003080,cust_payer_55702,GERMANY,48747.16,cust_payee_06635,USA,MILESTONE_PAYMENT,proofrail_synthetic,conditional_settlement_case,FALSE,proofrail,synthetic_research
2026-01-08T13:12,GOOD,txn_0003081,cust_payer_69656,USA,2251.99,cust_payee_27870,USA,GOODS_SETTLEMENT,proofrail_synthetic,conditional_settlement_case,FALSE,proofrail,synthetic_research
2026-01-08T13:13,GOOD,txn_0003082,cust_payer_40291,USA,4638.83,cust_payee_82255,USA,GOODS_SETTLEMENT,proofrail_synthetic,conditional_settlement_case,FALSE,proofrail,synthetic_research
2026-01-08T13:16,GOOD,txn_0003083,cust_payer_59859,USA,180.39,cust_payee_32663,USA,INVOICE_PAYMENT,proofrail_synthetic,conditional_settlement_case,FALSE,proofrail,synthetic_research
2026-01-08T13:17,GOOD,txn_0003084,cust_payer_43498,USA,1465.89,cust_payee_66706,USA,GOODS_SETTLEMENT,proofrail_synthetic,conditional_settlement_case,FALSE,proofrail,synthetic_research
2026-01-08T13:18,GOOD,txn_0003085,cust_payer_40617,USA,13515.52,cust_payee_66867,USA,MILESTONE_PAYMENT,proofrail_synthetic,conditional_settlement_case,FALSE,proofrail,synthetic_research
2026-01-08T13:19,REVIEW,txn_0003086,cust_payer_76673,USA,1028.57,cust_payee_34801,USA,INVOICE_PAYMENT,proofrail_synthetic,conditional_settlement_case,TRUE,proofrail,synthetic_research
2026-01-08T13:21,GOOD,txn_0003087,cust_payer_63227,USA,704.31,cust_payee_05292,CANADA,MILESTONE_PAYMENT,proofrail_synthetic,conditional_settlement_case,FALSE,proofrail,synthetic_research
2026-01-08T13:23,GOOD,txn_0003088,cust_payer_45647,USA,16595.98,cust_payee_42690,MEXICO,GOODS_SETTLEMENT,proofrail_synthetic,conditional_settlement_case,FALSE,proofrail,synthetic_research
2026-01-08T13:25,GOOD,txn_0003089,cust_payer_10615,USA,351.34,cust_payee_68132,USA,SERVICE_RETAINER,proofrail_synthetic,conditional_settlement_case,FALSE,proofrail,synthetic_research
2026-01-08T13:28,GOOD,txn_0003090,cust_payer_68127,SINGAPORE,9832.76,cust_payee_43496,USA,MILESTONE_PAYMENT,proofrail_synthetic,conditional_settlement_case,FALSE,proofrail,synthetic_research
2026-01-08T13:28,BAD,txn_0003091,cust_payer_67736,USA,543.38,cust_payee_69890,USA,GOODS_SETTLEMENT,proofrail_synthetic,conditional_settlement_case,TRUE,proofrail,synthetic_research
2026-01-08T13:30,GOOD,txn_0003092,cust_payer_07310,USA,2238.33,cust_payee_70736,USA,GOODS_SETTLEMENT,proofrail_synthetic,conditional_settlement_case,FALSE,proofrail,synthetic_research
2026-01-08T13:32,REVIEW,txn_0003093,cust_payer_25391,USA,8622.13,cust_payee_86934,USA,MILESTONE_PAYMENT,proofrail_synthetic,conditional_settlement_case,TRUE,proofrail,synthetic_research
2026-01-08T13:36,GOOD,txn_0003094,cust_payer_81419,USA,24584.75,cust_payee_48150,USA,INVOICE_PAYMENT,proofrail_synthetic,conditional_settlement_case,FALSE,proofrail,synthetic_research
2026-01-08T13:37,GOOD,txn_0003095,cust_payer_59117,USA,2598.65,cust_payee_27487,USA,INVOICE_PAYMENT,proofrail_synthetic,conditional_settlement_case,FALSE,proofrail,synthetic_research
2026-01-08T13:38,REVIEW,txn_0003096,cust_payer_23127,USA,9866.85,cust_payee_48468,USA,MILESTONE_PAYMENT,proofrail_synthetic,conditional_settlement_case,TRUE,proofrail,synthetic_research
2026-01-08T13:38,REVIEW,txn_0003097,cust_payer_37093,USA,1876.08,cust_payee_78241,USA,SERVICE_RETAINER,proofrail_synthetic,conditional_settlement_case,TRUE,proofrail,synthetic_research
2026-01-08T13:39,GOOD,txn_0003098,cust_payer_38896,USA,890.81,cust_payee_35887,USA,GOODS_SETTLEMENT,proofrail_synthetic,conditional_settlement_case,FALSE,proofrail,synthetic_research
2026-01-08T13:39,BAD,txn_0003099,cust_payer_52883,USA,1171.67,cust_payee_83666,USA,INVOICE_PAYMENT,proofrail_synthetic,conditional_settlement_case,TRUE,proofrail,synthetic_research
2026-01-08T13:43,REVIEW,txn_0003100,cust_payer_29854,USA,6596.47,cust_payee_46007,USA,INVOICE_PAYMENT,proofrail_synthetic,conditional_settlement_case,TRUE,proofrail,synthetic_research
2026-01-08T13:44,REVIEW,txn_0003101,cust_payer_06723,USA,5603.87,cust_payee_83035,USA,INVOICE_PAYMENT,proofrail_synthetic,conditional_settlement_case,TRUE,proofrail,synthetic_research
2026-01-08T13:51,GOOD,txn_0003102,cust_payer_80322,USA,2061.29,cust_payee_02229,USA,MILESTONE_PAYMENT,proofrail_synthetic,conditional_settlement_case,FALSE,proofrail,synthetic_research
2026-01-08T13:52,GOOD,txn_0003103,cust_payer_87115,USA,2532.41,cust_payee_29553,USA,INVOICE_PAYMENT,proofrail_synthetic,conditional_settlement_case,FALSE,proofrail,synthetic_research
2026-01-08T13:54,REVIEW,txn_0003104,cust_payer_38940,USA,1411.42,cust_payee_69452,CANADA,GOODS_SETTLEMENT,proofrail_synthetic,conditional_settlement_case,FALSE,proofrail,synthetic_research
2026-01-08T13:55,REVIEW,txn_0003105,cust_payer_75761,USA,4146.37,cust_payee_88316,UNITED-KINGDOM,SERVICE_RETAINER,proofrail_synthetic,conditional_settlement_case,TRUE,proofrail,synthetic_research
2026-01-08T13:56,GOOD,txn_0003106,cust_payer_80209,USA,4361.57,cust_payee_83078,USA,INVOICE_PAYMENT,proofrail_synthetic,conditional_settlement_case,FALSE,proofrail,synthetic_research
2026-01-08T13:57,REVIEW,txn_0003107,cust_payer_05523,USA,4039.07,cust_payee_33038,USA,MILESTONE_PAYMENT,proofrail_synthetic,conditional_settlement_case,TRUE,proofrail,synthetic_research
2026-01-08T13:57,GOOD,txn_0003108,cust_payer_31743,USA,5082.68,cust_payee_44549,USA,GOODS_SETTLEMENT,proofrail_synthetic,conditional_settlement_case,FALSE,proofrail,synthetic_research
2026-01-08T14:00,BAD,txn_0003109,cust_payer_28351,UNITED-KINGDOM,845.21,cust_payee_20673,USA,MILESTONE_PAYMENT,proofrail_synthetic,conditional_settlement_case,TRUE,proofrail,synthetic_research
2026-01-08T14:02,GOOD,txn_0003110,cust_payer_20474,USA,1723.89,cust_payee_22389,USA,INVOICE_PAYMENT,proofrail_synthetic,conditional_settlement_case,FALSE,proofrail,synthetic_research
2026-01-08T14:03,REVIEW,txn_0003111,cust_payer_21118,USA,2835.15,cust_payee_34703,CANADA,INVOICE_PAYMENT,proofrail_synthetic,conditional_settlement_case,FALSE,proofrail,synthetic_research
2026-01-08T14:04,GOOD,txn_0003112,cust_payer_63530,USA,974.32,cust_payee_53851,USA,INVOICE_PAYMENT,proofrail_synthetic,conditional_settlement_case,FALSE,proofrail,synthetic_research
2026-01-08T14:05,REVIEW,txn_0003113,cust_payer_47567,USA,19415.3,cust_payee_28251,USA,INVOICE_PAYMENT,proofrail_synthetic,conditional_settlement_case,FALSE,proofrail,synthetic_research
2026-01-08T14:06,GOOD,txn_0003114,cust_payer_24601,USA,9187.53,cust_payee_15989,USA,INVOICE_PAYMENT,proofrail_synthetic,conditional_settlement_case,FALSE,proofrail,synthetic_research
2026-01-08T14:06,REVIEW,txn_0003115,cust_payer_78410,USA,1809.04,cust_payee_87624,USA,SERVICE_RETAINER,proofrail_synthetic,conditional_settlement_case,TRUE,proofrail,synthetic_research
2026-01-08T14:06,GOOD,txn_0003116,cust_payer_20969,USA,2512.38,cust_payee_21726,USA,MILESTONE_PAYMENT,proofrail_synthetic,conditional_settlement_case,FALSE,proofrail,synthetic_research
2026-01-08T14:07,BAD,txn_0003117,cust_payer_03664,USA,764.8,cust_payee_50435,CANADA,INVOICE_PAYMENT,proofrail_synthetic,conditional_settlement_case,TRUE,proofrail,synthetic_research
2026-01-08T14:11,REVIEW,txn_0003118,cust_payer_24318,USA,1582.48,cust_payee_77367,USA,MILESTONE_PAYMENT,proofrail_synthetic,conditional_settlement_case,TRUE,proofrail,synthetic_research
2026-01-08T14:12,GOOD,txn_0003119,cust_payer_20483,USA,4427.55,cust_payee_90983,MEXICO,GOODS_SETTLEMENT,proofrail_synthetic,conditional_settlement_case,FALSE,proofrail,synthetic_research
2026-01-08T14:12,GOOD,txn_0003120,cust_payer_68458,USA,22751.54,cust_payee_58561,USA,INVOICE_PAYMENT,proofrail_synthetic,conditional_settlement_case,FALSE,proofrail,synthetic_research
2026-01-08T14:13,GOOD,txn_0003121,cust_payer_63206,USA,8113.43,cust_payee_47371,USA,GOODS_SETTLEMENT,proofrail_synthetic,conditional_settlement_case,FALSE,proofrail,synthetic_research
2026-01-08T14:16,REVIEW,txn_0003122,cust_payer_73080,CANADA,2314.98,cust_payee_57113,USA,INVOICE_PAYMENT,proofrail_synthetic,conditional_settlement_case,TRUE,proofrail,synthetic_research
2026-01-08T14:16,REVIEW,txn_0003123,cust_payer_48069,USA,4157.78,cust_payee_84715,USA,GOODS_SETTLEMENT,proofrail_synthetic,conditional_settlement_case,FALSE,proofrail,synthetic_research
2026-01-08T14:17,REVIEW,txn_0003124,cust_payer_17064,USA,18972.17,cust_payee_88800,USA,INVOICE_PAYMENT,proofrail_synthetic,conditional_settlement_case,TRUE,proofrail,synthetic_research
2026-01-08T14:22,GOOD,txn_0003125,cust_payer_18722,CANADA,1572.11,cust_payee_55420,USA,INVOICE_PAYMENT,proofrail_synthetic,conditional_settlement_case,FALSE,proofrail,synthetic_research
2026-01-08T14:23,BAD,txn_0003126,cust_payer_32553,CANADA,7107.77,cust_payee_26265,CANADA,MILESTONE_PAYMENT,proofrail_synthetic,conditional_settlement_case,TRUE,proofrail,synthetic_research
2026-01-08T14:24,GOOD,txn_0003127,cust_payer_53475,USA,258.9,cust_payee_83090,USA,MILESTONE_PAYMENT,proofrail_synthetic,conditional_settlement_case,FALSE,proofrail,synthetic_research
2026-01-08T14:26,REVIEW,txn_0003128,cust_payer_34930,USA,2349.49,cust_payee_24913,USA,MILESTONE_PAYMENT,proofrail_synthetic,conditional_settlement_case,TRUE,proofrail,synthetic_research
2026-01-08T14:27,GOOD,txn_0003129,cust_payer_58225,USA,922.03,cust_payee_36927,USA,GOODS_SETTLEMENT,proofrail_synthetic,conditional_settlement_case,FALSE,proofrail,synthetic_research
2026-01-08T14:33,GOOD,txn_0003130,cust_payer_96607,USA,7314.14,cust_payee_03921,USA,INVOICE_PAYMENT,proofrail_synthetic,conditional_settlement_case,FALSE,proofrail,synthetic_research
2026-01-08T14:34,BAD,txn_0003131,cust_payer_38970,USA,2615.5,cust_payee_16888,USA,SERVICE_RETAINER,proofrail_synthetic,conditional_settlement_case,TRUE,proofrail,synthetic_research
2026-01-08T14:36,GOOD,txn_0003132,cust_payer_95941,USA,5297.16,cust_payee_38462,USA,INVOICE_PAYMENT,proofrail_synthetic,conditional_settlement_case,FALSE,proofrail,synthetic_research
2026-01-08T14:37,GOOD,txn_0003133,cust_payer_87982,USA,1501.24,cust_payee_35979,USA,INVOICE_PAYMENT,proofrail_synthetic,conditional_settlement_case,FALSE,proofrail,synthetic_research
2026-01-08T14:38,GOOD,txn_0003134,cust_payer_56447,USA,2212.25,cust_payee_58311,USA,INVOICE_PAYMENT,proofrail_synthetic,conditional_settlement_case,FALSE,proofrail,synthetic_research
2026-01-08T14:42,GOOD,txn_0003135,cust_payer_62146,USA,2885.29,cust_payee_06784,USA,INVOICE_PAYMENT,proofrail_synthetic,conditional_settlement_case,FALSE,proofrail,synthetic_research
2026-01-08T14:44,GOOD,txn_0003136,cust_payer_33562,USA,4033.66,cust_payee_27238,USA,INVOICE_PAYMENT,proofrail_synthetic,conditional_settlement_case,FALSE,proofrail,synthetic_research
2026-01-08T14:45,GOOD,txn_0003137,cust_payer_41629,USA,541.36,cust_payee_45582,USA,SERVICE_RETAINER,proofrail_synthetic,conditional_settlement_case,FALSE,proofrail,synthetic_research
2026-01-08T14:45,GOOD,txn_0003138,cust_payer_94976,USA,6599.33,cust_payee_97992,USA,INVOICE_PAYMENT,proofrail_synthetic,conditional_settlement_case,FALSE,proofrail,synthetic_research
2026-01-08T14:47,GOOD,txn_0003139,cust_payer_76326,USA,6765.35,cust_payee_96389,CANADA,GOODS_SETTLEMENT,proofrail_synthetic,conditional_settlement_case,FALSE,proofrail,synthetic_research
2026-01-08T14:47,REVIEW,txn_0003140,cust_payer_94222,SINGAPORE,4403.14,cust_payee_81833,USA,MILESTONE_PAYMENT,proofrail_synthetic,conditional_settlement_case,TRUE,proofrail,synthetic_research
2026-01-08T14:48,GOOD,txn_0003141,cust_payer_77485,USA,940.17,cust_payee_33672,USA,GOODS_SETTLEMENT,proofrail_synthetic,conditional_settlement_case,FALSE,proofrail,synthetic_research
2026-01-08T14:52,REVIEW,txn_0003142,cust_payer_56819,USA,4224.4,cust_payee_81967,USA,INVOICE_PAYMENT,proofrail_synthetic,conditional_settlement_case,FALSE,proofrail,synthetic_research
2026-01-08T14:54,BAD,txn_0003143,cust_payer_61385,USA,444.6,cust_payee_19453,USA,INVOICE_PAYMENT,proofrail_synthetic,conditional_settlement_case,TRUE,proofrail,synthetic_research
2026-01-08T14:55,GOOD,txn_0003144,cust_payer_17663,USA,2536.53,cust_payee_32958,USA,GOODS_SETTLEMENT,proofrail_synthetic,conditional_settlement_case,FALSE,proofrail,synthetic_research
2026-01-08T14:55,REVIEW,txn_0003145,cust_payer_32631,USA,2251.43,cust_payee_56659,USA,MILESTONE_PAYMENT,proofrail_synthetic,conditional_settlement_case,FALSE,proofrail,synthetic_research
2026-01-08T14:55,GOOD,txn_0003146,cust_payer_89389,USA,4318.64,cust_payee_73696,USA,SERVICE_RETAINER,proofrail_synthetic,conditional_settlement_case,FALSE,proofrail,synthetic_research
2026-01-08T14:56,REVIEW,txn_0003147,cust_payer_85879,CANADA,5979.98,cust_payee_88030,USA,INVOICE_PAYMENT,proofrail_synthetic,conditional_settlement_case,FALSE,proofrail,synthetic_research
2026-01-08T14:57,BAD,txn_0003148,cust_payer_64649,USA,608.56,cust_payee_56127,USA,INVOICE_PAYMENT,proofrail_synthetic,conditional_settlement_case,TRUE,proofrail,synthetic_research
2026-01-08T14:58,GOOD,txn_0003149,cust_payer_81514,USA,3932.7,cust_payee_24487,USA,MILESTONE_PAYMENT,proofrail_synthetic,conditional_settlement_case,FALSE,proofrail,synthetic_research
2026-01-08T14:59,BAD,txn_0003150,cust_payer_98148,USA,8084.48,cust_payee_37739,USA,SERVICE_RETAINER,proofrail_synthetic,conditional_settlement_case,TRUE,proofrail,synthetic_research
2026-01-08T15:00,GOOD,txn_0003151,cust_payer_12087,USA,7834.85,cust_payee_76188,CANADA,MILESTONE_PAYMENT,proofrail_synthetic,conditional_settlement_case,FALSE,proofrail,synthetic_research
2026-01-08T15:06,GOOD,txn_0003152,cust_payer_62684,GERMANY,2192.84,cust_payee_57076,SINGAPORE,INVOICE_PAYMENT,proofrail_synthetic,conditional_settlement_case,FALSE,proofrail,synthetic_research
2026-01-08T15:06,REVIEW,txn_0003153,cust_payer_73263,USA,3179.91,cust_payee_51599,USA,MILESTONE_PAYMENT,proofrail_synthetic,conditional_settlement_case,FALSE,proofrail,synthetic_research
2026-01-08T15:06,GOOD,txn_0003154,cust_payer_86691,USA,1749.36,cust_payee_91583,MEXICO,GOODS_SETTLEMENT,proofrail_synthetic,conditional_settlement_case,FALSE,proofrail,synthetic_research
2026-01-08T15:09,GOOD,txn_0003155,cust_payer_15162,CANADA,428.55,cust_payee_00401,USA,INVOICE_PAYMENT,proofrail_synthetic,conditional_settlement_case,FALSE,proofrail,synthetic_research
2026-01-08T15:11,REVIEW,txn_0003156,cust_payer_70094,USA,468.79,cust_payee_46341,USA,INVOICE_PAYMENT,proofrail_synthetic,conditional_settlement_case,TRUE,proofrail,synthetic_research
2026-01-08T15:13,GOOD,txn_0003157,cust_payer_92549,USA,367.76,cust_payee_52256,USA,INVOICE_PAYMENT,proofrail_synthetic,conditional_settlement_case,FALSE,proofrail,synthetic_research
2026-01-08T15:15,GOOD,txn_0003158,cust_payer_04929,CANADA,2191.58,cust_payee_22201,USA,MILESTONE_PAYMENT,proofrail_synthetic,conditional_settlement_case,FALSE,proofrail,synthetic_research
2026-01-08T15:16,REVIEW,txn_0003159,cust_payer_52522,CANADA,2719.08,cust_payee_32791,CANADA,INVOICE_PAYMENT,proofrail_synthetic,conditional_settlement_case,FALSE,proofrail,synthetic_research
2026-01-08T15:17,GOOD,txn_0003160,cust_payer_70923,USA,3098.28,cust_payee_38540,USA,INVOICE_PAYMENT,proofrail_synthetic,conditional_settlement_case,FALSE,proofrail,synthetic_research
2026-01-08T15:18,GOOD,txn_0003161,cust_payer_08119,USA,1307.4,cust_payee_67121,USA,MILESTONE_PAYMENT,proofrail_synthetic,conditional_settlement_case,FALSE,proofrail,synthetic_research
2026-01-08T15:18,REVIEW,txn_0003162,cust_payer_20769,USA,1223.35,cust_payee_37423,MEXICO,INVOICE_PAYMENT,proofrail_synthetic,conditional_settlement_case,FALSE,proofrail,synthetic_research
2026-01-08T15:24,REVIEW,txn_0003163,cust_payer_20926,USA,3874.39,cust_payee_14597,USA,INVOICE_PAYMENT,proofrail_synthetic,conditional_settlement_case,TRUE,proofrail,synthetic_research
2026-01-08T15:25,GOOD,txn_0003164,cust_payer_81486,USA,10845.35,cust_payee_58430,USA,INVOICE_PAYMENT,proofrail_synthetic,conditional_settlement_case,FALSE,proofrail,synthetic_research
2026-01-08T15:26,GOOD,txn_0003165,cust_payer_39393,USA,2933.4,cust_payee_94621,CANADA,INVOICE_PAYMENT,proofrail_synthetic,conditional_settlement_case,FALSE,proofrail,synthetic_research
2026-01-08T15:35,GOOD,txn_0003166,cust_payer_18016,SINGAPORE,779.85,cust_payee_79302,USA,MILESTONE_PAYMENT,proofrail_synthetic,conditional_settlement_case,FALSE,proofrail,synthetic_research
2026-01-08T15:37,GOOD,txn_0003167,cust_payer_92467,MEXICO,4683.3,cust_payee_69057,USA,MILESTONE_PAYMENT,proofrail_synthetic,conditional_settlement_case,FALSE,proofrail,synthetic_research
2026-01-08T15:39,GOOD,txn_0003168,cust_payer_19526,USA,1348.53,cust_payee_79024,USA,GOODS_SETTLEMENT,proofrail_synthetic,conditional_settlement_case,FALSE,proofrail,synthetic_research
2026-01-08T15:39,GOOD,txn_0003169,cust_payer_45883,USA,1209.46,cust_payee_03098,CANADA,GOODS_SETTLEMENT,proofrail_synthetic,conditional_settlement_case,FALSE,proofrail,synthetic_research
2026-01-08T15:40,GOOD,txn_0003170,cust_payer_58621,USA,10519.48,cust_payee_58519,USA,INVOICE_PAYMENT,proofrail_synthetic,conditional_settlement_case,FALSE,proofrail,synthetic_research
2026-01-08T15:40,REVIEW,txn_0003171,cust_payer_28829,SINGAPORE,9886.16,cust_payee_51441,USA,MILESTONE_PAYMENT,proofrail_synthetic,conditional_settlement_case,TRUE,proofrail,synthetic_research
2026-01-08T15:42,BAD,txn_0003172,cust_payer_19639,USA,4334.71,cust_payee_80717,USA,INVOICE_PAYMENT,proofrail_synthetic,conditional_settlement_case,TRUE,proofrail,synthetic_research
2026-01-08T15:43,BAD,txn_0003173,cust_payer_09856,USA,1390.63,cust_payee_58146,USA,MILESTONE_PAYMENT,proofrail_synthetic,conditional_settlement_case,TRUE,proofrail,synthetic_research
2026-01-08T15:44,GOOD,txn_0003174,cust_payer_40184,CANADA,2453.59,cust_payee_03363,USA,INVOICE_PAYMENT,proofrail_synthetic,conditional_settlement_case,FALSE,proofrail,synthetic_research
2026-01-08T15:45,BAD,txn_0003175,cust_payer_32691,USA,4160.71,cust_payee_82035,USA,MILESTONE_PAYMENT,proofrail_synthetic,conditional_settlement_case,TRUE,proofrail,synthetic_research
2026-01-08T15:49,BAD,txn_0003176,cust_payer_59206,USA,4981.45,cust_payee_35724,USA,INVOICE_PAYMENT,proofrail_synthetic,conditional_settlement_case,TRUE,proofrail,synthetic_research
2026-01-08T15:49,REVIEW,txn_0003177,cust_payer_87508,USA,2054.45,cust_payee_49339,USA,MILESTONE_PAYMENT,proofrail_synthetic,conditional_settlement_case,FALSE,proofrail,synthetic_research
2026-01-08T15:50,REVIEW,txn_0003178,cust_payer_31047,USA,1050.45,cust_payee_52339,USA,INVOICE_PAYMENT,proofrail_synthetic,conditional_settlement_case,TRUE,proofrail,synthetic_research
2026-01-08T15:51,GOOD,txn_0003179,cust_payer_92789,USA,286.64,cust_payee_01465,USA,INVOICE_PAYMENT,proofrail_synthetic,conditional_settlement_case,FALSE,proofrail,synthetic_research
2026-01-08T15:54,GOOD,txn_0003180,cust_payer_19235,USA,9950.66,cust_payee_68088,USA,MILESTONE_PAYMENT,proofrail_synthetic,conditional_settlement_case,FALSE,proofrail,synthetic_research
2026-01-08T15:56,GOOD,txn_0003181,cust_payer_40729,USA,4884.49,cust_payee_35431,USA,GOODS_SETTLEMENT,proofrail_synthetic,conditional_settlement_case,FALSE,proofrail,synthetic_research
2026-01-08T15:57,REVIEW,txn_0003182,cust_payer_06130,CANADA,2622.32,cust_payee_70683,CANADA,MILESTONE_PAYMENT,proofrail_synthetic,conditional_settlement_case,FALSE,proofrail,synthetic_research
2026-01-08T15:58,GOOD,txn_0003183,cust_payer_25367,USA,2322.64,cust_payee_62971,USA,INVOICE_PAYMENT,proofrail_synthetic,conditional_settlement_case,FALSE,proofrail,synthetic_research
2026-01-08T15:59,GOOD,txn_0003184,cust_payer_69146,USA,1614.7,cust_payee_94699,USA,INVOICE_PAYMENT,proofrail_synthetic,conditional_settlement_case,FALSE,proofrail,synthetic_research
2026-01-08T16:00,GOOD,txn_0003185,cust_payer_40727,USA,863.62,cust_payee_97876,USA,MILESTONE_PAYMENT,proofrail_synthetic,conditional_settlement_case,FALSE,proofrail,synthetic_research
2026-01-08T16:00,BAD,txn_0003186,cust_payer_40898,USA,239.05,cust_payee_60876,USA,GOODS_SETTLEMENT,proofrail_synthetic,conditional_settlement_case,TRUE,proofrail,synthetic_research
2026-01-08T16:00,REVIEW,txn_0003187,cust_payer_79913,USA,873.68,cust_payee_18474,USA,SERVICE_RETAINER,proofrail_synthetic,conditional_settlement_case,FALSE,proofrail,synthetic_research
2026-01-08T16:01,BAD,txn_0003188,cust_payer_44712,CANADA,1640.15,cust_payee_35309,USA,GOODS_SETTLEMENT,proofrail_synthetic,conditional_settlement_case,TRUE,proofrail,synthetic_research
2026-01-08T16:02,GOOD,txn_0003189,cust_payer_74160,USA,1212.06,cust_payee_43680,USA,MILESTONE_PAYMENT,proofrail_synthetic,conditional_settlement_case,FALSE,proofrail,synthetic_research
2026-01-08T16:02,GOOD,txn_0003190,cust_payer_51275,USA,3706.37,cust_payee_39025,CANADA,GOODS_SETTLEMENT,proofrail_synthetic,conditional_settlement_case,FALSE,proofrail,synthetic_research
2026-01-08T16:05,GOOD,txn_0003191,cust_payer_11606,USA,1766.7,cust_payee_04334,USA,INVOICE_PAYMENT,proofrail_synthetic,conditional_settlement_case,FALSE,proofrail,synthetic_research
2026-01-08T16:07,REVIEW,txn_0003192,cust_payer_99166,USA,4103.25,cust_payee_58852,USA,INVOICE_PAYMENT,proofrail_synthetic,conditional_settlement_case,FALSE,proofrail,synthetic_research
2026-01-08T16:10,GOOD,txn_0003193,cust_payer_25294,USA,1155.42,cust_payee_51912,USA,MILESTONE_PAYMENT,proofrail_synthetic,conditional_settlement_case,FALSE,proofrail,synthetic_research
2026-01-08T16:11,GOOD,txn_0003194,cust_payer_75963,USA,6455.13,cust_payee_66553,MEXICO,GOODS_SETTLEMENT,proofrail_synthetic,conditional_settlement_case,FALSE,proofrail,synthetic_research
2026-01-08T16:14,REVIEW,txn_0003195,cust_payer_03018,USA,3486.24,cust_payee_36013,USA,MILESTONE_PAYMENT,proofrail_synthetic,conditional_settlement_case,TRUE,proofrail,synthetic_research
2026-01-08T16:16,REVIEW,txn_0003196,cust_payer_82667,USA,1374.84,cust_payee_44722,CANADA,INVOICE_PAYMENT,proofrail_synthetic,conditional_settlement_case,TRUE,proofrail,synthetic_research
2026-01-08T16:17,GOOD,txn_0003197,cust_payer_80635,GERMANY,7051.27,cust_payee_66229,CANADA,INVOICE_PAYMENT,proofrail_synthetic,conditional_settlement_case,FALSE,proofrail,synthetic_research
2026-01-08T16:18,REVIEW,txn_0003198,cust_payer_55812,USA,1702.56,cust_payee_10306,USA,MILESTONE_PAYMENT,proofrail_synthetic,conditional_settlement_case,TRUE,proofrail,synthetic_research
2026-01-08T16:22,GOOD,txn_0003199,cust_payer_68264,USA,6943.06,cust_payee_02222,CANADA,INVOICE_PAYMENT,proofrail_synthetic,conditional_settlement_case,FALSE,proofrail,synthetic_research
2026-01-08T16:22,GOOD,txn_0003200,cust_payer_14120,USA,1737.59,cust_payee_15692,USA,INVOICE_PAYMENT,proofrail_synthetic,conditional_settlement_case,FALSE,proofrail,synthetic_research
2026-01-08T16:23,GOOD,txn_0003201,cust_payer_81469,USA,5878.57,cust_payee_86239,USA,INVOICE_PAYMENT,proofrail_synthetic,conditional_settlement_case,FALSE,proofrail,synthetic_research
2026-01-08T16:25,REVIEW,txn_0003202,cust_payer_52157,CANADA,1397.06,cust_payee_03285,SINGAPORE,SERVICE_RETAINER,proofrail_synthetic,conditional_settlement_case,FALSE,proofrail,synthetic_research
2026-01-08T16:26,GOOD,txn_0003203,cust_payer_38272,CANADA,315.03,cust_payee_27553,USA,INVOICE_PAYMENT,proofrail_synthetic,conditional_settlement_case,FALSE,proofrail,synthetic_research
2026-01-08T16:27,GOOD,txn_0003204,cust_payer_43879,USA,7723.76,cust_payee_26406,USA,INVOICE_PAYMENT,proofrail_synthetic,conditional_settlement_case,FALSE,proofrail,synthetic_research
2026-01-08T16:29,REVIEW,txn_0003205,cust_payer_70714,USA,16976.17,cust_payee_02286,USA,SERVICE_RETAINER,proofrail_synthetic,conditional_settlement_case,TRUE,proofrail,synthetic_research
2026-01-08T16:31,GOOD,txn_0003206,cust_payer_04141,USA,1275.64,cust_payee_43648,USA,MILESTONE_PAYMENT,proofrail_synthetic,conditional_settlement_case,FALSE,proofrail,synthetic_research
2026-01-08T16:33,GOOD,txn_0003207,cust_payer_30730,USA,1247.23,cust_payee_67253,USA,INVOICE_PAYMENT,proofrail_synthetic,conditional_settlement_case,FALSE,proofrail,synthetic_research
2026-01-08T16:34,REVIEW,txn_0003208,cust_payer_93867,USA,1320.18,cust_payee_05616,USA,INVOICE_PAYMENT,proofrail_synthetic,conditional_settlement_case,TRUE,proofrail,synthetic_research
2026-01-08T16:36,REVIEW,txn_0003209,cust_payer_42528,USA,3027.63,cust_payee_63448,GERMANY,GOODS_SETTLEMENT,proofrail_synthetic,conditional_settlement_case,FALSE,proofrail,synthetic_research
2026-01-08T16:41,GOOD,txn_0003210,cust_payer_72741,USA,4379.53,cust_payee_53676,USA,INVOICE_PAYMENT,proofrail_synthetic,conditional_settlement_case,FALSE,proofrail,synthetic_research
2026-01-08T16:43,GOOD,txn_0003211,cust_payer_45754,USA,5404.1,cust_payee_90619,USA,GOODS_SETTLEMENT,proofrail_synthetic,conditional_settlement_case,FALSE,proofrail,synthetic_research
2026-01-08T16:45,GOOD,txn_0003212,cust_payer_97128,USA,2610.4,cust_payee_17717,USA,MILESTONE_PAYMENT,proofrail_synthetic,conditional_settlement_case,FALSE,proofrail,synthetic_research
2026-01-08T16:46,REVIEW,txn_0003213,cust_payer_42362,USA,1617.93,cust_payee_47336,USA,GOODS_SETTLEMENT,proofrail_synthetic,conditional_settlement_case,FALSE,proofrail,synthetic_research
2026-01-08T16:47,BAD,txn_0003214,cust_payer_86684,USA,2720.63,cust_payee_16935,USA,MILESTONE_PAYMENT,proofrail_synthetic,conditional_settlement_case,TRUE,proofrail,synthetic_research
2026-01-08T16:51,GOOD,txn_0003215,cust_payer_53914,USA,1909.85,cust_payee_10014,SINGAPORE,MILESTONE_PAYMENT,proofrail_synthetic,conditional_settlement_case,FALSE,proofrail,synthetic_research
2026-01-08T16:51,REVIEW,txn_0003216,cust_payer_55020,SINGAPORE,1125.64,cust_payee_59606,USA,SERVICE_RETAINER,proofrail_synthetic,conditional_settlement_case,TRUE,proofrail,synthetic_research
2026-01-08T16:52,GOOD,txn_0003217,cust_payer_40296,USA,21017,cust_payee_13034,USA,INVOICE_PAYMENT,proofrail_synthetic,conditional_settlement_case,FALSE,proofrail,synthetic_research
2026-01-08T16:53,GOOD,txn_0003218,cust_payer_95734,USA,3705.99,cust_payee_74895,USA,GOODS_SETTLEMENT,proofrail_synthetic,conditional_settlement_case,FALSE,proofrail,synthetic_research
2026-01-08T16:54,REVIEW,txn_0003219,cust_payer_19976,USA,2628.35,cust_payee_43432,USA,MILESTONE_PAYMENT,proofrail_synthetic,conditional_settlement_case,FALSE,proofrail,synthetic_research
2026-01-08T16:56,GOOD,txn_0003220,cust_payer_75048,USA,16265.67,cust_payee_66708,USA,SERVICE_RETAINER,proofrail_synthetic,conditional_settlement_case,FALSE,proofrail,synthetic_research
2026-01-08T16:56,BAD,txn_0003221,cust_payer_41607,USA,1292.18,cust_payee_18424,USA,INVOICE_PAYMENT,proofrail_synthetic,conditional_settlement_case,TRUE,proofrail,synthetic_research
2026-01-08T16:56,GOOD,txn_0003222,cust_payer_20306,SINGAPORE,2857.08,cust_payee_80901,USA,SERVICE_RETAINER,proofrail_synthetic,conditional_settlement_case,FALSE,proofrail,synthetic_research
2026-01-08T17:03,GOOD,txn_0003223,cust_payer_32012,CANADA,9440.6,cust_payee_13985,USA,INVOICE_PAYMENT,proofrail_synthetic,conditional_settlement_case,FALSE,proofrail,synthetic_research
2026-01-08T17:03,GOOD,txn_0003224,cust_payer_27648,USA,5825.75,cust_payee_08640,USA,INVOICE_PAYMENT,proofrail_synthetic,conditional_settlement_case,FALSE,proofrail,synthetic_research
2026-01-08T17:05,REVIEW,txn_0003225,cust_payer_62708,USA,85.09,cust_payee_62162,USA,GOODS_SETTLEMENT,proofrail_synthetic,conditional_settlement_case,TRUE,proofrail,synthetic_research
2026-01-08T17:06,GOOD,txn_0003226,cust_payer_40072,CANADA,1064.51,cust_payee_10205,USA,SERVICE_RETAINER,proofrail_synthetic,conditional_settlement_case,FALSE,proofrail,synthetic_research
2026-01-08T17:08,GOOD,txn_0003227,cust_payer_66327,UNITED-KINGDOM,2115.97,cust_payee_03446,USA,INVOICE_PAYMENT,proofrail_synthetic,conditional_settlement_case,FALSE,proofrail,synthetic_research
2026-01-08T17:08,REVIEW,txn_0003228,cust_payer_63385,MEXICO,3348.4,cust_payee_01077,USA,GOODS_SETTLEMENT,proofrail_synthetic,conditional_settlement_case,TRUE,proofrail,synthetic_research
2026-01-08T17:08,BAD,txn_0003229,cust_payer_14642,USA,737.83,cust_payee_53253,USA,GOODS_SETTLEMENT,proofrail_synthetic,conditional_settlement_case,TRUE,proofrail,synthetic_research
2026-01-08T17:08,GOOD,txn_0003230,cust_payer_15005,USA,9383.75,cust_payee_14681,USA,GOODS_SETTLEMENT,proofrail_synthetic,conditional_settlement_case,FALSE,proofrail,synthetic_research
2026-01-08T17:12,GOOD,txn_0003231,cust_payer_64844,UNITED-KINGDOM,2228.28,cust_payee_15393,USA,INVOICE_PAYMENT,proofrail_synthetic,conditional_settlement_case,FALSE,proofrail,synthetic_research
2026-01-08T17:13,REVIEW,txn_0003232,cust_payer_94544,CANADA,4580.99,cust_payee_37436,USA,INVOICE_PAYMENT,proofrail_synthetic,conditional_settlement_case,TRUE,proofrail,synthetic_research
2026-01-08T17:13,GOOD,txn_0003233,cust_payer_65238,USA,1035.72,cust_payee_69287,USA,GOODS_SETTLEMENT,proofrail_synthetic,conditional_settlement_case,FALSE,proofrail,synthetic_research
2026-01-08T17:14,GOOD,txn_0003234,cust_payer_06837,USA,1327.6,cust_payee_37565,USA,GOODS_SETTLEMENT,proofrail_synthetic,conditional_settlement_case,FALSE,proofrail,synthetic_research
2026-01-08T17:15,GOOD,txn_0003235,cust_payer_38778,USA,734.41,cust_payee_58380,USA,INVOICE_PAYMENT,proofrail_synthetic,conditional_settlement_case,FALSE,proofrail,synthetic_research
2026-01-08T17:15,REVIEW,txn_0003236,cust_payer_54447,USA,5216.38,cust_payee_64948,USA,GOODS_SETTLEMENT,proofrail_synthetic,conditional_settlement_case,FALSE,proofrail,synthetic_research
2026-01-08T17:17,GOOD,txn_0003237,cust_payer_78792,USA,2016.89,cust_payee_94265,CANADA,GOODS_SETTLEMENT,proofrail_synthetic,conditional_settlement_case,FALSE,proofrail,synthetic_research
2026-01-08T17:20,GOOD,txn_0003238,cust_payer_34366,USA,430.25,cust_payee_13675,USA,SERVICE_RETAINER,proofrail_synthetic,conditional_settlement_case,FALSE,proofrail,synthetic_research
2026-01-08T17:20,GOOD,txn_0003239,cust_payer_84638,USA,4060.81,cust_payee_82114,USA,GOODS_SETTLEMENT,proofrail_synthetic,conditional_settlement_case,FALSE,proofrail,synthetic_research
2026-01-08T17:21,BAD,txn_0003240,cust_payer_40345,USA,312.06,cust_payee_20245,USA,INVOICE_PAYMENT,proofrail_synthetic,conditional_settlement_case,TRUE,proofrail,synthetic_research
2026-01-08T17:21,BAD,txn_0003241,cust_payer_93595,USA,1801.49,cust_payee_08088,USA,INVOICE_PAYMENT,proofrail_synthetic,conditional_settlement_case,TRUE,proofrail,synthetic_research
2026-01-08T17:23,BAD,txn_0003242,cust_payer_21076,USA,2080.88,cust_payee_15364,SINGAPORE,INVOICE_PAYMENT,proofrail_synthetic,conditional_settlement_case,TRUE,proofrail,synthetic_research
2026-01-08T17:23,REVIEW,txn_0003243,cust_payer_82362,USA,3918.95,cust_payee_14879,USA,INVOICE_PAYMENT,proofrail_synthetic,conditional_settlement_case,FALSE,proofrail,synthetic_research
2026-01-08T17:27,GOOD,txn_0003244,cust_payer_03573,USA,3072.45,cust_payee_04358,USA,INVOICE_PAYMENT,proofrail_synthetic,conditional_settlement_case,FALSE,proofrail,synthetic_research
2026-01-08T17:27,BAD,txn_0003245,cust_payer_47524,USA,2006.03,cust_payee_15705,USA,INVOICE_PAYMENT,proofrail_synthetic,conditional_settlement_case,TRUE,proofrail,synthetic_research
2026-01-08T17:27,GOOD,txn_0003246,cust_payer_35470,USA,1458.39,cust_payee_88965,USA,MILESTONE_PAYMENT,proofrail_synthetic,conditional_settlement_case,FALSE,proofrail,synthetic_research
2026-01-08T17:27,REVIEW,txn_0003247,cust_payer_73579,USA,517.09,cust_payee_61183,USA,INVOICE_PAYMENT,proofrail_synthetic,conditional_settlement_case,TRUE,proofrail,synthetic_research
2026-01-08T17:27,BAD,txn_0003248,cust_payer_51365,USA,244.42,cust_payee_90565,MEXICO,INVOICE_PAYMENT,proofrail_synthetic,conditional_settlement_case,TRUE,proofrail,synthetic_research
2026-01-08T17:28,GOOD,txn_0003249,cust_payer_76092,USA,885.72,cust_payee_19713,GERMANY,GOODS_SETTLEMENT,proofrail_synthetic,conditional_settlement_case,FALSE,proofrail,synthetic_research
2026-01-08T17:28,GOOD,txn_0003250,cust_payer_72124,USA,1937,cust_payee_89295,USA,INVOICE_PAYMENT,proofrail_synthetic,conditional_settlement_case,FALSE,proofrail,synthetic_research
2026-01-08T17:28,GOOD,txn_0003251,cust_payer_76749,USA,4871.29,cust_payee_32458,USA,INVOICE_PAYMENT,proofrail_synthetic,conditional_settlement_case,FALSE,proofrail,synthetic_research
2026-01-08T17:29,REVIEW,txn_0003252,cust_payer_87739,USA,5740.82,cust_payee_49815,USA,INVOICE_PAYMENT,proofrail_synthetic,conditional_settlement_case,TRUE,proofrail,synthetic_research
2026-01-08T17:29,GOOD,txn_0003253,cust_payer_60938,USA,2968.67,cust_payee_04342,CANADA,INVOICE_PAYMENT,proofrail_synthetic,conditional_settlement_case,FALSE,proofrail,synthetic_research
2026-01-08T17:30,REVIEW,txn_0003254,cust_payer_52065,CANADA,694.03,cust_payee_01260,CANADA,INVOICE_PAYMENT,proofrail_synthetic,conditional_settlement_case,TRUE,proofrail,synthetic_research
2026-01-08T17:31,GOOD,txn_0003255,cust_payer_63599,USA,1919.44,cust_payee_79326,USA,SERVICE_RETAINER,proofrail_synthetic,conditional_settlement_case,FALSE,proofrail,synthetic_research
2026-01-08T17:34,GOOD,txn_0003256,cust_payer_17137,USA,345.46,cust_payee_79552,USA,MILESTONE_PAYMENT,proofrail_synthetic,conditional_settlement_case,FALSE,proofrail,synthetic_research
2026-01-08T17:35,BAD,txn_0003257,cust_payer_20956,USA,673.56,cust_payee_87804,USA,GOODS_SETTLEMENT,proofrail_synthetic,conditional_settlement_case,TRUE,proofrail,synthetic_research
2026-01-08T17:36,GOOD,txn_0003258,cust_payer_28593,CANADA,1075.38,cust_payee_51429,USA,MILESTONE_PAYMENT,proofrail_synthetic,conditional_settlement_case,FALSE,proofrail,synthetic_research
2026-01-08T17:36,GOOD,txn_0003259,cust_payer_03309,SINGAPORE,2364.19,cust_payee_06484,USA,INVOICE_PAYMENT,proofrail_synthetic,conditional_settlement_case,FALSE,proofrail,synthetic_research
2026-01-08T17:36,REVIEW,txn_0003260,cust_payer_29114,USA,15900.09,cust_payee_59324,USA,MILESTONE_PAYMENT,proofrail_synthetic,conditional_settlement_case,FALSE,proofrail,synthetic_research
2026-01-08T17:38,REVIEW,txn_0003261,cust_payer_94869,USA,1340.51,cust_payee_92194,USA,INVOICE_PAYMENT,proofrail_synthetic,conditional_settlement_case,TRUE,proofrail,synthetic_research
2026-01-08T17:40,GOOD,txn_0003262,cust_payer_66947,USA,15222.66,cust_payee_28085,USA,MILESTONE_PAYMENT,proofrail_synthetic,conditional_settlement_case,FALSE,proofrail,synthetic_research
2026-01-08T17:41,REVIEW,txn_0003263,cust_payer_09871,USA,3163.87,cust_payee_87136,USA,SERVICE_RETAINER,proofrail_synthetic,conditional_settlement_case,TRUE,proofrail,synthetic_research
2026-01-08T17:41,GOOD,txn_0003264,cust_payer_35218,USA,1006.52,cust_payee_39602,USA,INVOICE_PAYMENT,proofrail_synthetic,conditional_settlement_case,FALSE,proofrail,synthetic_research
2026-01-08T17:45,GOOD,txn_0003265,cust_payer_13358,USA,5408.91,cust_payee_41337,USA,MILESTONE_PAYMENT,proofrail_synthetic,conditional_settlement_case,FALSE,proofrail,synthetic_research
2026-01-08T17:45,REVIEW,txn_0003266,cust_payer_11187,USA,9761.67,cust_payee_92357,USA,INVOICE_PAYMENT,proofrail_synthetic,conditional_settlement_case,TRUE,proofrail,synthetic_research
2026-01-08T17:49,REVIEW,txn_0003267,cust_payer_29457,USA,971.9,cust_payee_26122,MEXICO,INVOICE_PAYMENT,proofrail_synthetic,conditional_settlement_case,TRUE,proofrail,synthetic_research
2026-01-08T17:52,GOOD,txn_0003268,cust_payer_62771,USA,3158.67,cust_payee_08612,UNITED-KINGDOM,INVOICE_PAYMENT,proofrail_synthetic,conditional_settlement_case,FALSE,proofrail,synthetic_research
2026-01-08T17:56,REVIEW,txn_0003269,cust_payer_07107,USA,35262.32,cust_payee_53844,CANADA,INVOICE_PAYMENT,proofrail_synthetic,conditional_settlement_case,TRUE,proofrail,synthetic_research
2026-01-08T18:00,GOOD,txn_0003270,cust_payer_78243,USA,3878.73,cust_payee_49689,USA,INVOICE_PAYMENT,proofrail_synthetic,conditional_settlement_case,FALSE,proofrail,synthetic_research
2026-01-08T18:02,GOOD,txn_0003271,cust_payer_37922,USA,16836.26,cust_payee_30736,CANADA,INVOICE_PAYMENT,proofrail_synthetic,conditional_settlement_case,FALSE,proofrail,synthetic_research
2026-01-08T18:03,REVIEW,txn_0003272,cust_payer_35597,USA,1111.57,cust_payee_92826,CANADA,GOODS_SETTLEMENT,proofrail_synthetic,conditional_settlement_case,TRUE,proofrail,synthetic_research
2026-01-08T18:05,REVIEW,txn_0003273,cust_payer_89454,USA,756.93,cust_payee_75542,USA,GOODS_SETTLEMENT,proofrail_synthetic,conditional_settlement_case,TRUE,proofrail,synthetic_research
2026-01-08T18:05,BAD,txn_0003274,cust_payer_96409,USA,3312.44,cust_payee_26974,USA,INVOICE_PAYMENT,proofrail_synthetic,conditional_settlement_case,TRUE,proofrail,synthetic_research
2026-01-08T18:13,GOOD,txn_0003275,cust_payer_08578,USA,2101.2,cust_payee_91328,USA,SERVICE_RETAINER,proofrail_synthetic,conditional_settlement_case,FALSE,proofrail,synthetic_research
2026-01-08T18:13,REVIEW,txn_0003276,cust_payer_46992,MEXICO,4853.13,cust_payee_34141,USA,INVOICE_PAYMENT,proofrail_synthetic,conditional_settlement_case,TRUE,proofrail,synthetic_research
2026-01-08T18:15,GOOD,txn_0003277,cust_payer_19283,USA,1683.25,cust_payee_04274,USA,INVOICE_PAYMENT,proofrail_synthetic,conditional_settlement_case,FALSE,proofrail,synthetic_research
2026-01-08T18:16,GOOD,txn_0003278,cust_payer_15532,USA,707.53,cust_payee_88380,USA,MILESTONE_PAYMENT,proofrail_synthetic,conditional_settlement_case,FALSE,proofrail,synthetic_research
2026-01-08T18:16,GOOD,txn_0003279,cust_payer_95637,UNITED-KINGDOM,3138.14,cust_payee_54819,GERMANY,SERVICE_RETAINER,proofrail_synthetic,conditional_settlement_case,FALSE,proofrail,synthetic_research
2026-01-08T18:19,GOOD,txn_0003280,cust_payer_41775,USA,1713.02,cust_payee_35744,USA,GOODS_SETTLEMENT,proofrail_synthetic,conditional_settlement_case,FALSE,proofrail,synthetic_research
2026-01-08T18:20,GOOD,txn_0003281,cust_payer_98683,USA,2488.28,cust_payee_49135,USA,INVOICE_PAYMENT,proofrail_synthetic,conditional_settlement_case,FALSE,proofrail,synthetic_research
2026-01-08T18:20,GOOD,txn_0003282,cust_payer_77868,USA,6370.47,cust_payee_55861,USA,INVOICE_PAYMENT,proofrail_synthetic,conditional_settlement_case,FALSE,proofrail,synthetic_research
2026-01-08T18:21,REVIEW,txn_0003283,cust_payer_82944,USA,757.27,cust_payee_59280,USA,INVOICE_PAYMENT,proofrail_synthetic,conditional_settlement_case,TRUE,proofrail,synthetic_research
2026-01-08T18:22,BAD,txn_0003284,cust_payer_15819,USA,3168.63,cust_payee_59383,USA,MILESTONE_PAYMENT,proofrail_synthetic,conditional_settlement_case,TRUE,proofrail,synthetic_research
2026-01-08T18:22,GOOD,txn_0003285,cust_payer_45311,USA,1652,cust_payee_57673,USA,MILESTONE_PAYMENT,proofrail_synthetic,conditional_settlement_case,FALSE,proofrail,synthetic_research
2026-01-08T18:23,GOOD,txn_0003286,cust_payer_43266,USA,1768.51,cust_payee_84716,USA,GOODS_SETTLEMENT,proofrail_synthetic,conditional_settlement_case,FALSE,proofrail,synthetic_research
2026-01-08T18:23,GOOD,txn_0003287,cust_payer_47047,USA,3081.5,cust_payee_70226,USA,GOODS_SETTLEMENT,proofrail_synthetic,conditional_settlement_case,FALSE,proofrail,synthetic_research
2026-01-08T18:23,GOOD,txn_0003288,cust_payer_93406,USA,7676.86,cust_payee_84824,USA,GOODS_SETTLEMENT,proofrail_synthetic,conditional_settlement_case,FALSE,proofrail,synthetic_research
2026-01-08T18:25,GOOD,txn_0003289,cust_payer_43626,UNITED-KINGDOM,1064.67,cust_payee_45495,USA,GOODS_SETTLEMENT,proofrail_synthetic,conditional_settlement_case,FALSE,proofrail,synthetic_research
2026-01-08T18:26,REVIEW,txn_0003290,cust_payer_08014,USA,5320.44,cust_payee_79527,USA,GOODS_SETTLEMENT,proofrail_synthetic,conditional_settlement_case,FALSE,proofrail,synthetic_research
2026-01-08T18:26,GOOD,txn_0003291,cust_payer_74184,USA,12842.27,cust_payee_92382,USA,GOODS_SETTLEMENT,proofrail_synthetic,conditional_settlement_case,FALSE,proofrail,synthetic_research
2026-01-08T18:27,GOOD,txn_0003292,cust_payer_47282,MEXICO,5335.19,cust_payee_64832,USA,INVOICE_PAYMENT,proofrail_synthetic,conditional_settlement_case,FALSE,proofrail,synthetic_research
2026-01-08T18:28,GOOD,txn_0003293,cust_payer_30339,USA,107.67,cust_payee_06553,USA,GOODS_SETTLEMENT,proofrail_synthetic,conditional_settlement_case,FALSE,proofrail,synthetic_research
2026-01-08T18:30,GOOD,txn_0003294,cust_payer_12906,USA,3236.81,cust_payee_81456,USA,INVOICE_PAYMENT,proofrail_synthetic,conditional_settlement_case,FALSE,proofrail,synthetic_research
2026-01-08T18:30,GOOD,txn_0003295,cust_payer_19864,USA,6183.88,cust_payee_18240,USA,INVOICE_PAYMENT,proofrail_synthetic,conditional_settlement_case,FALSE,proofrail,synthetic_research
2026-01-08T18:30,GOOD,txn_0003296,cust_payer_74999,USA,633.87,cust_payee_07185,USA,INVOICE_PAYMENT,proofrail_synthetic,conditional_settlement_case,FALSE,proofrail,synthetic_research
2026-01-08T18:31,GOOD,txn_0003297,cust_payer_71328,USA,8269.2,cust_payee_37120,USA,INVOICE_PAYMENT,proofrail_synthetic,conditional_settlement_case,FALSE,proofrail,synthetic_research
2026-01-08T18:35,REVIEW,txn_0003298,cust_payer_27156,USA,7159.56,cust_payee_93448,USA,MILESTONE_PAYMENT,proofrail_synthetic,conditional_settlement_case,FALSE,proofrail,synthetic_research
2026-01-08T18:37,GOOD,txn_0003299,cust_payer_05377,USA,10692.56,cust_payee_26391,SINGAPORE,GOODS_SETTLEMENT,proofrail_synthetic,conditional_settlement_case,FALSE,proofrail,synthetic_research
2026-01-08T18:41,GOOD,txn_0003300,cust_payer_92888,CANADA,343.95,cust_payee_82639,UNITED-KINGDOM,GOODS_SETTLEMENT,proofrail_synthetic,conditional_settlement_case,FALSE,proofrail,synthetic_research
2026-01-08T18:43,BAD,txn_0003301,cust_payer_87889,USA,4144.63,cust_payee_02212,GERMANY,INVOICE_PAYMENT,proofrail_synthetic,conditional_settlement_case,TRUE,proofrail,synthetic_research
2026-01-08T18:45,GOOD,txn_0003302,cust_payer_07963,USA,2824.82,cust_payee_20219,USA,GOODS_SETTLEMENT,proofrail_synthetic,conditional_settlement_case,FALSE,proofrail,synthetic_research
2026-01-08T18:46,GOOD,txn_0003303,cust_payer_41480,USA,12885.14,cust_payee_31428,USA,GOODS_SETTLEMENT,proofrail_synthetic,conditional_settlement_case,FALSE,proofrail,synthetic_research
2026-01-08T18:46,REVIEW,txn_0003304,cust_payer_77573,USA,14077.04,cust_payee_74130,USA,INVOICE_PAYMENT,proofrail_synthetic,conditional_settlement_case,FALSE,proofrail,synthetic_research
2026-01-08T18:48,GOOD,txn_0003305,cust_payer_34256,USA,932.17,cust_payee_42045,USA,SERVICE_RETAINER,proofrail_synthetic,conditional_settlement_case,FALSE,proofrail,synthetic_research
2026-01-08T18:48,GOOD,txn_0003306,cust_payer_83777,USA,1837.75,cust_payee_11749,USA,GOODS_SETTLEMENT,proofrail_synthetic,conditional_settlement_case,FALSE,proofrail,synthetic_research
2026-01-08T18:50,BAD,txn_0003307,cust_payer_75561,USA,776.74,cust_payee_51014,USA,INVOICE_PAYMENT,proofrail_synthetic,conditional_settlement_case,TRUE,proofrail,synthetic_research
2026-01-08T18:51,REVIEW,txn_0003308,cust_payer_40638,USA,4053.29,cust_payee_64395,USA,MILESTONE_PAYMENT,proofrail_synthetic,conditional_settlement_case,TRUE,proofrail,synthetic_research
2026-01-08T18:51,BAD,txn_0003309,cust_payer_32918,SINGAPORE,4232.72,cust_payee_98070,USA,GOODS_SETTLEMENT,proofrail_synthetic,conditional_settlement_case,TRUE,proofrail,synthetic_research
2026-01-08T18:53,GOOD,txn_0003310,cust_payer_17202,USA,536.95,cust_payee_66611,USA,INVOICE_PAYMENT,proofrail_synthetic,conditional_settlement_case,FALSE,proofrail,synthetic_research
2026-01-08T18:53,REVIEW,txn_0003311,cust_payer_28129,USA,1503.24,cust_payee_60727,USA,INVOICE_PAYMENT,proofrail_synthetic,conditional_settlement_case,TRUE,proofrail,synthetic_research
2026-01-08T18:54,GOOD,txn_0003312,cust_payer_56285,USA,4863.02,cust_payee_57267,UNITED-KINGDOM,INVOICE_PAYMENT,proofrail_synthetic,conditional_settlement_case,FALSE,proofrail,synthetic_research
2026-01-08T18:55,GOOD,txn_0003313,cust_payer_83754,MEXICO,1037.44,cust_payee_81601,USA,INVOICE_PAYMENT,proofrail_synthetic,conditional_settlement_case,FALSE,proofrail,synthetic_research
2026-01-08T18:56,REVIEW,txn_0003314,cust_payer_98397,USA,14043.87,cust_payee_39132,USA,GOODS_SETTLEMENT,proofrail_synthetic,conditional_settlement_case,TRUE,proofrail,synthetic_research
2026-01-08T19:00,GOOD,txn_0003315,cust_payer_66592,SINGAPORE,6373.49,cust_payee_46386,USA,GOODS_SETTLEMENT,proofrail_synthetic,conditional_settlement_case,FALSE,proofrail,synthetic_research
2026-01-08T19:01,REVIEW,txn_0003316,cust_payer_47888,USA,4647.46,cust_payee_06850,USA,INVOICE_PAYMENT,proofrail_synthetic,conditional_settlement_case,FALSE,proofrail,synthetic_research
2026-01-08T19:04,GOOD,txn_0003317,cust_payer_55673,USA,1847.26,cust_payee_34386,USA,INVOICE_PAYMENT,proofrail_synthetic,conditional_settlement_case,FALSE,proofrail,synthetic_research
2026-01-08T19:04,GOOD,txn_0003318,cust_payer_92291,USA,2096.03,cust_payee_24057,USA,MILESTONE_PAYMENT,proofrail_synthetic,conditional_settlement_case,FALSE,proofrail,synthetic_research
2026-01-08T19:04,GOOD,txn_0003319,cust_payer_22909,USA,428.04,cust_payee_14406,USA,MILESTONE_PAYMENT,proofrail_synthetic,conditional_settlement_case,FALSE,proofrail,synthetic_research
2026-01-08T19:08,GOOD,txn_0003320,cust_payer_38489,USA,1778.42,cust_payee_67043,USA,INVOICE_PAYMENT,proofrail_synthetic,conditional_settlement_case,FALSE,proofrail,synthetic_research
2026-01-08T19:10,GOOD,txn_0003321,cust_payer_71590,CANADA,706.31,cust_payee_41045,USA,GOODS_SETTLEMENT,proofrail_synthetic,conditional_settlement_case,FALSE,proofrail,synthetic_research
2026-01-08T19:10,REVIEW,txn_0003322,cust_payer_45541,USA,22525.42,cust_payee_29209,USA,GOODS_SETTLEMENT,proofrail_synthetic,conditional_settlement_case,TRUE,proofrail,synthetic_research
2026-01-08T19:12,GOOD,txn_0003323,cust_payer_05789,USA,1698.33,cust_payee_08618,USA,MILESTONE_PAYMENT,proofrail_synthetic,conditional_settlement_case,FALSE,proofrail,synthetic_research
2026-01-08T19:13,BAD,txn_0003324,cust_payer_79975,USA,2081.36,cust_payee_94109,USA,INVOICE_PAYMENT,proofrail_synthetic,conditional_settlement_case,TRUE,proofrail,synthetic_research
2026-01-08T19:16,GOOD,txn_0003325,cust_payer_35284,USA,14088.51,cust_payee_08074,USA,GOODS_SETTLEMENT,proofrail_synthetic,conditional_settlement_case,FALSE,proofrail,synthetic_research
2026-01-08T19:16,GOOD,txn_0003326,cust_payer_39281,USA,3244.04,cust_payee_21353,USA,GOODS_SETTLEMENT,proofrail_synthetic,conditional_settlement_case,FALSE,proofrail,synthetic_research
2026-01-08T19:17,GOOD,txn_0003327,cust_payer_92549,CANADA,2222.1,cust_payee_48925,USA,SERVICE_RETAINER,proofrail_synthetic,conditional_settlement_case,FALSE,proofrail,synthetic_research
2026-01-08T19:17,REVIEW,txn_0003328,cust_payer_89361,USA,3180.94,cust_payee_52681,USA,MILESTONE_PAYMENT,proofrail_synthetic,conditional_settlement_case,TRUE,proofrail,synthetic_research
2026-01-08T19:20,GOOD,txn_0003329,cust_payer_41048,GERMANY,8523.03,cust_payee_47190,USA,INVOICE_PAYMENT,proofrail_synthetic,conditional_settlement_case,FALSE,proofrail,synthetic_research
2026-01-08T19:21,REVIEW,txn_0003330,cust_payer_49099,USA,8705.06,cust_payee_50943,USA,GOODS_SETTLEMENT,proofrail_synthetic,conditional_settlement_case,TRUE,proofrail,synthetic_research
2026-01-08T19:23,GOOD,txn_0003331,cust_payer_03556,SINGAPORE,4639.68,cust_payee_81778,USA,GOODS_SETTLEMENT,proofrail_synthetic,conditional_settlement_case,FALSE,proofrail,synthetic_research
2026-01-08T19:24,GOOD,txn_0003332,cust_payer_83201,USA,6556.16,cust_payee_86567,CANADA,SERVICE_RETAINER,proofrail_synthetic,conditional_settlement_case,FALSE,proofrail,synthetic_research
2026-01-08T19:25,REVIEW,txn_0003333,cust_payer_00357,USA,2891.76,cust_payee_14811,USA,MILESTONE_PAYMENT,proofrail_synthetic,conditional_settlement_case,FALSE,proofrail,synthetic_research
2026-01-08T19:26,GOOD,txn_0003334,cust_payer_12290,USA,2319.67,cust_payee_34859,USA,MILESTONE_PAYMENT,proofrail_synthetic,conditional_settlement_case,FALSE,proofrail,synthetic_research
2026-01-08T19:26,GOOD,txn_0003335,cust_payer_97738,USA,2567.57,cust_payee_66833,CANADA,MILESTONE_PAYMENT,proofrail_synthetic,conditional_settlement_case,FALSE,proofrail,synthetic_research
2026-01-08T19:26,GOOD,txn_0003336,cust_payer_07102,USA,446.66,cust_payee_40009,USA,SERVICE_RETAINER,proofrail_synthetic,conditional_settlement_case,FALSE,proofrail,synthetic_research
2026-01-08T19:28,REVIEW,txn_0003337,cust_payer_62366,USA,3051.76,cust_payee_14603,USA,GOODS_SETTLEMENT,proofrail_synthetic,conditional_settlement_case,TRUE,proofrail,synthetic_research
2026-01-08T19:28,GOOD,txn_0003338,cust_payer_17448,USA,10601.82,cust_payee_36044,USA,GOODS_SETTLEMENT,proofrail_synthetic,conditional_settlement_case,FALSE,proofrail,synthetic_research
2026-01-08T19:30,REVIEW,txn_0003339,cust_payer_27475,UNITED-KINGDOM,5069.58,cust_payee_33744,CANADA,SERVICE_RETAINER,proofrail_synthetic,conditional_settlement_case,TRUE,proofrail,synthetic_research
2026-01-08T19:30,GOOD,txn_0003340,cust_payer_45538,USA,4217.61,cust_payee_68231,USA,INVOICE_PAYMENT,proofrail_synthetic,conditional_settlement_case,FALSE,proofrail,synthetic_research
2026-01-08T19:31,GOOD,txn_0003341,cust_payer_37717,MEXICO,12026.5,cust_payee_52959,USA,MILESTONE_PAYMENT,proofrail_synthetic,conditional_settlement_case,FALSE,proofrail,synthetic_research
2026-01-08T19:34,BAD,txn_0003342,cust_payer_86039,USA,5754.22,cust_payee_49479,USA,GOODS_SETTLEMENT,proofrail_synthetic,conditional_settlement_case,TRUE,proofrail,synthetic_research
2026-01-08T19:34,GOOD,txn_0003343,cust_payer_35503,UNITED-KINGDOM,1057.66,cust_payee_33593,GERMANY,GOODS_SETTLEMENT,proofrail_synthetic,conditional_settlement_case,FALSE,proofrail,synthetic_research
2026-01-08T19:35,REVIEW,txn_0003344,cust_payer_76737,UNITED-KINGDOM,5328.3,cust_payee_77789,USA,INVOICE_PAYMENT,proofrail_synthetic,conditional_settlement_case,FALSE,proofrail,synthetic_research
2026-01-08T19:42,GOOD,txn_0003345,cust_payer_88984,USA,482.67,cust_payee_14125,USA,INVOICE_PAYMENT,proofrail_synthetic,conditional_settlement_case,FALSE,proofrail,synthetic_research
2026-01-08T19:44,GOOD,txn_0003346,cust_payer_47593,USA,1440.86,cust_payee_63569,USA,INVOICE_PAYMENT,proofrail_synthetic,conditional_settlement_case,FALSE,proofrail,synthetic_research
2026-01-08T19:44,GOOD,txn_0003347,cust_payer_02252,USA,4196.26,cust_payee_73435,SINGAPORE,GOODS_SETTLEMENT,proofrail_synthetic,conditional_settlement_case,FALSE,proofrail,synthetic_research
2026-01-08T19:46,GOOD,txn_0003348,cust_payer_80931,USA,3156.84,cust_payee_65438,USA,INVOICE_PAYMENT,proofrail_synthetic,conditional_settlement_case,FALSE,proofrail,synthetic_research
2026-01-08T19:46,BAD,txn_0003349,cust_payer_41595,USA,1437.98,cust_payee_99950,USA,MILESTONE_PAYMENT,proofrail_synthetic,conditional_settlement_case,TRUE,proofrail,synthetic_research
2026-01-08T19:48,GOOD,txn_0003350,cust_payer_45291,USA,733.57,cust_payee_28382,CANADA,INVOICE_PAYMENT,proofrail_synthetic,conditional_settlement_case,FALSE,proofrail,synthetic_research
2026-01-08T19:52,GOOD,txn_0003351,cust_payer_27491,SINGAPORE,5016.66,cust_payee_29638,USA,SERVICE_RETAINER,proofrail_synthetic,conditional_settlement_case,FALSE,proofrail,synthetic_research
2026-01-08T19:57,GOOD,txn_0003352,cust_payer_29671,USA,5336.19,cust_payee_20856,SINGAPORE,GOODS_SETTLEMENT,proofrail_synthetic,conditional_settlement_case,FALSE,proofrail,synthetic_research
2026-01-08T20:02,REVIEW,txn_0003353,cust_payer_87558,USA,1389.42,cust_payee_12233,USA,MILESTONE_PAYMENT,proofrail_synthetic,conditional_settlement_case,FALSE,proofrail,synthetic_research
2026-01-08T20:03,BAD,txn_0003354,cust_payer_33451,USA,2931.37,cust_payee_24865,CANADA,GOODS_SETTLEMENT,proofrail_synthetic,conditional_settlement_case,TRUE,proofrail,synthetic_research
2026-01-08T20:05,GOOD,txn_0003355,cust_payer_58303,CANADA,3116.85,cust_payee_16728,CANADA,INVOICE_PAYMENT,proofrail_synthetic,conditional_settlement_case,FALSE,proofrail,synthetic_research
2026-01-08T20:08,GOOD,txn_0003356,cust_payer_80336,USA,537.74,cust_payee_84570,USA,INVOICE_PAYMENT,proofrail_synthetic,conditional_settlement_case,FALSE,proofrail,synthetic_research
2026-01-08T20:10,GOOD,txn_0003357,cust_payer_22375,CANADA,5926.84,cust_payee_40080,USA,INVOICE_PAYMENT,proofrail_synthetic,conditional_settlement_case,FALSE,proofrail,synthetic_research
2026-01-08T20:14,BAD,txn_0003358,cust_payer_56581,USA,719.02,cust_payee_78661,USA,INVOICE_PAYMENT,proofrail_synthetic,conditional_settlement_case,TRUE,proofrail,synthetic_research
2026-01-08T20:14,GOOD,txn_0003359,cust_payer_04892,USA,1031.89,cust_payee_57758,USA,GOODS_SETTLEMENT,proofrail_synthetic,conditional_settlement_case,FALSE,proofrail,synthetic_research
2026-01-08T20:15,BAD,txn_0003360,cust_payer_55867,MEXICO,3189.91,cust_payee_53175,CANADA,INVOICE_PAYMENT,proofrail_synthetic,conditional_settlement_case,TRUE,proofrail,synthetic_research
2026-01-08T20:15,GOOD,txn_0003361,cust_payer_16575,CANADA,756.97,cust_payee_29134,USA,INVOICE_PAYMENT,proofrail_synthetic,conditional_settlement_case,FALSE,proofrail,synthetic_research
2026-01-08T20:16,REVIEW,txn_0003362,cust_payer_76754,USA,5165.13,cust_payee_62232,USA,INVOICE_PAYMENT,proofrail_synthetic,conditional_settlement_case,TRUE,proofrail,synthetic_research
2026-01-08T20:19,GOOD,txn_0003363,cust_payer_23116,USA,2604.77,cust_payee_14046,USA,INVOICE_PAYMENT,proofrail_synthetic,conditional_settlement_case,FALSE,proofrail,synthetic_research
2026-01-08T20:23,REVIEW,txn_0003364,cust_payer_97510,USA,1070.59,cust_payee_26946,USA,SERVICE_RETAINER,proofrail_synthetic,conditional_settlement_case,FALSE,proofrail,synthetic_research
2026-01-08T20:24,REVIEW,txn_0003365,cust_payer_20981,CANADA,5232.62,cust_payee_19977,USA,INVOICE_PAYMENT,proofrail_synthetic,conditional_settlement_case,TRUE,proofrail,synthetic_research
2026-01-08T20:26,GOOD,txn_0003366,cust_payer_38915,CANADA,721.73,cust_payee_48574,USA,MILESTONE_PAYMENT,proofrail_synthetic,conditional_settlement_case,FALSE,proofrail,synthetic_research
2026-01-08T20:27,REVIEW,txn_0003367,cust_payer_33507,USA,213.17,cust_payee_57277,USA,MILESTONE_PAYMENT,proofrail_synthetic,conditional_settlement_case,TRUE,proofrail,synthetic_research
2026-01-08T20:29,GOOD,txn_0003368,cust_payer_98515,USA,4835.53,cust_payee_43953,USA,INVOICE_PAYMENT,proofrail_synthetic,conditional_settlement_case,FALSE,proofrail,synthetic_research
2026-01-08T20:30,GOOD,txn_0003369,cust_payer_49210,CANADA,10676.45,cust_payee_35628,MEXICO,MILESTONE_PAYMENT,proofrail_synthetic,conditional_settlement_case,FALSE,proofrail,synthetic_research
2026-01-08T20:34,GOOD,txn_0003370,cust_payer_29114,USA,6586.51,cust_payee_09057,CANADA,GOODS_SETTLEMENT,proofrail_synthetic,conditional_settlement_case,FALSE,proofrail,synthetic_research
2026-01-08T20:34,GOOD,txn_0003371,cust_payer_45521,CANADA,402.97,cust_payee_03004,USA,GOODS_SETTLEMENT,proofrail_synthetic,conditional_settlement_case,FALSE,proofrail,synthetic_research
2026-01-08T20:35,REVIEW,txn_0003372,cust_payer_46176,USA,888.85,cust_payee_65885,USA,GOODS_SETTLEMENT,proofrail_synthetic,conditional_settlement_case,TRUE,proofrail,synthetic_research
2026-01-08T20:35,GOOD,txn_0003373,cust_payer_45802,USA,4183.75,cust_payee_96162,SINGAPORE,MILESTONE_PAYMENT,proofrail_synthetic,conditional_settlement_case,FALSE,proofrail,synthetic_research
2026-01-08T20:36,GOOD,txn_0003374,cust_payer_64848,USA,5750.78,cust_payee_88067,UNITED-KINGDOM,INVOICE_PAYMENT,proofrail_synthetic,conditional_settlement_case,FALSE,proofrail,synthetic_research
2026-01-08T20:36,REVIEW,txn_0003375,cust_payer_00748,USA,306.98,cust_payee_71216,USA,GOODS_SETTLEMENT,proofrail_synthetic,conditional_settlement_case,TRUE,proofrail,synthetic_research
2026-01-08T20:37,REVIEW,txn_0003376,cust_payer_63221,USA,26360.75,cust_payee_09310,USA,INVOICE_PAYMENT,proofrail_synthetic,conditional_settlement_case,TRUE,proofrail,synthetic_research
2026-01-08T20:37,GOOD,txn_0003377,cust_payer_09666,USA,1315.63,cust_payee_73334,USA,MILESTONE_PAYMENT,proofrail_synthetic,conditional_settlement_case,FALSE,proofrail,synthetic_research
2026-01-08T20:39,GOOD,txn_0003378,cust_payer_14202,USA,316.15,cust_payee_81498,GERMANY,INVOICE_PAYMENT,proofrail_synthetic,conditional_settlement_case,FALSE,proofrail,synthetic_research
2026-01-08T20:42,REVIEW,txn_0003379,cust_payer_29116,USA,2650.75,cust_payee_20145,CANADA,INVOICE_PAYMENT,proofrail_synthetic,conditional_settlement_case,FALSE,proofrail,synthetic_research
2026-01-08T20:43,GOOD,txn_0003380,cust_payer_13284,USA,494.88,cust_payee_69341,USA,INVOICE_PAYMENT,proofrail_synthetic,conditional_settlement_case,FALSE,proofrail,synthetic_research
2026-01-08T20:45,BAD,txn_0003381,cust_payer_58646,USA,698.7,cust_payee_45225,USA,GOODS_SETTLEMENT,proofrail_synthetic,conditional_settlement_case,TRUE,proofrail,synthetic_research
2026-01-08T20:45,BAD,txn_0003382,cust_payer_90314,USA,7681.79,cust_payee_60549,USA,GOODS_SETTLEMENT,proofrail_synthetic,conditional_settlement_case,TRUE,proofrail,synthetic_research
2026-01-08T20:48,GOOD,txn_0003383,cust_payer_05376,USA,2697.53,cust_payee_00849,UNITED-KINGDOM,MILESTONE_PAYMENT,proofrail_synthetic,conditional_settlement_case,FALSE,proofrail,synthetic_research
2026-01-08T20:48,GOOD,txn_0003384,cust_payer_97675,USA,2886.82,cust_payee_04687,UNITED-KINGDOM,INVOICE_PAYMENT,proofrail_synthetic,conditional_settlement_case,FALSE,proofrail,synthetic_research
2026-01-08T20:51,GOOD,txn_0003385,cust_payer_60713,CANADA,866.23,cust_payee_57196,USA,INVOICE_PAYMENT,proofrail_synthetic,conditional_settlement_case,FALSE,proofrail,synthetic_research
2026-01-08T20:51,GOOD,txn_0003386,cust_payer_23524,USA,32532.84,cust_payee_73223,USA,INVOICE_PAYMENT,proofrail_synthetic,conditional_settlement_case,FALSE,proofrail,synthetic_research
2026-01-08T20:52,BAD,txn_0003387,cust_payer_14228,CANADA,2553.36,cust_payee_08247,USA,SERVICE_RETAINER,proofrail_synthetic,conditional_settlement_case,TRUE,proofrail,synthetic_research
2026-01-08T20:54,GOOD,txn_0003388,cust_payer_96839,USA,1744.33,cust_payee_20537,GERMANY,MILESTONE_PAYMENT,proofrail_synthetic,conditional_settlement_case,FALSE,proofrail,synthetic_research
2026-01-08T20:55,GOOD,txn_0003389,cust_payer_18130,USA,6909.76,cust_payee_54911,USA,MILESTONE_PAYMENT,proofrail_synthetic,conditional_settlement_case,FALSE,proofrail,synthetic_research
2026-01-08T20:56,GOOD,txn_0003390,cust_payer_20260,USA,261.89,cust_payee_02181,USA,GOODS_SETTLEMENT,proofrail_synthetic,conditional_settlement_case,FALSE,proofrail,synthetic_research
2026-01-08T20:56,GOOD,txn_0003391,cust_payer_97723,USA,2255.63,cust_payee_64120,USA,GOODS_SETTLEMENT,proofrail_synthetic,conditional_settlement_case,FALSE,proofrail,synthetic_research
2026-01-08T20:56,GOOD,txn_0003392,cust_payer_49591,USA,774.84,cust_payee_04148,CANADA,GOODS_SETTLEMENT,proofrail_synthetic,conditional_settlement_case,FALSE,proofrail,synthetic_research
2026-01-08T20:57,GOOD,txn_0003393,cust_payer_78035,GERMANY,7408.59,cust_payee_42946,USA,GOODS_SETTLEMENT,proofrail_synthetic,conditional_settlement_case,FALSE,proofrail,synthetic_research
2026-01-08T20:58,GOOD,txn_0003394,cust_payer_83006,USA,648.74,cust_payee_59010,USA,SERVICE_RETAINER,proofrail_synthetic,conditional_settlement_case,FALSE,proofrail,synthetic_research
2026-01-08T21:01,BAD,txn_0003395,cust_payer_49496,USA,2294.19,cust_payee_55870,USA,INVOICE_PAYMENT,proofrail_synthetic,conditional_settlement_case,TRUE,proofrail,synthetic_research
2026-01-08T21:01,REVIEW,txn_0003396,cust_payer_36063,USA,1248.42,cust_payee_84888,USA,MILESTONE_PAYMENT,proofrail_synthetic,conditional_settlement_case,TRUE,proofrail,synthetic_research
2026-01-08T21:03,GOOD,txn_0003397,cust_payer_72501,SINGAPORE,3013.6,cust_payee_22571,USA,INVOICE_PAYMENT,proofrail_synthetic,conditional_settlement_case,FALSE,proofrail,synthetic_research
2026-01-08T21:05,GOOD,txn_0003398,cust_payer_68663,USA,2584.1,cust_payee_78469,USA,INVOICE_PAYMENT,proofrail_synthetic,conditional_settlement_case,FALSE,proofrail,synthetic_research
2026-01-08T21:05,REVIEW,txn_0003399,cust_payer_26455,USA,432.9,cust_payee_30509,USA,SERVICE_RETAINER,proofrail_synthetic,conditional_settlement_case,FALSE,proofrail,synthetic_research
2026-01-08T21:05,BAD,txn_0003400,cust_payer_10353,USA,834.68,cust_payee_46680,CANADA,GOODS_SETTLEMENT,proofrail_synthetic,conditional_settlement_case,TRUE,proofrail,synthetic_research
2026-01-08T21:08,GOOD,txn_0003401,cust_payer_53086,USA,712.99,cust_payee_44287,CANADA,GOODS_SETTLEMENT,proofrail_synthetic,conditional_settlement_case,FALSE,proofrail,synthetic_research
2026-01-08T21:08,BAD,txn_0003402,cust_payer_48581,USA,11568.88,cust_payee_08436,USA,INVOICE_PAYMENT,proofrail_synthetic,conditional_settlement_case,TRUE,proofrail,synthetic_research
2026-01-08T21:09,GOOD,txn_0003403,cust_payer_01854,USA,493.98,cust_payee_88780,USA,INVOICE_PAYMENT,proofrail_synthetic,conditional_settlement_case,FALSE,proofrail,synthetic_research
2026-01-08T21:10,GOOD,txn_0003404,cust_payer_13168,USA,6817.87,cust_payee_11498,USA,INVOICE_PAYMENT,proofrail_synthetic,conditional_settlement_case,FALSE,proofrail,synthetic_research
2026-01-08T21:11,REVIEW,txn_0003405,cust_payer_28933,USA,298.36,cust_payee_04029,USA,MILESTONE_PAYMENT,proofrail_synthetic,conditional_settlement_case,TRUE,proofrail,synthetic_research
2026-01-08T21:13,REVIEW,txn_0003406,cust_payer_54137,USA,25280.71,cust_payee_65172,USA,INVOICE_PAYMENT,proofrail_synthetic,conditional_settlement_case,TRUE,proofrail,synthetic_research
2026-01-08T21:14,GOOD,txn_0003407,cust_payer_76541,USA,1152.47,cust_payee_38381,MEXICO,MILESTONE_PAYMENT,proofrail_synthetic,conditional_settlement_case,FALSE,proofrail,synthetic_research
2026-01-08T21:18,REVIEW,txn_0003408,cust_payer_71199,USA,25188.34,cust_payee_23398,USA,GOODS_SETTLEMENT,proofrail_synthetic,conditional_settlement_case,FALSE,proofrail,synthetic_research
2026-01-08T21:20,GOOD,txn_0003409,cust_payer_62027,USA,3333.33,cust_payee_58396,USA,INVOICE_PAYMENT,proofrail_synthetic,conditional_settlement_case,FALSE,proofrail,synthetic_research
2026-01-08T21:26,GOOD,txn_0003410,cust_payer_56508,USA,2882.02,cust_payee_77930,USA,INVOICE_PAYMENT,proofrail_synthetic,conditional_settlement_case,FALSE,proofrail,synthetic_research
2026-01-08T21:28,GOOD,txn_0003411,cust_payer_25603,CANADA,54334.29,cust_payee_77968,USA,MILESTONE_PAYMENT,proofrail_synthetic,conditional_settlement_case,FALSE,proofrail,synthetic_research
2026-01-08T21:28,GOOD,txn_0003412,cust_payer_47468,USA,1311.47,cust_payee_69578,USA,MILESTONE_PAYMENT,proofrail_synthetic,conditional_settlement_case,FALSE,proofrail,synthetic_research
2026-01-08T21:29,GOOD,txn_0003413,cust_payer_53905,USA,2369.4,cust_payee_18622,USA,INVOICE_PAYMENT,proofrail_synthetic,conditional_settlement_case,FALSE,proofrail,synthetic_research
2026-01-08T21:30,GOOD,txn_0003414,cust_payer_08971,USA,2453.22,cust_payee_30276,USA,INVOICE_PAYMENT,proofrail_synthetic,conditional_settlement_case,FALSE,proofrail,synthetic_research
2026-01-08T21:31,BAD,txn_0003415,cust_payer_63427,USA,4698.21,cust_payee_27909,USA,GOODS_SETTLEMENT,proofrail_synthetic,conditional_settlement_case,TRUE,proofrail,synthetic_research
2026-01-08T21:31,REVIEW,txn_0003416,cust_payer_69932,USA,3110.7,cust_payee_86667,USA,MILESTONE_PAYMENT,proofrail_synthetic,conditional_settlement_case,FALSE,proofrail,synthetic_research
2026-01-08T21:34,GOOD,txn_0003417,cust_payer_98125,USA,2191.43,cust_payee_46363,USA,INVOICE_PAYMENT,proofrail_synthetic,conditional_settlement_case,FALSE,proofrail,synthetic_research
2026-01-08T21:36,GOOD,txn_0003418,cust_payer_36083,USA,7582.5,cust_payee_38183,USA,MILESTONE_PAYMENT,proofrail_synthetic,conditional_settlement_case,FALSE,proofrail,synthetic_research
2026-01-08T21:36,REVIEW,txn_0003419,cust_payer_98110,USA,4438.11,cust_payee_16408,USA,INVOICE_PAYMENT,proofrail_synthetic,conditional_settlement_case,TRUE,proofrail,synthetic_research
2026-01-08T21:37,GOOD,txn_0003420,cust_payer_22508,USA,1117.49,cust_payee_18955,USA,SERVICE_RETAINER,proofrail_synthetic,conditional_settlement_case,FALSE,proofrail,synthetic_research
2026-01-08T21:37,REVIEW,txn_0003421,cust_payer_87840,MEXICO,688.64,cust_payee_38140,USA,MILESTONE_PAYMENT,proofrail_synthetic,conditional_settlement_case,TRUE,proofrail,synthetic_research
2026-01-08T21:39,GOOD,txn_0003422,cust_payer_61457,CANADA,968.57,cust_payee_38144,CANADA,GOODS_SETTLEMENT,proofrail_synthetic,conditional_settlement_case,FALSE,proofrail,synthetic_research
2026-01-08T21:42,GOOD,txn_0003423,cust_payer_29058,USA,913.87,cust_payee_31749,USA,MILESTONE_PAYMENT,proofrail_synthetic,conditional_settlement_case,FALSE,proofrail,synthetic_research
2026-01-08T21:46,REVIEW,txn_0003424,cust_payer_44114,USA,2276.25,cust_payee_03045,USA,INVOICE_PAYMENT,proofrail_synthetic,conditional_settlement_case,TRUE,proofrail,synthetic_research
2026-01-08T21:50,GOOD,txn_0003425,cust_payer_55164,CANADA,1837.65,cust_payee_67227,USA,INVOICE_PAYMENT,proofrail_synthetic,conditional_settlement_case,FALSE,proofrail,synthetic_research
2026-01-08T21:51,REVIEW,txn_0003426,cust_payer_27572,USA,874.53,cust_payee_41728,USA,INVOICE_PAYMENT,proofrail_synthetic,conditional_settlement_case,FALSE,proofrail,synthetic_research
2026-01-08T21:52,BAD,txn_0003427,cust_payer_72274,USA,2411.26,cust_payee_15959,USA,INVOICE_PAYMENT,proofrail_synthetic,conditional_settlement_case,TRUE,proofrail,synthetic_research
2026-01-08T21:55,GOOD,txn_0003428,cust_payer_16853,CANADA,370.5,cust_payee_12626,MEXICO,GOODS_SETTLEMENT,proofrail_synthetic,conditional_settlement_case,FALSE,proofrail,synthetic_research
2026-01-08T21:57,GOOD,txn_0003429,cust_payer_89611,USA,4644.28,cust_payee_41866,USA,GOODS_SETTLEMENT,proofrail_synthetic,conditional_settlement_case,FALSE,proofrail,synthetic_research
2026-01-08T22:00,GOOD,txn_0003430,cust_payer_44171,USA,3085.08,cust_payee_98234,USA,GOODS_SETTLEMENT,proofrail_synthetic,conditional_settlement_case,FALSE,proofrail,synthetic_research
2026-01-08T22:02,GOOD,txn_0003431,cust_payer_97496,USA,1331.28,cust_payee_64083,USA,GOODS_SETTLEMENT,proofrail_synthetic,conditional_settlement_case,FALSE,proofrail,synthetic_research
2026-01-08T22:03,GOOD,txn_0003432,cust_payer_44245,USA,7145.25,cust_payee_14451,USA,GOODS_SETTLEMENT,proofrail_synthetic,conditional_settlement_case,FALSE,proofrail,synthetic_research
2026-01-08T22:04,GOOD,txn_0003433,cust_payer_30707,USA,4130.59,cust_payee_43745,USA,MILESTONE_PAYMENT,proofrail_synthetic,conditional_settlement_case,FALSE,proofrail,synthetic_research
2026-01-08T22:05,BAD,txn_0003434,cust_payer_41328,USA,2044.8,cust_payee_39921,CANADA,MILESTONE_PAYMENT,proofrail_synthetic,conditional_settlement_case,TRUE,proofrail,synthetic_research
2026-01-08T22:08,GOOD,txn_0003435,cust_payer_66861,USA,200.94,cust_payee_71212,USA,GOODS_SETTLEMENT,proofrail_synthetic,conditional_settlement_case,FALSE,proofrail,synthetic_research
2026-01-08T22:09,GOOD,txn_0003436,cust_payer_71495,USA,241.7,cust_payee_92357,USA,MILESTONE_PAYMENT,proofrail_synthetic,conditional_settlement_case,FALSE,proofrail,synthetic_research
2026-01-08T22:10,REVIEW,txn_0003437,cust_payer_31242,UNITED-KINGDOM,791.53,cust_payee_84045,USA,GOODS_SETTLEMENT,proofrail_synthetic,conditional_settlement_case,TRUE,proofrail,synthetic_research
2026-01-08T22:10,GOOD,txn_0003438,cust_payer_20579,USA,1321.03,cust_payee_93464,USA,INVOICE_PAYMENT,proofrail_synthetic,conditional_settlement_case,FALSE,proofrail,synthetic_research
2026-01-08T22:11,BAD,txn_0003439,cust_payer_12447,USA,1761.02,cust_payee_04388,USA,INVOICE_PAYMENT,proofrail_synthetic,conditional_settlement_case,TRUE,proofrail,synthetic_research
2026-01-08T22:14,REVIEW,txn_0003440,cust_payer_28553,USA,37713.97,cust_payee_87985,USA,MILESTONE_PAYMENT,proofrail_synthetic,conditional_settlement_case,TRUE,proofrail,synthetic_research
2026-01-08T22:17,GOOD,txn_0003441,cust_payer_06945,USA,11650.49,cust_payee_27678,USA,GOODS_SETTLEMENT,proofrail_synthetic,conditional_settlement_case,FALSE,proofrail,synthetic_research
2026-01-08T22:18,GOOD,txn_0003442,cust_payer_84214,SINGAPORE,1020.56,cust_payee_81552,USA,MILESTONE_PAYMENT,proofrail_synthetic,conditional_settlement_case,FALSE,proofrail,synthetic_research
2026-01-08T22:18,REVIEW,txn_0003443,cust_payer_38309,USA,1005.75,cust_payee_78485,USA,GOODS_SETTLEMENT,proofrail_synthetic,conditional_settlement_case,TRUE,proofrail,synthetic_research
2026-01-08T22:20,REVIEW,txn_0003444,cust_payer_12640,CANADA,11970.12,cust_payee_02720,USA,INVOICE_PAYMENT,proofrail_synthetic,conditional_settlement_case,FALSE,proofrail,synthetic_research
2026-01-08T22:22,GOOD,txn_0003445,cust_payer_86545,USA,10505.05,cust_payee_79488,USA,MILESTONE_PAYMENT,proofrail_synthetic,conditional_settlement_case,FALSE,proofrail,synthetic_research
2026-01-08T22:22,GOOD,txn_0003446,cust_payer_22073,USA,7235.35,cust_payee_05156,USA,INVOICE_PAYMENT,proofrail_synthetic,conditional_settlement_case,FALSE,proofrail,synthetic_research
2026-01-08T22:22,GOOD,txn_0003447,cust_payer_82634,USA,3587.18,cust_payee_98715,USA,INVOICE_PAYMENT,proofrail_synthetic,conditional_settlement_case,FALSE,proofrail,synthetic_research
2026-01-08T22:23,GOOD,txn_0003448,cust_payer_41595,USA,8104.49,cust_payee_27002,USA,GOODS_SETTLEMENT,proofrail_synthetic,conditional_settlement_case,FALSE,proofrail,synthetic_research
2026-01-08T22:24,GOOD,txn_0003449,cust_payer_82710,USA,335.88,cust_payee_42057,USA,INVOICE_PAYMENT,proofrail_synthetic,conditional_settlement_case,FALSE,proofrail,synthetic_research
2026-01-08T22:25,GOOD,txn_0003450,cust_payer_83986,USA,2571.64,cust_payee_75548,GERMANY,INVOICE_PAYMENT,proofrail_synthetic,conditional_settlement_case,FALSE,proofrail,synthetic_research
2026-01-08T22:25,GOOD,txn_0003451,cust_payer_03872,USA,8188.54,cust_payee_22987,USA,SERVICE_RETAINER,proofrail_synthetic,conditional_settlement_case,FALSE,proofrail,synthetic_research
2026-01-08T22:28,GOOD,txn_0003452,cust_payer_19544,USA,1493.67,cust_payee_40806,USA,INVOICE_PAYMENT,proofrail_synthetic,conditional_settlement_case,FALSE,proofrail,synthetic_research
2026-01-08T22:29,GOOD,txn_0003453,cust_payer_86419,USA,533.91,cust_payee_96167,MEXICO,MILESTONE_PAYMENT,proofrail_synthetic,conditional_settlement_case,FALSE,proofrail,synthetic_research
2026-01-08T22:29,GOOD,txn_0003454,cust_payer_44651,SINGAPORE,2472.64,cust_payee_11390,USA,MILESTONE_PAYMENT,proofrail_synthetic,conditional_settlement_case,FALSE,proofrail,synthetic_research
2026-01-08T22:31,GOOD,txn_0003455,cust_payer_10525,GERMANY,1587.45,cust_payee_81569,USA,INVOICE_PAYMENT,proofrail_synthetic,conditional_settlement_case,FALSE,proofrail,synthetic_research
2026-01-08T22:35,GOOD,txn_0003456,cust_payer_69638,USA,164.13,cust_payee_90339,USA,GOODS_SETTLEMENT,proofrail_synthetic,conditional_settlement_case,FALSE,proofrail,synthetic_research
2026-01-08T22:35,REVIEW,txn_0003457,cust_payer_08630,CANADA,2009.24,cust_payee_75396,USA,INVOICE_PAYMENT,proofrail_synthetic,conditional_settlement_case,TRUE,proofrail,synthetic_research
2026-01-08T22:35,REVIEW,txn_0003458,cust_payer_36261,SINGAPORE,1080.27,cust_payee_40120,USA,INVOICE_PAYMENT,proofrail_synthetic,conditional_settlement_case,TRUE,proofrail,synthetic_research
2026-01-08T22:36,GOOD,txn_0003459,cust_payer_37597,USA,2461.03,cust_payee_55527,USA,INVOICE_PAYMENT,proofrail_synthetic,conditional_settlement_case,FALSE,proofrail,synthetic_research
2026-01-08T22:37,REVIEW,txn_0003460,cust_payer_35618,USA,34149.38,cust_payee_78935,USA,GOODS_SETTLEMENT,proofrail_synthetic,conditional_settlement_case,FALSE,proofrail,synthetic_research
2026-01-08T22:38,GOOD,txn_0003461,cust_payer_48780,USA,2137.67,cust_payee_96717,USA,MILESTONE_PAYMENT,proofrail_synthetic,conditional_settlement_case,FALSE,proofrail,synthetic_research
2026-01-08T22:38,GOOD,txn_0003462,cust_payer_66227,USA,5577.34,cust_payee_14631,USA,INVOICE_PAYMENT,proofrail_synthetic,conditional_settlement_case,FALSE,proofrail,synthetic_research
2026-01-08T22:40,GOOD,txn_0003463,cust_payer_00397,USA,11753.95,cust_payee_74973,USA,INVOICE_PAYMENT,proofrail_synthetic,conditional_settlement_case,FALSE,proofrail,synthetic_research
2026-01-08T22:40,GOOD,txn_0003464,cust_payer_86205,USA,4215.56,cust_payee_33193,USA,INVOICE_PAYMENT,proofrail_synthetic,conditional_settlement_case,FALSE,proofrail,synthetic_research
2026-01-08T22:42,BAD,txn_0003465,cust_payer_56175,USA,543.83,cust_payee_35762,USA,INVOICE_PAYMENT,proofrail_synthetic,conditional_settlement_case,TRUE,proofrail,synthetic_research
2026-01-08T22:44,GOOD,txn_0003466,cust_payer_80323,USA,24838.43,cust_payee_26617,USA,GOODS_SETTLEMENT,proofrail_synthetic,conditional_settlement_case,FALSE,proofrail,synthetic_research
2026-01-08T22:44,REVIEW,txn_0003467,cust_payer_16091,USA,3049.24,cust_payee_58644,USA,GOODS_SETTLEMENT,proofrail_synthetic,conditional_settlement_case,TRUE,proofrail,synthetic_research
2026-01-08T22:45,GOOD,txn_0003468,cust_payer_64290,USA,1343.87,cust_payee_30520,USA,INVOICE_PAYMENT,proofrail_synthetic,conditional_settlement_case,FALSE,proofrail,synthetic_research
2026-01-08T22:49,BAD,txn_0003469,cust_payer_23136,USA,1450.25,cust_payee_77891,USA,INVOICE_PAYMENT,proofrail_synthetic,conditional_settlement_case,TRUE,proofrail,synthetic_research
2026-01-08T22:53,GOOD,txn_0003470,cust_payer_58920,USA,3387.4,cust_payee_52974,USA,MILESTONE_PAYMENT,proofrail_synthetic,conditional_settlement_case,FALSE,proofrail,synthetic_research
2026-01-08T22:59,GOOD,txn_0003471,cust_payer_05952,UNITED-KINGDOM,3076.92,cust_payee_47040,USA,GOODS_SETTLEMENT,proofrail_synthetic,conditional_settlement_case,FALSE,proofrail,synthetic_research
2026-01-08T23:01,GOOD,txn_0003472,cust_payer_20688,USA,879.94,cust_payee_33593,USA,INVOICE_PAYMENT,proofrail_synthetic,conditional_settlement_case,FALSE,proofrail,synthetic_research
2026-01-08T23:03,GOOD,txn_0003473,cust_payer_14553,USA,1373.18,cust_payee_80493,USA,GOODS_SETTLEMENT,proofrail_synthetic,conditional_settlement_case,FALSE,proofrail,synthetic_research
2026-01-08T23:06,GOOD,txn_0003474,cust_payer_78567,USA,2330.02,cust_payee_72186,USA,INVOICE_PAYMENT,proofrail_synthetic,conditional_settlement_case,FALSE,proofrail,synthetic_research
2026-01-08T23:07,GOOD,txn_0003475,cust_payer_93330,USA,4025.05,cust_payee_91038,USA,GOODS_SETTLEMENT,proofrail_synthetic,conditional_settlement_case,FALSE,proofrail,synthetic_research
2026-01-08T23:09,GOOD,txn_0003476,cust_payer_35094,USA,8093.82,cust_payee_84525,UNITED-KINGDOM,GOODS_SETTLEMENT,proofrail_synthetic,conditional_settlement_case,FALSE,proofrail,synthetic_research
2026-01-08T23:10,GOOD,txn_0003477,cust_payer_29581,SINGAPORE,2308.27,cust_payee_37631,CANADA,INVOICE_PAYMENT,proofrail_synthetic,conditional_settlement_case,FALSE,proofrail,synthetic_research
2026-01-08T23:11,GOOD,txn_0003478,cust_payer_19596,CANADA,6670.02,cust_payee_21064,USA,MILESTONE_PAYMENT,proofrail_synthetic,conditional_settlement_case,FALSE,proofrail,synthetic_research
2026-01-08T23:13,GOOD,txn_0003479,cust_payer_62424,USA,2482.47,cust_payee_54982,USA,INVOICE_PAYMENT,proofrail_synthetic,conditional_settlement_case,FALSE,proofrail,synthetic_research
2026-01-08T23:13,GOOD,txn_0003480,cust_payer_72626,USA,696.05,cust_payee_49459,USA,INVOICE_PAYMENT,proofrail_synthetic,conditional_settlement_case,FALSE,proofrail,synthetic_research
2026-01-08T23:13,BAD,txn_0003481,cust_payer_80199,USA,2425.69,cust_payee_80974,CANADA,MILESTONE_PAYMENT,proofrail_synthetic,conditional_settlement_case,TRUE,proofrail,synthetic_research
2026-01-08T23:14,BAD,txn_0003482,cust_payer_46652,USA,1173.45,cust_payee_57165,USA,MILESTONE_PAYMENT,proofrail_synthetic,conditional_settlement_case,TRUE,proofrail,synthetic_research
2026-01-08T23:17,REVIEW,txn_0003483,cust_payer_52695,USA,3103.81,cust_payee_73926,USA,INVOICE_PAYMENT,proofrail_synthetic,conditional_settlement_case,TRUE,proofrail,synthetic_research
2026-01-08T23:19,GOOD,txn_0003484,cust_payer_01707,UNITED-KINGDOM,4469.04,cust_payee_56543,USA,GOODS_SETTLEMENT,proofrail_synthetic,conditional_settlement_case,FALSE,proofrail,synthetic_research
2026-01-08T23:19,GOOD,txn_0003485,cust_payer_25002,USA,5439.08,cust_payee_03260,CANADA,MILESTONE_PAYMENT,proofrail_synthetic,conditional_settlement_case,FALSE,proofrail,synthetic_research
2026-01-08T23:20,REVIEW,txn_0003486,cust_payer_66233,USA,3963.95,cust_payee_75535,USA,INVOICE_PAYMENT,proofrail_synthetic,conditional_settlement_case,FALSE,proofrail,synthetic_research
2026-01-08T23:24,REVIEW,txn_0003487,cust_payer_97524,USA,205.51,cust_payee_14004,USA,INVOICE_PAYMENT,proofrail_synthetic,conditional_settlement_case,FALSE,proofrail,synthetic_research
2026-01-08T23:24,REVIEW,txn_0003488,cust_payer_35629,USA,1069.31,cust_payee_35697,MEXICO,SERVICE_RETAINER,proofrail_synthetic,conditional_settlement_case,FALSE,proofrail,synthetic_research
2026-01-08T23:25,GOOD,txn_0003489,cust_payer_69402,USA,4392.46,cust_payee_61857,USA,INVOICE_PAYMENT,proofrail_synthetic,conditional_settlement_case,FALSE,proofrail,synthetic_research
2026-01-08T23:26,GOOD,txn_0003490,cust_payer_12765,USA,952.03,cust_payee_18158,USA,MILESTONE_PAYMENT,proofrail_synthetic,conditional_settlement_case,FALSE,proofrail,synthetic_research
2026-01-08T23:26,GOOD,txn_0003491,cust_payer_45732,USA,599.46,cust_payee_80947,USA,INVOICE_PAYMENT,proofrail_synthetic,conditional_settlement_case,FALSE,proofrail,synthetic_research
2026-01-08T23:27,GOOD,txn_0003492,cust_payer_78885,USA,8095.17,cust_payee_40421,USA,GOODS_SETTLEMENT,proofrail_synthetic,conditional_settlement_case,FALSE,proofrail,synthetic_research
2026-01-08T23:29,REVIEW,txn_0003493,cust_payer_50805,USA,12020.42,cust_payee_02396,UNITED-KINGDOM,INVOICE_PAYMENT,proofrail_synthetic,conditional_settlement_case,FALSE,proofrail,synthetic_research
2026-01-08T23:29,REVIEW,txn_0003494,cust_payer_13201,USA,405.5,cust_payee_09735,USA,MILESTONE_PAYMENT,proofrail_synthetic,conditional_settlement_case,TRUE,proofrail,synthetic_research
2026-01-08T23:34,GOOD,txn_0003495,cust_payer_32680,USA,4367.84,cust_payee_00975,SINGAPORE,GOODS_SETTLEMENT,proofrail_synthetic,conditional_settlement_case,FALSE,proofrail,synthetic_research
2026-01-08T23:34,BAD,txn_0003496,cust_payer_25702,USA,5049.56,cust_payee_96706,USA,GOODS_SETTLEMENT,proofrail_synthetic,conditional_settlement_case,TRUE,proofrail,synthetic_research
2026-01-08T23:36,BAD,txn_0003497,cust_payer_43734,USA,1073.63,cust_payee_72588,USA,SERVICE_RETAINER,proofrail_synthetic,conditional_settlement_case,TRUE,proofrail,synthetic_research
2026-01-08T23:39,GOOD,txn_0003498,cust_payer_06965,USA,638.1,cust_payee_12129,SINGAPORE,MILESTONE_PAYMENT,proofrail_synthetic,conditional_settlement_case,FALSE,proofrail,synthetic_research
2026-01-08T23:41,GOOD,txn_0003499,cust_payer_94895,GERMANY,186.43,cust_payee_13976,CANADA,GOODS_SETTLEMENT,proofrail_synthetic,conditional_settlement_case,FALSE,proofrail,synthetic_research
2026-01-08T23:41,BAD,txn_0003500,cust_payer_59526,USA,1207.65,cust_payee_12217,USA,MILESTONE_PAYMENT,proofrail_synthetic,conditional_settlement_case,TRUE,proofrail,synthetic_research
2026-01-08T23:43,GOOD,txn_0003501,cust_payer_30795,MEXICO,406.5,cust_payee_83073,USA,INVOICE_PAYMENT,proofrail_synthetic,conditional_settlement_case,FALSE,proofrail,synthetic_research
2026-01-08T23:43,REVIEW,txn_0003502,cust_payer_56084,USA,5198.17,cust_payee_23725,CANADA,MILESTONE_PAYMENT,proofrail_synthetic,conditional_settlement_case,FALSE,proofrail,synthetic_research
2026-01-08T23:43,REVIEW,txn_0003503,cust_payer_28564,USA,1930.39,cust_payee_93367,USA,GOODS_SETTLEMENT,proofrail_synthetic,conditional_settlement_case,FALSE,proofrail,synthetic_research
2026-01-08T23:43,GOOD,txn_0003504,cust_payer_14323,USA,3794.46,cust_payee_58233,USA,INVOICE_PAYMENT,proofrail_synthetic,conditional_settlement_case,FALSE,proofrail,synthetic_research
2026-01-08T23:46,REVIEW,txn_0003505,cust_payer_97938,USA,1663.28,cust_payee_14450,GERMANY,MILESTONE_PAYMENT,proofrail_synthetic,conditional_settlement_case,TRUE,proofrail,synthetic_research
2026-01-08T23:47,GOOD,txn_0003506,cust_payer_98472,USA,1467.66,cust_payee_41169,USA,INVOICE_PAYMENT,proofrail_synthetic,conditional_settlement_case,FALSE,proofrail,synthetic_research
2026-01-08T23:47,GOOD,txn_0003507,cust_payer_63846,USA,2254.18,cust_payee_45510,USA,MILESTONE_PAYMENT,proofrail_synthetic,conditional_settlement_case,FALSE,proofrail,synthetic_research
2026-01-08T23:48,REVIEW,txn_0003508,cust_payer_78292,USA,1282.32,cust_payee_41453,MEXICO,MILESTONE_PAYMENT,proofrail_synthetic,conditional_settlement_case,TRUE,proofrail,synthetic_research
2026-01-08T23:48,GOOD,txn_0003509,cust_payer_55827,CANADA,2074.97,cust_payee_11421,USA,SERVICE_RETAINER,proofrail_synthetic,conditional_settlement_case,FALSE,proofrail,synthetic_research
2026-01-08T23:53,GOOD,txn_0003510,cust_payer_14310,USA,1950.99,cust_payee_49755,CANADA,INVOICE_PAYMENT,proofrail_synthetic,conditional_settlement_case,FALSE,proofrail,synthetic_research
2026-01-08T23:54,GOOD,txn_0003511,cust_payer_75216,MEXICO,2456.8,cust_payee_49066,UNITED-KINGDOM,MILESTONE_PAYMENT,proofrail_synthetic,conditional_settlement_case,FALSE,proofrail,synthetic_research
2026-01-08T23:56,REVIEW,txn_0003512,cust_payer_71125,USA,4381.78,cust_payee_63746,CANADA,INVOICE_PAYMENT,proofrail_synthetic,conditional_settlement_case,FALSE,proofrail,synthetic_research
2026-01-08T23:59,REVIEW,txn_0003513,cust_payer_67972,USA,2683.61,cust_payee_08990,CANADA,MILESTONE_PAYMENT,proofrail_synthetic,conditional_settlement_case,TRUE,proofrail,synthetic_research
2026-01-09T00:01,GOOD,txn_0003514,cust_payer_94826,USA,3005.49,cust_payee_50485,USA,GOODS_SETTLEMENT,proofrail_synthetic,conditional_settlement_case,FALSE,proofrail,synthetic_research
2026-01-09T00:02,REVIEW,txn_0003515,cust_payer_67273,USA,5863.76,cust_payee_62837,USA,INVOICE_PAYMENT,proofrail_synthetic,conditional_settlement_case,TRUE,proofrail,synthetic_research
2026-01-09T00:02,BAD,txn_0003516,cust_payer_55932,CANADA,1177.05,cust_payee_80362,USA,INVOICE_PAYMENT,proofrail_synthetic,conditional_settlement_case,TRUE,proofrail,synthetic_research
2026-01-09T00:05,GOOD,txn_0003517,cust_payer_21536,USA,2251.63,cust_payee_54831,USA,INVOICE_PAYMENT,proofrail_synthetic,conditional_settlement_case,FALSE,proofrail,synthetic_research
2026-01-09T00:05,REVIEW,txn_0003518,cust_payer_40007,USA,18360.26,cust_payee_48386,USA,MILESTONE_PAYMENT,proofrail_synthetic,conditional_settlement_case,TRUE,proofrail,synthetic_research
2026-01-09T00:06,GOOD,txn_0003519,cust_payer_01452,USA,3716.91,cust_payee_91837,USA,INVOICE_PAYMENT,proofrail_synthetic,conditional_settlement_case,FALSE,proofrail,synthetic_research
2026-01-09T00:07,GOOD,txn_0003520,cust_payer_40695,USA,23475.14,cust_payee_94003,USA,MILESTONE_PAYMENT,proofrail_synthetic,conditional_settlement_case,FALSE,proofrail,synthetic_research
2026-01-09T00:08,REVIEW,txn_0003521,cust_payer_21923,CANADA,1747.7,cust_payee_24818,USA,INVOICE_PAYMENT,proofrail_synthetic,conditional_settlement_case,FALSE,proofrail,synthetic_research
2026-01-09T00:09,BAD,txn_0003522,cust_payer_20397,CANADA,120.24,cust_payee_42735,USA,GOODS_SETTLEMENT,proofrail_synthetic,conditional_settlement_case,TRUE,proofrail,synthetic_research
2026-01-09T00:11,GOOD,txn_0003523,cust_payer_80993,USA,1646.72,cust_payee_87986,USA,GOODS_SETTLEMENT,proofrail_synthetic,conditional_settlement_case,FALSE,proofrail,synthetic_research
2026-01-09T00:13,GOOD,txn_0003524,cust_payer_32164,GERMANY,4046.34,cust_payee_29426,USA,GOODS_SETTLEMENT,proofrail_synthetic,conditional_settlement_case,FALSE,proofrail,synthetic_research
2026-01-09T00:13,GOOD,txn_0003525,cust_payer_44014,USA,808.66,cust_payee_37818,USA,MILESTONE_PAYMENT,proofrail_synthetic,conditional_settlement_case,FALSE,proofrail,synthetic_research
2026-01-09T00:14,GOOD,txn_0003526,cust_payer_37533,MEXICO,2858.18,cust_payee_28198,USA,GOODS_SETTLEMENT,proofrail_synthetic,conditional_settlement_case,FALSE,proofrail,synthetic_research
2026-01-09T00:16,GOOD,txn_0003527,cust_payer_55048,USA,2359.32,cust_payee_02786,USA,SERVICE_RETAINER,proofrail_synthetic,conditional_settlement_case,FALSE,proofrail,synthetic_research
2026-01-09T00:17,BAD,txn_0003528,cust_payer_42060,USA,1496.34,cust_payee_54424,UNITED-KINGDOM,SERVICE_RETAINER,proofrail_synthetic,conditional_settlement_case,TRUE,proofrail,synthetic_research
2026-01-09T00:17,GOOD,txn_0003529,cust_payer_20093,USA,10805.64,cust_payee_72809,USA,INVOICE_PAYMENT,proofrail_synthetic,conditional_settlement_case,FALSE,proofrail,synthetic_research
2026-01-09T00:17,GOOD,txn_0003530,cust_payer_84673,USA,1415.94,cust_payee_04765,USA,GOODS_SETTLEMENT,proofrail_synthetic,conditional_settlement_case,FALSE,proofrail,synthetic_research
2026-01-09T00:18,GOOD,txn_0003531,cust_payer_55407,USA,836.63,cust_payee_70351,USA,GOODS_SETTLEMENT,proofrail_synthetic,conditional_settlement_case,FALSE,proofrail,synthetic_research
2026-01-09T00:18,GOOD,txn_0003532,cust_payer_44726,USA,1113.51,cust_payee_58253,USA,INVOICE_PAYMENT,proofrail_synthetic,conditional_settlement_case,FALSE,proofrail,synthetic_research
2026-01-09T00:19,GOOD,txn_0003533,cust_payer_00865,USA,2129.45,cust_payee_23875,SINGAPORE,INVOICE_PAYMENT,proofrail_synthetic,conditional_settlement_case,FALSE,proofrail,synthetic_research
2026-01-09T00:21,GOOD,txn_0003534,cust_payer_48900,USA,1817.36,cust_payee_01632,USA,GOODS_SETTLEMENT,proofrail_synthetic,conditional_settlement_case,FALSE,proofrail,synthetic_research
2026-01-09T00:26,REVIEW,txn_0003535,cust_payer_89390,USA,14024.38,cust_payee_60310,USA,GOODS_SETTLEMENT,proofrail_synthetic,conditional_settlement_case,FALSE,proofrail,synthetic_research
2026-01-09T00:27,GOOD,txn_0003536,cust_payer_51964,USA,1865.04,cust_payee_28541,USA,INVOICE_PAYMENT,proofrail_synthetic,conditional_settlement_case,FALSE,proofrail,synthetic_research
2026-01-09T00:28,REVIEW,txn_0003537,cust_payer_69867,USA,3353.9,cust_payee_48363,USA,INVOICE_PAYMENT,proofrail_synthetic,conditional_settlement_case,TRUE,proofrail,synthetic_research
2026-01-09T00:29,GOOD,txn_0003538,cust_payer_80708,USA,674.98,cust_payee_33169,USA,INVOICE_PAYMENT,proofrail_synthetic,conditional_settlement_case,FALSE,proofrail,synthetic_research
2026-01-09T00:30,GOOD,txn_0003539,cust_payer_26858,USA,1459.14,cust_payee_89172,USA,MILESTONE_PAYMENT,proofrail_synthetic,conditional_settlement_case,FALSE,proofrail,synthetic_research
2026-01-09T00:32,BAD,txn_0003540,cust_payer_43482,USA,7505.8,cust_payee_68342,USA,GOODS_SETTLEMENT,proofrail_synthetic,conditional_settlement_case,TRUE,proofrail,synthetic_research
2026-01-09T00:32,REVIEW,txn_0003541,cust_payer_55609,USA,266.7,cust_payee_18213,CANADA,INVOICE_PAYMENT,proofrail_synthetic,conditional_settlement_case,FALSE,proofrail,synthetic_research
2026-01-09T00:33,GOOD,txn_0003542,cust_payer_39582,USA,7739.99,cust_payee_97669,USA,INVOICE_PAYMENT,proofrail_synthetic,conditional_settlement_case,FALSE,proofrail,synthetic_research
2026-01-09T00:37,GOOD,txn_0003543,cust_payer_54348,USA,5886.26,cust_payee_33379,USA,INVOICE_PAYMENT,proofrail_synthetic,conditional_settlement_case,FALSE,proofrail,synthetic_research
2026-01-09T00:37,GOOD,txn_0003544,cust_payer_94883,USA,4336.26,cust_payee_52146,USA,MILESTONE_PAYMENT,proofrail_synthetic,conditional_settlement_case,FALSE,proofrail,synthetic_research
2026-01-09T00:38,GOOD,txn_0003545,cust_payer_44227,USA,20809.05,cust_payee_98497,SINGAPORE,GOODS_SETTLEMENT,proofrail_synthetic,conditional_settlement_case,FALSE,proofrail,synthetic_research
2026-01-09T00:40,GOOD,txn_0003546,cust_payer_50355,USA,2792.47,cust_payee_51093,USA,GOODS_SETTLEMENT,proofrail_synthetic,conditional_settlement_case,FALSE,proofrail,synthetic_research
2026-01-09T00:42,GOOD,txn_0003547,cust_payer_88353,CANADA,6329.31,cust_payee_32354,USA,INVOICE_PAYMENT,proofrail_synthetic,conditional_settlement_case,FALSE,proofrail,synthetic_research
2026-01-09T00:42,GOOD,txn_0003548,cust_payer_78455,USA,4104.65,cust_payee_62123,USA,INVOICE_PAYMENT,proofrail_synthetic,conditional_settlement_case,FALSE,proofrail,synthetic_research
2026-01-09T00:43,GOOD,txn_0003549,cust_payer_04651,USA,4705.11,cust_payee_89739,USA,INVOICE_PAYMENT,proofrail_synthetic,conditional_settlement_case,FALSE,proofrail,synthetic_research
2026-01-09T00:47,GOOD,txn_0003550,cust_payer_08802,UNITED-KINGDOM,5550.53,cust_payee_25015,USA,SERVICE_RETAINER,proofrail_synthetic,conditional_settlement_case,FALSE,proofrail,synthetic_research
2026-01-09T00:47,BAD,txn_0003551,cust_payer_85985,CANADA,11625.69,cust_payee_56670,USA,GOODS_SETTLEMENT,proofrail_synthetic,conditional_settlement_case,TRUE,proofrail,synthetic_research
2026-01-09T00:47,REVIEW,txn_0003552,cust_payer_09972,USA,3803.16,cust_payee_46634,USA,SERVICE_RETAINER,proofrail_synthetic,conditional_settlement_case,FALSE,proofrail,synthetic_research
2026-01-09T00:48,GOOD,txn_0003553,cust_payer_24085,USA,697.09,cust_payee_67508,USA,INVOICE_PAYMENT,proofrail_synthetic,conditional_settlement_case,FALSE,proofrail,synthetic_research
2026-01-09T00:49,REVIEW,txn_0003554,cust_payer_27752,USA,11330.92,cust_payee_93328,USA,GOODS_SETTLEMENT,proofrail_synthetic,conditional_settlement_case,TRUE,proofrail,synthetic_research
2026-01-09T00:55,GOOD,txn_0003555,cust_payer_50799,USA,401.01,cust_payee_38562,USA,GOODS_SETTLEMENT,proofrail_synthetic,conditional_settlement_case,FALSE,proofrail,synthetic_research
2026-01-09T00:56,GOOD,txn_0003556,cust_payer_01094,USA,714.65,cust_payee_59317,USA,GOODS_SETTLEMENT,proofrail_synthetic,conditional_settlement_case,FALSE,proofrail,synthetic_research
2026-01-09T00:56,GOOD,txn_0003557,cust_payer_54187,USA,3652.86,cust_payee_39006,USA,GOODS_SETTLEMENT,proofrail_synthetic,conditional_settlement_case,FALSE,proofrail,synthetic_research
2026-01-09T00:57,GOOD,txn_0003558,cust_payer_63054,USA,1288.61,cust_payee_80112,USA,INVOICE_PAYMENT,proofrail_synthetic,conditional_settlement_case,FALSE,proofrail,synthetic_research
2026-01-09T00:58,GOOD,txn_0003559,cust_payer_80616,USA,910.09,cust_payee_73524,USA,GOODS_SETTLEMENT,proofrail_synthetic,conditional_settlement_case,FALSE,proofrail,synthetic_research
2026-01-09T00:59,BAD,txn_0003560,cust_payer_09243,USA,4592.26,cust_payee_38878,USA,INVOICE_PAYMENT,proofrail_synthetic,conditional_settlement_case,TRUE,proofrail,synthetic_research
2026-01-09T01:03,BAD,txn_0003561,cust_payer_90578,USA,8534.24,cust_payee_19692,USA,INVOICE_PAYMENT,proofrail_synthetic,conditional_settlement_case,TRUE,proofrail,synthetic_research
2026-01-09T01:04,GOOD,txn_0003562,cust_payer_88135,USA,7514.12,cust_payee_48315,USA,GOODS_SETTLEMENT,proofrail_synthetic,conditional_settlement_case,FALSE,proofrail,synthetic_research
2026-01-09T01:05,BAD,txn_0003563,cust_payer_01958,USA,2611.1,cust_payee_25065,USA,GOODS_SETTLEMENT,proofrail_synthetic,conditional_settlement_case,TRUE,proofrail,synthetic_research
2026-01-09T01:05,REVIEW,txn_0003564,cust_payer_61441,USA,4251.97,cust_payee_27863,USA,MILESTONE_PAYMENT,proofrail_synthetic,conditional_settlement_case,TRUE,proofrail,synthetic_research
2026-01-09T01:07,GOOD,txn_0003565,cust_payer_18258,USA,204.96,cust_payee_77666,USA,INVOICE_PAYMENT,proofrail_synthetic,conditional_settlement_case,FALSE,proofrail,synthetic_research
2026-01-09T01:08,REVIEW,txn_0003566,cust_payer_47104,USA,1067.22,cust_payee_08863,USA,INVOICE_PAYMENT,proofrail_synthetic,conditional_settlement_case,TRUE,proofrail,synthetic_research
2026-01-09T01:10,BAD,txn_0003567,cust_payer_57542,USA,160.77,cust_payee_72260,USA,MILESTONE_PAYMENT,proofrail_synthetic,conditional_settlement_case,TRUE,proofrail,synthetic_research
2026-01-09T01:12,GOOD,txn_0003568,cust_payer_99349,USA,572.86,cust_payee_53491,USA,GOODS_SETTLEMENT,proofrail_synthetic,conditional_settlement_case,FALSE,proofrail,synthetic_research
2026-01-09T01:17,BAD,txn_0003569,cust_payer_73019,USA,2697.58,cust_payee_83358,USA,INVOICE_PAYMENT,proofrail_synthetic,conditional_settlement_case,TRUE,proofrail,synthetic_research
2026-01-09T01:19,GOOD,txn_0003570,cust_payer_31145,USA,916.58,cust_payee_84788,USA,INVOICE_PAYMENT,proofrail_synthetic,conditional_settlement_case,FALSE,proofrail,synthetic_research
2026-01-09T01:22,GOOD,txn_0003571,cust_payer_02772,USA,4616.51,cust_payee_82006,MEXICO,SERVICE_RETAINER,proofrail_synthetic,conditional_settlement_case,FALSE,proofrail,synthetic_research
2026-01-09T01:25,GOOD,txn_0003572,cust_payer_77411,GERMANY,5505.7,cust_payee_21770,USA,MILESTONE_PAYMENT,proofrail_synthetic,conditional_settlement_case,FALSE,proofrail,synthetic_research
2026-01-09T01:30,REVIEW,txn_0003573,cust_payer_53540,USA,713.31,cust_payee_23446,USA,GOODS_SETTLEMENT,proofrail_synthetic,conditional_settlement_case,TRUE,proofrail,synthetic_research
2026-01-09T01:31,GOOD,txn_0003574,cust_payer_01829,USA,1286.58,cust_payee_96489,USA,MILESTONE_PAYMENT,proofrail_synthetic,conditional_settlement_case,FALSE,proofrail,synthetic_research
2026-01-09T01:31,REVIEW,txn_0003575,cust_payer_47203,USA,1632.39,cust_payee_70001,USA,INVOICE_PAYMENT,proofrail_synthetic,conditional_settlement_case,TRUE,proofrail,synthetic_research
2026-01-09T01:32,GOOD,txn_0003576,cust_payer_65593,USA,5298.55,cust_payee_36006,USA,MILESTONE_PAYMENT,proofrail_synthetic,conditional_settlement_case,FALSE,proofrail,synthetic_research
2026-01-09T01:36,GOOD,txn_0003577,cust_payer_68343,CANADA,538.44,cust_payee_88357,USA,INVOICE_PAYMENT,proofrail_synthetic,conditional_settlement_case,FALSE,proofrail,synthetic_research
2026-01-09T01:38,GOOD,txn_0003578,cust_payer_48589,USA,1634.98,cust_payee_32766,USA,MILESTONE_PAYMENT,proofrail_synthetic,conditional_settlement_case,FALSE,proofrail,synthetic_research
2026-01-09T01:39,GOOD,txn_0003579,cust_payer_10693,USA,1021.33,cust_payee_52313,USA,INVOICE_PAYMENT,proofrail_synthetic,conditional_settlement_case,FALSE,proofrail,synthetic_research
2026-01-09T01:40,BAD,txn_0003580,cust_payer_89970,CANADA,2882.71,cust_payee_60278,USA,GOODS_SETTLEMENT,proofrail_synthetic,conditional_settlement_case,TRUE,proofrail,synthetic_research
2026-01-09T01:40,BAD,txn_0003581,cust_payer_99990,SINGAPORE,5112.93,cust_payee_97261,SINGAPORE,GOODS_SETTLEMENT,proofrail_synthetic,conditional_settlement_case,TRUE,proofrail,synthetic_research
2026-01-09T01:40,BAD,txn_0003582,cust_payer_67001,USA,407.02,cust_payee_22637,USA,GOODS_SETTLEMENT,proofrail_synthetic,conditional_settlement_case,TRUE,proofrail,synthetic_research
2026-01-09T01:41,GOOD,txn_0003583,cust_payer_42946,MEXICO,3277.55,cust_payee_73744,USA,MILESTONE_PAYMENT,proofrail_synthetic,conditional_settlement_case,FALSE,proofrail,synthetic_research
2026-01-09T01:41,GOOD,txn_0003584,cust_payer_00948,USA,7233.5,cust_payee_08020,USA,GOODS_SETTLEMENT,proofrail_synthetic,conditional_settlement_case,FALSE,proofrail,synthetic_research
2026-01-09T01:43,GOOD,txn_0003585,cust_payer_13929,USA,1682.54,cust_payee_50824,CANADA,GOODS_SETTLEMENT,proofrail_synthetic,conditional_settlement_case,FALSE,proofrail,synthetic_research
2026-01-09T01:44,REVIEW,txn_0003586,cust_payer_69591,CANADA,3289.76,cust_payee_40570,USA,GOODS_SETTLEMENT,proofrail_synthetic,conditional_settlement_case,FALSE,proofrail,synthetic_research
2026-01-09T01:47,GOOD,txn_0003587,cust_payer_40513,USA,660.9,cust_payee_65335,USA,GOODS_SETTLEMENT,proofrail_synthetic,conditional_settlement_case,FALSE,proofrail,synthetic_research
2026-01-09T01:47,GOOD,txn_0003588,cust_payer_86641,MEXICO,6382.63,cust_payee_35718,USA,SERVICE_RETAINER,proofrail_synthetic,conditional_settlement_case,FALSE,proofrail,synthetic_research
2026-01-09T01:51,REVIEW,txn_0003589,cust_payer_31823,USA,6715.11,cust_payee_57394,USA,INVOICE_PAYMENT,proofrail_synthetic,conditional_settlement_case,FALSE,proofrail,synthetic_research
2026-01-09T01:53,GOOD,txn_0003590,cust_payer_39941,USA,13178.27,cust_payee_63102,USA,GOODS_SETTLEMENT,proofrail_synthetic,conditional_settlement_case,FALSE,proofrail,synthetic_research
2026-01-09T01:53,GOOD,txn_0003591,cust_payer_56150,USA,10278.25,cust_payee_41357,USA,MILESTONE_PAYMENT,proofrail_synthetic,conditional_settlement_case,FALSE,proofrail,synthetic_research
2026-01-09T01:54,GOOD,txn_0003592,cust_payer_86133,USA,447.74,cust_payee_02320,USA,INVOICE_PAYMENT,proofrail_synthetic,conditional_settlement_case,FALSE,proofrail,synthetic_research
2026-01-09T01:54,REVIEW,txn_0003593,cust_payer_60350,USA,290.8,cust_payee_55186,CANADA,GOODS_SETTLEMENT,proofrail_synthetic,conditional_settlement_case,TRUE,proofrail,synthetic_research
2026-01-09T01:55,REVIEW,txn_0003594,cust_payer_67597,USA,4944.78,cust_payee_54761,USA,MILESTONE_PAYMENT,proofrail_synthetic,conditional_settlement_case,FALSE,proofrail,synthetic_research
2026-01-09T01:57,REVIEW,txn_0003595,cust_payer_70804,USA,499.32,cust_payee_48975,USA,MILESTONE_PAYMENT,proofrail_synthetic,conditional_settlement_case,TRUE,proofrail,synthetic_research
2026-01-09T02:00,GOOD,txn_0003596,cust_payer_86026,CANADA,7360.6,cust_payee_74351,USA,SERVICE_RETAINER,proofrail_synthetic,conditional_settlement_case,FALSE,proofrail,synthetic_research
2026-01-09T02:02,REVIEW,txn_0003597,cust_payer_78353,USA,2079.71,cust_payee_06088,UNITED-KINGDOM,INVOICE_PAYMENT,proofrail_synthetic,conditional_settlement_case,TRUE,proofrail,synthetic_research
2026-01-09T02:06,REVIEW,txn_0003598,cust_payer_67678,USA,3089.94,cust_payee_25285,USA,INVOICE_PAYMENT,proofrail_synthetic,conditional_settlement_case,FALSE,proofrail,synthetic_research
2026-01-09T02:09,BAD,txn_0003599,cust_payer_59693,USA,1713.13,cust_payee_92979,UNITED-KINGDOM,GOODS_SETTLEMENT,proofrail_synthetic,conditional_settlement_case,TRUE,proofrail,synthetic_research
2026-01-09T02:11,GOOD,txn_0003600,cust_payer_82906,USA,1963.63,cust_payee_80494,USA,GOODS_SETTLEMENT,proofrail_synthetic,conditional_settlement_case,FALSE,proofrail,synthetic_research
2026-01-09T02:11,REVIEW,txn_0003601,cust_payer_05004,MEXICO,23632.77,cust_payee_69891,USA,INVOICE_PAYMENT,proofrail_synthetic,conditional_settlement_case,TRUE,proofrail,synthetic_research
2026-01-09T02:12,REVIEW,txn_0003602,cust_payer_50523,USA,14045.04,cust_payee_57922,USA,MILESTONE_PAYMENT,proofrail_synthetic,conditional_settlement_case,FALSE,proofrail,synthetic_research
2026-01-09T02:15,GOOD,txn_0003603,cust_payer_10577,USA,2195.24,cust_payee_39166,CANADA,SERVICE_RETAINER,proofrail_synthetic,conditional_settlement_case,FALSE,proofrail,synthetic_research
2026-01-09T02:19,GOOD,txn_0003604,cust_payer_40720,USA,3608.01,cust_payee_02183,USA,MILESTONE_PAYMENT,proofrail_synthetic,conditional_settlement_case,FALSE,proofrail,synthetic_research
2026-01-09T02:20,BAD,txn_0003605,cust_payer_29785,USA,911.85,cust_payee_30488,USA,MILESTONE_PAYMENT,proofrail_synthetic,conditional_settlement_case,TRUE,proofrail,synthetic_research
2026-01-09T02:24,GOOD,txn_0003606,cust_payer_50730,USA,13647.22,cust_payee_73680,USA,GOODS_SETTLEMENT,proofrail_synthetic,conditional_settlement_case,FALSE,proofrail,synthetic_research
2026-01-09T02:26,REVIEW,txn_0003607,cust_payer_82993,CANADA,5266.54,cust_payee_85460,CANADA,GOODS_SETTLEMENT,proofrail_synthetic,conditional_settlement_case,FALSE,proofrail,synthetic_research
2026-01-09T02:28,GOOD,txn_0003608,cust_payer_28232,GERMANY,3343.27,cust_payee_93684,USA,INVOICE_PAYMENT,proofrail_synthetic,conditional_settlement_case,FALSE,proofrail,synthetic_research
2026-01-09T02:28,BAD,txn_0003609,cust_payer_59459,USA,3196.42,cust_payee_99367,USA,INVOICE_PAYMENT,proofrail_synthetic,conditional_settlement_case,TRUE,proofrail,synthetic_research
2026-01-09T02:30,GOOD,txn_0003610,cust_payer_05409,USA,346.28,cust_payee_49070,USA,INVOICE_PAYMENT,proofrail_synthetic,conditional_settlement_case,FALSE,proofrail,synthetic_research
2026-01-09T02:32,GOOD,txn_0003611,cust_payer_73579,USA,2044.16,cust_payee_27803,USA,INVOICE_PAYMENT,proofrail_synthetic,conditional_settlement_case,FALSE,proofrail,synthetic_research
2026-01-09T02:32,GOOD,txn_0003612,cust_payer_95923,CANADA,2301.61,cust_payee_36600,USA,MILESTONE_PAYMENT,proofrail_synthetic,conditional_settlement_case,FALSE,proofrail,synthetic_research
2026-01-09T02:37,GOOD,txn_0003613,cust_payer_50852,USA,2399.31,cust_payee_71473,GERMANY,GOODS_SETTLEMENT,proofrail_synthetic,conditional_settlement_case,FALSE,proofrail,synthetic_research
2026-01-09T02:37,BAD,txn_0003614,cust_payer_45157,USA,2023.48,cust_payee_69424,USA,INVOICE_PAYMENT,proofrail_synthetic,conditional_settlement_case,TRUE,proofrail,synthetic_research
2026-01-09T02:38,GOOD,txn_0003615,cust_payer_89316,USA,513.58,cust_payee_16704,USA,MILESTONE_PAYMENT,proofrail_synthetic,conditional_settlement_case,FALSE,proofrail,synthetic_research
2026-01-09T02:39,GOOD,txn_0003616,cust_payer_62986,USA,7346.6,cust_payee_69507,USA,GOODS_SETTLEMENT,proofrail_synthetic,conditional_settlement_case,FALSE,proofrail,synthetic_research
2026-01-09T02:44,GOOD,txn_0003617,cust_payer_02389,CANADA,3983.3,cust_payee_25332,SINGAPORE,GOODS_SETTLEMENT,proofrail_synthetic,conditional_settlement_case,FALSE,proofrail,synthetic_research
2026-01-09T02:46,GOOD,txn_0003618,cust_payer_66260,USA,2123.23,cust_payee_68412,USA,GOODS_SETTLEMENT,proofrail_synthetic,conditional_settlement_case,FALSE,proofrail,synthetic_research
2026-01-09T02:47,REVIEW,txn_0003619,cust_payer_38802,USA,17726.93,cust_payee_52880,USA,INVOICE_PAYMENT,proofrail_synthetic,conditional_settlement_case,FALSE,proofrail,synthetic_research
2026-01-09T02:47,REVIEW,txn_0003620,cust_payer_38414,USA,5479.46,cust_payee_09404,USA,MILESTONE_PAYMENT,proofrail_synthetic,conditional_settlement_case,TRUE,proofrail,synthetic_research
2026-01-09T02:48,GOOD,txn_0003621,cust_payer_14162,USA,7477.83,cust_payee_83756,USA,GOODS_SETTLEMENT,proofrail_synthetic,conditional_settlement_case,FALSE,proofrail,synthetic_research
2026-01-09T02:48,GOOD,txn_0003622,cust_payer_90141,USA,1070.36,cust_payee_43880,USA,MILESTONE_PAYMENT,proofrail_synthetic,conditional_settlement_case,FALSE,proofrail,synthetic_research
2026-01-09T02:49,BAD,txn_0003623,cust_payer_63743,MEXICO,919.89,cust_payee_73563,UNITED-KINGDOM,INVOICE_PAYMENT,proofrail_synthetic,conditional_settlement_case,TRUE,proofrail,synthetic_research
2026-01-09T02:50,BAD,txn_0003624,cust_payer_65600,USA,2309.02,cust_payee_06579,USA,INVOICE_PAYMENT,proofrail_synthetic,conditional_settlement_case,TRUE,proofrail,synthetic_research
2026-01-09T02:51,GOOD,txn_0003625,cust_payer_89711,USA,16723.1,cust_payee_63687,USA,GOODS_SETTLEMENT,proofrail_synthetic,conditional_settlement_case,FALSE,proofrail,synthetic_research
2026-01-09T02:52,BAD,txn_0003626,cust_payer_76042,USA,3791.98,cust_payee_95211,USA,INVOICE_PAYMENT,proofrail_synthetic,conditional_settlement_case,TRUE,proofrail,synthetic_research
2026-01-09T02:58,REVIEW,txn_0003627,cust_payer_59397,USA,4571.92,cust_payee_41372,USA,INVOICE_PAYMENT,proofrail_synthetic,conditional_settlement_case,FALSE,proofrail,synthetic_research
2026-01-09T02:58,REVIEW,txn_0003628,cust_payer_73920,USA,9064.9,cust_payee_71016,USA,INVOICE_PAYMENT,proofrail_synthetic,conditional_settlement_case,FALSE,proofrail,synthetic_research
2026-01-09T02:59,GOOD,txn_0003629,cust_payer_69720,SINGAPORE,609.76,cust_payee_74213,USA,INVOICE_PAYMENT,proofrail_synthetic,conditional_settlement_case,FALSE,proofrail,synthetic_research
2026-01-09T03:01,GOOD,txn_0003630,cust_payer_05621,USA,9761.71,cust_payee_75920,USA,SERVICE_RETAINER,proofrail_synthetic,conditional_settlement_case,FALSE,proofrail,synthetic_research
2026-01-09T03:01,GOOD,txn_0003631,cust_payer_12629,USA,1085.9,cust_payee_18152,USA,INVOICE_PAYMENT,proofrail_synthetic,conditional_settlement_case,FALSE,proofrail,synthetic_research
2026-01-09T03:02,GOOD,txn_0003632,cust_payer_00161,USA,3664.86,cust_payee_70442,USA,MILESTONE_PAYMENT,proofrail_synthetic,conditional_settlement_case,FALSE,proofrail,synthetic_research
2026-01-09T03:05,BAD,txn_0003633,cust_payer_60856,USA,1949.5,cust_payee_66779,MEXICO,INVOICE_PAYMENT,proofrail_synthetic,conditional_settlement_case,TRUE,proofrail,synthetic_research
2026-01-09T03:11,GOOD,txn_0003634,cust_payer_71403,USA,5180.89,cust_payee_87034,USA,INVOICE_PAYMENT,proofrail_synthetic,conditional_settlement_case,FALSE,proofrail,synthetic_research
2026-01-09T03:14,GOOD,txn_0003635,cust_payer_36389,USA,1745.89,cust_payee_99884,USA,INVOICE_PAYMENT,proofrail_synthetic,conditional_settlement_case,FALSE,proofrail,synthetic_research
2026-01-09T03:18,GOOD,txn_0003636,cust_payer_65775,USA,730.47,cust_payee_80406,USA,INVOICE_PAYMENT,proofrail_synthetic,conditional_settlement_case,FALSE,proofrail,synthetic_research
2026-01-09T03:19,BAD,txn_0003637,cust_payer_07667,USA,6469.35,cust_payee_59935,GERMANY,INVOICE_PAYMENT,proofrail_synthetic,conditional_settlement_case,TRUE,proofrail,synthetic_research
2026-01-09T03:20,GOOD,txn_0003638,cust_payer_78970,USA,288.08,cust_payee_57424,USA,MILESTONE_PAYMENT,proofrail_synthetic,conditional_settlement_case,FALSE,proofrail,synthetic_research
2026-01-09T03:20,GOOD,txn_0003639,cust_payer_95055,USA,1344.1,cust_payee_56264,USA,GOODS_SETTLEMENT,proofrail_synthetic,conditional_settlement_case,FALSE,proofrail,synthetic_research
2026-01-09T03:21,REVIEW,txn_0003640,cust_payer_62421,USA,11347.73,cust_payee_17727,USA,MILESTONE_PAYMENT,proofrail_synthetic,conditional_settlement_case,TRUE,proofrail,synthetic_research
2026-01-09T03:22,GOOD,txn_0003641,cust_payer_72063,USA,1933.26,cust_payee_57523,CANADA,GOODS_SETTLEMENT,proofrail_synthetic,conditional_settlement_case,FALSE,proofrail,synthetic_research
2026-01-09T03:22,BAD,txn_0003642,cust_payer_96199,USA,10690.92,cust_payee_89558,USA,SERVICE_RETAINER,proofrail_synthetic,conditional_settlement_case,TRUE,proofrail,synthetic_research
2026-01-09T03:24,GOOD,txn_0003643,cust_payer_22566,CANADA,2046.88,cust_payee_09588,SINGAPORE,SERVICE_RETAINER,proofrail_synthetic,conditional_settlement_case,FALSE,proofrail,synthetic_research
2026-01-09T03:25,GOOD,txn_0003644,cust_payer_17205,USA,5877.59,cust_payee_98278,USA,SERVICE_RETAINER,proofrail_synthetic,conditional_settlement_case,FALSE,proofrail,synthetic_research
2026-01-09T03:25,GOOD,txn_0003645,cust_payer_02033,USA,1321.18,cust_payee_12080,USA,GOODS_SETTLEMENT,proofrail_synthetic,conditional_settlement_case,FALSE,proofrail,synthetic_research
2026-01-09T03:25,REVIEW,txn_0003646,cust_payer_51403,USA,621.72,cust_payee_54882,USA,GOODS_SETTLEMENT,proofrail_synthetic,conditional_settlement_case,FALSE,proofrail,synthetic_research
2026-01-09T03:26,GOOD,txn_0003647,cust_payer_31277,CANADA,1094.33,cust_payee_45664,USA,GOODS_SETTLEMENT,proofrail_synthetic,conditional_settlement_case,FALSE,proofrail,synthetic_research
2026-01-09T03:29,REVIEW,txn_0003648,cust_payer_86644,USA,403.22,cust_payee_56029,USA,INVOICE_PAYMENT,proofrail_synthetic,conditional_settlement_case,TRUE,proofrail,synthetic_research
2026-01-09T03:30,GOOD,txn_0003649,cust_payer_15743,USA,1463.37,cust_payee_36445,USA,GOODS_SETTLEMENT,proofrail_synthetic,conditional_settlement_case,FALSE,proofrail,synthetic_research
2026-01-09T03:31,GOOD,txn_0003650,cust_payer_35550,USA,11147.63,cust_payee_64108,USA,MILESTONE_PAYMENT,proofrail_synthetic,conditional_settlement_case,FALSE,proofrail,synthetic_research
2026-01-09T03:33,REVIEW,txn_0003651,cust_payer_21553,USA,3964.52,cust_payee_84175,USA,INVOICE_PAYMENT,proofrail_synthetic,conditional_settlement_case,TRUE,proofrail,synthetic_research
2026-01-09T03:43,GOOD,txn_0003652,cust_payer_57291,USA,1790.91,cust_payee_10291,CANADA,INVOICE_PAYMENT,proofrail_synthetic,conditional_settlement_case,FALSE,proofrail,synthetic_research
2026-01-09T03:45,BAD,txn_0003653,cust_payer_31292,MEXICO,233.05,cust_payee_81678,USA,INVOICE_PAYMENT,proofrail_synthetic,conditional_settlement_case,TRUE,proofrail,synthetic_research
2026-01-09T03:45,BAD,txn_0003654,cust_payer_41948,USA,3877.72,cust_payee_91661,USA,INVOICE_PAYMENT,proofrail_synthetic,conditional_settlement_case,TRUE,proofrail,synthetic_research
2026-01-09T03:49,GOOD,txn_0003655,cust_payer_64384,USA,375.64,cust_payee_07107,USA,MILESTONE_PAYMENT,proofrail_synthetic,conditional_settlement_case,FALSE,proofrail,synthetic_research
2026-01-09T03:51,GOOD,txn_0003656,cust_payer_88647,USA,2774.28,cust_payee_39104,USA,INVOICE_PAYMENT,proofrail_synthetic,conditional_settlement_case,FALSE,proofrail,synthetic_research
2026-01-09T03:51,GOOD,txn_0003657,cust_payer_63853,USA,496.47,cust_payee_86653,USA,INVOICE_PAYMENT,proofrail_synthetic,conditional_settlement_case,FALSE,proofrail,synthetic_research
2026-01-09T03:53,GOOD,txn_0003658,cust_payer_69993,USA,608.87,cust_payee_20421,USA,MILESTONE_PAYMENT,proofrail_synthetic,conditional_settlement_case,FALSE,proofrail,synthetic_research
2026-01-09T03:53,GOOD,txn_0003659,cust_payer_50884,USA,4233.34,cust_payee_01401,CANADA,MILESTONE_PAYMENT,proofrail_synthetic,conditional_settlement_case,FALSE,proofrail,synthetic_research
2026-01-09T03:54,GOOD,txn_0003660,cust_payer_28754,USA,432.66,cust_payee_47323,USA,GOODS_SETTLEMENT,proofrail_synthetic,conditional_settlement_case,FALSE,proofrail,synthetic_research
2026-01-09T04:01,BAD,txn_0003661,cust_payer_12380,USA,388.88,cust_payee_67635,USA,INVOICE_PAYMENT,proofrail_synthetic,conditional_settlement_case,TRUE,proofrail,synthetic_research
2026-01-09T04:03,REVIEW,txn_0003662,cust_payer_44346,USA,30859.8,cust_payee_44975,USA,SERVICE_RETAINER,proofrail_synthetic,conditional_settlement_case,FALSE,proofrail,synthetic_research
2026-01-09T04:03,GOOD,txn_0003663,cust_payer_37991,USA,2201.9,cust_payee_80886,USA,MILESTONE_PAYMENT,proofrail_synthetic,conditional_settlement_case,FALSE,proofrail,synthetic_research
2026-01-09T04:04,GOOD,txn_0003664,cust_payer_65104,USA,7141.93,cust_payee_76408,MEXICO,GOODS_SETTLEMENT,proofrail_synthetic,conditional_settlement_case,FALSE,proofrail,synthetic_research
2026-01-09T04:04,GOOD,txn_0003665,cust_payer_05697,CANADA,2261.81,cust_payee_22874,USA,INVOICE_PAYMENT,proofrail_synthetic,conditional_settlement_case,FALSE,proofrail,synthetic_research
2026-01-09T04:04,GOOD,txn_0003666,cust_payer_69267,USA,2199.12,cust_payee_00756,CANADA,MILESTONE_PAYMENT,proofrail_synthetic,conditional_settlement_case,FALSE,proofrail,synthetic_research
2026-01-09T04:06,REVIEW,txn_0003667,cust_payer_33459,CANADA,1230.61,cust_payee_01053,CANADA,MILESTONE_PAYMENT,proofrail_synthetic,conditional_settlement_case,FALSE,proofrail,synthetic_research
2026-01-09T04:07,GOOD,txn_0003668,cust_payer_61089,USA,3745.37,cust_payee_64491,USA,INVOICE_PAYMENT,proofrail_synthetic,conditional_settlement_case,FALSE,proofrail,synthetic_research
2026-01-09T04:08,GOOD,txn_0003669,cust_payer_90215,USA,1106.13,cust_payee_83266,USA,INVOICE_PAYMENT,proofrail_synthetic,conditional_settlement_case,FALSE,proofrail,synthetic_research
2026-01-09T04:10,BAD,txn_0003670,cust_payer_90129,USA,3181.88,cust_payee_15559,USA,INVOICE_PAYMENT,proofrail_synthetic,conditional_settlement_case,TRUE,proofrail,synthetic_research
2026-01-09T04:10,BAD,txn_0003671,cust_payer_61618,USA,7048.53,cust_payee_70084,CANADA,SERVICE_RETAINER,proofrail_synthetic,conditional_settlement_case,TRUE,proofrail,synthetic_research
2026-01-09T04:13,REVIEW,txn_0003672,cust_payer_95514,USA,612.14,cust_payee_93993,USA,MILESTONE_PAYMENT,proofrail_synthetic,conditional_settlement_case,FALSE,proofrail,synthetic_research
2026-01-09T04:17,GOOD,txn_0003673,cust_payer_96120,USA,1041.03,cust_payee_55604,MEXICO,MILESTONE_PAYMENT,proofrail_synthetic,conditional_settlement_case,FALSE,proofrail,synthetic_research
2026-01-09T04:17,GOOD,txn_0003674,cust_payer_60604,USA,14288.39,cust_payee_41695,USA,GOODS_SETTLEMENT,proofrail_synthetic,conditional_settlement_case,FALSE,proofrail,synthetic_research
2026-01-09T04:19,BAD,txn_0003675,cust_payer_87070,USA,2970.9,cust_payee_94228,USA,INVOICE_PAYMENT,proofrail_synthetic,conditional_settlement_case,TRUE,proofrail,synthetic_research
2026-01-09T04:19,GOOD,txn_0003676,cust_payer_97443,USA,7684.86,cust_payee_98995,CANADA,GOODS_SETTLEMENT,proofrail_synthetic,conditional_settlement_case,FALSE,proofrail,synthetic_research
2026-01-09T04:20,REVIEW,txn_0003677,cust_payer_82394,USA,2620.12,cust_payee_66574,USA,INVOICE_PAYMENT,proofrail_synthetic,conditional_settlement_case,FALSE,proofrail,synthetic_research
2026-01-09T04:20,GOOD,txn_0003678,cust_payer_68502,USA,2499.07,cust_payee_70449,USA,GOODS_SETTLEMENT,proofrail_synthetic,conditional_settlement_case,FALSE,proofrail,synthetic_research
2026-01-09T04:22,GOOD,txn_0003679,cust_payer_85096,USA,5203.93,cust_payee_10893,USA,MILESTONE_PAYMENT,proofrail_synthetic,conditional_settlement_case,FALSE,proofrail,synthetic_research
2026-01-09T04:23,REVIEW,txn_0003680,cust_payer_14655,USA,12419.1,cust_payee_92178,USA,INVOICE_PAYMENT,proofrail_synthetic,conditional_settlement_case,TRUE,proofrail,synthetic_research
2026-01-09T04:28,GOOD,txn_0003681,cust_payer_32849,USA,813.86,cust_payee_13680,USA,INVOICE_PAYMENT,proofrail_synthetic,conditional_settlement_case,FALSE,proofrail,synthetic_research
2026-01-09T04:28,GOOD,txn_0003682,cust_payer_93500,CANADA,1491.28,cust_payee_32322,USA,INVOICE_PAYMENT,proofrail_synthetic,conditional_settlement_case,FALSE,proofrail,synthetic_research
2026-01-09T04:29,GOOD,txn_0003683,cust_payer_43728,USA,2210.49,cust_payee_93823,CANADA,MILESTONE_PAYMENT,proofrail_synthetic,conditional_settlement_case,FALSE,proofrail,synthetic_research
2026-01-09T04:29,GOOD,txn_0003684,cust_payer_04581,CANADA,467.07,cust_payee_25009,USA,GOODS_SETTLEMENT,proofrail_synthetic,conditional_settlement_case,FALSE,proofrail,synthetic_research
2026-01-09T04:29,GOOD,txn_0003685,cust_payer_42948,USA,197.97,cust_payee_11258,USA,SERVICE_RETAINER,proofrail_synthetic,conditional_settlement_case,FALSE,proofrail,synthetic_research
2026-01-09T04:30,REVIEW,txn_0003686,cust_payer_53827,USA,16628.72,cust_payee_53238,USA,INVOICE_PAYMENT,proofrail_synthetic,conditional_settlement_case,TRUE,proofrail,synthetic_research
2026-01-09T04:31,GOOD,txn_0003687,cust_payer_41560,USA,2166.38,cust_payee_85390,USA,INVOICE_PAYMENT,proofrail_synthetic,conditional_settlement_case,FALSE,proofrail,synthetic_research
2026-01-09T04:32,GOOD,txn_0003688,cust_payer_81929,USA,9862.57,cust_payee_12988,USA,MILESTONE_PAYMENT,proofrail_synthetic,conditional_settlement_case,FALSE,proofrail,synthetic_research
2026-01-09T04:34,BAD,txn_0003689,cust_payer_28322,USA,899.74,cust_payee_45365,USA,INVOICE_PAYMENT,proofrail_synthetic,conditional_settlement_case,TRUE,proofrail,synthetic_research
2026-01-09T04:35,GOOD,txn_0003690,cust_payer_78781,USA,9731.47,cust_payee_93209,USA,MILESTONE_PAYMENT,proofrail_synthetic,conditional_settlement_case,FALSE,proofrail,synthetic_research
2026-01-09T04:36,GOOD,txn_0003691,cust_payer_36736,USA,4267.98,cust_payee_98680,USA,INVOICE_PAYMENT,proofrail_synthetic,conditional_settlement_case,FALSE,proofrail,synthetic_research
2026-01-09T04:38,GOOD,txn_0003692,cust_payer_51254,USA,6087.5,cust_payee_16657,USA,GOODS_SETTLEMENT,proofrail_synthetic,conditional_settlement_case,FALSE,proofrail,synthetic_research
2026-01-09T04:44,BAD,txn_0003693,cust_payer_97421,UNITED-KINGDOM,14307.78,cust_payee_14175,USA,INVOICE_PAYMENT,proofrail_synthetic,conditional_settlement_case,TRUE,proofrail,synthetic_research
2026-01-09T04:45,REVIEW,txn_0003694,cust_payer_35161,USA,988.98,cust_payee_47718,USA,MILESTONE_PAYMENT,proofrail_synthetic,conditional_settlement_case,TRUE,proofrail,synthetic_research
2026-01-09T04:47,GOOD,txn_0003695,cust_payer_19574,USA,4768.65,cust_payee_31084,USA,GOODS_SETTLEMENT,proofrail_synthetic,conditional_settlement_case,FALSE,proofrail,synthetic_research
2026-01-09T04:49,REVIEW,txn_0003696,cust_payer_94311,USA,1788.35,cust_payee_17995,USA,INVOICE_PAYMENT,proofrail_synthetic,conditional_settlement_case,FALSE,proofrail,synthetic_research
2026-01-09T04:51,GOOD,txn_0003697,cust_payer_11805,USA,2924.54,cust_payee_99097,USA,SERVICE_RETAINER,proofrail_synthetic,conditional_settlement_case,FALSE,proofrail,synthetic_research
2026-01-09T04:52,GOOD,txn_0003698,cust_payer_49204,USA,4031.01,cust_payee_17062,CANADA,INVOICE_PAYMENT,proofrail_synthetic,conditional_settlement_case,FALSE,proofrail,synthetic_research
2026-01-09T04:52,BAD,txn_0003699,cust_payer_93932,USA,3991.12,cust_payee_21284,USA,SERVICE_RETAINER,proofrail_synthetic,conditional_settlement_case,TRUE,proofrail,synthetic_research
2026-01-09T04:53,REVIEW,txn_0003700,cust_payer_13636,USA,1126.44,cust_payee_38484,USA,MILESTONE_PAYMENT,proofrail_synthetic,conditional_settlement_case,TRUE,proofrail,synthetic_research
2026-01-09T04:54,GOOD,txn_0003701,cust_payer_40919,USA,1322.83,cust_payee_28159,USA,INVOICE_PAYMENT,proofrail_synthetic,conditional_settlement_case,FALSE,proofrail,synthetic_research
2026-01-09T04:55,GOOD,txn_0003702,cust_payer_35139,USA,1771.89,cust_payee_39179,USA,MILESTONE_PAYMENT,proofrail_synthetic,conditional_settlement_case,FALSE,proofrail,synthetic_research
2026-01-09T04:59,GOOD,txn_0003703,cust_payer_34582,USA,4918.15,cust_payee_64763,USA,GOODS_SETTLEMENT,proofrail_synthetic,conditional_settlement_case,FALSE,proofrail,synthetic_research
2026-01-09T05:03,GOOD,txn_0003704,cust_payer_24537,USA,3916.14,cust_payee_03445,SINGAPORE,GOODS_SETTLEMENT,proofrail_synthetic,conditional_settlement_case,FALSE,proofrail,synthetic_research
2026-01-09T05:04,GOOD,txn_0003705,cust_payer_45678,USA,1443.28,cust_payee_22531,USA,GOODS_SETTLEMENT,proofrail_synthetic,conditional_settlement_case,FALSE,proofrail,synthetic_research
2026-01-09T05:05,REVIEW,txn_0003706,cust_payer_02796,USA,11697.61,cust_payee_94971,USA,GOODS_SETTLEMENT,proofrail_synthetic,conditional_settlement_case,TRUE,proofrail,synthetic_research
2026-01-09T05:06,REVIEW,txn_0003707,cust_payer_77776,USA,1211.18,cust_payee_35881,USA,INVOICE_PAYMENT,proofrail_synthetic,conditional_settlement_case,TRUE,proofrail,synthetic_research
2026-01-09T05:07,GOOD,txn_0003708,cust_payer_11392,USA,4576.64,cust_payee_02982,USA,MILESTONE_PAYMENT,proofrail_synthetic,conditional_settlement_case,FALSE,proofrail,synthetic_research
2026-01-09T05:08,REVIEW,txn_0003709,cust_payer_68870,USA,4777.12,cust_payee_32458,USA,MILESTONE_PAYMENT,proofrail_synthetic,conditional_settlement_case,TRUE,proofrail,synthetic_research
2026-01-09T05:08,REVIEW,txn_0003710,cust_payer_85040,USA,6261.41,cust_payee_61314,USA,MILESTONE_PAYMENT,proofrail_synthetic,conditional_settlement_case,FALSE,proofrail,synthetic_research
2026-01-09T05:08,BAD,txn_0003711,cust_payer_66859,USA,2744.42,cust_payee_73668,MEXICO,INVOICE_PAYMENT,proofrail_synthetic,conditional_settlement_case,TRUE,proofrail,synthetic_research
2026-01-09T05:09,GOOD,txn_0003712,cust_payer_50226,USA,470.52,cust_payee_05956,USA,SERVICE_RETAINER,proofrail_synthetic,conditional_settlement_case,FALSE,proofrail,synthetic_research
2026-01-09T05:09,GOOD,txn_0003713,cust_payer_38758,USA,2099.65,cust_payee_65644,USA,SERVICE_RETAINER,proofrail_synthetic,conditional_settlement_case,FALSE,proofrail,synthetic_research
2026-01-09T05:09,GOOD,txn_0003714,cust_payer_90385,USA,1103.11,cust_payee_26708,USA,INVOICE_PAYMENT,proofrail_synthetic,conditional_settlement_case,FALSE,proofrail,synthetic_research
2026-01-09T05:12,GOOD,txn_0003715,cust_payer_95966,USA,2431.68,cust_payee_74316,UNITED-KINGDOM,SERVICE_RETAINER,proofrail_synthetic,conditional_settlement_case,FALSE,proofrail,synthetic_research
2026-01-09T05:12,GOOD,txn_0003716,cust_payer_61307,USA,3289.32,cust_payee_11574,USA,MILESTONE_PAYMENT,proofrail_synthetic,conditional_settlement_case,FALSE,proofrail,synthetic_research
2026-01-09T05:14,REVIEW,txn_0003717,cust_payer_61631,USA,18876.91,cust_payee_23533,USA,INVOICE_PAYMENT,proofrail_synthetic,conditional_settlement_case,TRUE,proofrail,synthetic_research
2026-01-09T05:20,GOOD,txn_0003718,cust_payer_85074,USA,12175.92,cust_payee_35664,USA,MILESTONE_PAYMENT,proofrail_synthetic,conditional_settlement_case,FALSE,proofrail,synthetic_research
2026-01-09T05:21,REVIEW,txn_0003719,cust_payer_44303,USA,21285.67,cust_payee_80193,USA,SERVICE_RETAINER,proofrail_synthetic,conditional_settlement_case,FALSE,proofrail,synthetic_research
2026-01-09T05:22,GOOD,txn_0003720,cust_payer_71922,USA,998.69,cust_payee_15727,UNITED-KINGDOM,GOODS_SETTLEMENT,proofrail_synthetic,conditional_settlement_case,FALSE,proofrail,synthetic_research
2026-01-09T05:22,GOOD,txn_0003721,cust_payer_53722,CANADA,5605.47,cust_payee_32509,USA,INVOICE_PAYMENT,proofrail_synthetic,conditional_settlement_case,FALSE,proofrail,synthetic_research
2026-01-09T05:23,GOOD,txn_0003722,cust_payer_86028,USA,4041.04,cust_payee_65680,USA,SERVICE_RETAINER,proofrail_synthetic,conditional_settlement_case,FALSE,proofrail,synthetic_research
2026-01-09T05:27,REVIEW,txn_0003723,cust_payer_05348,USA,1467.47,cust_payee_84078,USA,GOODS_SETTLEMENT,proofrail_synthetic,conditional_settlement_case,FALSE,proofrail,synthetic_research
2026-01-09T05:27,GOOD,txn_0003724,cust_payer_00753,USA,1014.68,cust_payee_54579,USA,SERVICE_RETAINER,proofrail_synthetic,conditional_settlement_case,FALSE,proofrail,synthetic_research
2026-01-09T05:28,BAD,txn_0003725,cust_payer_50437,USA,570.98,cust_payee_37757,USA,SERVICE_RETAINER,proofrail_synthetic,conditional_settlement_case,TRUE,proofrail,synthetic_research
2026-01-09T05:28,GOOD,txn_0003726,cust_payer_14452,USA,1052.61,cust_payee_07522,USA,GOODS_SETTLEMENT,proofrail_synthetic,conditional_settlement_case,FALSE,proofrail,synthetic_research
2026-01-09T05:30,REVIEW,txn_0003727,cust_payer_37920,USA,586.36,cust_payee_75920,USA,GOODS_SETTLEMENT,proofrail_synthetic,conditional_settlement_case,TRUE,proofrail,synthetic_research
2026-01-09T05:33,REVIEW,txn_0003728,cust_payer_32213,USA,1163.46,cust_payee_33524,USA,MILESTONE_PAYMENT,proofrail_synthetic,conditional_settlement_case,TRUE,proofrail,synthetic_research
2026-01-09T05:37,REVIEW,txn_0003729,cust_payer_92411,USA,1174.23,cust_payee_82206,USA,GOODS_SETTLEMENT,proofrail_synthetic,conditional_settlement_case,FALSE,proofrail,synthetic_research
2026-01-09T05:38,REVIEW,txn_0003730,cust_payer_11123,USA,987.3,cust_payee_84781,USA,GOODS_SETTLEMENT,proofrail_synthetic,conditional_settlement_case,TRUE,proofrail,synthetic_research
2026-01-09T05:41,REVIEW,txn_0003731,cust_payer_40772,USA,2922.45,cust_payee_16622,USA,MILESTONE_PAYMENT,proofrail_synthetic,conditional_settlement_case,TRUE,proofrail,synthetic_research
2026-01-09T05:41,GOOD,txn_0003732,cust_payer_33637,USA,7161.24,cust_payee_39094,USA,GOODS_SETTLEMENT,proofrail_synthetic,conditional_settlement_case,FALSE,proofrail,synthetic_research
2026-01-09T05:41,GOOD,txn_0003733,cust_payer_97458,USA,183.49,cust_payee_49040,USA,INVOICE_PAYMENT,proofrail_synthetic,conditional_settlement_case,FALSE,proofrail,synthetic_research
2026-01-09T05:44,REVIEW,txn_0003734,cust_payer_88209,USA,696.9,cust_payee_06312,USA,MILESTONE_PAYMENT,proofrail_synthetic,conditional_settlement_case,TRUE,proofrail,synthetic_research
2026-01-09T05:44,GOOD,txn_0003735,cust_payer_45504,USA,2286.87,cust_payee_73062,USA,GOODS_SETTLEMENT,proofrail_synthetic,conditional_settlement_case,FALSE,proofrail,synthetic_research
2026-01-09T05:46,GOOD,txn_0003736,cust_payer_19172,USA,1846.03,cust_payee_60231,USA,INVOICE_PAYMENT,proofrail_synthetic,conditional_settlement_case,FALSE,proofrail,synthetic_research
2026-01-09T05:46,BAD,txn_0003737,cust_payer_66183,USA,3887.07,cust_payee_08826,USA,INVOICE_PAYMENT,proofrail_synthetic,conditional_settlement_case,TRUE,proofrail,synthetic_research
2026-01-09T05:46,GOOD,txn_0003738,cust_payer_72200,CANADA,1398.99,cust_payee_16779,USA,INVOICE_PAYMENT,proofrail_synthetic,conditional_settlement_case,FALSE,proofrail,synthetic_research
2026-01-09T05:47,BAD,txn_0003739,cust_payer_40485,UNITED-KINGDOM,1214.4,cust_payee_02238,SINGAPORE,INVOICE_PAYMENT,proofrail_synthetic,conditional_settlement_case,TRUE,proofrail,synthetic_research
2026-01-09T05:48,GOOD,txn_0003740,cust_payer_54358,USA,1371.38,cust_payee_23293,USA,INVOICE_PAYMENT,proofrail_synthetic,conditional_settlement_case,FALSE,proofrail,synthetic_research
2026-01-09T05:48,GOOD,txn_0003741,cust_payer_19749,CANADA,7297.86,cust_payee_14518,USA,GOODS_SETTLEMENT,proofrail_synthetic,conditional_settlement_case,FALSE,proofrail,synthetic_research
2026-01-09T05:50,GOOD,txn_0003742,cust_payer_27197,SINGAPORE,1338.84,cust_payee_17377,USA,GOODS_SETTLEMENT,proofrail_synthetic,conditional_settlement_case,FALSE,proofrail,synthetic_research
2026-01-09T05:54,GOOD,txn_0003743,cust_payer_98753,USA,1355.74,cust_payee_48193,GERMANY,INVOICE_PAYMENT,proofrail_synthetic,conditional_settlement_case,FALSE,proofrail,synthetic_research
2026-01-09T05:54,GOOD,txn_0003744,cust_payer_91403,USA,2912.34,cust_payee_92948,USA,MILESTONE_PAYMENT,proofrail_synthetic,conditional_settlement_case,FALSE,proofrail,synthetic_research
2026-01-09T05:54,GOOD,txn_0003745,cust_payer_16102,GERMANY,895.94,cust_payee_98278,USA,MILESTONE_PAYMENT,proofrail_synthetic,conditional_settlement_case,FALSE,proofrail,synthetic_research
2026-01-09T05:55,BAD,txn_0003746,cust_payer_00763,GERMANY,1580.8,cust_payee_06201,USA,GOODS_SETTLEMENT,proofrail_synthetic,conditional_settlement_case,TRUE,proofrail,synthetic_research
2026-01-09T05:57,GOOD,txn_0003747,cust_payer_90937,USA,1297.66,cust_payee_46609,USA,INVOICE_PAYMENT,proofrail_synthetic,conditional_settlement_case,FALSE,proofrail,synthetic_research
2026-01-09T05:59,GOOD,txn_0003748,cust_payer_55270,USA,1235.05,cust_payee_61756,MEXICO,INVOICE_PAYMENT,proofrail_synthetic,conditional_settlement_case,FALSE,proofrail,synthetic_research
2026-01-09T05:59,GOOD,txn_0003749,cust_payer_10197,MEXICO,12343.84,cust_payee_05259,USA,MILESTONE_PAYMENT,proofrail_synthetic,conditional_settlement_case,FALSE,proofrail,synthetic_research
2026-01-09T06:02,GOOD,txn_0003750,cust_payer_70103,USA,317.78,cust_payee_52495,CANADA,INVOICE_PAYMENT,proofrail_synthetic,conditional_settlement_case,FALSE,proofrail,synthetic_research
2026-01-09T06:05,GOOD,txn_0003751,cust_payer_23942,USA,25578.86,cust_payee_96708,USA,GOODS_SETTLEMENT,proofrail_synthetic,conditional_settlement_case,FALSE,proofrail,synthetic_research
2026-01-09T06:05,GOOD,txn_0003752,cust_payer_62013,USA,5978.39,cust_payee_52286,USA,MILESTONE_PAYMENT,proofrail_synthetic,conditional_settlement_case,FALSE,proofrail,synthetic_research
2026-01-09T06:06,GOOD,txn_0003753,cust_payer_34294,CANADA,5444.87,cust_payee_76280,MEXICO,INVOICE_PAYMENT,proofrail_synthetic,conditional_settlement_case,FALSE,proofrail,synthetic_research
2026-01-09T06:06,REVIEW,txn_0003754,cust_payer_21412,USA,12606.62,cust_payee_27982,USA,INVOICE_PAYMENT,proofrail_synthetic,conditional_settlement_case,TRUE,proofrail,synthetic_research
2026-01-09T06:08,REVIEW,txn_0003755,cust_payer_81171,USA,2883.09,cust_payee_96368,USA,MILESTONE_PAYMENT,proofrail_synthetic,conditional_settlement_case,TRUE,proofrail,synthetic_research
2026-01-09T06:08,REVIEW,txn_0003756,cust_payer_75935,USA,5509.75,cust_payee_11183,USA,INVOICE_PAYMENT,proofrail_synthetic,conditional_settlement_case,TRUE,proofrail,synthetic_research
2026-01-09T06:09,GOOD,txn_0003757,cust_payer_83555,USA,4930.53,cust_payee_19307,CANADA,SERVICE_RETAINER,proofrail_synthetic,conditional_settlement_case,FALSE,proofrail,synthetic_research
2026-01-09T06:09,GOOD,txn_0003758,cust_payer_81292,CANADA,2121.96,cust_payee_88656,USA,INVOICE_PAYMENT,proofrail_synthetic,conditional_settlement_case,FALSE,proofrail,synthetic_research
2026-01-09T06:10,GOOD,txn_0003759,cust_payer_78562,USA,703.77,cust_payee_11432,USA,INVOICE_PAYMENT,proofrail_synthetic,conditional_settlement_case,FALSE,proofrail,synthetic_research
2026-01-09T06:14,REVIEW,txn_0003760,cust_payer_42004,USA,2676.63,cust_payee_01725,USA,MILESTONE_PAYMENT,proofrail_synthetic,conditional_settlement_case,TRUE,proofrail,synthetic_research
2026-01-09T06:15,GOOD,txn_0003761,cust_payer_60373,USA,992.98,cust_payee_65828,USA,INVOICE_PAYMENT,proofrail_synthetic,conditional_settlement_case,FALSE,proofrail,synthetic_research
2026-01-09T06:15,BAD,txn_0003762,cust_payer_66244,CANADA,35462.8,cust_payee_16139,USA,MILESTONE_PAYMENT,proofrail_synthetic,conditional_settlement_case,TRUE,proofrail,synthetic_research
2026-01-09T06:17,REVIEW,txn_0003763,cust_payer_09135,USA,3441.75,cust_payee_38805,USA,MILESTONE_PAYMENT,proofrail_synthetic,conditional_settlement_case,TRUE,proofrail,synthetic_research
2026-01-09T06:18,REVIEW,txn_0003764,cust_payer_65902,USA,5060.75,cust_payee_38919,USA,INVOICE_PAYMENT,proofrail_synthetic,conditional_settlement_case,FALSE,proofrail,synthetic_research
2026-01-09T06:20,REVIEW,txn_0003765,cust_payer_85685,USA,3340.66,cust_payee_24292,UNITED-KINGDOM,INVOICE_PAYMENT,proofrail_synthetic,conditional_settlement_case,FALSE,proofrail,synthetic_research
2026-01-09T06:21,BAD,txn_0003766,cust_payer_69534,USA,2999.5,cust_payee_26388,USA,GOODS_SETTLEMENT,proofrail_synthetic,conditional_settlement_case,TRUE,proofrail,synthetic_research
2026-01-09T06:22,GOOD,txn_0003767,cust_payer_53675,USA,2386.65,cust_payee_24286,USA,SERVICE_RETAINER,proofrail_synthetic,conditional_settlement_case,FALSE,proofrail,synthetic_research
2026-01-09T06:23,BAD,txn_0003768,cust_payer_33876,USA,473.13,cust_payee_50966,USA,INVOICE_PAYMENT,proofrail_synthetic,conditional_settlement_case,TRUE,proofrail,synthetic_research
2026-01-09T06:23,GOOD,txn_0003769,cust_payer_81208,MEXICO,499.87,cust_payee_95307,USA,INVOICE_PAYMENT,proofrail_synthetic,conditional_settlement_case,FALSE,proofrail,synthetic_research
2026-01-09T06:26,REVIEW,txn_0003770,cust_payer_46111,UNITED-KINGDOM,8888.14,cust_payee_41578,USA,MILESTONE_PAYMENT,proofrail_synthetic,conditional_settlement_case,FALSE,proofrail,synthetic_research
2026-01-09T06:32,GOOD,txn_0003771,cust_payer_65916,GERMANY,1709.86,cust_payee_36953,USA,GOODS_SETTLEMENT,proofrail_synthetic,conditional_settlement_case,FALSE,proofrail,synthetic_research
2026-01-09T06:33,GOOD,txn_0003772,cust_payer_69262,USA,4889.99,cust_payee_01906,MEXICO,GOODS_SETTLEMENT,proofrail_synthetic,conditional_settlement_case,FALSE,proofrail,synthetic_research
2026-01-09T06:33,GOOD,txn_0003773,cust_payer_27697,USA,1607,cust_payee_97886,MEXICO,GOODS_SETTLEMENT,proofrail_synthetic,conditional_settlement_case,FALSE,proofrail,synthetic_research
2026-01-09T06:34,GOOD,txn_0003774,cust_payer_34171,CANADA,2063.69,cust_payee_92465,USA,SERVICE_RETAINER,proofrail_synthetic,conditional_settlement_case,FALSE,proofrail,synthetic_research
2026-01-09T06:36,GOOD,txn_0003775,cust_payer_29727,USA,404.17,cust_payee_78919,CANADA,INVOICE_PAYMENT,proofrail_synthetic,conditional_settlement_case,FALSE,proofrail,synthetic_research
2026-01-09T06:39,GOOD,txn_0003776,cust_payer_22369,USA,1226.14,cust_payee_38786,USA,INVOICE_PAYMENT,proofrail_synthetic,conditional_settlement_case,FALSE,proofrail,synthetic_research
2026-01-09T06:40,REVIEW,txn_0003777,cust_payer_75548,USA,28021.79,cust_payee_99536,MEXICO,SERVICE_RETAINER,proofrail_synthetic,conditional_settlement_case,FALSE,proofrail,synthetic_research
2026-01-09T06:41,GOOD,txn_0003778,cust_payer_52163,USA,4146.03,cust_payee_72703,USA,INVOICE_PAYMENT,proofrail_synthetic,conditional_settlement_case,FALSE,proofrail,synthetic_research
2026-01-09T06:42,GOOD,txn_0003779,cust_payer_41215,USA,2145.82,cust_payee_85783,CANADA,INVOICE_PAYMENT,proofrail_synthetic,conditional_settlement_case,FALSE,proofrail,synthetic_research
2026-01-09T06:42,GOOD,txn_0003780,cust_payer_31721,USA,7634.95,cust_payee_58276,GERMANY,SERVICE_RETAINER,proofrail_synthetic,conditional_settlement_case,FALSE,proofrail,synthetic_research
2026-01-09T06:44,GOOD,txn_0003781,cust_payer_92525,USA,1848.76,cust_payee_14881,USA,INVOICE_PAYMENT,proofrail_synthetic,conditional_settlement_case,FALSE,proofrail,synthetic_research
2026-01-09T06:45,BAD,txn_0003782,cust_payer_21488,USA,552.34,cust_payee_41224,USA,INVOICE_PAYMENT,proofrail_synthetic,conditional_settlement_case,TRUE,proofrail,synthetic_research
2026-01-09T06:46,REVIEW,txn_0003783,cust_payer_90916,USA,11435.96,cust_payee_15365,USA,MILESTONE_PAYMENT,proofrail_synthetic,conditional_settlement_case,FALSE,proofrail,synthetic_research
2026-01-09T06:47,REVIEW,txn_0003784,cust_payer_73414,USA,10948.94,cust_payee_12222,USA,INVOICE_PAYMENT,proofrail_synthetic,conditional_settlement_case,TRUE,proofrail,synthetic_research
2026-01-09T06:47,GOOD,txn_0003785,cust_payer_42221,USA,2503.76,cust_payee_90895,USA,MILESTONE_PAYMENT,proofrail_synthetic,conditional_settlement_case,FALSE,proofrail,synthetic_research
2026-01-09T06:48,GOOD,txn_0003786,cust_payer_95979,USA,2037.08,cust_payee_25307,USA,GOODS_SETTLEMENT,proofrail_synthetic,conditional_settlement_case,FALSE,proofrail,synthetic_research
2026-01-09T06:49,GOOD,txn_0003787,cust_payer_57197,USA,17118.55,cust_payee_79503,USA,SERVICE_RETAINER,proofrail_synthetic,conditional_settlement_case,FALSE,proofrail,synthetic_research
2026-01-09T06:50,REVIEW,txn_0003788,cust_payer_03338,USA,1421.28,cust_payee_66686,CANADA,INVOICE_PAYMENT,proofrail_synthetic,conditional_settlement_case,TRUE,proofrail,synthetic_research
2026-01-09T06:51,GOOD,txn_0003789,cust_payer_78012,USA,784.09,cust_payee_65748,USA,INVOICE_PAYMENT,proofrail_synthetic,conditional_settlement_case,FALSE,proofrail,synthetic_research
2026-01-09T06:52,GOOD,txn_0003790,cust_payer_38808,USA,4886.11,cust_payee_14260,GERMANY,INVOICE_PAYMENT,proofrail_synthetic,conditional_settlement_case,FALSE,proofrail,synthetic_research
2026-01-09T06:53,GOOD,txn_0003791,cust_payer_83625,CANADA,934.82,cust_payee_02346,USA,GOODS_SETTLEMENT,proofrail_synthetic,conditional_settlement_case,FALSE,proofrail,synthetic_research
2026-01-09T06:53,REVIEW,txn_0003792,cust_payer_83607,USA,4715.19,cust_payee_63141,USA,GOODS_SETTLEMENT,proofrail_synthetic,conditional_settlement_case,FALSE,proofrail,synthetic_research
2026-01-09T06:53,GOOD,txn_0003793,cust_payer_41976,UNITED-KINGDOM,2574.89,cust_payee_70324,USA,GOODS_SETTLEMENT,proofrail_synthetic,conditional_settlement_case,FALSE,proofrail,synthetic_research
2026-01-09T06:54,GOOD,txn_0003794,cust_payer_72902,USA,5766.28,cust_payee_68819,USA,INVOICE_PAYMENT,proofrail_synthetic,conditional_settlement_case,FALSE,proofrail,synthetic_research
2026-01-09T06:55,GOOD,txn_0003795,cust_payer_65813,SINGAPORE,3765.41,cust_payee_95327,USA,SERVICE_RETAINER,proofrail_synthetic,conditional_settlement_case,FALSE,proofrail,synthetic_research
2026-01-09T06:59,GOOD,txn_0003796,cust_payer_14540,USA,5773.01,cust_payee_31443,USA,INVOICE_PAYMENT,proofrail_synthetic,conditional_settlement_case,FALSE,proofrail,synthetic_research
2026-01-09T07:00,GOOD,txn_0003797,cust_payer_20229,USA,14402.19,cust_payee_62663,USA,INVOICE_PAYMENT,proofrail_synthetic,conditional_settlement_case,FALSE,proofrail,synthetic_research
2026-01-09T07:01,GOOD,txn_0003798,cust_payer_80389,USA,1373.69,cust_payee_89510,USA,GOODS_SETTLEMENT,proofrail_synthetic,conditional_settlement_case,FALSE,proofrail,synthetic_research
2026-01-09T07:03,GOOD,txn_0003799,cust_payer_06844,USA,5372.8,cust_payee_52450,USA,INVOICE_PAYMENT,proofrail_synthetic,conditional_settlement_case,FALSE,proofrail,synthetic_research
2026-01-09T07:08,GOOD,txn_0003800,cust_payer_46627,MEXICO,4552.13,cust_payee_76227,USA,INVOICE_PAYMENT,proofrail_synthetic,conditional_settlement_case,FALSE,proofrail,synthetic_research
2026-01-09T07:09,GOOD,txn_0003801,cust_payer_77310,MEXICO,1664.56,cust_payee_04886,USA,MILESTONE_PAYMENT,proofrail_synthetic,conditional_settlement_case,FALSE,proofrail,synthetic_research
2026-01-09T07:10,GOOD,txn_0003802,cust_payer_13731,CANADA,3210.14,cust_payee_80206,USA,GOODS_SETTLEMENT,proofrail_synthetic,conditional_settlement_case,FALSE,proofrail,synthetic_research
2026-01-09T07:12,REVIEW,txn_0003803,cust_payer_46292,USA,604.69,cust_payee_20746,USA,GOODS_SETTLEMENT,proofrail_synthetic,conditional_settlement_case,FALSE,proofrail,synthetic_research
2026-01-09T07:12,BAD,txn_0003804,cust_payer_58486,USA,21684.49,cust_payee_42098,USA,INVOICE_PAYMENT,proofrail_synthetic,conditional_settlement_case,TRUE,proofrail,synthetic_research
2026-01-09T07:13,BAD,txn_0003805,cust_payer_79280,USA,2202.79,cust_payee_79364,USA,INVOICE_PAYMENT,proofrail_synthetic,conditional_settlement_case,TRUE,proofrail,synthetic_research
2026-01-09T07:18,GOOD,txn_0003806,cust_payer_98469,USA,2595.81,cust_payee_75446,USA,GOODS_SETTLEMENT,proofrail_synthetic,conditional_settlement_case,FALSE,proofrail,synthetic_research
2026-01-09T07:21,GOOD,txn_0003807,cust_payer_92650,USA,3457.47,cust_payee_41024,USA,INVOICE_PAYMENT,proofrail_synthetic,conditional_settlement_case,FALSE,proofrail,synthetic_research
2026-01-09T07:21,BAD,txn_0003808,cust_payer_28842,USA,1832.07,cust_payee_14331,USA,INVOICE_PAYMENT,proofrail_synthetic,conditional_settlement_case,TRUE,proofrail,synthetic_research
2026-01-09T07:23,GOOD,txn_0003809,cust_payer_74076,USA,363.96,cust_payee_74199,USA,MILESTONE_PAYMENT,proofrail_synthetic,conditional_settlement_case,FALSE,proofrail,synthetic_research
2026-01-09T07:26,REVIEW,txn_0003810,cust_payer_51919,USA,6828.69,cust_payee_27613,USA,INVOICE_PAYMENT,proofrail_synthetic,conditional_settlement_case,FALSE,proofrail,synthetic_research
2026-01-09T07:27,GOOD,txn_0003811,cust_payer_74899,USA,1429.36,cust_payee_98902,USA,GOODS_SETTLEMENT,proofrail_synthetic,conditional_settlement_case,FALSE,proofrail,synthetic_research
2026-01-09T07:29,REVIEW,txn_0003812,cust_payer_15729,USA,5723.19,cust_payee_71528,USA,MILESTONE_PAYMENT,proofrail_synthetic,conditional_settlement_case,TRUE,proofrail,synthetic_research
2026-01-09T07:31,BAD,txn_0003813,cust_payer_68869,USA,357.72,cust_payee_64793,USA,INVOICE_PAYMENT,proofrail_synthetic,conditional_settlement_case,TRUE,proofrail,synthetic_research
2026-01-09T07:31,BAD,txn_0003814,cust_payer_90079,USA,7569.13,cust_payee_45069,USA,GOODS_SETTLEMENT,proofrail_synthetic,conditional_settlement_case,TRUE,proofrail,synthetic_research
2026-01-09T07:33,REVIEW,txn_0003815,cust_payer_50294,USA,4070.36,cust_payee_30653,USA,INVOICE_PAYMENT,proofrail_synthetic,conditional_settlement_case,TRUE,proofrail,synthetic_research
2026-01-09T07:33,GOOD,txn_0003816,cust_payer_24733,UNITED-KINGDOM,3930.43,cust_payee_92073,USA,GOODS_SETTLEMENT,proofrail_synthetic,conditional_settlement_case,FALSE,proofrail,synthetic_research
2026-01-09T07:35,GOOD,txn_0003817,cust_payer_69989,USA,1537.13,cust_payee_57233,USA,MILESTONE_PAYMENT,proofrail_synthetic,conditional_settlement_case,FALSE,proofrail,synthetic_research
2026-01-09T07:37,GOOD,txn_0003818,cust_payer_51065,USA,4194.45,cust_payee_02549,UNITED-KINGDOM,MILESTONE_PAYMENT,proofrail_synthetic,conditional_settlement_case,FALSE,proofrail,synthetic_research
2026-01-09T07:44,GOOD,txn_0003819,cust_payer_67950,USA,2326.45,cust_payee_20510,USA,INVOICE_PAYMENT,proofrail_synthetic,conditional_settlement_case,FALSE,proofrail,synthetic_research
2026-01-09T07:45,BAD,txn_0003820,cust_payer_19673,USA,2698.54,cust_payee_21090,CANADA,INVOICE_PAYMENT,proofrail_synthetic,conditional_settlement_case,TRUE,proofrail,synthetic_research
2026-01-09T07:46,GOOD,txn_0003821,cust_payer_64788,USA,1134.45,cust_payee_92932,USA,MILESTONE_PAYMENT,proofrail_synthetic,conditional_settlement_case,FALSE,proofrail,synthetic_research
2026-01-09T07:47,GOOD,txn_0003822,cust_payer_58898,USA,1372.15,cust_payee_74509,USA,SERVICE_RETAINER,proofrail_synthetic,conditional_settlement_case,FALSE,proofrail,synthetic_research
2026-01-09T07:48,GOOD,txn_0003823,cust_payer_73506,CANADA,2686.81,cust_payee_17159,CANADA,GOODS_SETTLEMENT,proofrail_synthetic,conditional_settlement_case,FALSE,proofrail,synthetic_research
2026-01-09T07:48,REVIEW,txn_0003824,cust_payer_10054,CANADA,2469.81,cust_payee_23093,USA,GOODS_SETTLEMENT,proofrail_synthetic,conditional_settlement_case,TRUE,proofrail,synthetic_research
2026-01-09T07:53,GOOD,txn_0003825,cust_payer_50958,CANADA,2186.53,cust_payee_22461,USA,MILESTONE_PAYMENT,proofrail_synthetic,conditional_settlement_case,FALSE,proofrail,synthetic_research
2026-01-09T07:54,BAD,txn_0003826,cust_payer_24024,USA,2550.1,cust_payee_70925,USA,INVOICE_PAYMENT,proofrail_synthetic,conditional_settlement_case,TRUE,proofrail,synthetic_research
2026-01-09T07:56,GOOD,txn_0003827,cust_payer_09119,USA,797.32,cust_payee_70891,USA,MILESTONE_PAYMENT,proofrail_synthetic,conditional_settlement_case,FALSE,proofrail,synthetic_research
2026-01-09T07:56,BAD,txn_0003828,cust_payer_12783,USA,4665.4,cust_payee_64251,USA,INVOICE_PAYMENT,proofrail_synthetic,conditional_settlement_case,TRUE,proofrail,synthetic_research
2026-01-09T07:57,GOOD,txn_0003829,cust_payer_39725,USA,24820.37,cust_payee_96571,USA,INVOICE_PAYMENT,proofrail_synthetic,conditional_settlement_case,FALSE,proofrail,synthetic_research
2026-01-09T07:58,GOOD,txn_0003830,cust_payer_35628,USA,1046.58,cust_payee_81471,USA,INVOICE_PAYMENT,proofrail_synthetic,conditional_settlement_case,FALSE,proofrail,synthetic_research
2026-01-09T08:00,GOOD,txn_0003831,cust_payer_07145,CANADA,715.2,cust_payee_13007,USA,INVOICE_PAYMENT,proofrail_synthetic,conditional_settlement_case,FALSE,proofrail,synthetic_research
2026-01-09T08:00,GOOD,txn_0003832,cust_payer_22899,USA,2066.21,cust_payee_44083,USA,GOODS_SETTLEMENT,proofrail_synthetic,conditional_settlement_case,FALSE,proofrail,synthetic_research
2026-01-09T08:02,REVIEW,txn_0003833,cust_payer_41268,USA,23125.63,cust_payee_81946,USA,GOODS_SETTLEMENT,proofrail_synthetic,conditional_settlement_case,FALSE,proofrail,synthetic_research
2026-01-09T08:04,BAD,txn_0003834,cust_payer_68179,USA,438.93,cust_payee_25070,USA,GOODS_SETTLEMENT,proofrail_synthetic,conditional_settlement_case,TRUE,proofrail,synthetic_research
2026-01-09T08:05,GOOD,txn_0003835,cust_payer_75806,USA,1649.74,cust_payee_05041,USA,GOODS_SETTLEMENT,proofrail_synthetic,conditional_settlement_case,FALSE,proofrail,synthetic_research
2026-01-09T08:06,GOOD,txn_0003836,cust_payer_03327,UNITED-KINGDOM,1919.39,cust_payee_88976,USA,INVOICE_PAYMENT,proofrail_synthetic,conditional_settlement_case,FALSE,proofrail,synthetic_research
2026-01-09T08:06,REVIEW,txn_0003837,cust_payer_23541,USA,1383.57,cust_payee_16618,USA,MILESTONE_PAYMENT,proofrail_synthetic,conditional_settlement_case,TRUE,proofrail,synthetic_research
2026-01-09T08:08,REVIEW,txn_0003838,cust_payer_45891,USA,531.03,cust_payee_70633,USA,INVOICE_PAYMENT,proofrail_synthetic,conditional_settlement_case,FALSE,proofrail,synthetic_research
2026-01-09T08:09,GOOD,txn_0003839,cust_payer_55325,USA,2348.23,cust_payee_08577,USA,INVOICE_PAYMENT,proofrail_synthetic,conditional_settlement_case,FALSE,proofrail,synthetic_research
2026-01-09T08:09,BAD,txn_0003840,cust_payer_23534,USA,1955.6,cust_payee_55291,USA,INVOICE_PAYMENT,proofrail_synthetic,conditional_settlement_case,TRUE,proofrail,synthetic_research
2026-01-09T08:17,GOOD,txn_0003841,cust_payer_67041,USA,2197.59,cust_payee_10659,USA,MILESTONE_PAYMENT,proofrail_synthetic,conditional_settlement_case,FALSE,proofrail,synthetic_research
2026-01-09T08:18,REVIEW,txn_0003842,cust_payer_62230,USA,2563.54,cust_payee_25447,SINGAPORE,GOODS_SETTLEMENT,proofrail_synthetic,conditional_settlement_case,TRUE,proofrail,synthetic_research
2026-01-09T08:18,BAD,txn_0003843,cust_payer_83588,USA,11053.55,cust_payee_44810,USA,GOODS_SETTLEMENT,proofrail_synthetic,conditional_settlement_case,TRUE,proofrail,synthetic_research
2026-01-09T08:18,REVIEW,txn_0003844,cust_payer_09298,USA,24185.44,cust_payee_95162,USA,INVOICE_PAYMENT,proofrail_synthetic,conditional_settlement_case,TRUE,proofrail,synthetic_research
2026-01-09T08:19,BAD,txn_0003845,cust_payer_10653,USA,1740.06,cust_payee_70757,USA,INVOICE_PAYMENT,proofrail_synthetic,conditional_settlement_case,TRUE,proofrail,synthetic_research
2026-01-09T08:23,GOOD,txn_0003846,cust_payer_53617,USA,7028.92,cust_payee_05122,USA,INVOICE_PAYMENT,proofrail_synthetic,conditional_settlement_case,FALSE,proofrail,synthetic_research
2026-01-09T08:23,REVIEW,txn_0003847,cust_payer_29475,USA,5377.97,cust_payee_29719,USA,GOODS_SETTLEMENT,proofrail_synthetic,conditional_settlement_case,FALSE,proofrail,synthetic_research
2026-01-09T08:25,GOOD,txn_0003848,cust_payer_51618,USA,2628.28,cust_payee_56314,USA,SERVICE_RETAINER,proofrail_synthetic,conditional_settlement_case,FALSE,proofrail,synthetic_research
2026-01-09T08:27,GOOD,txn_0003849,cust_payer_66602,USA,708.74,cust_payee_94048,USA,GOODS_SETTLEMENT,proofrail_synthetic,conditional_settlement_case,FALSE,proofrail,synthetic_research
2026-01-09T08:29,BAD,txn_0003850,cust_payer_45310,USA,661.54,cust_payee_00462,MEXICO,INVOICE_PAYMENT,proofrail_synthetic,conditional_settlement_case,TRUE,proofrail,synthetic_research
2026-01-09T08:29,GOOD,txn_0003851,cust_payer_76742,USA,9783.21,cust_payee_20483,CANADA,INVOICE_PAYMENT,proofrail_synthetic,conditional_settlement_case,FALSE,proofrail,synthetic_research
2026-01-09T08:31,GOOD,txn_0003852,cust_payer_14340,CANADA,6384.15,cust_payee_87689,USA,INVOICE_PAYMENT,proofrail_synthetic,conditional_settlement_case,FALSE,proofrail,synthetic_research
2026-01-09T08:31,GOOD,txn_0003853,cust_payer_71776,UNITED-KINGDOM,1513.96,cust_payee_99490,GERMANY,SERVICE_RETAINER,proofrail_synthetic,conditional_settlement_case,FALSE,proofrail,synthetic_research
2026-01-09T08:33,GOOD,txn_0003854,cust_payer_37581,GERMANY,3370.09,cust_payee_09373,USA,MILESTONE_PAYMENT,proofrail_synthetic,conditional_settlement_case,FALSE,proofrail,synthetic_research
2026-01-09T08:35,REVIEW,txn_0003855,cust_payer_73363,USA,10801.73,cust_payee_24512,USA,INVOICE_PAYMENT,proofrail_synthetic,conditional_settlement_case,FALSE,proofrail,synthetic_research
2026-01-09T08:35,GOOD,txn_0003856,cust_payer_47166,SINGAPORE,869.87,cust_payee_48022,USA,INVOICE_PAYMENT,proofrail_synthetic,conditional_settlement_case,FALSE,proofrail,synthetic_research
2026-01-09T08:37,REVIEW,txn_0003857,cust_payer_16933,USA,625.06,cust_payee_42150,USA,MILESTONE_PAYMENT,proofrail_synthetic,conditional_settlement_case,TRUE,proofrail,synthetic_research
2026-01-09T08:42,GOOD,txn_0003858,cust_payer_47295,USA,3966.39,cust_payee_88864,USA,INVOICE_PAYMENT,proofrail_synthetic,conditional_settlement_case,FALSE,proofrail,synthetic_research
2026-01-09T08:44,REVIEW,txn_0003859,cust_payer_09547,USA,2562.74,cust_payee_32361,USA,INVOICE_PAYMENT,proofrail_synthetic,conditional_settlement_case,TRUE,proofrail,synthetic_research
2026-01-09T08:44,REVIEW,txn_0003860,cust_payer_05301,USA,3051.54,cust_payee_07926,USA,SERVICE_RETAINER,proofrail_synthetic,conditional_settlement_case,TRUE,proofrail,synthetic_research
2026-01-09T08:45,GOOD,txn_0003861,cust_payer_97828,USA,1935.94,cust_payee_84326,USA,GOODS_SETTLEMENT,proofrail_synthetic,conditional_settlement_case,FALSE,proofrail,synthetic_research
2026-01-09T08:47,GOOD,txn_0003862,cust_payer_04320,USA,7918.19,cust_payee_61031,USA,INVOICE_PAYMENT,proofrail_synthetic,conditional_settlement_case,FALSE,proofrail,synthetic_research
2026-01-09T08:52,GOOD,txn_0003863,cust_payer_82931,USA,26479.41,cust_payee_75469,USA,INVOICE_PAYMENT,proofrail_synthetic,conditional_settlement_case,FALSE,proofrail,synthetic_research
2026-01-09T08:53,GOOD,txn_0003864,cust_payer_58545,CANADA,407.85,cust_payee_51215,USA,INVOICE_PAYMENT,proofrail_synthetic,conditional_settlement_case,FALSE,proofrail,synthetic_research
2026-01-09T08:56,GOOD,txn_0003865,cust_payer_21141,USA,2849.35,cust_payee_16712,USA,MILESTONE_PAYMENT,proofrail_synthetic,conditional_settlement_case,FALSE,proofrail,synthetic_research
2026-01-09T08:56,REVIEW,txn_0003866,cust_payer_53850,USA,6603.84,cust_payee_33635,USA,MILESTONE_PAYMENT,proofrail_synthetic,conditional_settlement_case,TRUE,proofrail,synthetic_research
2026-01-09T08:57,REVIEW,txn_0003867,cust_payer_13779,MEXICO,1646.75,cust_payee_05717,USA,SERVICE_RETAINER,proofrail_synthetic,conditional_settlement_case,TRUE,proofrail,synthetic_research
2026-01-09T09:00,GOOD,txn_0003868,cust_payer_05378,USA,3758.41,cust_payee_86981,USA,INVOICE_PAYMENT,proofrail_synthetic,conditional_settlement_case,FALSE,proofrail,synthetic_research
2026-01-09T09:01,REVIEW,txn_0003869,cust_payer_20381,USA,2709.62,cust_payee_21334,USA,INVOICE_PAYMENT,proofrail_synthetic,conditional_settlement_case,FALSE,proofrail,synthetic_research
2026-01-09T09:01,REVIEW,txn_0003870,cust_payer_79037,USA,3386.2,cust_payee_27550,CANADA,GOODS_SETTLEMENT,proofrail_synthetic,conditional_settlement_case,TRUE,proofrail,synthetic_research
2026-01-09T09:03,REVIEW,txn_0003871,cust_payer_46570,GERMANY,856.06,cust_payee_22897,USA,MILESTONE_PAYMENT,proofrail_synthetic,conditional_settlement_case,TRUE,proofrail,synthetic_research
2026-01-09T09:04,GOOD,txn_0003872,cust_payer_65371,USA,6853.86,cust_payee_58905,USA,INVOICE_PAYMENT,proofrail_synthetic,conditional_settlement_case,FALSE,proofrail,synthetic_research
2026-01-09T09:04,GOOD,txn_0003873,cust_payer_95857,USA,8273.52,cust_payee_61206,USA,SERVICE_RETAINER,proofrail_synthetic,conditional_settlement_case,FALSE,proofrail,synthetic_research
2026-01-09T09:04,BAD,txn_0003874,cust_payer_56506,USA,1203.08,cust_payee_46687,CANADA,MILESTONE_PAYMENT,proofrail_synthetic,conditional_settlement_case,TRUE,proofrail,synthetic_research
2026-01-09T09:06,GOOD,txn_0003875,cust_payer_83919,UNITED-KINGDOM,13272.93,cust_payee_32093,SINGAPORE,INVOICE_PAYMENT,proofrail_synthetic,conditional_settlement_case,FALSE,proofrail,synthetic_research
2026-01-09T09:10,GOOD,txn_0003876,cust_payer_68684,USA,7017.98,cust_payee_93160,USA,GOODS_SETTLEMENT,proofrail_synthetic,conditional_settlement_case,FALSE,proofrail,synthetic_research
2026-01-09T09:11,GOOD,txn_0003877,cust_payer_39193,USA,610.78,cust_payee_78009,USA,INVOICE_PAYMENT,proofrail_synthetic,conditional_settlement_case,FALSE,proofrail,synthetic_research
2026-01-09T09:11,GOOD,txn_0003878,cust_payer_65903,UNITED-KINGDOM,2638.34,cust_payee_57460,CANADA,INVOICE_PAYMENT,proofrail_synthetic,conditional_settlement_case,FALSE,proofrail,synthetic_research
2026-01-09T09:11,GOOD,txn_0003879,cust_payer_51164,USA,1582.87,cust_payee_06366,USA,GOODS_SETTLEMENT,proofrail_synthetic,conditional_settlement_case,FALSE,proofrail,synthetic_research
2026-01-09T09:14,GOOD,txn_0003880,cust_payer_72317,USA,1287.38,cust_payee_16434,CANADA,INVOICE_PAYMENT,proofrail_synthetic,conditional_settlement_case,FALSE,proofrail,synthetic_research
2026-01-09T09:14,GOOD,txn_0003881,cust_payer_91372,MEXICO,3652.58,cust_payee_62108,USA,MILESTONE_PAYMENT,proofrail_synthetic,conditional_settlement_case,FALSE,proofrail,synthetic_research
2026-01-09T09:15,REVIEW,txn_0003882,cust_payer_73884,USA,5169.68,cust_payee_99995,USA,INVOICE_PAYMENT,proofrail_synthetic,conditional_settlement_case,TRUE,proofrail,synthetic_research
2026-01-09T09:17,GOOD,txn_0003883,cust_payer_36679,USA,4392.06,cust_payee_51787,USA,MILESTONE_PAYMENT,proofrail_synthetic,conditional_settlement_case,FALSE,proofrail,synthetic_research
2026-01-09T09:21,REVIEW,txn_0003884,cust_payer_27426,UNITED-KINGDOM,426.82,cust_payee_45851,USA,GOODS_SETTLEMENT,proofrail_synthetic,conditional_settlement_case,FALSE,proofrail,synthetic_research
2026-01-09T09:26,GOOD,txn_0003885,cust_payer_75677,USA,165.17,cust_payee_76045,USA,INVOICE_PAYMENT,proofrail_synthetic,conditional_settlement_case,FALSE,proofrail,synthetic_research
2026-01-09T09:28,GOOD,txn_0003886,cust_payer_63281,USA,1301.61,cust_payee_14362,USA,INVOICE_PAYMENT,proofrail_synthetic,conditional_settlement_case,FALSE,proofrail,synthetic_research
2026-01-09T09:30,GOOD,txn_0003887,cust_payer_17532,USA,4867.3,cust_payee_02955,USA,GOODS_SETTLEMENT,proofrail_synthetic,conditional_settlement_case,FALSE,proofrail,synthetic_research
2026-01-09T09:31,GOOD,txn_0003888,cust_payer_63369,USA,1585.42,cust_payee_49658,USA,GOODS_SETTLEMENT,proofrail_synthetic,conditional_settlement_case,FALSE,proofrail,synthetic_research
2026-01-09T09:32,GOOD,txn_0003889,cust_payer_35522,USA,4970.58,cust_payee_45991,USA,INVOICE_PAYMENT,proofrail_synthetic,conditional_settlement_case,FALSE,proofrail,synthetic_research
2026-01-09T09:33,REVIEW,txn_0003890,cust_payer_38700,USA,2786.69,cust_payee_26202,USA,INVOICE_PAYMENT,proofrail_synthetic,conditional_settlement_case,TRUE,proofrail,synthetic_research
2026-01-09T09:36,BAD,txn_0003891,cust_payer_16457,USA,935.23,cust_payee_40829,USA,MILESTONE_PAYMENT,proofrail_synthetic,conditional_settlement_case,TRUE,proofrail,synthetic_research
2026-01-09T09:37,GOOD,txn_0003892,cust_payer_24150,USA,959.66,cust_payee_23849,USA,SERVICE_RETAINER,proofrail_synthetic,conditional_settlement_case,FALSE,proofrail,synthetic_research
2026-01-09T09:38,REVIEW,txn_0003893,cust_payer_64764,USA,909.72,cust_payee_90011,USA,INVOICE_PAYMENT,proofrail_synthetic,conditional_settlement_case,TRUE,proofrail,synthetic_research
2026-01-09T09:38,GOOD,txn_0003894,cust_payer_19701,GERMANY,3889.38,cust_payee_28154,SINGAPORE,GOODS_SETTLEMENT,proofrail_synthetic,conditional_settlement_case,FALSE,proofrail,synthetic_research
2026-01-09T09:38,GOOD,txn_0003895,cust_payer_04310,USA,2932.48,cust_payee_07122,USA,GOODS_SETTLEMENT,proofrail_synthetic,conditional_settlement_case,FALSE,proofrail,synthetic_research
2026-01-09T09:40,GOOD,txn_0003896,cust_payer_79398,USA,2639.6,cust_payee_75629,USA,GOODS_SETTLEMENT,proofrail_synthetic,conditional_settlement_case,FALSE,proofrail,synthetic_research
2026-01-09T09:41,GOOD,txn_0003897,cust_payer_65274,USA,1496.12,cust_payee_65186,CANADA,MILESTONE_PAYMENT,proofrail_synthetic,conditional_settlement_case,FALSE,proofrail,synthetic_research
2026-01-09T09:42,GOOD,txn_0003898,cust_payer_31964,USA,3488.43,cust_payee_39245,USA,GOODS_SETTLEMENT,proofrail_synthetic,conditional_settlement_case,FALSE,proofrail,synthetic_research
2026-01-09T09:44,GOOD,txn_0003899,cust_payer_88784,UNITED-KINGDOM,3626.65,cust_payee_33968,MEXICO,INVOICE_PAYMENT,proofrail_synthetic,conditional_settlement_case,FALSE,proofrail,synthetic_research
2026-01-09T09:44,GOOD,txn_0003900,cust_payer_23790,USA,1061.24,cust_payee_55584,USA,MILESTONE_PAYMENT,proofrail_synthetic,conditional_settlement_case,FALSE,proofrail,synthetic_research
2026-01-09T09:48,GOOD,txn_0003901,cust_payer_54163,USA,532.6,cust_payee_21531,USA,INVOICE_PAYMENT,proofrail_synthetic,conditional_settlement_case,FALSE,proofrail,synthetic_research
2026-01-09T09:48,GOOD,txn_0003902,cust_payer_74393,USA,5957.94,cust_payee_55956,USA,INVOICE_PAYMENT,proofrail_synthetic,conditional_settlement_case,FALSE,proofrail,synthetic_research
2026-01-09T09:49,GOOD,txn_0003903,cust_payer_40929,USA,239.01,cust_payee_50056,USA,GOODS_SETTLEMENT,proofrail_synthetic,conditional_settlement_case,FALSE,proofrail,synthetic_research
2026-01-09T09:53,GOOD,txn_0003904,cust_payer_98769,USA,922.54,cust_payee_44413,USA,INVOICE_PAYMENT,proofrail_synthetic,conditional_settlement_case,FALSE,proofrail,synthetic_research
2026-01-09T09:57,GOOD,txn_0003905,cust_payer_34551,USA,4204.78,cust_payee_58723,USA,INVOICE_PAYMENT,proofrail_synthetic,conditional_settlement_case,FALSE,proofrail,synthetic_research
2026-01-09T09:58,BAD,txn_0003906,cust_payer_18754,MEXICO,1961.09,cust_payee_51628,USA,GOODS_SETTLEMENT,proofrail_synthetic,conditional_settlement_case,TRUE,proofrail,synthetic_research
2026-01-09T09:59,GOOD,txn_0003907,cust_payer_02747,USA,755.56,cust_payee_45973,USA,INVOICE_PAYMENT,proofrail_synthetic,conditional_settlement_case,FALSE,proofrail,synthetic_research
2026-01-09T10:01,GOOD,txn_0003908,cust_payer_63051,USA,2748.33,cust_payee_37835,CANADA,MILESTONE_PAYMENT,proofrail_synthetic,conditional_settlement_case,FALSE,proofrail,synthetic_research
2026-01-09T10:03,GOOD,txn_0003909,cust_payer_28661,USA,350.32,cust_payee_85164,USA,INVOICE_PAYMENT,proofrail_synthetic,conditional_settlement_case,FALSE,proofrail,synthetic_research
2026-01-09T10:03,GOOD,txn_0003910,cust_payer_04785,USA,167.59,cust_payee_99330,USA,SERVICE_RETAINER,proofrail_synthetic,conditional_settlement_case,FALSE,proofrail,synthetic_research
2026-01-09T10:05,REVIEW,txn_0003911,cust_payer_29881,USA,35944.49,cust_payee_13136,USA,GOODS_SETTLEMENT,proofrail_synthetic,conditional_settlement_case,TRUE,proofrail,synthetic_research
2026-01-09T10:07,GOOD,txn_0003912,cust_payer_27909,CANADA,476.19,cust_payee_42232,USA,INVOICE_PAYMENT,proofrail_synthetic,conditional_settlement_case,FALSE,proofrail,synthetic_research
2026-01-09T10:08,REVIEW,txn_0003913,cust_payer_63601,USA,6231.65,cust_payee_52220,USA,INVOICE_PAYMENT,proofrail_synthetic,conditional_settlement_case,FALSE,proofrail,synthetic_research
2026-01-09T10:08,BAD,txn_0003914,cust_payer_78939,USA,993.15,cust_payee_84303,USA,GOODS_SETTLEMENT,proofrail_synthetic,conditional_settlement_case,TRUE,proofrail,synthetic_research
2026-01-09T10:08,GOOD,txn_0003915,cust_payer_67931,USA,6070.56,cust_payee_69955,CANADA,INVOICE_PAYMENT,proofrail_synthetic,conditional_settlement_case,FALSE,proofrail,synthetic_research
2026-01-09T10:13,GOOD,txn_0003916,cust_payer_96791,USA,1776.67,cust_payee_06911,USA,GOODS_SETTLEMENT,proofrail_synthetic,conditional_settlement_case,FALSE,proofrail,synthetic_research
2026-01-09T10:15,REVIEW,txn_0003917,cust_payer_16041,USA,16526.48,cust_payee_56968,USA,SERVICE_RETAINER,proofrail_synthetic,conditional_settlement_case,TRUE,proofrail,synthetic_research
2026-01-09T10:17,GOOD,txn_0003918,cust_payer_28230,USA,4718.73,cust_payee_80368,USA,GOODS_SETTLEMENT,proofrail_synthetic,conditional_settlement_case,FALSE,proofrail,synthetic_research
2026-01-09T10:19,REVIEW,txn_0003919,cust_payer_14633,USA,885.26,cust_payee_82888,SINGAPORE,INVOICE_PAYMENT,proofrail_synthetic,conditional_settlement_case,TRUE,proofrail,synthetic_research
2026-01-09T10:21,REVIEW,txn_0003920,cust_payer_01121,USA,10999.14,cust_payee_88412,USA,MILESTONE_PAYMENT,proofrail_synthetic,conditional_settlement_case,TRUE,proofrail,synthetic_research
2026-01-09T10:22,BAD,txn_0003921,cust_payer_54236,USA,14013.73,cust_payee_44283,USA,GOODS_SETTLEMENT,proofrail_synthetic,conditional_settlement_case,TRUE,proofrail,synthetic_research
2026-01-09T10:25,BAD,txn_0003922,cust_payer_18739,USA,3730.38,cust_payee_86465,USA,INVOICE_PAYMENT,proofrail_synthetic,conditional_settlement_case,TRUE,proofrail,synthetic_research
2026-01-09T10:26,GOOD,txn_0003923,cust_payer_70401,USA,5145.14,cust_payee_58456,USA,INVOICE_PAYMENT,proofrail_synthetic,conditional_settlement_case,FALSE,proofrail,synthetic_research
2026-01-09T10:28,GOOD,txn_0003924,cust_payer_82550,USA,1792.08,cust_payee_61755,USA,INVOICE_PAYMENT,proofrail_synthetic,conditional_settlement_case,FALSE,proofrail,synthetic_research
2026-01-09T10:32,GOOD,txn_0003925,cust_payer_61932,UNITED-KINGDOM,39224.11,cust_payee_92525,USA,GOODS_SETTLEMENT,proofrail_synthetic,conditional_settlement_case,FALSE,proofrail,synthetic_research
2026-01-09T10:33,REVIEW,txn_0003926,cust_payer_71570,USA,1872.06,cust_payee_19370,USA,INVOICE_PAYMENT,proofrail_synthetic,conditional_settlement_case,TRUE,proofrail,synthetic_research
2026-01-09T10:35,GOOD,txn_0003927,cust_payer_97935,USA,1185.82,cust_payee_26048,MEXICO,INVOICE_PAYMENT,proofrail_synthetic,conditional_settlement_case,FALSE,proofrail,synthetic_research
2026-01-09T10:39,GOOD,txn_0003928,cust_payer_94377,USA,184.35,cust_payee_41886,USA,INVOICE_PAYMENT,proofrail_synthetic,conditional_settlement_case,FALSE,proofrail,synthetic_research
2026-01-09T10:39,BAD,txn_0003929,cust_payer_81321,UNITED-KINGDOM,2984.78,cust_payee_64282,USA,INVOICE_PAYMENT,proofrail_synthetic,conditional_settlement_case,TRUE,proofrail,synthetic_research
2026-01-09T10:43,GOOD,txn_0003930,cust_payer_63017,USA,3685.74,cust_payee_20750,CANADA,INVOICE_PAYMENT,proofrail_synthetic,conditional_settlement_case,FALSE,proofrail,synthetic_research
2026-01-09T10:43,BAD,txn_0003931,cust_payer_99764,MEXICO,2154.23,cust_payee_40499,USA,GOODS_SETTLEMENT,proofrail_synthetic,conditional_settlement_case,TRUE,proofrail,synthetic_research
2026-01-09T10:43,GOOD,txn_0003932,cust_payer_65003,USA,1462.23,cust_payee_65690,USA,INVOICE_PAYMENT,proofrail_synthetic,conditional_settlement_case,FALSE,proofrail,synthetic_research
2026-01-09T10:43,GOOD,txn_0003933,cust_payer_84048,USA,2210.15,cust_payee_31461,USA,GOODS_SETTLEMENT,proofrail_synthetic,conditional_settlement_case,FALSE,proofrail,synthetic_research
2026-01-09T10:43,GOOD,txn_0003934,cust_payer_06038,USA,26764.37,cust_payee_42209,UNITED-KINGDOM,INVOICE_PAYMENT,proofrail_synthetic,conditional_settlement_case,FALSE,proofrail,synthetic_research
2026-01-09T10:46,GOOD,txn_0003935,cust_payer_88207,USA,408.48,cust_payee_70779,USA,GOODS_SETTLEMENT,proofrail_synthetic,conditional_settlement_case,FALSE,proofrail,synthetic_research
2026-01-09T10:48,GOOD,txn_0003936,cust_payer_71575,USA,554.41,cust_payee_82365,CANADA,GOODS_SETTLEMENT,proofrail_synthetic,conditional_settlement_case,FALSE,proofrail,synthetic_research
2026-01-09T10:48,BAD,txn_0003937,cust_payer_50713,USA,1214.84,cust_payee_45158,CANADA,GOODS_SETTLEMENT,proofrail_synthetic,conditional_settlement_case,TRUE,proofrail,synthetic_research
2026-01-09T10:49,BAD,txn_0003938,cust_payer_54598,USA,9038.15,cust_payee_03228,USA,MILESTONE_PAYMENT,proofrail_synthetic,conditional_settlement_case,TRUE,proofrail,synthetic_research
2026-01-09T10:52,REVIEW,txn_0003939,cust_payer_33982,USA,3466.95,cust_payee_16485,CANADA,GOODS_SETTLEMENT,proofrail_synthetic,conditional_settlement_case,TRUE,proofrail,synthetic_research
2026-01-09T10:53,REVIEW,txn_0003940,cust_payer_98091,USA,1736.78,cust_payee_68448,USA,GOODS_SETTLEMENT,proofrail_synthetic,conditional_settlement_case,TRUE,proofrail,synthetic_research
2026-01-09T10:53,GOOD,txn_0003941,cust_payer_18607,USA,896.68,cust_payee_31288,USA,MILESTONE_PAYMENT,proofrail_synthetic,conditional_settlement_case,FALSE,proofrail,synthetic_research
2026-01-09T10:56,GOOD,txn_0003942,cust_payer_69574,CANADA,6915.33,cust_payee_26435,USA,INVOICE_PAYMENT,proofrail_synthetic,conditional_settlement_case,FALSE,proofrail,synthetic_research
2026-01-09T10:58,GOOD,txn_0003943,cust_payer_84915,USA,5775.32,cust_payee_92439,USA,INVOICE_PAYMENT,proofrail_synthetic,conditional_settlement_case,FALSE,proofrail,synthetic_research
2026-01-09T10:58,GOOD,txn_0003944,cust_payer_02107,USA,4222.98,cust_payee_28442,UNITED-KINGDOM,GOODS_SETTLEMENT,proofrail_synthetic,conditional_settlement_case,FALSE,proofrail,synthetic_research
2026-01-09T10:58,GOOD,txn_0003945,cust_payer_56337,CANADA,2600.01,cust_payee_16441,USA,GOODS_SETTLEMENT,proofrail_synthetic,conditional_settlement_case,FALSE,proofrail,synthetic_research
2026-01-09T11:02,GOOD,txn_0003946,cust_payer_31223,CANADA,22992.69,cust_payee_28016,CANADA,GOODS_SETTLEMENT,proofrail_synthetic,conditional_settlement_case,FALSE,proofrail,synthetic_research
2026-01-09T11:05,GOOD,txn_0003947,cust_payer_17927,USA,1662.21,cust_payee_01279,USA,MILESTONE_PAYMENT,proofrail_synthetic,conditional_settlement_case,FALSE,proofrail,synthetic_research
2026-01-09T11:05,GOOD,txn_0003948,cust_payer_24139,USA,4897.09,cust_payee_97391,USA,GOODS_SETTLEMENT,proofrail_synthetic,conditional_settlement_case,FALSE,proofrail,synthetic_research
2026-01-09T11:05,GOOD,txn_0003949,cust_payer_59432,USA,1230.33,cust_payee_77282,USA,INVOICE_PAYMENT,proofrail_synthetic,conditional_settlement_case,FALSE,proofrail,synthetic_research
2026-01-09T11:06,GOOD,txn_0003950,cust_payer_96021,USA,3291.86,cust_payee_28891,USA,MILESTONE_PAYMENT,proofrail_synthetic,conditional_settlement_case,FALSE,proofrail,synthetic_research
2026-01-09T11:09,GOOD,txn_0003951,cust_payer_60842,USA,1815.75,cust_payee_42004,USA,GOODS_SETTLEMENT,proofrail_synthetic,conditional_settlement_case,FALSE,proofrail,synthetic_research
2026-01-09T11:13,GOOD,txn_0003952,cust_payer_84023,USA,3758.24,cust_payee_87916,USA,INVOICE_PAYMENT,proofrail_synthetic,conditional_settlement_case,FALSE,proofrail,synthetic_research
2026-01-09T11:13,GOOD,txn_0003953,cust_payer_87947,USA,702.3,cust_payee_69537,SINGAPORE,INVOICE_PAYMENT,proofrail_synthetic,conditional_settlement_case,FALSE,proofrail,synthetic_research
2026-01-09T11:15,GOOD,txn_0003954,cust_payer_20984,USA,412.53,cust_payee_56862,USA,INVOICE_PAYMENT,proofrail_synthetic,conditional_settlement_case,FALSE,proofrail,synthetic_research
2026-01-09T11:16,REVIEW,txn_0003955,cust_payer_24499,USA,10057.88,cust_payee_63560,USA,INVOICE_PAYMENT,proofrail_synthetic,conditional_settlement_case,TRUE,proofrail,synthetic_research
2026-01-09T11:18,GOOD,txn_0003956,cust_payer_60989,CANADA,458.04,cust_payee_00731,USA,MILESTONE_PAYMENT,proofrail_synthetic,conditional_settlement_case,FALSE,proofrail,synthetic_research
2026-01-09T11:19,REVIEW,txn_0003957,cust_payer_67046,USA,2943.62,cust_payee_18743,USA,INVOICE_PAYMENT,proofrail_synthetic,conditional_settlement_case,FALSE,proofrail,synthetic_research
2026-01-09T11:19,BAD,txn_0003958,cust_payer_13929,USA,3265.13,cust_payee_90058,USA,INVOICE_PAYMENT,proofrail_synthetic,conditional_settlement_case,TRUE,proofrail,synthetic_research
2026-01-09T11:22,GOOD,txn_0003959,cust_payer_28176,MEXICO,2835.61,cust_payee_33077,USA,INVOICE_PAYMENT,proofrail_synthetic,conditional_settlement_case,FALSE,proofrail,synthetic_research
2026-01-09T11:25,BAD,txn_0003960,cust_payer_02760,USA,4063.9,cust_payee_67474,USA,SERVICE_RETAINER,proofrail_synthetic,conditional_settlement_case,TRUE,proofrail,synthetic_research
2026-01-09T11:27,BAD,txn_0003961,cust_payer_70174,USA,4980.2,cust_payee_03781,UNITED-KINGDOM,INVOICE_PAYMENT,proofrail_synthetic,conditional_settlement_case,TRUE,proofrail,synthetic_research
2026-01-09T11:30,REVIEW,txn_0003962,cust_payer_28143,USA,2800.88,cust_payee_99735,USA,INVOICE_PAYMENT,proofrail_synthetic,conditional_settlement_case,FALSE,proofrail,synthetic_research
2026-01-09T11:31,GOOD,txn_0003963,cust_payer_40919,USA,1346.59,cust_payee_79901,GERMANY,MILESTONE_PAYMENT,proofrail_synthetic,conditional_settlement_case,FALSE,proofrail,synthetic_research
2026-01-09T11:35,REVIEW,txn_0003964,cust_payer_21693,USA,3373.03,cust_payee_30885,USA,INVOICE_PAYMENT,proofrail_synthetic,conditional_settlement_case,FALSE,proofrail,synthetic_research
2026-01-09T11:35,GOOD,txn_0003965,cust_payer_86429,USA,889.93,cust_payee_67660,USA,GOODS_SETTLEMENT,proofrail_synthetic,conditional_settlement_case,FALSE,proofrail,synthetic_research
2026-01-09T11:36,GOOD,txn_0003966,cust_payer_84064,USA,4501.97,cust_payee_08649,USA,INVOICE_PAYMENT,proofrail_synthetic,conditional_settlement_case,FALSE,proofrail,synthetic_research
2026-01-09T11:37,BAD,txn_0003967,cust_payer_94876,USA,942.28,cust_payee_32408,USA,MILESTONE_PAYMENT,proofrail_synthetic,conditional_settlement_case,TRUE,proofrail,synthetic_research
2026-01-09T11:40,GOOD,txn_0003968,cust_payer_84753,USA,6433.12,cust_payee_46334,USA,INVOICE_PAYMENT,proofrail_synthetic,conditional_settlement_case,FALSE,proofrail,synthetic_research
2026-01-09T11:41,GOOD,txn_0003969,cust_payer_17908,USA,16653.64,cust_payee_69790,USA,GOODS_SETTLEMENT,proofrail_synthetic,conditional_settlement_case,FALSE,proofrail,synthetic_research
2026-01-09T11:41,REVIEW,txn_0003970,cust_payer_53935,USA,2164.15,cust_payee_45741,USA,SERVICE_RETAINER,proofrail_synthetic,conditional_settlement_case,TRUE,proofrail,synthetic_research
2026-01-09T11:42,BAD,txn_0003971,cust_payer_26372,USA,2148.14,cust_payee_48991,USA,MILESTONE_PAYMENT,proofrail_synthetic,conditional_settlement_case,TRUE,proofrail,synthetic_research
2026-01-09T11:44,REVIEW,txn_0003972,cust_payer_33728,UNITED-KINGDOM,3384.42,cust_payee_22507,USA,INVOICE_PAYMENT,proofrail_synthetic,conditional_settlement_case,TRUE,proofrail,synthetic_research
2026-01-09T11:46,GOOD,txn_0003973,cust_payer_51880,USA,1426.94,cust_payee_51572,USA,INVOICE_PAYMENT,proofrail_synthetic,conditional_settlement_case,FALSE,proofrail,synthetic_research
2026-01-09T11:46,REVIEW,txn_0003974,cust_payer_27767,MEXICO,6091.37,cust_payee_89924,USA,INVOICE_PAYMENT,proofrail_synthetic,conditional_settlement_case,TRUE,proofrail,synthetic_research
2026-01-09T11:49,GOOD,txn_0003975,cust_payer_21474,USA,1200.42,cust_payee_13789,USA,MILESTONE_PAYMENT,proofrail_synthetic,conditional_settlement_case,FALSE,proofrail,synthetic_research
2026-01-09T11:53,GOOD,txn_0003976,cust_payer_96288,USA,4309.82,cust_payee_62604,USA,INVOICE_PAYMENT,proofrail_synthetic,conditional_settlement_case,FALSE,proofrail,synthetic_research
2026-01-09T11:59,GOOD,txn_0003977,cust_payer_77295,USA,5690.27,cust_payee_36302,USA,MILESTONE_PAYMENT,proofrail_synthetic,conditional_settlement_case,FALSE,proofrail,synthetic_research
2026-01-09T12:01,GOOD,txn_0003978,cust_payer_91224,USA,930.87,cust_payee_57042,USA,INVOICE_PAYMENT,proofrail_synthetic,conditional_settlement_case,FALSE,proofrail,synthetic_research
2026-01-09T12:01,GOOD,txn_0003979,cust_payer_28331,USA,64433.5,cust_payee_83827,USA,INVOICE_PAYMENT,proofrail_synthetic,conditional_settlement_case,FALSE,proofrail,synthetic_research
2026-01-09T12:01,GOOD,txn_0003980,cust_payer_59485,USA,1666.09,cust_payee_72630,USA,GOODS_SETTLEMENT,proofrail_synthetic,conditional_settlement_case,FALSE,proofrail,synthetic_research
2026-01-09T12:02,GOOD,txn_0003981,cust_payer_89860,USA,4174.21,cust_payee_83552,CANADA,GOODS_SETTLEMENT,proofrail_synthetic,conditional_settlement_case,FALSE,proofrail,synthetic_research
2026-01-09T12:04,GOOD,txn_0003982,cust_payer_77645,USA,1849.81,cust_payee_21456,SINGAPORE,INVOICE_PAYMENT,proofrail_synthetic,conditional_settlement_case,FALSE,proofrail,synthetic_research
2026-01-09T12:05,REVIEW,txn_0003983,cust_payer_17399,USA,3101.08,cust_payee_74647,USA,MILESTONE_PAYMENT,proofrail_synthetic,conditional_settlement_case,TRUE,proofrail,synthetic_research
2026-01-09T12:08,REVIEW,txn_0003984,cust_payer_16789,USA,1108.36,cust_payee_62274,USA,GOODS_SETTLEMENT,proofrail_synthetic,conditional_settlement_case,TRUE,proofrail,synthetic_research
2026-01-09T12:08,GOOD,txn_0003985,cust_payer_60220,USA,906.34,cust_payee_41600,USA,GOODS_SETTLEMENT,proofrail_synthetic,conditional_settlement_case,FALSE,proofrail,synthetic_research
2026-01-09T12:10,BAD,txn_0003986,cust_payer_95202,UNITED-KINGDOM,2290.51,cust_payee_95164,USA,GOODS_SETTLEMENT,proofrail_synthetic,conditional_settlement_case,TRUE,proofrail,synthetic_research
2026-01-09T12:13,GOOD,txn_0003987,cust_payer_73531,USA,444.15,cust_payee_03426,USA,GOODS_SETTLEMENT,proofrail_synthetic,conditional_settlement_case,FALSE,proofrail,synthetic_research
2026-01-09T12:21,GOOD,txn_0003988,cust_payer_52878,USA,1565.88,cust_payee_46513,USA,SERVICE_RETAINER,proofrail_synthetic,conditional_settlement_case,FALSE,proofrail,synthetic_research
2026-01-09T12:23,REVIEW,txn_0003989,cust_payer_24543,USA,2609,cust_payee_51824,USA,MILESTONE_PAYMENT,proofrail_synthetic,conditional_settlement_case,FALSE,proofrail,synthetic_research
2026-01-09T12:24,REVIEW,txn_0003990,cust_payer_34324,CANADA,1304.93,cust_payee_07246,USA,SERVICE_RETAINER,proofrail_synthetic,conditional_settlement_case,FALSE,proofrail,synthetic_research
2026-01-09T12:26,GOOD,txn_0003991,cust_payer_18570,USA,3732.06,cust_payee_76965,USA,GOODS_SETTLEMENT,proofrail_synthetic,conditional_settlement_case,FALSE,proofrail,synthetic_research
2026-01-09T12:26,GOOD,txn_0003992,cust_payer_93696,UNITED-KINGDOM,1870.74,cust_payee_15008,UNITED-KINGDOM,MILESTONE_PAYMENT,proofrail_synthetic,conditional_settlement_case,FALSE,proofrail,synthetic_research
2026-01-09T12:26,GOOD,txn_0003993,cust_payer_21857,USA,4673.37,cust_payee_17891,USA,INVOICE_PAYMENT,proofrail_synthetic,conditional_settlement_case,FALSE,proofrail,synthetic_research
2026-01-09T12:26,GOOD,txn_0003994,cust_payer_03040,USA,1505.14,cust_payee_22198,USA,SERVICE_RETAINER,proofrail_synthetic,conditional_settlement_case,FALSE,proofrail,synthetic_research
2026-01-09T12:28,REVIEW,txn_0003995,cust_payer_12785,USA,1542.96,cust_payee_58281,USA,INVOICE_PAYMENT,proofrail_synthetic,conditional_settlement_case,TRUE,proofrail,synthetic_research
2026-01-09T12:28,GOOD,txn_0003996,cust_payer_80732,USA,11223.18,cust_payee_63187,GERMANY,SERVICE_RETAINER,proofrail_synthetic,conditional_settlement_case,FALSE,proofrail,synthetic_research
2026-01-09T12:30,GOOD,txn_0003997,cust_payer_47999,USA,933.07,cust_payee_69278,USA,MILESTONE_PAYMENT,proofrail_synthetic,conditional_settlement_case,FALSE,proofrail,synthetic_research
2026-01-09T12:30,REVIEW,txn_0003998,cust_payer_61920,USA,3049.49,cust_payee_09367,USA,GOODS_SETTLEMENT,proofrail_synthetic,conditional_settlement_case,TRUE,proofrail,synthetic_research
2026-01-09T12:32,GOOD,txn_0003999,cust_payer_69184,USA,14373.85,cust_payee_61215,USA,INVOICE_PAYMENT,proofrail_synthetic,conditional_settlement_case,FALSE,proofrail,synthetic_research
2026-01-09T12:34,REVIEW,txn_0004000,cust_payer_43632,CANADA,5666.05,cust_payee_09943,USA,MILESTONE_PAYMENT,proofrail_synthetic,conditional_settlement_case,FALSE,proofrail,synthetic_research
2026-01-09T12:35,REVIEW,txn_0004001,cust_payer_60627,USA,372.28,cust_payee_95940,USA,INVOICE_PAYMENT,proofrail_synthetic,conditional_settlement_case,TRUE,proofrail,synthetic_research
2026-01-09T12:37,GOOD,txn_0004002,cust_payer_84546,USA,5069.37,cust_payee_80011,USA,INVOICE_PAYMENT,proofrail_synthetic,conditional_settlement_case,FALSE,proofrail,synthetic_research
2026-01-09T12:38,GOOD,txn_0004003,cust_payer_49172,MEXICO,8055.52,cust_payee_22816,USA,INVOICE_PAYMENT,proofrail_synthetic,conditional_settlement_case,FALSE,proofrail,synthetic_research
2026-01-09T12:39,REVIEW,txn_0004004,cust_payer_63746,USA,796.7,cust_payee_28765,USA,INVOICE_PAYMENT,proofrail_synthetic,conditional_settlement_case,TRUE,proofrail,synthetic_research
2026-01-09T12:39,GOOD,txn_0004005,cust_payer_76179,SINGAPORE,845.35,cust_payee_60056,USA,GOODS_SETTLEMENT,proofrail_synthetic,conditional_settlement_case,FALSE,proofrail,synthetic_research
2026-01-09T12:39,GOOD,txn_0004006,cust_payer_43539,CANADA,807.11,cust_payee_50276,USA,GOODS_SETTLEMENT,proofrail_synthetic,conditional_settlement_case,FALSE,proofrail,synthetic_research
2026-01-09T12:46,BAD,txn_0004007,cust_payer_23863,UNITED-KINGDOM,5527.62,cust_payee_50317,CANADA,GOODS_SETTLEMENT,proofrail_synthetic,conditional_settlement_case,TRUE,proofrail,synthetic_research
2026-01-09T12:48,BAD,txn_0004008,cust_payer_17279,USA,14081.74,cust_payee_17236,USA,MILESTONE_PAYMENT,proofrail_synthetic,conditional_settlement_case,TRUE,proofrail,synthetic_research
2026-01-09T12:49,GOOD,txn_0004009,cust_payer_67406,USA,815.09,cust_payee_53695,USA,GOODS_SETTLEMENT,proofrail_synthetic,conditional_settlement_case,FALSE,proofrail,synthetic_research
2026-01-09T12:51,GOOD,txn_0004010,cust_payer_88335,USA,472.6,cust_payee_89670,USA,INVOICE_PAYMENT,proofrail_synthetic,conditional_settlement_case,FALSE,proofrail,synthetic_research
2026-01-09T12:51,BAD,txn_0004011,cust_payer_57823,USA,2286.8,cust_payee_54946,UNITED-KINGDOM,INVOICE_PAYMENT,proofrail_synthetic,conditional_settlement_case,TRUE,proofrail,synthetic_research
2026-01-09T12:55,BAD,txn_0004012,cust_payer_20701,USA,849.82,cust_payee_16381,USA,INVOICE_PAYMENT,proofrail_synthetic,conditional_settlement_case,TRUE,proofrail,synthetic_research
2026-01-09T12:57,REVIEW,txn_0004013,cust_payer_98881,SINGAPORE,2220.38,cust_payee_13705,CANADA,INVOICE_PAYMENT,proofrail_synthetic,conditional_settlement_case,TRUE,proofrail,synthetic_research
2026-01-09T12:58,GOOD,txn_0004014,cust_payer_33228,CANADA,577.1,cust_payee_59109,USA,MILESTONE_PAYMENT,proofrail_synthetic,conditional_settlement_case,FALSE,proofrail,synthetic_research
2026-01-09T13:01,GOOD,txn_0004015,cust_payer_82859,USA,2628.67,cust_payee_91036,USA,INVOICE_PAYMENT,proofrail_synthetic,conditional_settlement_case,FALSE,proofrail,synthetic_research
2026-01-09T13:04,BAD,txn_0004016,cust_payer_39915,USA,3078.86,cust_payee_36695,USA,GOODS_SETTLEMENT,proofrail_synthetic,conditional_settlement_case,TRUE,proofrail,synthetic_research
2026-01-09T13:08,GOOD,txn_0004017,cust_payer_65149,MEXICO,2847.43,cust_payee_60942,USA,GOODS_SETTLEMENT,proofrail_synthetic,conditional_settlement_case,FALSE,proofrail,synthetic_research
2026-01-09T13:08,GOOD,txn_0004018,cust_payer_73972,USA,7139.34,cust_payee_64643,USA,INVOICE_PAYMENT,proofrail_synthetic,conditional_settlement_case,FALSE,proofrail,synthetic_research
2026-01-09T13:09,GOOD,txn_0004019,cust_payer_32583,USA,953.85,cust_payee_18338,USA,MILESTONE_PAYMENT,proofrail_synthetic,conditional_settlement_case,FALSE,proofrail,synthetic_research
2026-01-09T13:10,GOOD,txn_0004020,cust_payer_14691,UNITED-KINGDOM,1529.29,cust_payee_11576,USA,MILESTONE_PAYMENT,proofrail_synthetic,conditional_settlement_case,FALSE,proofrail,synthetic_research
2026-01-09T13:12,GOOD,txn_0004021,cust_payer_02399,USA,963.7,cust_payee_88958,CANADA,GOODS_SETTLEMENT,proofrail_synthetic,conditional_settlement_case,FALSE,proofrail,synthetic_research
2026-01-09T13:16,GOOD,txn_0004022,cust_payer_83122,USA,8987.84,cust_payee_82672,MEXICO,GOODS_SETTLEMENT,proofrail_synthetic,conditional_settlement_case,FALSE,proofrail,synthetic_research
2026-01-09T13:21,GOOD,txn_0004023,cust_payer_39107,USA,1547.43,cust_payee_01185,USA,MILESTONE_PAYMENT,proofrail_synthetic,conditional_settlement_case,FALSE,proofrail,synthetic_research
2026-01-09T13:21,BAD,txn_0004024,cust_payer_09090,USA,6226.04,cust_payee_35900,USA,SERVICE_RETAINER,proofrail_synthetic,conditional_settlement_case,TRUE,proofrail,synthetic_research
2026-01-09T13:22,BAD,txn_0004025,cust_payer_50254,USA,2814.76,cust_payee_38465,USA,INVOICE_PAYMENT,proofrail_synthetic,conditional_settlement_case,TRUE,proofrail,synthetic_research
2026-01-09T13:23,BAD,txn_0004026,cust_payer_46488,USA,735.79,cust_payee_24982,USA,INVOICE_PAYMENT,proofrail_synthetic,conditional_settlement_case,TRUE,proofrail,synthetic_research
2026-01-09T13:23,GOOD,txn_0004027,cust_payer_07451,CANADA,5454.92,cust_payee_82351,CANADA,SERVICE_RETAINER,proofrail_synthetic,conditional_settlement_case,FALSE,proofrail,synthetic_research
2026-01-09T13:26,REVIEW,txn_0004028,cust_payer_66607,USA,5247.85,cust_payee_67798,USA,GOODS_SETTLEMENT,proofrail_synthetic,conditional_settlement_case,TRUE,proofrail,synthetic_research
2026-01-09T13:27,GOOD,txn_0004029,cust_payer_64308,USA,676.76,cust_payee_27915,CANADA,GOODS_SETTLEMENT,proofrail_synthetic,conditional_settlement_case,FALSE,proofrail,synthetic_research
2026-01-09T13:31,GOOD,txn_0004030,cust_payer_09427,USA,1436.45,cust_payee_67767,USA,GOODS_SETTLEMENT,proofrail_synthetic,conditional_settlement_case,FALSE,proofrail,synthetic_research
2026-01-09T13:33,GOOD,txn_0004031,cust_payer_22009,USA,1071.87,cust_payee_50117,USA,INVOICE_PAYMENT,proofrail_synthetic,conditional_settlement_case,FALSE,proofrail,synthetic_research
2026-01-09T13:34,GOOD,txn_0004032,cust_payer_06167,USA,4392.02,cust_payee_24302,USA,GOODS_SETTLEMENT,proofrail_synthetic,conditional_settlement_case,FALSE,proofrail,synthetic_research
2026-01-09T13:35,GOOD,txn_0004033,cust_payer_55366,USA,316.29,cust_payee_09219,USA,MILESTONE_PAYMENT,proofrail_synthetic,conditional_settlement_case,FALSE,proofrail,synthetic_research
2026-01-09T13:40,GOOD,txn_0004034,cust_payer_46785,USA,1800.66,cust_payee_94153,USA,INVOICE_PAYMENT,proofrail_synthetic,conditional_settlement_case,FALSE,proofrail,synthetic_research
2026-01-09T13:41,REVIEW,txn_0004035,cust_payer_63113,CANADA,17074.99,cust_payee_24306,USA,GOODS_SETTLEMENT,proofrail_synthetic,conditional_settlement_case,FALSE,proofrail,synthetic_research
2026-01-09T13:44,REVIEW,txn_0004036,cust_payer_13892,USA,6009.39,cust_payee_17515,USA,INVOICE_PAYMENT,proofrail_synthetic,conditional_settlement_case,TRUE,proofrail,synthetic_research
2026-01-09T13:47,REVIEW,txn_0004037,cust_payer_86340,CANADA,2076.49,cust_payee_66193,USA,GOODS_SETTLEMENT,proofrail_synthetic,conditional_settlement_case,TRUE,proofrail,synthetic_research
2026-01-09T13:50,GOOD,txn_0004038,cust_payer_24593,USA,14635.77,cust_payee_18770,GERMANY,GOODS_SETTLEMENT,proofrail_synthetic,conditional_settlement_case,FALSE,proofrail,synthetic_research
2026-01-09T13:51,GOOD,txn_0004039,cust_payer_99173,USA,1557.35,cust_payee_91560,USA,MILESTONE_PAYMENT,proofrail_synthetic,conditional_settlement_case,FALSE,proofrail,synthetic_research
2026-01-09T13:52,GOOD,txn_0004040,cust_payer_63369,USA,2369.09,cust_payee_01017,USA,INVOICE_PAYMENT,proofrail_synthetic,conditional_settlement_case,FALSE,proofrail,synthetic_research
2026-01-09T13:52,REVIEW,txn_0004041,cust_payer_61896,USA,1107.52,cust_payee_70786,MEXICO,GOODS_SETTLEMENT,proofrail_synthetic,conditional_settlement_case,FALSE,proofrail,synthetic_research
2026-01-09T13:55,BAD,txn_0004042,cust_payer_28713,UNITED-KINGDOM,1143.67,cust_payee_92786,USA,INVOICE_PAYMENT,proofrail_synthetic,conditional_settlement_case,TRUE,proofrail,synthetic_research
2026-01-09T13:55,GOOD,txn_0004043,cust_payer_72897,USA,8541.4,cust_payee_67307,USA,MILESTONE_PAYMENT,proofrail_synthetic,conditional_settlement_case,FALSE,proofrail,synthetic_research
2026-01-09T13:55,GOOD,txn_0004044,cust_payer_49107,USA,2769.79,cust_payee_64110,USA,GOODS_SETTLEMENT,proofrail_synthetic,conditional_settlement_case,FALSE,proofrail,synthetic_research
2026-01-09T13:56,REVIEW,txn_0004045,cust_payer_12284,UNITED-KINGDOM,79365.37,cust_payee_33726,CANADA,INVOICE_PAYMENT,proofrail_synthetic,conditional_settlement_case,TRUE,proofrail,synthetic_research
2026-01-09T14:00,REVIEW,txn_0004046,cust_payer_47952,USA,2407.5,cust_payee_33838,USA,MILESTONE_PAYMENT,proofrail_synthetic,conditional_settlement_case,TRUE,proofrail,synthetic_research
2026-01-09T14:01,GOOD,txn_0004047,cust_payer_25785,USA,1077.63,cust_payee_37060,USA,INVOICE_PAYMENT,proofrail_synthetic,conditional_settlement_case,FALSE,proofrail,synthetic_research
2026-01-09T14:02,REVIEW,txn_0004048,cust_payer_08458,USA,1287.2,cust_payee_14278,USA,GOODS_SETTLEMENT,proofrail_synthetic,conditional_settlement_case,TRUE,proofrail,synthetic_research
2026-01-09T14:03,GOOD,txn_0004049,cust_payer_56074,GERMANY,4182.16,cust_payee_54725,USA,GOODS_SETTLEMENT,proofrail_synthetic,conditional_settlement_case,FALSE,proofrail,synthetic_research
2026-01-09T14:04,REVIEW,txn_0004050,cust_payer_02235,USA,6560.21,cust_payee_59307,USA,GOODS_SETTLEMENT,proofrail_synthetic,conditional_settlement_case,TRUE,proofrail,synthetic_research
2026-01-09T14:07,BAD,txn_0004051,cust_payer_56013,USA,2482.02,cust_payee_81914,USA,INVOICE_PAYMENT,proofrail_synthetic,conditional_settlement_case,TRUE,proofrail,synthetic_research
2026-01-09T14:11,REVIEW,txn_0004052,cust_payer_71578,USA,3802.66,cust_payee_70203,USA,GOODS_SETTLEMENT,proofrail_synthetic,conditional_settlement_case,TRUE,proofrail,synthetic_research
2026-01-09T14:11,GOOD,txn_0004053,cust_payer_75435,USA,6757.52,cust_payee_46359,USA,GOODS_SETTLEMENT,proofrail_synthetic,conditional_settlement_case,FALSE,proofrail,synthetic_research
2026-01-09T14:13,GOOD,txn_0004054,cust_payer_69392,USA,1925.25,cust_payee_10541,USA,MILESTONE_PAYMENT,proofrail_synthetic,conditional_settlement_case,FALSE,proofrail,synthetic_research
2026-01-09T14:16,REVIEW,txn_0004055,cust_payer_51681,USA,8115.19,cust_payee_93221,USA,MILESTONE_PAYMENT,proofrail_synthetic,conditional_settlement_case,TRUE,proofrail,synthetic_research
2026-01-09T14:17,GOOD,txn_0004056,cust_payer_65473,USA,4334.07,cust_payee_14336,USA,GOODS_SETTLEMENT,proofrail_synthetic,conditional_settlement_case,FALSE,proofrail,synthetic_research
2026-01-09T14:19,GOOD,txn_0004057,cust_payer_45117,USA,35407.6,cust_payee_14873,USA,GOODS_SETTLEMENT,proofrail_synthetic,conditional_settlement_case,FALSE,proofrail,synthetic_research
2026-01-09T14:22,GOOD,txn_0004058,cust_payer_23934,USA,433.78,cust_payee_56794,USA,INVOICE_PAYMENT,proofrail_synthetic,conditional_settlement_case,FALSE,proofrail,synthetic_research
2026-01-09T14:24,GOOD,txn_0004059,cust_payer_23297,USA,5705.87,cust_payee_49714,USA,SERVICE_RETAINER,proofrail_synthetic,conditional_settlement_case,FALSE,proofrail,synthetic_research
2026-01-09T14:24,GOOD,txn_0004060,cust_payer_60119,USA,2119.39,cust_payee_15807,USA,INVOICE_PAYMENT,proofrail_synthetic,conditional_settlement_case,FALSE,proofrail,synthetic_research
2026-01-09T14:26,GOOD,txn_0004061,cust_payer_38362,USA,466.66,cust_payee_10301,USA,SERVICE_RETAINER,proofrail_synthetic,conditional_settlement_case,FALSE,proofrail,synthetic_research
2026-01-09T14:27,REVIEW,txn_0004062,cust_payer_26242,USA,243.9,cust_payee_06564,USA,GOODS_SETTLEMENT,proofrail_synthetic,conditional_settlement_case,FALSE,proofrail,synthetic_research
2026-01-09T14:29,GOOD,txn_0004063,cust_payer_81785,USA,570.62,cust_payee_62695,USA,MILESTONE_PAYMENT,proofrail_synthetic,conditional_settlement_case,FALSE,proofrail,synthetic_research
2026-01-09T14:29,REVIEW,txn_0004064,cust_payer_22673,CANADA,549.82,cust_payee_08871,USA,GOODS_SETTLEMENT,proofrail_synthetic,conditional_settlement_case,FALSE,proofrail,synthetic_research
2026-01-09T14:30,BAD,txn_0004065,cust_payer_16303,USA,4315.87,cust_payee_10561,USA,MILESTONE_PAYMENT,proofrail_synthetic,conditional_settlement_case,TRUE,proofrail,synthetic_research
2026-01-09T14:30,BAD,txn_0004066,cust_payer_97393,USA,10768.54,cust_payee_88389,USA,INVOICE_PAYMENT,proofrail_synthetic,conditional_settlement_case,TRUE,proofrail,synthetic_research
2026-01-09T14:35,REVIEW,txn_0004067,cust_payer_05050,USA,3955.41,cust_payee_71195,USA,INVOICE_PAYMENT,proofrail_synthetic,conditional_settlement_case,TRUE,proofrail,synthetic_research
2026-01-09T14:35,REVIEW,txn_0004068,cust_payer_38622,USA,3245.28,cust_payee_69425,USA,INVOICE_PAYMENT,proofrail_synthetic,conditional_settlement_case,TRUE,proofrail,synthetic_research
2026-01-09T14:36,GOOD,txn_0004069,cust_payer_37372,USA,5990.71,cust_payee_14799,USA,INVOICE_PAYMENT,proofrail_synthetic,conditional_settlement_case,FALSE,proofrail,synthetic_research
2026-01-09T14:36,GOOD,txn_0004070,cust_payer_25470,CANADA,5946.89,cust_payee_17645,USA,GOODS_SETTLEMENT,proofrail_synthetic,conditional_settlement_case,FALSE,proofrail,synthetic_research
2026-01-09T14:38,GOOD,txn_0004071,cust_payer_95604,USA,35304.8,cust_payee_15007,UNITED-KINGDOM,INVOICE_PAYMENT,proofrail_synthetic,conditional_settlement_case,FALSE,proofrail,synthetic_research
2026-01-09T14:39,GOOD,txn_0004072,cust_payer_10808,USA,379.69,cust_payee_78741,SINGAPORE,INVOICE_PAYMENT,proofrail_synthetic,conditional_settlement_case,FALSE,proofrail,synthetic_research
2026-01-09T14:41,REVIEW,txn_0004073,cust_payer_57477,UNITED-KINGDOM,1089.99,cust_payee_51586,USA,GOODS_SETTLEMENT,proofrail_synthetic,conditional_settlement_case,TRUE,proofrail,synthetic_research
2026-01-09T14:45,REVIEW,txn_0004074,cust_payer_74315,USA,2589.44,cust_payee_46392,USA,SERVICE_RETAINER,proofrail_synthetic,conditional_settlement_case,TRUE,proofrail,synthetic_research
2026-01-09T14:48,REVIEW,txn_0004075,cust_payer_75190,USA,654.66,cust_payee_82517,USA,INVOICE_PAYMENT,proofrail_synthetic,conditional_settlement_case,TRUE,proofrail,synthetic_research
2026-01-09T14:49,GOOD,txn_0004076,cust_payer_23138,USA,5936.75,cust_payee_09748,USA,INVOICE_PAYMENT,proofrail_synthetic,conditional_settlement_case,FALSE,proofrail,synthetic_research
2026-01-09T14:49,GOOD,txn_0004077,cust_payer_59230,USA,2636.9,cust_payee_67282,USA,INVOICE_PAYMENT,proofrail_synthetic,conditional_settlement_case,FALSE,proofrail,synthetic_research
2026-01-09T14:50,GOOD,txn_0004078,cust_payer_74543,USA,14156.33,cust_payee_49027,USA,GOODS_SETTLEMENT,proofrail_synthetic,conditional_settlement_case,FALSE,proofrail,synthetic_research
2026-01-09T14:52,GOOD,txn_0004079,cust_payer_97664,UNITED-KINGDOM,4726.77,cust_payee_80652,CANADA,GOODS_SETTLEMENT,proofrail_synthetic,conditional_settlement_case,FALSE,proofrail,synthetic_research
2026-01-09T14:52,BAD,txn_0004080,cust_payer_56509,USA,3602.06,cust_payee_94893,USA,GOODS_SETTLEMENT,proofrail_synthetic,conditional_settlement_case,TRUE,proofrail,synthetic_research
2026-01-09T14:52,REVIEW,txn_0004081,cust_payer_72037,USA,2105.3,cust_payee_27067,UNITED-KINGDOM,INVOICE_PAYMENT,proofrail_synthetic,conditional_settlement_case,TRUE,proofrail,synthetic_research
2026-01-09T14:53,REVIEW,txn_0004082,cust_payer_08715,USA,190.82,cust_payee_43192,USA,GOODS_SETTLEMENT,proofrail_synthetic,conditional_settlement_case,TRUE,proofrail,synthetic_research
2026-01-09T14:53,GOOD,txn_0004083,cust_payer_70906,USA,1293.38,cust_payee_68090,USA,INVOICE_PAYMENT,proofrail_synthetic,conditional_settlement_case,FALSE,proofrail,synthetic_research
2026-01-09T14:54,GOOD,txn_0004084,cust_payer_02950,MEXICO,9682.73,cust_payee_97201,USA,MILESTONE_PAYMENT,proofrail_synthetic,conditional_settlement_case,FALSE,proofrail,synthetic_research
2026-01-09T14:54,GOOD,txn_0004085,cust_payer_32226,UNITED-KINGDOM,3631.28,cust_payee_76937,USA,INVOICE_PAYMENT,proofrail_synthetic,conditional_settlement_case,FALSE,proofrail,synthetic_research
2026-01-09T14:56,REVIEW,txn_0004086,cust_payer_43926,USA,3458.74,cust_payee_91571,MEXICO,INVOICE_PAYMENT,proofrail_synthetic,conditional_settlement_case,FALSE,proofrail,synthetic_research
2026-01-09T14:58,GOOD,txn_0004087,cust_payer_08332,USA,8155.19,cust_payee_01219,USA,INVOICE_PAYMENT,proofrail_synthetic,conditional_settlement_case,FALSE,proofrail,synthetic_research
2026-01-09T15:00,GOOD,txn_0004088,cust_payer_82707,CANADA,2730.98,cust_payee_98160,USA,GOODS_SETTLEMENT,proofrail_synthetic,conditional_settlement_case,FALSE,proofrail,synthetic_research
2026-01-09T15:02,REVIEW,txn_0004089,cust_payer_71697,USA,9492.72,cust_payee_15510,USA,INVOICE_PAYMENT,proofrail_synthetic,conditional_settlement_case,TRUE,proofrail,synthetic_research
2026-01-09T15:02,REVIEW,txn_0004090,cust_payer_79635,USA,3548.55,cust_payee_68186,SINGAPORE,INVOICE_PAYMENT,proofrail_synthetic,conditional_settlement_case,TRUE,proofrail,synthetic_research
2026-01-09T15:04,GOOD,txn_0004091,cust_payer_09605,USA,16326.27,cust_payee_50899,USA,INVOICE_PAYMENT,proofrail_synthetic,conditional_settlement_case,FALSE,proofrail,synthetic_research
2026-01-09T15:04,GOOD,txn_0004092,cust_payer_03274,CANADA,626.92,cust_payee_49860,MEXICO,INVOICE_PAYMENT,proofrail_synthetic,conditional_settlement_case,FALSE,proofrail,synthetic_research
2026-01-09T15:07,GOOD,txn_0004093,cust_payer_60823,USA,983.71,cust_payee_15643,GERMANY,INVOICE_PAYMENT,proofrail_synthetic,conditional_settlement_case,FALSE,proofrail,synthetic_research
2026-01-09T15:08,GOOD,txn_0004094,cust_payer_44589,USA,4826.16,cust_payee_69924,USA,GOODS_SETTLEMENT,proofrail_synthetic,conditional_settlement_case,FALSE,proofrail,synthetic_research
2026-01-09T15:08,REVIEW,txn_0004095,cust_payer_35181,USA,4972.67,cust_payee_25740,USA,SERVICE_RETAINER,proofrail_synthetic,conditional_settlement_case,TRUE,proofrail,synthetic_research
2026-01-09T15:10,GOOD,txn_0004096,cust_payer_40373,CANADA,7658.72,cust_payee_30145,USA,GOODS_SETTLEMENT,proofrail_synthetic,conditional_settlement_case,FALSE,proofrail,synthetic_research
2026-01-09T15:11,GOOD,txn_0004097,cust_payer_46563,CANADA,1339.98,cust_payee_47105,USA,GOODS_SETTLEMENT,proofrail_synthetic,conditional_settlement_case,FALSE,proofrail,synthetic_research
2026-01-09T15:13,GOOD,txn_0004098,cust_payer_40137,USA,9868.35,cust_payee_00059,USA,SERVICE_RETAINER,proofrail_synthetic,conditional_settlement_case,FALSE,proofrail,synthetic_research
2026-01-09T15:14,REVIEW,txn_0004099,cust_payer_14863,USA,253.53,cust_payee_85303,USA,GOODS_SETTLEMENT,proofrail_synthetic,conditional_settlement_case,FALSE,proofrail,synthetic_research
2026-01-09T15:16,BAD,txn_0004100,cust_payer_70375,USA,3598.65,cust_payee_56207,USA,MILESTONE_PAYMENT,proofrail_synthetic,conditional_settlement_case,TRUE,proofrail,synthetic_research
2026-01-09T15:17,GOOD,txn_0004101,cust_payer_07762,USA,24416.56,cust_payee_90473,USA,MILESTONE_PAYMENT,proofrail_synthetic,conditional_settlement_case,FALSE,proofrail,synthetic_research
2026-01-09T15:18,GOOD,txn_0004102,cust_payer_04695,USA,1169.55,cust_payee_30875,USA,GOODS_SETTLEMENT,proofrail_synthetic,conditional_settlement_case,FALSE,proofrail,synthetic_research
2026-01-09T15:20,GOOD,txn_0004103,cust_payer_30168,USA,2700.46,cust_payee_55363,MEXICO,INVOICE_PAYMENT,proofrail_synthetic,conditional_settlement_case,FALSE,proofrail,synthetic_research
2026-01-09T15:22,BAD,txn_0004104,cust_payer_13844,USA,7367.34,cust_payee_15440,USA,INVOICE_PAYMENT,proofrail_synthetic,conditional_settlement_case,TRUE,proofrail,synthetic_research
2026-01-09T15:23,GOOD,txn_0004105,cust_payer_81944,USA,12102.86,cust_payee_75354,USA,INVOICE_PAYMENT,proofrail_synthetic,conditional_settlement_case,FALSE,proofrail,synthetic_research
2026-01-09T15:24,GOOD,txn_0004106,cust_payer_67535,USA,11845.28,cust_payee_69032,USA,GOODS_SETTLEMENT,proofrail_synthetic,conditional_settlement_case,FALSE,proofrail,synthetic_research
2026-01-09T15:29,GOOD,txn_0004107,cust_payer_62502,USA,1434.32,cust_payee_27232,USA,INVOICE_PAYMENT,proofrail_synthetic,conditional_settlement_case,FALSE,proofrail,synthetic_research
2026-01-09T15:29,REVIEW,txn_0004108,cust_payer_32434,USA,997.45,cust_payee_97633,USA,GOODS_SETTLEMENT,proofrail_synthetic,conditional_settlement_case,TRUE,proofrail,synthetic_research
2026-01-09T15:30,GOOD,txn_0004109,cust_payer_17591,USA,4262.35,cust_payee_06759,USA,INVOICE_PAYMENT,proofrail_synthetic,conditional_settlement_case,FALSE,proofrail,synthetic_research
2026-01-09T15:31,GOOD,txn_0004110,cust_payer_82796,USA,2039.42,cust_payee_34173,USA,INVOICE_PAYMENT,proofrail_synthetic,conditional_settlement_case,FALSE,proofrail,synthetic_research
2026-01-09T15:31,GOOD,txn_0004111,cust_payer_89266,USA,1709.59,cust_payee_70180,USA,INVOICE_PAYMENT,proofrail_synthetic,conditional_settlement_case,FALSE,proofrail,synthetic_research
2026-01-09T15:32,BAD,txn_0004112,cust_payer_72730,USA,3905.66,cust_payee_12866,CANADA,INVOICE_PAYMENT,proofrail_synthetic,conditional_settlement_case,TRUE,proofrail,synthetic_research
2026-01-09T15:32,GOOD,txn_0004113,cust_payer_01021,USA,2617.34,cust_payee_72362,USA,INVOICE_PAYMENT,proofrail_synthetic,conditional_settlement_case,FALSE,proofrail,synthetic_research
2026-01-09T15:33,BAD,txn_0004114,cust_payer_38238,USA,1577.62,cust_payee_02265,USA,MILESTONE_PAYMENT,proofrail_synthetic,conditional_settlement_case,TRUE,proofrail,synthetic_research
2026-01-09T15:33,GOOD,txn_0004115,cust_payer_12877,USA,519.21,cust_payee_19372,USA,INVOICE_PAYMENT,proofrail_synthetic,conditional_settlement_case,FALSE,proofrail,synthetic_research
2026-01-09T15:35,GOOD,txn_0004116,cust_payer_62212,USA,2875.94,cust_payee_27657,USA,INVOICE_PAYMENT,proofrail_synthetic,conditional_settlement_case,FALSE,proofrail,synthetic_research
2026-01-09T15:36,GOOD,txn_0004117,cust_payer_61126,CANADA,958.29,cust_payee_33300,USA,GOODS_SETTLEMENT,proofrail_synthetic,conditional_settlement_case,FALSE,proofrail,synthetic_research
2026-01-09T15:38,BAD,txn_0004118,cust_payer_42418,USA,1522.35,cust_payee_83284,USA,INVOICE_PAYMENT,proofrail_synthetic,conditional_settlement_case,TRUE,proofrail,synthetic_research
2026-01-09T15:39,GOOD,txn_0004119,cust_payer_70854,USA,2771,cust_payee_67196,USA,SERVICE_RETAINER,proofrail_synthetic,conditional_settlement_case,FALSE,proofrail,synthetic_research
2026-01-09T15:40,GOOD,txn_0004120,cust_payer_88781,USA,190.63,cust_payee_50031,USA,SERVICE_RETAINER,proofrail_synthetic,conditional_settlement_case,FALSE,proofrail,synthetic_research
2026-01-09T15:41,GOOD,txn_0004121,cust_payer_43558,CANADA,5968.12,cust_payee_35593,USA,INVOICE_PAYMENT,proofrail_synthetic,conditional_settlement_case,FALSE,proofrail,synthetic_research
2026-01-09T15:44,GOOD,txn_0004122,cust_payer_79726,USA,1137.71,cust_payee_72454,UNITED-KINGDOM,INVOICE_PAYMENT,proofrail_synthetic,conditional_settlement_case,FALSE,proofrail,synthetic_research
2026-01-09T15:46,GOOD,txn_0004123,cust_payer_16316,USA,1758.59,cust_payee_36167,USA,GOODS_SETTLEMENT,proofrail_synthetic,conditional_settlement_case,FALSE,proofrail,synthetic_research
2026-01-09T15:48,GOOD,txn_0004124,cust_payer_68099,USA,945.42,cust_payee_05399,USA,INVOICE_PAYMENT,proofrail_synthetic,conditional_settlement_case,FALSE,proofrail,synthetic_research
2026-01-09T15:51,GOOD,txn_0004125,cust_payer_25867,CANADA,600.48,cust_payee_40620,USA,SERVICE_RETAINER,proofrail_synthetic,conditional_settlement_case,FALSE,proofrail,synthetic_research
2026-01-09T15:52,REVIEW,txn_0004126,cust_payer_54562,USA,645.51,cust_payee_24402,USA,INVOICE_PAYMENT,proofrail_synthetic,conditional_settlement_case,TRUE,proofrail,synthetic_research
2026-01-09T15:56,GOOD,txn_0004127,cust_payer_71844,USA,878.64,cust_payee_03421,USA,INVOICE_PAYMENT,proofrail_synthetic,conditional_settlement_case,FALSE,proofrail,synthetic_research
2026-01-09T15:59,REVIEW,txn_0004128,cust_payer_90910,USA,5596.32,cust_payee_54567,USA,GOODS_SETTLEMENT,proofrail_synthetic,conditional_settlement_case,TRUE,proofrail,synthetic_research
2026-01-09T16:03,GOOD,txn_0004129,cust_payer_08655,USA,362.79,cust_payee_87010,USA,SERVICE_RETAINER,proofrail_synthetic,conditional_settlement_case,FALSE,proofrail,synthetic_research
2026-01-09T16:03,REVIEW,txn_0004130,cust_payer_86038,USA,1350.94,cust_payee_32142,USA,INVOICE_PAYMENT,proofrail_synthetic,conditional_settlement_case,FALSE,proofrail,synthetic_research
2026-01-09T16:04,GOOD,txn_0004131,cust_payer_74850,USA,11541.56,cust_payee_54161,CANADA,INVOICE_PAYMENT,proofrail_synthetic,conditional_settlement_case,FALSE,proofrail,synthetic_research
2026-01-09T16:04,GOOD,txn_0004132,cust_payer_14483,USA,1532.36,cust_payee_64383,USA,SERVICE_RETAINER,proofrail_synthetic,conditional_settlement_case,FALSE,proofrail,synthetic_research
2026-01-09T16:08,REVIEW,txn_0004133,cust_payer_12018,USA,11537.65,cust_payee_39436,USA,GOODS_SETTLEMENT,proofrail_synthetic,conditional_settlement_case,TRUE,proofrail,synthetic_research
2026-01-09T16:08,REVIEW,txn_0004134,cust_payer_05279,CANADA,5628.81,cust_payee_06994,CANADA,MILESTONE_PAYMENT,proofrail_synthetic,conditional_settlement_case,TRUE,proofrail,synthetic_research
2026-01-09T16:09,GOOD,txn_0004135,cust_payer_48744,USA,2699.49,cust_payee_19672,USA,INVOICE_PAYMENT,proofrail_synthetic,conditional_settlement_case,FALSE,proofrail,synthetic_research
2026-01-09T16:10,GOOD,txn_0004136,cust_payer_27312,CANADA,961.31,cust_payee_65099,USA,INVOICE_PAYMENT,proofrail_synthetic,conditional_settlement_case,FALSE,proofrail,synthetic_research
2026-01-09T16:10,REVIEW,txn_0004137,cust_payer_17374,USA,1169.07,cust_payee_58884,USA,INVOICE_PAYMENT,proofrail_synthetic,conditional_settlement_case,TRUE,proofrail,synthetic_research
2026-01-09T16:10,BAD,txn_0004138,cust_payer_16952,USA,2252.56,cust_payee_95930,USA,GOODS_SETTLEMENT,proofrail_synthetic,conditional_settlement_case,TRUE,proofrail,synthetic_research
2026-01-09T16:12,REVIEW,txn_0004139,cust_payer_88015,USA,141.92,cust_payee_11305,USA,GOODS_SETTLEMENT,proofrail_synthetic,conditional_settlement_case,TRUE,proofrail,synthetic_research
2026-01-09T16:13,REVIEW,txn_0004140,cust_payer_82947,USA,28749.22,cust_payee_20022,USA,GOODS_SETTLEMENT,proofrail_synthetic,conditional_settlement_case,TRUE,proofrail,synthetic_research
2026-01-09T16:14,GOOD,txn_0004141,cust_payer_27658,USA,8258.94,cust_payee_25652,USA,INVOICE_PAYMENT,proofrail_synthetic,conditional_settlement_case,FALSE,proofrail,synthetic_research
2026-01-09T16:14,REVIEW,txn_0004142,cust_payer_07799,USA,13799.11,cust_payee_38296,USA,MILESTONE_PAYMENT,proofrail_synthetic,conditional_settlement_case,TRUE,proofrail,synthetic_research
2026-01-09T16:15,REVIEW,txn_0004143,cust_payer_44336,USA,1479.54,cust_payee_74404,MEXICO,MILESTONE_PAYMENT,proofrail_synthetic,conditional_settlement_case,TRUE,proofrail,synthetic_research
2026-01-09T16:16,BAD,txn_0004144,cust_payer_70850,USA,3243,cust_payee_69802,USA,MILESTONE_PAYMENT,proofrail_synthetic,conditional_settlement_case,TRUE,proofrail,synthetic_research
2026-01-09T16:16,GOOD,txn_0004145,cust_payer_32297,USA,1211.74,cust_payee_86062,USA,GOODS_SETTLEMENT,proofrail_synthetic,conditional_settlement_case,FALSE,proofrail,synthetic_research
2026-01-09T16:16,GOOD,txn_0004146,cust_payer_11355,USA,664,cust_payee_99103,USA,INVOICE_PAYMENT,proofrail_synthetic,conditional_settlement_case,FALSE,proofrail,synthetic_research
2026-01-09T16:17,GOOD,txn_0004147,cust_payer_36137,CANADA,1150.84,cust_payee_92876,USA,INVOICE_PAYMENT,proofrail_synthetic,conditional_settlement_case,FALSE,proofrail,synthetic_research
2026-01-09T16:18,BAD,txn_0004148,cust_payer_91474,USA,4569.58,cust_payee_34371,USA,GOODS_SETTLEMENT,proofrail_synthetic,conditional_settlement_case,TRUE,proofrail,synthetic_research
2026-01-09T16:20,GOOD,txn_0004149,cust_payer_19012,USA,5559.34,cust_payee_73102,USA,GOODS_SETTLEMENT,proofrail_synthetic,conditional_settlement_case,FALSE,proofrail,synthetic_research
2026-01-09T16:20,BAD,txn_0004150,cust_payer_12952,USA,39984.34,cust_payee_73956,USA,INVOICE_PAYMENT,proofrail_synthetic,conditional_settlement_case,TRUE,proofrail,synthetic_research
2026-01-09T16:21,GOOD,txn_0004151,cust_payer_95204,USA,282.92,cust_payee_29458,USA,GOODS_SETTLEMENT,proofrail_synthetic,conditional_settlement_case,FALSE,proofrail,synthetic_research
2026-01-09T16:23,REVIEW,txn_0004152,cust_payer_77490,USA,5663.62,cust_payee_04889,USA,MILESTONE_PAYMENT,proofrail_synthetic,conditional_settlement_case,TRUE,proofrail,synthetic_research
2026-01-09T16:24,GOOD,txn_0004153,cust_payer_34200,USA,10949.08,cust_payee_90976,USA,MILESTONE_PAYMENT,proofrail_synthetic,conditional_settlement_case,FALSE,proofrail,synthetic_research
2026-01-09T16:26,GOOD,txn_0004154,cust_payer_71674,USA,2724.45,cust_payee_70119,USA,GOODS_SETTLEMENT,proofrail_synthetic,conditional_settlement_case,FALSE,proofrail,synthetic_research
2026-01-09T16:29,GOOD,txn_0004155,cust_payer_08650,USA,2644.92,cust_payee_44194,USA,MILESTONE_PAYMENT,proofrail_synthetic,conditional_settlement_case,FALSE,proofrail,synthetic_research
2026-01-09T16:29,GOOD,txn_0004156,cust_payer_88921,USA,458.49,cust_payee_64249,USA,MILESTONE_PAYMENT,proofrail_synthetic,conditional_settlement_case,FALSE,proofrail,synthetic_research
2026-01-09T16:31,GOOD,txn_0004157,cust_payer_49892,USA,2121.21,cust_payee_74888,SINGAPORE,INVOICE_PAYMENT,proofrail_synthetic,conditional_settlement_case,FALSE,proofrail,synthetic_research
2026-01-09T16:32,GOOD,txn_0004158,cust_payer_45101,CANADA,1908.26,cust_payee_60542,USA,INVOICE_PAYMENT,proofrail_synthetic,conditional_settlement_case,FALSE,proofrail,synthetic_research
2026-01-09T16:32,GOOD,txn_0004159,cust_payer_35509,USA,9991.23,cust_payee_82594,USA,INVOICE_PAYMENT,proofrail_synthetic,conditional_settlement_case,FALSE,proofrail,synthetic_research
2026-01-09T16:33,GOOD,txn_0004160,cust_payer_06729,USA,5129.86,cust_payee_36039,USA,SERVICE_RETAINER,proofrail_synthetic,conditional_settlement_case,FALSE,proofrail,synthetic_research
2026-01-09T16:34,GOOD,txn_0004161,cust_payer_22040,USA,15957.93,cust_payee_15569,USA,GOODS_SETTLEMENT,proofrail_synthetic,conditional_settlement_case,FALSE,proofrail,synthetic_research
2026-01-09T16:35,GOOD,txn_0004162,cust_payer_35939,USA,11975.85,cust_payee_76274,USA,GOODS_SETTLEMENT,proofrail_synthetic,conditional_settlement_case,FALSE,proofrail,synthetic_research
2026-01-09T16:36,GOOD,txn_0004163,cust_payer_18186,USA,2579.42,cust_payee_73882,CANADA,GOODS_SETTLEMENT,proofrail_synthetic,conditional_settlement_case,FALSE,proofrail,synthetic_research
2026-01-09T16:39,GOOD,txn_0004164,cust_payer_09216,USA,1258.86,cust_payee_56235,USA,INVOICE_PAYMENT,proofrail_synthetic,conditional_settlement_case,FALSE,proofrail,synthetic_research
2026-01-09T16:41,REVIEW,txn_0004165,cust_payer_22119,CANADA,5427.61,cust_payee_27994,USA,INVOICE_PAYMENT,proofrail_synthetic,conditional_settlement_case,TRUE,proofrail,synthetic_research
2026-01-09T16:47,GOOD,txn_0004166,cust_payer_37178,USA,7221.46,cust_payee_32600,USA,GOODS_SETTLEMENT,proofrail_synthetic,conditional_settlement_case,FALSE,proofrail,synthetic_research
2026-01-09T16:47,BAD,txn_0004167,cust_payer_24168,USA,1737.89,cust_payee_95683,USA,MILESTONE_PAYMENT,proofrail_synthetic,conditional_settlement_case,TRUE,proofrail,synthetic_research
2026-01-09T16:47,REVIEW,txn_0004168,cust_payer_36512,USA,2576.79,cust_payee_24652,USA,INVOICE_PAYMENT,proofrail_synthetic,conditional_settlement_case,FALSE,proofrail,synthetic_research
2026-01-09T16:47,REVIEW,txn_0004169,cust_payer_64759,USA,10285.39,cust_payee_83486,USA,INVOICE_PAYMENT,proofrail_synthetic,conditional_settlement_case,FALSE,proofrail,synthetic_research
2026-01-09T16:49,BAD,txn_0004170,cust_payer_54565,USA,991,cust_payee_85916,USA,INVOICE_PAYMENT,proofrail_synthetic,conditional_settlement_case,TRUE,proofrail,synthetic_research
2026-01-09T16:54,GOOD,txn_0004171,cust_payer_12268,USA,1598.22,cust_payee_91298,USA,SERVICE_RETAINER,proofrail_synthetic,conditional_settlement_case,FALSE,proofrail,synthetic_research
2026-01-09T16:55,BAD,txn_0004172,cust_payer_11124,USA,1672.71,cust_payee_19678,USA,GOODS_SETTLEMENT,proofrail_synthetic,conditional_settlement_case,TRUE,proofrail,synthetic_research
2026-01-09T16:55,GOOD,txn_0004173,cust_payer_52404,USA,616.44,cust_payee_80009,USA,GOODS_SETTLEMENT,proofrail_synthetic,conditional_settlement_case,FALSE,proofrail,synthetic_research
2026-01-09T16:59,GOOD,txn_0004174,cust_payer_17143,USA,4439.89,cust_payee_36863,UNITED-KINGDOM,INVOICE_PAYMENT,proofrail_synthetic,conditional_settlement_case,FALSE,proofrail,synthetic_research
2026-01-09T17:01,REVIEW,txn_0004175,cust_payer_97661,USA,4261.57,cust_payee_16176,USA,MILESTONE_PAYMENT,proofrail_synthetic,conditional_settlement_case,TRUE,proofrail,synthetic_research
2026-01-09T17:03,REVIEW,txn_0004176,cust_payer_04861,USA,786.09,cust_payee_56901,USA,INVOICE_PAYMENT,proofrail_synthetic,conditional_settlement_case,FALSE,proofrail,synthetic_research
2026-01-09T17:04,GOOD,txn_0004177,cust_payer_26210,USA,2924.42,cust_payee_36907,USA,MILESTONE_PAYMENT,proofrail_synthetic,conditional_settlement_case,FALSE,proofrail,synthetic_research
2026-01-09T17:06,GOOD,txn_0004178,cust_payer_40948,USA,886.75,cust_payee_78320,USA,GOODS_SETTLEMENT,proofrail_synthetic,conditional_settlement_case,FALSE,proofrail,synthetic_research
2026-01-09T17:06,GOOD,txn_0004179,cust_payer_64156,USA,5839.22,cust_payee_07440,USA,INVOICE_PAYMENT,proofrail_synthetic,conditional_settlement_case,FALSE,proofrail,synthetic_research
2026-01-09T17:07,REVIEW,txn_0004180,cust_payer_03707,USA,5830.61,cust_payee_36723,USA,MILESTONE_PAYMENT,proofrail_synthetic,conditional_settlement_case,TRUE,proofrail,synthetic_research
2026-01-09T17:08,GOOD,txn_0004181,cust_payer_53510,USA,20694.6,cust_payee_51719,USA,INVOICE_PAYMENT,proofrail_synthetic,conditional_settlement_case,FALSE,proofrail,synthetic_research
2026-01-09T17:09,GOOD,txn_0004182,cust_payer_78331,USA,1316.59,cust_payee_61287,USA,INVOICE_PAYMENT,proofrail_synthetic,conditional_settlement_case,FALSE,proofrail,synthetic_research
2026-01-09T17:09,GOOD,txn_0004183,cust_payer_92094,USA,844.46,cust_payee_66901,USA,INVOICE_PAYMENT,proofrail_synthetic,conditional_settlement_case,FALSE,proofrail,synthetic_research
2026-01-09T17:11,GOOD,txn_0004184,cust_payer_37605,USA,987.21,cust_payee_90595,USA,INVOICE_PAYMENT,proofrail_synthetic,conditional_settlement_case,FALSE,proofrail,synthetic_research
2026-01-09T17:11,GOOD,txn_0004185,cust_payer_81023,USA,6492.53,cust_payee_73473,USA,INVOICE_PAYMENT,proofrail_synthetic,conditional_settlement_case,FALSE,proofrail,synthetic_research
2026-01-09T17:12,BAD,txn_0004186,cust_payer_98533,USA,2367.04,cust_payee_04348,USA,INVOICE_PAYMENT,proofrail_synthetic,conditional_settlement_case,TRUE,proofrail,synthetic_research
2026-01-09T17:23,GOOD,txn_0004187,cust_payer_35703,GERMANY,7776.85,cust_payee_48813,USA,GOODS_SETTLEMENT,proofrail_synthetic,conditional_settlement_case,FALSE,proofrail,synthetic_research
2026-01-09T17:23,BAD,txn_0004188,cust_payer_25062,CANADA,5086.61,cust_payee_13059,USA,INVOICE_PAYMENT,proofrail_synthetic,conditional_settlement_case,TRUE,proofrail,synthetic_research
2026-01-09T17:23,BAD,txn_0004189,cust_payer_91031,USA,827.5,cust_payee_57597,USA,GOODS_SETTLEMENT,proofrail_synthetic,conditional_settlement_case,TRUE,proofrail,synthetic_research
2026-01-09T17:24,GOOD,txn_0004190,cust_payer_52025,CANADA,531.66,cust_payee_09281,USA,GOODS_SETTLEMENT,proofrail_synthetic,conditional_settlement_case,FALSE,proofrail,synthetic_research
2026-01-09T17:25,REVIEW,txn_0004191,cust_payer_08284,CANADA,1603.28,cust_payee_13043,USA,MILESTONE_PAYMENT,proofrail_synthetic,conditional_settlement_case,FALSE,proofrail,synthetic_research
2026-01-09T17:25,GOOD,txn_0004192,cust_payer_33742,USA,2378.75,cust_payee_45888,USA,INVOICE_PAYMENT,proofrail_synthetic,conditional_settlement_case,FALSE,proofrail,synthetic_research
2026-01-09T17:30,GOOD,txn_0004193,cust_payer_24204,USA,1096.35,cust_payee_40673,USA,INVOICE_PAYMENT,proofrail_synthetic,conditional_settlement_case,FALSE,proofrail,synthetic_research
2026-01-09T17:35,BAD,txn_0004194,cust_payer_33800,CANADA,892.93,cust_payee_01897,USA,SERVICE_RETAINER,proofrail_synthetic,conditional_settlement_case,TRUE,proofrail,synthetic_research
2026-01-09T17:35,GOOD,txn_0004195,cust_payer_59212,UNITED-KINGDOM,3205.32,cust_payee_48795,USA,INVOICE_PAYMENT,proofrail_synthetic,conditional_settlement_case,FALSE,proofrail,synthetic_research
2026-01-09T17:40,GOOD,txn_0004196,cust_payer_81513,USA,1829.52,cust_payee_36087,USA,INVOICE_PAYMENT,proofrail_synthetic,conditional_settlement_case,FALSE,proofrail,synthetic_research
2026-01-09T17:42,GOOD,txn_0004197,cust_payer_66358,UNITED-KINGDOM,1577.92,cust_payee_55810,USA,INVOICE_PAYMENT,proofrail_synthetic,conditional_settlement_case,FALSE,proofrail,synthetic_research
2026-01-09T17:42,GOOD,txn_0004198,cust_payer_26966,USA,2769.65,cust_payee_05494,USA,SERVICE_RETAINER,proofrail_synthetic,conditional_settlement_case,FALSE,proofrail,synthetic_research
2026-01-09T17:43,GOOD,txn_0004199,cust_payer_12822,USA,6197.91,cust_payee_28012,USA,GOODS_SETTLEMENT,proofrail_synthetic,conditional_settlement_case,FALSE,proofrail,synthetic_research
2026-01-09T17:43,GOOD,txn_0004200,cust_payer_37663,CANADA,2443.88,cust_payee_25803,USA,GOODS_SETTLEMENT,proofrail_synthetic,conditional_settlement_case,FALSE,proofrail,synthetic_research
2026-01-09T17:46,BAD,txn_0004201,cust_payer_15782,USA,4307.26,cust_payee_46035,USA,INVOICE_PAYMENT,proofrail_synthetic,conditional_settlement_case,TRUE,proofrail,synthetic_research
2026-01-09T17:47,GOOD,txn_0004202,cust_payer_71168,USA,1257.16,cust_payee_10311,MEXICO,GOODS_SETTLEMENT,proofrail_synthetic,conditional_settlement_case,FALSE,proofrail,synthetic_research
2026-01-09T17:48,REVIEW,txn_0004203,cust_payer_05822,USA,1564.15,cust_payee_53208,USA,INVOICE_PAYMENT,proofrail_synthetic,conditional_settlement_case,TRUE,proofrail,synthetic_research
2026-01-09T17:51,REVIEW,txn_0004204,cust_payer_25734,USA,1773.46,cust_payee_71145,USA,MILESTONE_PAYMENT,proofrail_synthetic,conditional_settlement_case,TRUE,proofrail,synthetic_research
2026-01-09T17:53,GOOD,txn_0004205,cust_payer_55002,CANADA,2294.95,cust_payee_93930,USA,MILESTONE_PAYMENT,proofrail_synthetic,conditional_settlement_case,FALSE,proofrail,synthetic_research
2026-01-09T17:54,GOOD,txn_0004206,cust_payer_78267,USA,6532.89,cust_payee_40708,USA,GOODS_SETTLEMENT,proofrail_synthetic,conditional_settlement_case,FALSE,proofrail,synthetic_research
2026-01-09T17:55,GOOD,txn_0004207,cust_payer_83108,USA,2451.23,cust_payee_15945,USA,SERVICE_RETAINER,proofrail_synthetic,conditional_settlement_case,FALSE,proofrail,synthetic_research
2026-01-09T17:58,GOOD,txn_0004208,cust_payer_05685,USA,473.43,cust_payee_96192,USA,GOODS_SETTLEMENT,proofrail_synthetic,conditional_settlement_case,FALSE,proofrail,synthetic_research
2026-01-09T17:59,GOOD,txn_0004209,cust_payer_71570,USA,1611.07,cust_payee_17504,UNITED-KINGDOM,INVOICE_PAYMENT,proofrail_synthetic,conditional_settlement_case,FALSE,proofrail,synthetic_research
2026-01-09T18:00,REVIEW,txn_0004210,cust_payer_11996,USA,6077.46,cust_payee_23037,USA,INVOICE_PAYMENT,proofrail_synthetic,conditional_settlement_case,TRUE,proofrail,synthetic_research
2026-01-09T18:01,GOOD,txn_0004211,cust_payer_66022,USA,15805.22,cust_payee_28534,USA,GOODS_SETTLEMENT,proofrail_synthetic,conditional_settlement_case,FALSE,proofrail,synthetic_research
2026-01-09T18:01,GOOD,txn_0004212,cust_payer_28705,GERMANY,4849.87,cust_payee_48252,UNITED-KINGDOM,MILESTONE_PAYMENT,proofrail_synthetic,conditional_settlement_case,FALSE,proofrail,synthetic_research
2026-01-09T18:02,GOOD,txn_0004213,cust_payer_34687,USA,2139.74,cust_payee_04103,USA,SERVICE_RETAINER,proofrail_synthetic,conditional_settlement_case,FALSE,proofrail,synthetic_research
2026-01-09T18:07,REVIEW,txn_0004214,cust_payer_46935,USA,4766.78,cust_payee_20521,USA,MILESTONE_PAYMENT,proofrail_synthetic,conditional_settlement_case,FALSE,proofrail,synthetic_research
2026-01-09T18:10,GOOD,txn_0004215,cust_payer_17833,USA,598.47,cust_payee_20677,USA,GOODS_SETTLEMENT,proofrail_synthetic,conditional_settlement_case,FALSE,proofrail,synthetic_research
2026-01-09T18:11,REVIEW,txn_0004216,cust_payer_89488,USA,2994.18,cust_payee_73824,USA,MILESTONE_PAYMENT,proofrail_synthetic,conditional_settlement_case,TRUE,proofrail,synthetic_research
2026-01-09T18:13,GOOD,txn_0004217,cust_payer_57729,USA,1271.32,cust_payee_11209,SINGAPORE,MILESTONE_PAYMENT,proofrail_synthetic,conditional_settlement_case,FALSE,proofrail,synthetic_research
2026-01-09T18:13,GOOD,txn_0004218,cust_payer_54263,USA,19705.79,cust_payee_16550,CANADA,GOODS_SETTLEMENT,proofrail_synthetic,conditional_settlement_case,FALSE,proofrail,synthetic_research
2026-01-09T18:15,GOOD,txn_0004219,cust_payer_27866,USA,1116.2,cust_payee_54241,USA,MILESTONE_PAYMENT,proofrail_synthetic,conditional_settlement_case,FALSE,proofrail,synthetic_research
2026-01-09T18:15,REVIEW,txn_0004220,cust_payer_02604,USA,4171.8,cust_payee_43736,USA,GOODS_SETTLEMENT,proofrail_synthetic,conditional_settlement_case,TRUE,proofrail,synthetic_research
2026-01-09T18:16,GOOD,txn_0004221,cust_payer_35738,USA,2007.85,cust_payee_54698,USA,INVOICE_PAYMENT,proofrail_synthetic,conditional_settlement_case,FALSE,proofrail,synthetic_research
2026-01-09T18:16,GOOD,txn_0004222,cust_payer_62494,USA,2640.38,cust_payee_11327,USA,MILESTONE_PAYMENT,proofrail_synthetic,conditional_settlement_case,FALSE,proofrail,synthetic_research
2026-01-09T18:16,GOOD,txn_0004223,cust_payer_90723,USA,2315.58,cust_payee_61964,USA,SERVICE_RETAINER,proofrail_synthetic,conditional_settlement_case,FALSE,proofrail,synthetic_research
2026-01-09T18:19,GOOD,txn_0004224,cust_payer_34108,USA,14351.6,cust_payee_82506,USA,INVOICE_PAYMENT,proofrail_synthetic,conditional_settlement_case,FALSE,proofrail,synthetic_research
2026-01-09T18:20,GOOD,txn_0004225,cust_payer_24979,USA,2696.51,cust_payee_14582,USA,INVOICE_PAYMENT,proofrail_synthetic,conditional_settlement_case,FALSE,proofrail,synthetic_research
2026-01-09T18:23,GOOD,txn_0004226,cust_payer_72157,MEXICO,290.47,cust_payee_74023,USA,MILESTONE_PAYMENT,proofrail_synthetic,conditional_settlement_case,FALSE,proofrail,synthetic_research
2026-01-09T18:25,BAD,txn_0004227,cust_payer_73489,USA,795.91,cust_payee_08066,USA,GOODS_SETTLEMENT,proofrail_synthetic,conditional_settlement_case,TRUE,proofrail,synthetic_research
2026-01-09T18:27,REVIEW,txn_0004228,cust_payer_02884,USA,912.11,cust_payee_91455,USA,INVOICE_PAYMENT,proofrail_synthetic,conditional_settlement_case,FALSE,proofrail,synthetic_research
2026-01-09T18:29,BAD,txn_0004229,cust_payer_38113,USA,1717.77,cust_payee_56787,USA,SERVICE_RETAINER,proofrail_synthetic,conditional_settlement_case,TRUE,proofrail,synthetic_research
2026-01-09T18:29,GOOD,txn_0004230,cust_payer_95947,USA,1047.31,cust_payee_71981,USA,INVOICE_PAYMENT,proofrail_synthetic,conditional_settlement_case,FALSE,proofrail,synthetic_research
2026-01-09T18:30,GOOD,txn_0004231,cust_payer_53463,UNITED-KINGDOM,5229.19,cust_payee_03526,USA,INVOICE_PAYMENT,proofrail_synthetic,conditional_settlement_case,FALSE,proofrail,synthetic_research
2026-01-09T18:31,GOOD,txn_0004232,cust_payer_87280,USA,1393.43,cust_payee_77300,USA,GOODS_SETTLEMENT,proofrail_synthetic,conditional_settlement_case,FALSE,proofrail,synthetic_research
2026-01-09T18:33,REVIEW,txn_0004233,cust_payer_72483,USA,1384.48,cust_payee_40494,USA,INVOICE_PAYMENT,proofrail_synthetic,conditional_settlement_case,TRUE,proofrail,synthetic_research
2026-01-09T18:34,REVIEW,txn_0004234,cust_payer_40578,USA,951.13,cust_payee_85934,USA,MILESTONE_PAYMENT,proofrail_synthetic,conditional_settlement_case,TRUE,proofrail,synthetic_research
2026-01-09T18:34,REVIEW,txn_0004235,cust_payer_09530,USA,1325.94,cust_payee_71675,USA,GOODS_SETTLEMENT,proofrail_synthetic,conditional_settlement_case,TRUE,proofrail,synthetic_research
2026-01-09T18:34,GOOD,txn_0004236,cust_payer_30187,USA,585.54,cust_payee_88309,GERMANY,INVOICE_PAYMENT,proofrail_synthetic,conditional_settlement_case,FALSE,proofrail,synthetic_research
2026-01-09T18:35,GOOD,txn_0004237,cust_payer_99140,USA,3059.62,cust_payee_68858,USA,MILESTONE_PAYMENT,proofrail_synthetic,conditional_settlement_case,FALSE,proofrail,synthetic_research
2026-01-09T18:36,REVIEW,txn_0004238,cust_payer_39109,USA,11452.12,cust_payee_97616,USA,MILESTONE_PAYMENT,proofrail_synthetic,conditional_settlement_case,TRUE,proofrail,synthetic_research
2026-01-09T18:38,BAD,txn_0004239,cust_payer_46533,USA,3649.95,cust_payee_37663,MEXICO,INVOICE_PAYMENT,proofrail_synthetic,conditional_settlement_case,TRUE,proofrail,synthetic_research
2026-01-09T18:40,BAD,txn_0004240,cust_payer_31044,USA,12627.66,cust_payee_58661,USA,MILESTONE_PAYMENT,proofrail_synthetic,conditional_settlement_case,TRUE,proofrail,synthetic_research
2026-01-09T18:40,GOOD,txn_0004241,cust_payer_71277,USA,1944.1,cust_payee_41116,USA,MILESTONE_PAYMENT,proofrail_synthetic,conditional_settlement_case,FALSE,proofrail,synthetic_research
2026-01-09T18:42,GOOD,txn_0004242,cust_payer_68385,GERMANY,2340.36,cust_payee_70309,USA,INVOICE_PAYMENT,proofrail_synthetic,conditional_settlement_case,FALSE,proofrail,synthetic_research
2026-01-09T18:44,GOOD,txn_0004243,cust_payer_75750,USA,12579.89,cust_payee_47643,USA,INVOICE_PAYMENT,proofrail_synthetic,conditional_settlement_case,FALSE,proofrail,synthetic_research
2026-01-09T18:45,GOOD,txn_0004244,cust_payer_32713,USA,2005.99,cust_payee_17168,USA,INVOICE_PAYMENT,proofrail_synthetic,conditional_settlement_case,FALSE,proofrail,synthetic_research
2026-01-09T18:47,GOOD,txn_0004245,cust_payer_27433,GERMANY,3451.67,cust_payee_72069,USA,MILESTONE_PAYMENT,proofrail_synthetic,conditional_settlement_case,FALSE,proofrail,synthetic_research
2026-01-09T18:48,REVIEW,txn_0004246,cust_payer_82659,USA,937,cust_payee_90215,USA,MILESTONE_PAYMENT,proofrail_synthetic,conditional_settlement_case,TRUE,proofrail,synthetic_research
2026-01-09T18:51,GOOD,txn_0004247,cust_payer_82639,USA,4715.07,cust_payee_85767,USA,INVOICE_PAYMENT,proofrail_synthetic,conditional_settlement_case,FALSE,proofrail,synthetic_research
2026-01-09T18:53,GOOD,txn_0004248,cust_payer_36428,USA,27140.21,cust_payee_38974,USA,SERVICE_RETAINER,proofrail_synthetic,conditional_settlement_case,FALSE,proofrail,synthetic_research
2026-01-09T18:56,GOOD,txn_0004249,cust_payer_40532,USA,1632.54,cust_payee_89784,CANADA,INVOICE_PAYMENT,proofrail_synthetic,conditional_settlement_case,FALSE,proofrail,synthetic_research
2026-01-09T18:58,GOOD,txn_0004250,cust_payer_63821,USA,4921.85,cust_payee_07206,USA,GOODS_SETTLEMENT,proofrail_synthetic,conditional_settlement_case,FALSE,proofrail,synthetic_research
2026-01-09T18:58,GOOD,txn_0004251,cust_payer_88373,USA,824.12,cust_payee_99237,USA,INVOICE_PAYMENT,proofrail_synthetic,conditional_settlement_case,FALSE,proofrail,synthetic_research
2026-01-09T18:59,GOOD,txn_0004252,cust_payer_66441,USA,3777.21,cust_payee_65808,MEXICO,INVOICE_PAYMENT,proofrail_synthetic,conditional_settlement_case,FALSE,proofrail,synthetic_research
2026-01-09T19:00,GOOD,txn_0004253,cust_payer_78457,MEXICO,41996.9,cust_payee_55536,USA,SERVICE_RETAINER,proofrail_synthetic,conditional_settlement_case,FALSE,proofrail,synthetic_research
2026-01-09T19:02,BAD,txn_0004254,cust_payer_05873,USA,2199.35,cust_payee_69366,USA,GOODS_SETTLEMENT,proofrail_synthetic,conditional_settlement_case,TRUE,proofrail,synthetic_research
2026-01-09T19:06,GOOD,txn_0004255,cust_payer_18741,CANADA,2391.95,cust_payee_57822,USA,INVOICE_PAYMENT,proofrail_synthetic,conditional_settlement_case,FALSE,proofrail,synthetic_research
2026-01-09T19:07,GOOD,txn_0004256,cust_payer_03552,USA,3457.58,cust_payee_08874,USA,INVOICE_PAYMENT,proofrail_synthetic,conditional_settlement_case,FALSE,proofrail,synthetic_research
2026-01-09T19:07,GOOD,txn_0004257,cust_payer_72664,USA,3513.66,cust_payee_11805,GERMANY,INVOICE_PAYMENT,proofrail_synthetic,conditional_settlement_case,FALSE,proofrail,synthetic_research
2026-01-09T19:07,GOOD,txn_0004258,cust_payer_97975,USA,15605.96,cust_payee_84345,USA,INVOICE_PAYMENT,proofrail_synthetic,conditional_settlement_case,FALSE,proofrail,synthetic_research
2026-01-09T19:11,GOOD,txn_0004259,cust_payer_49540,USA,1037.1,cust_payee_12105,USA,GOODS_SETTLEMENT,proofrail_synthetic,conditional_settlement_case,FALSE,proofrail,synthetic_research
2026-01-09T19:13,REVIEW,txn_0004260,cust_payer_93803,USA,677.44,cust_payee_19467,SINGAPORE,INVOICE_PAYMENT,proofrail_synthetic,conditional_settlement_case,FALSE,proofrail,synthetic_research
2026-01-09T19:17,GOOD,txn_0004261,cust_payer_60803,USA,2353.24,cust_payee_39429,USA,INVOICE_PAYMENT,proofrail_synthetic,conditional_settlement_case,FALSE,proofrail,synthetic_research
2026-01-09T19:22,REVIEW,txn_0004262,cust_payer_88693,USA,1974.7,cust_payee_10426,USA,GOODS_SETTLEMENT,proofrail_synthetic,conditional_settlement_case,TRUE,proofrail,synthetic_research
2026-01-09T19:23,GOOD,txn_0004263,cust_payer_05914,USA,5013.05,cust_payee_89506,USA,MILESTONE_PAYMENT,proofrail_synthetic,conditional_settlement_case,FALSE,proofrail,synthetic_research
2026-01-09T19:25,BAD,txn_0004264,cust_payer_60506,USA,1524.17,cust_payee_48169,USA,GOODS_SETTLEMENT,proofrail_synthetic,conditional_settlement_case,TRUE,proofrail,synthetic_research
2026-01-09T19:30,REVIEW,txn_0004265,cust_payer_44238,USA,1940.37,cust_payee_79827,USA,GOODS_SETTLEMENT,proofrail_synthetic,conditional_settlement_case,TRUE,proofrail,synthetic_research
2026-01-09T19:33,GOOD,txn_0004266,cust_payer_42433,USA,4959.45,cust_payee_38058,USA,INVOICE_PAYMENT,proofrail_synthetic,conditional_settlement_case,FALSE,proofrail,synthetic_research
2026-01-09T19:34,GOOD,txn_0004267,cust_payer_56516,UNITED-KINGDOM,4220.09,cust_payee_14228,USA,SERVICE_RETAINER,proofrail_synthetic,conditional_settlement_case,FALSE,proofrail,synthetic_research
2026-01-09T19:38,BAD,txn_0004268,cust_payer_91294,USA,3692.6,cust_payee_55107,USA,MILESTONE_PAYMENT,proofrail_synthetic,conditional_settlement_case,TRUE,proofrail,synthetic_research
2026-01-09T19:38,GOOD,txn_0004269,cust_payer_15361,MEXICO,6521.43,cust_payee_10040,USA,MILESTONE_PAYMENT,proofrail_synthetic,conditional_settlement_case,FALSE,proofrail,synthetic_research
2026-01-09T19:38,GOOD,txn_0004270,cust_payer_85088,USA,6247.6,cust_payee_79262,SINGAPORE,GOODS_SETTLEMENT,proofrail_synthetic,conditional_settlement_case,FALSE,proofrail,synthetic_research
2026-01-09T19:40,REVIEW,txn_0004271,cust_payer_86133,USA,8667.13,cust_payee_87018,USA,INVOICE_PAYMENT,proofrail_synthetic,conditional_settlement_case,TRUE,proofrail,synthetic_research
2026-01-09T19:40,REVIEW,txn_0004272,cust_payer_48400,GERMANY,9424.06,cust_payee_66256,USA,SERVICE_RETAINER,proofrail_synthetic,conditional_settlement_case,TRUE,proofrail,synthetic_research
2026-01-09T19:41,REVIEW,txn_0004273,cust_payer_06748,USA,2502.13,cust_payee_23382,UNITED-KINGDOM,SERVICE_RETAINER,proofrail_synthetic,conditional_settlement_case,FALSE,proofrail,synthetic_research
2026-01-09T19:41,BAD,txn_0004274,cust_payer_95102,USA,4440.03,cust_payee_76516,USA,GOODS_SETTLEMENT,proofrail_synthetic,conditional_settlement_case,TRUE,proofrail,synthetic_research
2026-01-09T19:42,BAD,txn_0004275,cust_payer_50708,USA,3144.85,cust_payee_70895,CANADA,INVOICE_PAYMENT,proofrail_synthetic,conditional_settlement_case,TRUE,proofrail,synthetic_research
2026-01-09T19:42,GOOD,txn_0004276,cust_payer_88754,USA,3585.23,cust_payee_68789,USA,MILESTONE_PAYMENT,proofrail_synthetic,conditional_settlement_case,FALSE,proofrail,synthetic_research
2026-01-09T19:45,BAD,txn_0004277,cust_payer_24679,USA,1409.84,cust_payee_85449,USA,MILESTONE_PAYMENT,proofrail_synthetic,conditional_settlement_case,TRUE,proofrail,synthetic_research
2026-01-09T19:46,GOOD,txn_0004278,cust_payer_11388,USA,202.05,cust_payee_92240,USA,GOODS_SETTLEMENT,proofrail_synthetic,conditional_settlement_case,FALSE,proofrail,synthetic_research
2026-01-09T19:46,GOOD,txn_0004279,cust_payer_05670,USA,8614.47,cust_payee_50351,USA,GOODS_SETTLEMENT,proofrail_synthetic,conditional_settlement_case,FALSE,proofrail,synthetic_research
2026-01-09T19:47,REVIEW,txn_0004280,cust_payer_46126,USA,2964.7,cust_payee_22758,GERMANY,INVOICE_PAYMENT,proofrail_synthetic,conditional_settlement_case,TRUE,proofrail,synthetic_research
2026-01-09T19:49,GOOD,txn_0004281,cust_payer_37713,USA,5463.67,cust_payee_69969,USA,INVOICE_PAYMENT,proofrail_synthetic,conditional_settlement_case,FALSE,proofrail,synthetic_research
2026-01-09T19:50,REVIEW,txn_0004282,cust_payer_27998,USA,1980.8,cust_payee_56837,UNITED-KINGDOM,INVOICE_PAYMENT,proofrail_synthetic,conditional_settlement_case,TRUE,proofrail,synthetic_research
2026-01-09T19:55,GOOD,txn_0004283,cust_payer_91734,USA,5001.51,cust_payee_04593,MEXICO,SERVICE_RETAINER,proofrail_synthetic,conditional_settlement_case,FALSE,proofrail,synthetic_research
2026-01-09T19:57,GOOD,txn_0004284,cust_payer_14445,USA,2215.47,cust_payee_91089,USA,INVOICE_PAYMENT,proofrail_synthetic,conditional_settlement_case,FALSE,proofrail,synthetic_research
2026-01-09T19:59,GOOD,txn_0004285,cust_payer_12662,USA,2414.12,cust_payee_65666,USA,MILESTONE_PAYMENT,proofrail_synthetic,conditional_settlement_case,FALSE,proofrail,synthetic_research
2026-01-09T20:04,GOOD,txn_0004286,cust_payer_19946,UNITED-KINGDOM,1288.64,cust_payee_49954,USA,MILESTONE_PAYMENT,proofrail_synthetic,conditional_settlement_case,FALSE,proofrail,synthetic_research
2026-01-09T20:05,REVIEW,txn_0004287,cust_payer_18486,USA,1390.62,cust_payee_04193,USA,MILESTONE_PAYMENT,proofrail_synthetic,conditional_settlement_case,FALSE,proofrail,synthetic_research
2026-01-09T20:05,GOOD,txn_0004288,cust_payer_66760,USA,1102.87,cust_payee_71529,USA,MILESTONE_PAYMENT,proofrail_synthetic,conditional_settlement_case,FALSE,proofrail,synthetic_research
2026-01-09T20:10,GOOD,txn_0004289,cust_payer_98071,USA,9057.28,cust_payee_13533,USA,INVOICE_PAYMENT,proofrail_synthetic,conditional_settlement_case,FALSE,proofrail,synthetic_research
2026-01-09T20:10,GOOD,txn_0004290,cust_payer_48645,USA,1277.55,cust_payee_58550,USA,INVOICE_PAYMENT,proofrail_synthetic,conditional_settlement_case,FALSE,proofrail,synthetic_research
2026-01-09T20:13,GOOD,txn_0004291,cust_payer_58610,USA,1180.23,cust_payee_24256,USA,INVOICE_PAYMENT,proofrail_synthetic,conditional_settlement_case,FALSE,proofrail,synthetic_research
2026-01-09T20:13,GOOD,txn_0004292,cust_payer_19008,MEXICO,1094.18,cust_payee_94900,USA,GOODS_SETTLEMENT,proofrail_synthetic,conditional_settlement_case,FALSE,proofrail,synthetic_research
2026-01-09T20:14,GOOD,txn_0004293,cust_payer_13500,GERMANY,1846.76,cust_payee_32832,USA,GOODS_SETTLEMENT,proofrail_synthetic,conditional_settlement_case,FALSE,proofrail,synthetic_research
2026-01-09T20:14,GOOD,txn_0004294,cust_payer_16725,USA,914.64,cust_payee_66289,USA,INVOICE_PAYMENT,proofrail_synthetic,conditional_settlement_case,FALSE,proofrail,synthetic_research
2026-01-09T20:16,REVIEW,txn_0004295,cust_payer_60177,USA,3562.33,cust_payee_53400,USA,MILESTONE_PAYMENT,proofrail_synthetic,conditional_settlement_case,FALSE,proofrail,synthetic_research
2026-01-09T20:17,GOOD,txn_0004296,cust_payer_70450,USA,10175.13,cust_payee_88233,CANADA,MILESTONE_PAYMENT,proofrail_synthetic,conditional_settlement_case,FALSE,proofrail,synthetic_research
2026-01-09T20:21,REVIEW,txn_0004297,cust_payer_82433,UNITED-KINGDOM,6369.19,cust_payee_23979,USA,GOODS_SETTLEMENT,proofrail_synthetic,conditional_settlement_case,FALSE,proofrail,synthetic_research
2026-01-09T20:21,GOOD,txn_0004298,cust_payer_66467,USA,5641.83,cust_payee_97419,USA,MILESTONE_PAYMENT,proofrail_synthetic,conditional_settlement_case,FALSE,proofrail,synthetic_research
2026-01-09T20:22,GOOD,txn_0004299,cust_payer_84464,USA,580.72,cust_payee_96349,USA,MILESTONE_PAYMENT,proofrail_synthetic,conditional_settlement_case,FALSE,proofrail,synthetic_research
2026-01-09T20:24,GOOD,txn_0004300,cust_payer_49065,USA,4768.92,cust_payee_75776,USA,GOODS_SETTLEMENT,proofrail_synthetic,conditional_settlement_case,FALSE,proofrail,synthetic_research
2026-01-09T20:24,GOOD,txn_0004301,cust_payer_65970,USA,1567.92,cust_payee_86433,USA,INVOICE_PAYMENT,proofrail_synthetic,conditional_settlement_case,FALSE,proofrail,synthetic_research
2026-01-09T20:26,GOOD,txn_0004302,cust_payer_74942,USA,2875.37,cust_payee_52827,USA,INVOICE_PAYMENT,proofrail_synthetic,conditional_settlement_case,FALSE,proofrail,synthetic_research
2026-01-09T20:28,REVIEW,txn_0004303,cust_payer_83025,UNITED-KINGDOM,6131.54,cust_payee_06251,USA,GOODS_SETTLEMENT,proofrail_synthetic,conditional_settlement_case,TRUE,proofrail,synthetic_research
2026-01-09T20:29,BAD,txn_0004304,cust_payer_02210,USA,3996.8,cust_payee_07808,USA,INVOICE_PAYMENT,proofrail_synthetic,conditional_settlement_case,TRUE,proofrail,synthetic_research
2026-01-09T20:30,GOOD,txn_0004305,cust_payer_76905,USA,6685.28,cust_payee_24754,USA,MILESTONE_PAYMENT,proofrail_synthetic,conditional_settlement_case,FALSE,proofrail,synthetic_research
2026-01-09T20:31,REVIEW,txn_0004306,cust_payer_28828,USA,763.73,cust_payee_05180,USA,GOODS_SETTLEMENT,proofrail_synthetic,conditional_settlement_case,TRUE,proofrail,synthetic_research
2026-01-09T20:32,GOOD,txn_0004307,cust_payer_14300,USA,5417.31,cust_payee_16237,USA,INVOICE_PAYMENT,proofrail_synthetic,conditional_settlement_case,FALSE,proofrail,synthetic_research
2026-01-09T20:33,REVIEW,txn_0004308,cust_payer_17793,CANADA,5297.41,cust_payee_93943,CANADA,MILESTONE_PAYMENT,proofrail_synthetic,conditional_settlement_case,FALSE,proofrail,synthetic_research
2026-01-09T20:34,GOOD,txn_0004309,cust_payer_12203,CANADA,230.13,cust_payee_06870,USA,INVOICE_PAYMENT,proofrail_synthetic,conditional_settlement_case,FALSE,proofrail,synthetic_research
2026-01-09T20:37,GOOD,txn_0004310,cust_payer_86773,USA,2243.33,cust_payee_70807,USA,INVOICE_PAYMENT,proofrail_synthetic,conditional_settlement_case,FALSE,proofrail,synthetic_research
2026-01-09T20:38,REVIEW,txn_0004311,cust_payer_79482,USA,3742.48,cust_payee_70429,USA,GOODS_SETTLEMENT,proofrail_synthetic,conditional_settlement_case,FALSE,proofrail,synthetic_research
2026-01-09T20:40,REVIEW,txn_0004312,cust_payer_57018,USA,899.53,cust_payee_90553,USA,MILESTONE_PAYMENT,proofrail_synthetic,conditional_settlement_case,TRUE,proofrail,synthetic_research
2026-01-09T20:42,GOOD,txn_0004313,cust_payer_53272,USA,14010.86,cust_payee_34389,USA,SERVICE_RETAINER,proofrail_synthetic,conditional_settlement_case,FALSE,proofrail,synthetic_research
2026-01-09T20:42,GOOD,txn_0004314,cust_payer_90387,USA,2456.95,cust_payee_87598,USA,INVOICE_PAYMENT,proofrail_synthetic,conditional_settlement_case,FALSE,proofrail,synthetic_research
2026-01-09T20:44,BAD,txn_0004315,cust_payer_12398,USA,1461.9,cust_payee_99864,SINGAPORE,INVOICE_PAYMENT,proofrail_synthetic,conditional_settlement_case,TRUE,proofrail,synthetic_research
2026-01-09T20:45,REVIEW,txn_0004316,cust_payer_42098,USA,1138.45,cust_payee_26496,USA,MILESTONE_PAYMENT,proofrail_synthetic,conditional_settlement_case,FALSE,proofrail,synthetic_research
2026-01-09T20:46,GOOD,txn_0004317,cust_payer_72234,MEXICO,5532.95,cust_payee_57269,CANADA,GOODS_SETTLEMENT,proofrail_synthetic,conditional_settlement_case,FALSE,proofrail,synthetic_research
2026-01-09T20:46,GOOD,txn_0004318,cust_payer_18550,USA,2830.45,cust_payee_52870,SINGAPORE,INVOICE_PAYMENT,proofrail_synthetic,conditional_settlement_case,FALSE,proofrail,synthetic_research
2026-01-09T20:47,GOOD,txn_0004319,cust_payer_70871,USA,1726.2,cust_payee_34328,USA,INVOICE_PAYMENT,proofrail_synthetic,conditional_settlement_case,FALSE,proofrail,synthetic_research
2026-01-09T20:52,GOOD,txn_0004320,cust_payer_44762,USA,2209.85,cust_payee_86998,USA,GOODS_SETTLEMENT,proofrail_synthetic,conditional_settlement_case,FALSE,proofrail,synthetic_research
2026-01-09T20:53,GOOD,txn_0004321,cust_payer_47100,USA,2592.59,cust_payee_29534,USA,INVOICE_PAYMENT,proofrail_synthetic,conditional_settlement_case,FALSE,proofrail,synthetic_research
2026-01-09T20:53,GOOD,txn_0004322,cust_payer_47609,USA,13433.27,cust_payee_52442,USA,GOODS_SETTLEMENT,proofrail_synthetic,conditional_settlement_case,FALSE,proofrail,synthetic_research
2026-01-09T20:54,GOOD,txn_0004323,cust_payer_61711,USA,27009.21,cust_payee_97897,USA,MILESTONE_PAYMENT,proofrail_synthetic,conditional_settlement_case,FALSE,proofrail,synthetic_research
2026-01-09T20:56,REVIEW,txn_0004324,cust_payer_18365,USA,6442.62,cust_payee_98951,USA,INVOICE_PAYMENT,proofrail_synthetic,conditional_settlement_case,FALSE,proofrail,synthetic_research
2026-01-09T21:00,GOOD,txn_0004325,cust_payer_76503,USA,13787.59,cust_payee_38525,USA,MILESTONE_PAYMENT,proofrail_synthetic,conditional_settlement_case,FALSE,proofrail,synthetic_research
2026-01-09T21:01,GOOD,txn_0004326,cust_payer_78599,USA,1359.17,cust_payee_53784,CANADA,INVOICE_PAYMENT,proofrail_synthetic,conditional_settlement_case,FALSE,proofrail,synthetic_research
2026-01-09T21:02,REVIEW,txn_0004327,cust_payer_93083,USA,1290.06,cust_payee_37364,CANADA,GOODS_SETTLEMENT,proofrail_synthetic,conditional_settlement_case,TRUE,proofrail,synthetic_research
2026-01-09T21:03,REVIEW,txn_0004328,cust_payer_13408,USA,378.22,cust_payee_21516,USA,INVOICE_PAYMENT,proofrail_synthetic,conditional_settlement_case,TRUE,proofrail,synthetic_research
2026-01-09T21:05,BAD,txn_0004329,cust_payer_48345,CANADA,782.1,cust_payee_51144,USA,SERVICE_RETAINER,proofrail_synthetic,conditional_settlement_case,TRUE,proofrail,synthetic_research
2026-01-09T21:05,GOOD,txn_0004330,cust_payer_51962,USA,247.5,cust_payee_38709,CANADA,GOODS_SETTLEMENT,proofrail_synthetic,conditional_settlement_case,FALSE,proofrail,synthetic_research
2026-01-09T21:09,REVIEW,txn_0004331,cust_payer_27611,USA,1207.19,cust_payee_44592,USA,GOODS_SETTLEMENT,proofrail_synthetic,conditional_settlement_case,TRUE,proofrail,synthetic_research
2026-01-09T21:11,GOOD,txn_0004332,cust_payer_16064,USA,2288.42,cust_payee_55490,USA,MILESTONE_PAYMENT,proofrail_synthetic,conditional_settlement_case,FALSE,proofrail,synthetic_research
2026-01-09T21:11,GOOD,txn_0004333,cust_payer_15178,USA,1788.1,cust_payee_11041,USA,INVOICE_PAYMENT,proofrail_synthetic,conditional_settlement_case,FALSE,proofrail,synthetic_research
2026-01-09T21:11,GOOD,txn_0004334,cust_payer_37144,USA,3272.31,cust_payee_26327,USA,SERVICE_RETAINER,proofrail_synthetic,conditional_settlement_case,FALSE,proofrail,synthetic_research
2026-01-09T21:13,BAD,txn_0004335,cust_payer_09071,USA,3241.48,cust_payee_65503,USA,GOODS_SETTLEMENT,proofrail_synthetic,conditional_settlement_case,TRUE,proofrail,synthetic_research
2026-01-09T21:13,GOOD,txn_0004336,cust_payer_37062,USA,1987.48,cust_payee_97847,USA,GOODS_SETTLEMENT,proofrail_synthetic,conditional_settlement_case,FALSE,proofrail,synthetic_research
2026-01-09T21:15,REVIEW,txn_0004337,cust_payer_70798,USA,4053.1,cust_payee_82272,USA,GOODS_SETTLEMENT,proofrail_synthetic,conditional_settlement_case,TRUE,proofrail,synthetic_research
2026-01-09T21:18,REVIEW,txn_0004338,cust_payer_40093,CANADA,4144.4,cust_payee_56243,CANADA,GOODS_SETTLEMENT,proofrail_synthetic,conditional_settlement_case,TRUE,proofrail,synthetic_research
2026-01-09T21:18,GOOD,txn_0004339,cust_payer_81483,USA,2133.71,cust_payee_82231,USA,INVOICE_PAYMENT,proofrail_synthetic,conditional_settlement_case,FALSE,proofrail,synthetic_research
2026-01-09T21:20,BAD,txn_0004340,cust_payer_87330,USA,2436.77,cust_payee_25595,MEXICO,GOODS_SETTLEMENT,proofrail_synthetic,conditional_settlement_case,TRUE,proofrail,synthetic_research
2026-01-09T21:21,REVIEW,txn_0004341,cust_payer_03673,USA,14281.67,cust_payee_20503,USA,INVOICE_PAYMENT,proofrail_synthetic,conditional_settlement_case,TRUE,proofrail,synthetic_research
2026-01-09T21:23,GOOD,txn_0004342,cust_payer_11449,UNITED-KINGDOM,4200,cust_payee_59691,USA,MILESTONE_PAYMENT,proofrail_synthetic,conditional_settlement_case,FALSE,proofrail,synthetic_research
2026-01-09T21:24,GOOD,txn_0004343,cust_payer_09307,USA,7957.78,cust_payee_73654,USA,INVOICE_PAYMENT,proofrail_synthetic,conditional_settlement_case,FALSE,proofrail,synthetic_research
2026-01-09T21:24,GOOD,txn_0004344,cust_payer_70198,USA,4957.47,cust_payee_26117,USA,MILESTONE_PAYMENT,proofrail_synthetic,conditional_settlement_case,FALSE,proofrail,synthetic_research
2026-01-09T21:24,GOOD,txn_0004345,cust_payer_25468,USA,1731.49,cust_payee_01764,CANADA,GOODS_SETTLEMENT,proofrail_synthetic,conditional_settlement_case,FALSE,proofrail,synthetic_research
2026-01-09T21:24,REVIEW,txn_0004346,cust_payer_53185,USA,1479.69,cust_payee_83353,USA,MILESTONE_PAYMENT,proofrail_synthetic,conditional_settlement_case,TRUE,proofrail,synthetic_research
2026-01-09T21:24,GOOD,txn_0004347,cust_payer_67494,USA,1658.06,cust_payee_02604,USA,INVOICE_PAYMENT,proofrail_synthetic,conditional_settlement_case,FALSE,proofrail,synthetic_research
2026-01-09T21:27,GOOD,txn_0004348,cust_payer_07011,USA,4666.13,cust_payee_22186,USA,GOODS_SETTLEMENT,proofrail_synthetic,conditional_settlement_case,FALSE,proofrail,synthetic_research
2026-01-09T21:29,GOOD,txn_0004349,cust_payer_34491,USA,4279.1,cust_payee_89952,USA,MILESTONE_PAYMENT,proofrail_synthetic,conditional_settlement_case,FALSE,proofrail,synthetic_research
2026-01-09T21:30,GOOD,txn_0004350,cust_payer_78702,USA,13601.16,cust_payee_42256,USA,MILESTONE_PAYMENT,proofrail_synthetic,conditional_settlement_case,FALSE,proofrail,synthetic_research
2026-01-09T21:31,GOOD,txn_0004351,cust_payer_06161,USA,5220.69,cust_payee_47018,USA,INVOICE_PAYMENT,proofrail_synthetic,conditional_settlement_case,FALSE,proofrail,synthetic_research
2026-01-09T21:39,GOOD,txn_0004352,cust_payer_73385,USA,2279.22,cust_payee_46147,USA,INVOICE_PAYMENT,proofrail_synthetic,conditional_settlement_case,FALSE,proofrail,synthetic_research
2026-01-09T21:41,BAD,txn_0004353,cust_payer_31775,USA,5706.12,cust_payee_35451,USA,MILESTONE_PAYMENT,proofrail_synthetic,conditional_settlement_case,TRUE,proofrail,synthetic_research
2026-01-09T21:46,REVIEW,txn_0004354,cust_payer_11592,USA,1431.25,cust_payee_22679,USA,INVOICE_PAYMENT,proofrail_synthetic,conditional_settlement_case,TRUE,proofrail,synthetic_research
2026-01-09T21:48,GOOD,txn_0004355,cust_payer_87417,SINGAPORE,2542.78,cust_payee_86993,USA,GOODS_SETTLEMENT,proofrail_synthetic,conditional_settlement_case,FALSE,proofrail,synthetic_research
2026-01-09T21:49,GOOD,txn_0004356,cust_payer_01968,USA,2141.59,cust_payee_88279,USA,MILESTONE_PAYMENT,proofrail_synthetic,conditional_settlement_case,FALSE,proofrail,synthetic_research
2026-01-09T21:53,REVIEW,txn_0004357,cust_payer_09308,CANADA,5041.96,cust_payee_53280,CANADA,INVOICE_PAYMENT,proofrail_synthetic,conditional_settlement_case,TRUE,proofrail,synthetic_research
2026-01-09T21:56,GOOD,txn_0004358,cust_payer_89809,USA,3609.9,cust_payee_21448,CANADA,INVOICE_PAYMENT,proofrail_synthetic,conditional_settlement_case,FALSE,proofrail,synthetic_research
2026-01-09T21:56,GOOD,txn_0004359,cust_payer_19111,USA,4473.81,cust_payee_66535,USA,INVOICE_PAYMENT,proofrail_synthetic,conditional_settlement_case,FALSE,proofrail,synthetic_research
2026-01-09T21:57,REVIEW,txn_0004360,cust_payer_94315,USA,20177.14,cust_payee_73178,USA,GOODS_SETTLEMENT,proofrail_synthetic,conditional_settlement_case,TRUE,proofrail,synthetic_research
2026-01-09T21:58,GOOD,txn_0004361,cust_payer_63239,USA,2679.1,cust_payee_56163,USA,INVOICE_PAYMENT,proofrail_synthetic,conditional_settlement_case,FALSE,proofrail,synthetic_research
2026-01-09T22:01,GOOD,txn_0004362,cust_payer_35227,USA,5479.98,cust_payee_30436,CANADA,INVOICE_PAYMENT,proofrail_synthetic,conditional_settlement_case,FALSE,proofrail,synthetic_research
2026-01-09T22:01,BAD,txn_0004363,cust_payer_32209,USA,22744.33,cust_payee_48133,USA,INVOICE_PAYMENT,proofrail_synthetic,conditional_settlement_case,TRUE,proofrail,synthetic_research
2026-01-09T22:04,GOOD,txn_0004364,cust_payer_77393,USA,1678.62,cust_payee_85019,USA,INVOICE_PAYMENT,proofrail_synthetic,conditional_settlement_case,FALSE,proofrail,synthetic_research
2026-01-09T22:08,REVIEW,txn_0004365,cust_payer_75169,USA,4755.66,cust_payee_30060,USA,MILESTONE_PAYMENT,proofrail_synthetic,conditional_settlement_case,TRUE,proofrail,synthetic_research
2026-01-09T22:09,REVIEW,txn_0004366,cust_payer_31415,USA,4002.97,cust_payee_78943,USA,SERVICE_RETAINER,proofrail_synthetic,conditional_settlement_case,TRUE,proofrail,synthetic_research
2026-01-09T22:11,BAD,txn_0004367,cust_payer_67360,USA,5467.78,cust_payee_84588,UNITED-KINGDOM,GOODS_SETTLEMENT,proofrail_synthetic,conditional_settlement_case,TRUE,proofrail,synthetic_research
2026-01-09T22:13,GOOD,txn_0004368,cust_payer_72627,USA,2477.52,cust_payee_08104,USA,MILESTONE_PAYMENT,proofrail_synthetic,conditional_settlement_case,FALSE,proofrail,synthetic_research
2026-01-09T22:13,REVIEW,txn_0004369,cust_payer_58739,USA,1511.63,cust_payee_33935,USA,INVOICE_PAYMENT,proofrail_synthetic,conditional_settlement_case,FALSE,proofrail,synthetic_research
2026-01-09T22:15,BAD,txn_0004370,cust_payer_49798,USA,1614.13,cust_payee_08588,USA,INVOICE_PAYMENT,proofrail_synthetic,conditional_settlement_case,TRUE,proofrail,synthetic_research
2026-01-09T22:17,BAD,txn_0004371,cust_payer_03921,USA,10118.29,cust_payee_42848,UNITED-KINGDOM,GOODS_SETTLEMENT,proofrail_synthetic,conditional_settlement_case,TRUE,proofrail,synthetic_research
2026-01-09T22:18,GOOD,txn_0004372,cust_payer_54335,USA,8770.59,cust_payee_44172,USA,SERVICE_RETAINER,proofrail_synthetic,conditional_settlement_case,FALSE,proofrail,synthetic_research
2026-01-09T22:18,GOOD,txn_0004373,cust_payer_73626,USA,259.11,cust_payee_56296,USA,MILESTONE_PAYMENT,proofrail_synthetic,conditional_settlement_case,FALSE,proofrail,synthetic_research
2026-01-09T22:20,GOOD,txn_0004374,cust_payer_53881,USA,240.96,cust_payee_67201,MEXICO,MILESTONE_PAYMENT,proofrail_synthetic,conditional_settlement_case,FALSE,proofrail,synthetic_research
2026-01-09T22:21,GOOD,txn_0004375,cust_payer_01476,USA,1379.52,cust_payee_21549,USA,MILESTONE_PAYMENT,proofrail_synthetic,conditional_settlement_case,FALSE,proofrail,synthetic_research
2026-01-09T22:25,REVIEW,txn_0004376,cust_payer_64152,USA,1099.71,cust_payee_41371,USA,SERVICE_RETAINER,proofrail_synthetic,conditional_settlement_case,TRUE,proofrail,synthetic_research
2026-01-09T22:25,GOOD,txn_0004377,cust_payer_87790,USA,13381.64,cust_payee_57901,USA,SERVICE_RETAINER,proofrail_synthetic,conditional_settlement_case,FALSE,proofrail,synthetic_research
2026-01-09T22:26,GOOD,txn_0004378,cust_payer_51699,USA,1468.82,cust_payee_14588,USA,GOODS_SETTLEMENT,proofrail_synthetic,conditional_settlement_case,FALSE,proofrail,synthetic_research
2026-01-09T22:27,BAD,txn_0004379,cust_payer_93517,USA,3586.78,cust_payee_05957,USA,MILESTONE_PAYMENT,proofrail_synthetic,conditional_settlement_case,TRUE,proofrail,synthetic_research
2026-01-09T22:27,GOOD,txn_0004380,cust_payer_66726,USA,3814.4,cust_payee_41294,USA,GOODS_SETTLEMENT,proofrail_synthetic,conditional_settlement_case,FALSE,proofrail,synthetic_research
2026-01-09T22:29,GOOD,txn_0004381,cust_payer_56818,USA,2528.78,cust_payee_59145,USA,INVOICE_PAYMENT,proofrail_synthetic,conditional_settlement_case,FALSE,proofrail,synthetic_research
2026-01-09T22:31,GOOD,txn_0004382,cust_payer_26202,USA,3050.15,cust_payee_97367,USA,SERVICE_RETAINER,proofrail_synthetic,conditional_settlement_case,FALSE,proofrail,synthetic_research
2026-01-09T22:32,REVIEW,txn_0004383,cust_payer_07884,USA,3622.91,cust_payee_19116,USA,INVOICE_PAYMENT,proofrail_synthetic,conditional_settlement_case,FALSE,proofrail,synthetic_research
2026-01-09T22:35,GOOD,txn_0004384,cust_payer_33712,USA,2187.5,cust_payee_92371,USA,SERVICE_RETAINER,proofrail_synthetic,conditional_settlement_case,FALSE,proofrail,synthetic_research
2026-01-09T22:35,BAD,txn_0004385,cust_payer_20688,USA,2255.3,cust_payee_37483,SINGAPORE,INVOICE_PAYMENT,proofrail_synthetic,conditional_settlement_case,TRUE,proofrail,synthetic_research
2026-01-09T22:36,GOOD,txn_0004386,cust_payer_20094,UNITED-KINGDOM,995.01,cust_payee_79896,USA,MILESTONE_PAYMENT,proofrail_synthetic,conditional_settlement_case,FALSE,proofrail,synthetic_research
2026-01-09T22:36,BAD,txn_0004387,cust_payer_24857,USA,10139.84,cust_payee_57722,USA,SERVICE_RETAINER,proofrail_synthetic,conditional_settlement_case,TRUE,proofrail,synthetic_research
2026-01-09T22:36,BAD,txn_0004388,cust_payer_66538,USA,9997.27,cust_payee_69272,USA,SERVICE_RETAINER,proofrail_synthetic,conditional_settlement_case,TRUE,proofrail,synthetic_research
2026-01-09T22:37,BAD,txn_0004389,cust_payer_91297,USA,2045.16,cust_payee_84212,USA,GOODS_SETTLEMENT,proofrail_synthetic,conditional_settlement_case,TRUE,proofrail,synthetic_research
2026-01-09T22:38,GOOD,txn_0004390,cust_payer_77279,USA,510.86,cust_payee_15673,USA,GOODS_SETTLEMENT,proofrail_synthetic,conditional_settlement_case,FALSE,proofrail,synthetic_research
2026-01-09T22:40,GOOD,txn_0004391,cust_payer_23177,CANADA,3277.43,cust_payee_99821,USA,GOODS_SETTLEMENT,proofrail_synthetic,conditional_settlement_case,FALSE,proofrail,synthetic_research
2026-01-09T22:42,REVIEW,txn_0004392,cust_payer_07219,CANADA,11692.99,cust_payee_25388,MEXICO,MILESTONE_PAYMENT,proofrail_synthetic,conditional_settlement_case,TRUE,proofrail,synthetic_research
2026-01-09T22:42,GOOD,txn_0004393,cust_payer_60279,USA,12287.26,cust_payee_83020,USA,SERVICE_RETAINER,proofrail_synthetic,conditional_settlement_case,FALSE,proofrail,synthetic_research
2026-01-09T22:44,GOOD,txn_0004394,cust_payer_53333,SINGAPORE,10850.3,cust_payee_92435,USA,INVOICE_PAYMENT,proofrail_synthetic,conditional_settlement_case,FALSE,proofrail,synthetic_research
2026-01-09T22:44,GOOD,txn_0004395,cust_payer_66774,USA,1387.42,cust_payee_65445,USA,INVOICE_PAYMENT,proofrail_synthetic,conditional_settlement_case,FALSE,proofrail,synthetic_research
2026-01-09T22:46,REVIEW,txn_0004396,cust_payer_25179,USA,638.71,cust_payee_47805,USA,INVOICE_PAYMENT,proofrail_synthetic,conditional_settlement_case,FALSE,proofrail,synthetic_research
2026-01-09T22:47,REVIEW,txn_0004397,cust_payer_18548,USA,726.26,cust_payee_38931,USA,SERVICE_RETAINER,proofrail_synthetic,conditional_settlement_case,TRUE,proofrail,synthetic_research
2026-01-09T22:49,GOOD,txn_0004398,cust_payer_20677,USA,2450.97,cust_payee_84292,CANADA,INVOICE_PAYMENT,proofrail_synthetic,conditional_settlement_case,FALSE,proofrail,synthetic_research
2026-01-09T22:50,GOOD,txn_0004399,cust_payer_63740,SINGAPORE,1423.69,cust_payee_42332,UNITED-KINGDOM,INVOICE_PAYMENT,proofrail_synthetic,conditional_settlement_case,FALSE,proofrail,synthetic_research
2026-01-09T22:52,GOOD,txn_0004400,cust_payer_15374,USA,4859.92,cust_payee_36363,USA,INVOICE_PAYMENT,proofrail_synthetic,conditional_settlement_case,FALSE,proofrail,synthetic_research
2026-01-09T22:55,GOOD,txn_0004401,cust_payer_00072,USA,1778.31,cust_payee_36170,USA,GOODS_SETTLEMENT,proofrail_synthetic,conditional_settlement_case,FALSE,proofrail,synthetic_research
2026-01-09T22:59,GOOD,txn_0004402,cust_payer_90206,USA,2222.75,cust_payee_75432,USA,GOODS_SETTLEMENT,proofrail_synthetic,conditional_settlement_case,FALSE,proofrail,synthetic_research
2026-01-09T23:00,GOOD,txn_0004403,cust_payer_21260,USA,1713.54,cust_payee_06097,USA,SERVICE_RETAINER,proofrail_synthetic,conditional_settlement_case,FALSE,proofrail,synthetic_research
2026-01-09T23:00,REVIEW,txn_0004404,cust_payer_66531,USA,12103.77,cust_payee_92577,USA,MILESTONE_PAYMENT,proofrail_synthetic,conditional_settlement_case,TRUE,proofrail,synthetic_research
2026-01-09T23:01,GOOD,txn_0004405,cust_payer_29181,USA,1663.53,cust_payee_64261,USA,GOODS_SETTLEMENT,proofrail_synthetic,conditional_settlement_case,FALSE,proofrail,synthetic_research
2026-01-09T23:03,GOOD,txn_0004406,cust_payer_79839,USA,2731.07,cust_payee_37355,SINGAPORE,GOODS_SETTLEMENT,proofrail_synthetic,conditional_settlement_case,FALSE,proofrail,synthetic_research
2026-01-09T23:04,GOOD,txn_0004407,cust_payer_21128,USA,2082.89,cust_payee_60464,USA,GOODS_SETTLEMENT,proofrail_synthetic,conditional_settlement_case,FALSE,proofrail,synthetic_research
2026-01-09T23:05,GOOD,txn_0004408,cust_payer_12594,USA,3448.35,cust_payee_60454,USA,GOODS_SETTLEMENT,proofrail_synthetic,conditional_settlement_case,FALSE,proofrail,synthetic_research
2026-01-09T23:07,GOOD,txn_0004409,cust_payer_90400,USA,5609.12,cust_payee_84017,USA,GOODS_SETTLEMENT,proofrail_synthetic,conditional_settlement_case,FALSE,proofrail,synthetic_research
2026-01-09T23:09,REVIEW,txn_0004410,cust_payer_72279,USA,1482.42,cust_payee_17997,UNITED-KINGDOM,INVOICE_PAYMENT,proofrail_synthetic,conditional_settlement_case,FALSE,proofrail,synthetic_research
2026-01-09T23:10,GOOD,txn_0004411,cust_payer_89872,USA,2894.03,cust_payee_25347,USA,INVOICE_PAYMENT,proofrail_synthetic,conditional_settlement_case,FALSE,proofrail,synthetic_research
2026-01-09T23:12,GOOD,txn_0004412,cust_payer_25761,USA,1150.36,cust_payee_00864,USA,MILESTONE_PAYMENT,proofrail_synthetic,conditional_settlement_case,FALSE,proofrail,synthetic_research
2026-01-09T23:13,GOOD,txn_0004413,cust_payer_11128,USA,2122.53,cust_payee_77622,USA,INVOICE_PAYMENT,proofrail_synthetic,conditional_settlement_case,FALSE,proofrail,synthetic_research
2026-01-09T23:14,GOOD,txn_0004414,cust_payer_23153,USA,1297.4,cust_payee_57093,USA,MILESTONE_PAYMENT,proofrail_synthetic,conditional_settlement_case,FALSE,proofrail,synthetic_research
2026-01-09T23:15,GOOD,txn_0004415,cust_payer_68969,USA,3336.1,cust_payee_11160,MEXICO,INVOICE_PAYMENT,proofrail_synthetic,conditional_settlement_case,FALSE,proofrail,synthetic_research
2026-01-09T23:15,GOOD,txn_0004416,cust_payer_06374,USA,3814.19,cust_payee_05344,CANADA,GOODS_SETTLEMENT,proofrail_synthetic,conditional_settlement_case,FALSE,proofrail,synthetic_research
2026-01-09T23:17,REVIEW,txn_0004417,cust_payer_10022,USA,3318.1,cust_payee_82531,USA,INVOICE_PAYMENT,proofrail_synthetic,conditional_settlement_case,FALSE,proofrail,synthetic_research
2026-01-09T23:20,GOOD,txn_0004418,cust_payer_06174,USA,5482.47,cust_payee_95082,USA,MILESTONE_PAYMENT,proofrail_synthetic,conditional_settlement_case,FALSE,proofrail,synthetic_research
2026-01-09T23:23,GOOD,txn_0004419,cust_payer_42315,USA,3252.2,cust_payee_03048,USA,GOODS_SETTLEMENT,proofrail_synthetic,conditional_settlement_case,FALSE,proofrail,synthetic_research
2026-01-09T23:23,BAD,txn_0004420,cust_payer_68328,USA,10191.06,cust_payee_23817,USA,INVOICE_PAYMENT,proofrail_synthetic,conditional_settlement_case,TRUE,proofrail,synthetic_research
2026-01-09T23:24,GOOD,txn_0004421,cust_payer_04131,USA,2202.57,cust_payee_36158,USA,GOODS_SETTLEMENT,proofrail_synthetic,conditional_settlement_case,FALSE,proofrail,synthetic_research
2026-01-09T23:26,GOOD,txn_0004422,cust_payer_38778,USA,2091.92,cust_payee_70707,USA,MILESTONE_PAYMENT,proofrail_synthetic,conditional_settlement_case,FALSE,proofrail,synthetic_research
2026-01-09T23:32,REVIEW,txn_0004423,cust_payer_97426,USA,147.88,cust_payee_07336,MEXICO,SERVICE_RETAINER,proofrail_synthetic,conditional_settlement_case,TRUE,proofrail,synthetic_research
2026-01-09T23:35,REVIEW,txn_0004424,cust_payer_72176,UNITED-KINGDOM,7931.59,cust_payee_25330,USA,INVOICE_PAYMENT,proofrail_synthetic,conditional_settlement_case,TRUE,proofrail,synthetic_research
2026-01-09T23:36,BAD,txn_0004425,cust_payer_09577,USA,4918.74,cust_payee_13154,USA,SERVICE_RETAINER,proofrail_synthetic,conditional_settlement_case,TRUE,proofrail,synthetic_research
2026-01-09T23:39,GOOD,txn_0004426,cust_payer_93022,USA,13764.64,cust_payee_51111,USA,INVOICE_PAYMENT,proofrail_synthetic,conditional_settlement_case,FALSE,proofrail,synthetic_research
2026-01-09T23:42,REVIEW,txn_0004427,cust_payer_08585,USA,1097.2,cust_payee_42190,USA,SERVICE_RETAINER,proofrail_synthetic,conditional_settlement_case,TRUE,proofrail,synthetic_research
2026-01-09T23:42,REVIEW,txn_0004428,cust_payer_34160,USA,3087.7,cust_payee_93603,USA,MILESTONE_PAYMENT,proofrail_synthetic,conditional_settlement_case,FALSE,proofrail,synthetic_research
2026-01-09T23:43,GOOD,txn_0004429,cust_payer_22879,USA,3171.85,cust_payee_54273,USA,SERVICE_RETAINER,proofrail_synthetic,conditional_settlement_case,FALSE,proofrail,synthetic_research
2026-01-09T23:48,GOOD,txn_0004430,cust_payer_41793,CANADA,6692.58,cust_payee_44195,USA,MILESTONE_PAYMENT,proofrail_synthetic,conditional_settlement_case,FALSE,proofrail,synthetic_research
2026-01-09T23:48,GOOD,txn_0004431,cust_payer_51417,USA,1313.37,cust_payee_03058,CANADA,GOODS_SETTLEMENT,proofrail_synthetic,conditional_settlement_case,FALSE,proofrail,synthetic_research
2026-01-09T23:49,GOOD,txn_0004432,cust_payer_68745,CANADA,2181.75,cust_payee_84025,USA,GOODS_SETTLEMENT,proofrail_synthetic,conditional_settlement_case,FALSE,proofrail,synthetic_research
2026-01-09T23:51,GOOD,txn_0004433,cust_payer_00701,USA,1538.27,cust_payee_54349,SINGAPORE,SERVICE_RETAINER,proofrail_synthetic,conditional_settlement_case,FALSE,proofrail,synthetic_research
2026-01-09T23:53,GOOD,txn_0004434,cust_payer_97120,USA,1735.62,cust_payee_48449,USA,GOODS_SETTLEMENT,proofrail_synthetic,conditional_settlement_case,FALSE,proofrail,synthetic_research
2026-01-09T23:55,GOOD,txn_0004435,cust_payer_22723,USA,3755.83,cust_payee_35159,MEXICO,GOODS_SETTLEMENT,proofrail_synthetic,conditional_settlement_case,FALSE,proofrail,synthetic_research
2026-01-09T23:56,GOOD,txn_0004436,cust_payer_01952,USA,7158.4,cust_payee_43077,USA,INVOICE_PAYMENT,proofrail_synthetic,conditional_settlement_case,FALSE,proofrail,synthetic_research
2026-01-09T23:56,REVIEW,txn_0004437,cust_payer_32565,USA,4865.86,cust_payee_58957,USA,INVOICE_PAYMENT,proofrail_synthetic,conditional_settlement_case,TRUE,proofrail,synthetic_research
2026-01-09T23:59,GOOD,txn_0004438,cust_payer_19525,USA,2338.17,cust_payee_57173,USA,INVOICE_PAYMENT,proofrail_synthetic,conditional_settlement_case,FALSE,proofrail,synthetic_research
2026-01-10T00:01,GOOD,txn_0004439,cust_payer_75048,USA,757.98,cust_payee_47834,USA,INVOICE_PAYMENT,proofrail_synthetic,conditional_settlement_case,FALSE,proofrail,synthetic_research
2026-01-10T00:02,BAD,txn_0004440,cust_payer_94035,USA,2238.33,cust_payee_84325,CANADA,GOODS_SETTLEMENT,proofrail_synthetic,conditional_settlement_case,TRUE,proofrail,synthetic_research
2026-01-10T00:02,GOOD,txn_0004441,cust_payer_29899,USA,4390.22,cust_payee_43250,USA,INVOICE_PAYMENT,proofrail_synthetic,conditional_settlement_case,FALSE,proofrail,synthetic_research
2026-01-10T00:02,GOOD,txn_0004442,cust_payer_66857,GERMANY,10455.97,cust_payee_31451,USA,GOODS_SETTLEMENT,proofrail_synthetic,conditional_settlement_case,FALSE,proofrail,synthetic_research
2026-01-10T00:04,GOOD,txn_0004443,cust_payer_87829,CANADA,1675.22,cust_payee_62740,USA,INVOICE_PAYMENT,proofrail_synthetic,conditional_settlement_case,FALSE,proofrail,synthetic_research
2026-01-10T00:04,GOOD,txn_0004444,cust_payer_67826,USA,3880.14,cust_payee_68412,USA,SERVICE_RETAINER,proofrail_synthetic,conditional_settlement_case,FALSE,proofrail,synthetic_research
2026-01-10T00:05,GOOD,txn_0004445,cust_payer_76262,USA,6788.27,cust_payee_00132,USA,GOODS_SETTLEMENT,proofrail_synthetic,conditional_settlement_case,FALSE,proofrail,synthetic_research
2026-01-10T00:05,GOOD,txn_0004446,cust_payer_37994,USA,6624.5,cust_payee_30584,USA,INVOICE_PAYMENT,proofrail_synthetic,conditional_settlement_case,FALSE,proofrail,synthetic_research
2026-01-10T00:06,GOOD,txn_0004447,cust_payer_80061,USA,496.41,cust_payee_89017,USA,GOODS_SETTLEMENT,proofrail_synthetic,conditional_settlement_case,FALSE,proofrail,synthetic_research
2026-01-10T00:07,GOOD,txn_0004448,cust_payer_10399,USA,2789.58,cust_payee_16161,MEXICO,INVOICE_PAYMENT,proofrail_synthetic,conditional_settlement_case,FALSE,proofrail,synthetic_research
2026-01-10T00:07,GOOD,txn_0004449,cust_payer_57183,USA,4582,cust_payee_46838,USA,INVOICE_PAYMENT,proofrail_synthetic,conditional_settlement_case,FALSE,proofrail,synthetic_research
2026-01-10T00:08,GOOD,txn_0004450,cust_payer_39243,USA,952.78,cust_payee_47596,USA,GOODS_SETTLEMENT,proofrail_synthetic,conditional_settlement_case,FALSE,proofrail,synthetic_research
2026-01-10T00:08,GOOD,txn_0004451,cust_payer_97293,MEXICO,3647.25,cust_payee_87711,GERMANY,MILESTONE_PAYMENT,proofrail_synthetic,conditional_settlement_case,FALSE,proofrail,synthetic_research
2026-01-10T00:11,BAD,txn_0004452,cust_payer_06272,USA,2663.61,cust_payee_22128,USA,INVOICE_PAYMENT,proofrail_synthetic,conditional_settlement_case,TRUE,proofrail,synthetic_research
2026-01-10T00:13,REVIEW,txn_0004453,cust_payer_77374,USA,1050.69,cust_payee_37667,USA,INVOICE_PAYMENT,proofrail_synthetic,conditional_settlement_case,TRUE,proofrail,synthetic_research
2026-01-10T00:18,GOOD,txn_0004454,cust_payer_75012,USA,9099.67,cust_payee_43281,MEXICO,INVOICE_PAYMENT,proofrail_synthetic,conditional_settlement_case,FALSE,proofrail,synthetic_research
2026-01-10T00:18,GOOD,txn_0004455,cust_payer_76798,USA,537.74,cust_payee_77333,USA,SERVICE_RETAINER,proofrail_synthetic,conditional_settlement_case,FALSE,proofrail,synthetic_research
2026-01-10T00:19,BAD,txn_0004456,cust_payer_76668,USA,741.8,cust_payee_89344,GERMANY,INVOICE_PAYMENT,proofrail_synthetic,conditional_settlement_case,TRUE,proofrail,synthetic_research
2026-01-10T00:19,GOOD,txn_0004457,cust_payer_05586,USA,546.63,cust_payee_70357,USA,GOODS_SETTLEMENT,proofrail_synthetic,conditional_settlement_case,FALSE,proofrail,synthetic_research
2026-01-10T00:24,GOOD,txn_0004458,cust_payer_74432,USA,2377.37,cust_payee_74254,USA,GOODS_SETTLEMENT,proofrail_synthetic,conditional_settlement_case,FALSE,proofrail,synthetic_research
2026-01-10T00:25,GOOD,txn_0004459,cust_payer_36132,CANADA,18493.02,cust_payee_54715,USA,INVOICE_PAYMENT,proofrail_synthetic,conditional_settlement_case,FALSE,proofrail,synthetic_research
2026-01-10T00:25,REVIEW,txn_0004460,cust_payer_98454,USA,2056.95,cust_payee_55383,USA,MILESTONE_PAYMENT,proofrail_synthetic,conditional_settlement_case,TRUE,proofrail,synthetic_research
2026-01-10T00:27,GOOD,txn_0004461,cust_payer_17941,USA,598.08,cust_payee_51551,USA,INVOICE_PAYMENT,proofrail_synthetic,conditional_settlement_case,FALSE,proofrail,synthetic_research
2026-01-10T00:27,BAD,txn_0004462,cust_payer_01031,USA,1765.98,cust_payee_09460,USA,INVOICE_PAYMENT,proofrail_synthetic,conditional_settlement_case,TRUE,proofrail,synthetic_research
2026-01-10T00:30,GOOD,txn_0004463,cust_payer_96001,USA,2254.31,cust_payee_47283,USA,INVOICE_PAYMENT,proofrail_synthetic,conditional_settlement_case,FALSE,proofrail,synthetic_research
2026-01-10T00:31,GOOD,txn_0004464,cust_payer_16224,MEXICO,1081.39,cust_payee_96175,USA,MILESTONE_PAYMENT,proofrail_synthetic,conditional_settlement_case,FALSE,proofrail,synthetic_research
2026-01-10T00:34,REVIEW,txn_0004465,cust_payer_82602,USA,5457.73,cust_payee_33094,USA,MILESTONE_PAYMENT,proofrail_synthetic,conditional_settlement_case,FALSE,proofrail,synthetic_research
2026-01-10T00:34,GOOD,txn_0004466,cust_payer_18142,USA,1515.79,cust_payee_20610,USA,INVOICE_PAYMENT,proofrail_synthetic,conditional_settlement_case,FALSE,proofrail,synthetic_research
2026-01-10T00:35,GOOD,txn_0004467,cust_payer_19655,USA,3248.99,cust_payee_86314,CANADA,INVOICE_PAYMENT,proofrail_synthetic,conditional_settlement_case,FALSE,proofrail,synthetic_research
2026-01-10T00:35,GOOD,txn_0004468,cust_payer_81680,USA,3542.42,cust_payee_66482,USA,INVOICE_PAYMENT,proofrail_synthetic,conditional_settlement_case,FALSE,proofrail,synthetic_research
2026-01-10T00:36,BAD,txn_0004469,cust_payer_29678,USA,3797.67,cust_payee_46689,USA,MILESTONE_PAYMENT,proofrail_synthetic,conditional_settlement_case,TRUE,proofrail,synthetic_research
2026-01-10T00:36,REVIEW,txn_0004470,cust_payer_03481,USA,2437.38,cust_payee_79448,USA,MILESTONE_PAYMENT,proofrail_synthetic,conditional_settlement_case,FALSE,proofrail,synthetic_research
2026-01-10T00:38,GOOD,txn_0004471,cust_payer_18467,USA,4765.13,cust_payee_78704,USA,INVOICE_PAYMENT,proofrail_synthetic,conditional_settlement_case,FALSE,proofrail,synthetic_research
2026-01-10T00:40,BAD,txn_0004472,cust_payer_48748,CANADA,1384.92,cust_payee_90395,USA,INVOICE_PAYMENT,proofrail_synthetic,conditional_settlement_case,TRUE,proofrail,synthetic_research
2026-01-10T00:40,GOOD,txn_0004473,cust_payer_55065,USA,8836.47,cust_payee_33066,USA,SERVICE_RETAINER,proofrail_synthetic,conditional_settlement_case,FALSE,proofrail,synthetic_research
2026-01-10T00:42,GOOD,txn_0004474,cust_payer_11384,USA,7995.59,cust_payee_85489,USA,INVOICE_PAYMENT,proofrail_synthetic,conditional_settlement_case,FALSE,proofrail,synthetic_research
2026-01-10T00:44,REVIEW,txn_0004475,cust_payer_39989,USA,1759.97,cust_payee_14844,USA,GOODS_SETTLEMENT,proofrail_synthetic,conditional_settlement_case,TRUE,proofrail,synthetic_research
2026-01-10T00:44,REVIEW,txn_0004476,cust_payer_59650,USA,3348.58,cust_payee_29952,USA,GOODS_SETTLEMENT,proofrail_synthetic,conditional_settlement_case,TRUE,proofrail,synthetic_research
2026-01-10T00:46,GOOD,txn_0004477,cust_payer_02162,USA,3980.2,cust_payee_81874,GERMANY,SERVICE_RETAINER,proofrail_synthetic,conditional_settlement_case,FALSE,proofrail,synthetic_research
2026-01-10T00:47,GOOD,txn_0004478,cust_payer_12926,USA,6626.17,cust_payee_75520,USA,GOODS_SETTLEMENT,proofrail_synthetic,conditional_settlement_case,FALSE,proofrail,synthetic_research
2026-01-10T00:50,BAD,txn_0004479,cust_payer_41921,MEXICO,875.27,cust_payee_01864,USA,INVOICE_PAYMENT,proofrail_synthetic,conditional_settlement_case,TRUE,proofrail,synthetic_research
2026-01-10T00:52,REVIEW,txn_0004480,cust_payer_07233,USA,4420.49,cust_payee_91333,USA,GOODS_SETTLEMENT,proofrail_synthetic,conditional_settlement_case,TRUE,proofrail,synthetic_research
2026-01-10T00:55,GOOD,txn_0004481,cust_payer_79840,USA,501.82,cust_payee_09278,USA,MILESTONE_PAYMENT,proofrail_synthetic,conditional_settlement_case,FALSE,proofrail,synthetic_research
2026-01-10T00:59,GOOD,txn_0004482,cust_payer_43677,USA,4858.39,cust_payee_79307,USA,INVOICE_PAYMENT,proofrail_synthetic,conditional_settlement_case,FALSE,proofrail,synthetic_research
2026-01-10T01:02,GOOD,txn_0004483,cust_payer_66056,USA,909.92,cust_payee_69647,USA,INVOICE_PAYMENT,proofrail_synthetic,conditional_settlement_case,FALSE,proofrail,synthetic_research
2026-01-10T01:02,GOOD,txn_0004484,cust_payer_21100,CANADA,2747.66,cust_payee_81679,USA,GOODS_SETTLEMENT,proofrail_synthetic,conditional_settlement_case,FALSE,proofrail,synthetic_research
2026-01-10T01:09,REVIEW,txn_0004485,cust_payer_73229,USA,3926.13,cust_payee_81762,USA,INVOICE_PAYMENT,proofrail_synthetic,conditional_settlement_case,TRUE,proofrail,synthetic_research
2026-01-10T01:14,GOOD,txn_0004486,cust_payer_97735,USA,1871.72,cust_payee_78579,USA,INVOICE_PAYMENT,proofrail_synthetic,conditional_settlement_case,FALSE,proofrail,synthetic_research
2026-01-10T01:17,GOOD,txn_0004487,cust_payer_53134,GERMANY,1106.17,cust_payee_55933,USA,INVOICE_PAYMENT,proofrail_synthetic,conditional_settlement_case,FALSE,proofrail,synthetic_research
2026-01-10T01:17,REVIEW,txn_0004488,cust_payer_28143,USA,16374.57,cust_payee_50287,USA,INVOICE_PAYMENT,proofrail_synthetic,conditional_settlement_case,TRUE,proofrail,synthetic_research
2026-01-10T01:19,GOOD,txn_0004489,cust_payer_25697,USA,1427.23,cust_payee_29909,GERMANY,MILESTONE_PAYMENT,proofrail_synthetic,conditional_settlement_case,FALSE,proofrail,synthetic_research
2026-01-10T01:21,REVIEW,txn_0004490,cust_payer_87287,USA,12818.49,cust_payee_37550,USA,SERVICE_RETAINER,proofrail_synthetic,conditional_settlement_case,TRUE,proofrail,synthetic_research
2026-01-10T01:21,GOOD,txn_0004491,cust_payer_04057,CANADA,2068.02,cust_payee_63558,USA,INVOICE_PAYMENT,proofrail_synthetic,conditional_settlement_case,FALSE,proofrail,synthetic_research
2026-01-10T01:21,GOOD,txn_0004492,cust_payer_27752,USA,3506.75,cust_payee_67285,USA,GOODS_SETTLEMENT,proofrail_synthetic,conditional_settlement_case,FALSE,proofrail,synthetic_research
2026-01-10T01:22,BAD,txn_0004493,cust_payer_17863,USA,24939.01,cust_payee_28094,USA,INVOICE_PAYMENT,proofrail_synthetic,conditional_settlement_case,TRUE,proofrail,synthetic_research
2026-01-10T01:26,GOOD,txn_0004494,cust_payer_47616,USA,297.62,cust_payee_49943,USA,INVOICE_PAYMENT,proofrail_synthetic,conditional_settlement_case,FALSE,proofrail,synthetic_research
2026-01-10T01:26,GOOD,txn_0004495,cust_payer_22607,SINGAPORE,1837.67,cust_payee_16348,USA,INVOICE_PAYMENT,proofrail_synthetic,conditional_settlement_case,FALSE,proofrail,synthetic_research
2026-01-10T01:27,BAD,txn_0004496,cust_payer_67776,CANADA,2031.11,cust_payee_01364,USA,INVOICE_PAYMENT,proofrail_synthetic,conditional_settlement_case,TRUE,proofrail,synthetic_research
2026-01-10T01:28,GOOD,txn_0004497,cust_payer_93516,USA,3284.81,cust_payee_91880,USA,MILESTONE_PAYMENT,proofrail_synthetic,conditional_settlement_case,FALSE,proofrail,synthetic_research
2026-01-10T01:29,GOOD,txn_0004498,cust_payer_56077,USA,4846.45,cust_payee_73872,CANADA,SERVICE_RETAINER,proofrail_synthetic,conditional_settlement_case,FALSE,proofrail,synthetic_research
2026-01-10T01:30,GOOD,txn_0004499,cust_payer_38136,USA,573.21,cust_payee_41083,USA,SERVICE_RETAINER,proofrail_synthetic,conditional_settlement_case,FALSE,proofrail,synthetic_research
2026-01-10T01:33,GOOD,txn_0004500,cust_payer_20871,USA,4692.2,cust_payee_95619,USA,INVOICE_PAYMENT,proofrail_synthetic,conditional_settlement_case,FALSE,proofrail,synthetic_research
2026-01-10T01:34,GOOD,txn_0004501,cust_payer_85903,USA,4578.47,cust_payee_64554,CANADA,INVOICE_PAYMENT,proofrail_synthetic,conditional_settlement_case,FALSE,proofrail,synthetic_research
2026-01-10T01:36,GOOD,txn_0004502,cust_payer_83459,USA,6955.67,cust_payee_12068,USA,GOODS_SETTLEMENT,proofrail_synthetic,conditional_settlement_case,FALSE,proofrail,synthetic_research
2026-01-10T01:38,GOOD,txn_0004503,cust_payer_63640,USA,1578.56,cust_payee_16089,USA,INVOICE_PAYMENT,proofrail_synthetic,conditional_settlement_case,FALSE,proofrail,synthetic_research
2026-01-10T01:40,GOOD,txn_0004504,cust_payer_56744,GERMANY,1761.34,cust_payee_18375,USA,GOODS_SETTLEMENT,proofrail_synthetic,conditional_settlement_case,FALSE,proofrail,synthetic_research
2026-01-10T01:43,GOOD,txn_0004505,cust_payer_63240,USA,187.43,cust_payee_04879,USA,INVOICE_PAYMENT,proofrail_synthetic,conditional_settlement_case,FALSE,proofrail,synthetic_research
2026-01-10T01:45,BAD,txn_0004506,cust_payer_00818,USA,6359.17,cust_payee_74383,USA,GOODS_SETTLEMENT,proofrail_synthetic,conditional_settlement_case,TRUE,proofrail,synthetic_research
2026-01-10T01:45,GOOD,txn_0004507,cust_payer_42463,GERMANY,4811.56,cust_payee_38942,USA,GOODS_SETTLEMENT,proofrail_synthetic,conditional_settlement_case,FALSE,proofrail,synthetic_research
2026-01-10T01:45,GOOD,txn_0004508,cust_payer_32308,CANADA,3277.87,cust_payee_61581,USA,INVOICE_PAYMENT,proofrail_synthetic,conditional_settlement_case,FALSE,proofrail,synthetic_research
2026-01-10T01:49,GOOD,txn_0004509,cust_payer_84410,USA,1956.4,cust_payee_56567,USA,GOODS_SETTLEMENT,proofrail_synthetic,conditional_settlement_case,FALSE,proofrail,synthetic_research
2026-01-10T01:50,GOOD,txn_0004510,cust_payer_50956,USA,828.85,cust_payee_11197,USA,GOODS_SETTLEMENT,proofrail_synthetic,conditional_settlement_case,FALSE,proofrail,synthetic_research
2026-01-10T01:51,GOOD,txn_0004511,cust_payer_39931,USA,8845.62,cust_payee_14065,USA,INVOICE_PAYMENT,proofrail_synthetic,conditional_settlement_case,FALSE,proofrail,synthetic_research
2026-01-10T01:52,GOOD,txn_0004512,cust_payer_76297,CANADA,1879.13,cust_payee_84564,USA,SERVICE_RETAINER,proofrail_synthetic,conditional_settlement_case,FALSE,proofrail,synthetic_research
2026-01-10T01:52,BAD,txn_0004513,cust_payer_22620,USA,999.49,cust_payee_70005,USA,INVOICE_PAYMENT,proofrail_synthetic,conditional_settlement_case,TRUE,proofrail,synthetic_research
2026-01-10T01:53,REVIEW,txn_0004514,cust_payer_12575,USA,837.16,cust_payee_43032,USA,MILESTONE_PAYMENT,proofrail_synthetic,conditional_settlement_case,TRUE,proofrail,synthetic_research
2026-01-10T01:55,GOOD,txn_0004515,cust_payer_77021,USA,3345.46,cust_payee_33069,USA,INVOICE_PAYMENT,proofrail_synthetic,conditional_settlement_case,FALSE,proofrail,synthetic_research
2026-01-10T01:55,BAD,txn_0004516,cust_payer_91237,USA,324.65,cust_payee_80829,UNITED-KINGDOM,GOODS_SETTLEMENT,proofrail_synthetic,conditional_settlement_case,TRUE,proofrail,synthetic_research
2026-01-10T02:01,GOOD,txn_0004517,cust_payer_02397,USA,7615.85,cust_payee_88343,USA,INVOICE_PAYMENT,proofrail_synthetic,conditional_settlement_case,FALSE,proofrail,synthetic_research
2026-01-10T02:02,GOOD,txn_0004518,cust_payer_90386,USA,878.82,cust_payee_72978,USA,MILESTONE_PAYMENT,proofrail_synthetic,conditional_settlement_case,FALSE,proofrail,synthetic_research
2026-01-10T02:02,GOOD,txn_0004519,cust_payer_17759,USA,2949.67,cust_payee_65786,USA,INVOICE_PAYMENT,proofrail_synthetic,conditional_settlement_case,FALSE,proofrail,synthetic_research
2026-01-10T02:03,GOOD,txn_0004520,cust_payer_50402,USA,8980.95,cust_payee_76816,USA,INVOICE_PAYMENT,proofrail_synthetic,conditional_settlement_case,FALSE,proofrail,synthetic_research
2026-01-10T02:04,GOOD,txn_0004521,cust_payer_44124,USA,3596.71,cust_payee_89885,USA,MILESTONE_PAYMENT,proofrail_synthetic,conditional_settlement_case,FALSE,proofrail,synthetic_research
2026-01-10T02:05,GOOD,txn_0004522,cust_payer_45436,USA,1102.79,cust_payee_68426,USA,SERVICE_RETAINER,proofrail_synthetic,conditional_settlement_case,FALSE,proofrail,synthetic_research
2026-01-10T02:06,BAD,txn_0004523,cust_payer_29046,USA,491.77,cust_payee_90163,USA,GOODS_SETTLEMENT,proofrail_synthetic,conditional_settlement_case,TRUE,proofrail,synthetic_research
2026-01-10T02:06,BAD,txn_0004524,cust_payer_21775,USA,4892.12,cust_payee_80655,USA,INVOICE_PAYMENT,proofrail_synthetic,conditional_settlement_case,TRUE,proofrail,synthetic_research
2026-01-10T02:07,GOOD,txn_0004525,cust_payer_01120,USA,10492.51,cust_payee_33763,USA,MILESTONE_PAYMENT,proofrail_synthetic,conditional_settlement_case,FALSE,proofrail,synthetic_research
2026-01-10T02:10,GOOD,txn_0004526,cust_payer_40627,USA,1585.34,cust_payee_32047,USA,SERVICE_RETAINER,proofrail_synthetic,conditional_settlement_case,FALSE,proofrail,synthetic_research
2026-01-10T02:14,REVIEW,txn_0004527,cust_payer_35436,USA,3238.73,cust_payee_26460,USA,MILESTONE_PAYMENT,proofrail_synthetic,conditional_settlement_case,FALSE,proofrail,synthetic_research
2026-01-10T02:15,GOOD,txn_0004528,cust_payer_06837,USA,2239.03,cust_payee_98695,CANADA,INVOICE_PAYMENT,proofrail_synthetic,conditional_settlement_case,FALSE,proofrail,synthetic_research
2026-01-10T02:16,GOOD,txn_0004529,cust_payer_15084,USA,531.44,cust_payee_49468,USA,MILESTONE_PAYMENT,proofrail_synthetic,conditional_settlement_case,FALSE,proofrail,synthetic_research
2026-01-10T02:16,REVIEW,txn_0004530,cust_payer_48077,USA,690.58,cust_payee_82039,USA,MILESTONE_PAYMENT,proofrail_synthetic,conditional_settlement_case,FALSE,proofrail,synthetic_research
2026-01-10T02:18,GOOD,txn_0004531,cust_payer_55796,GERMANY,564.58,cust_payee_47405,UNITED-KINGDOM,GOODS_SETTLEMENT,proofrail_synthetic,conditional_settlement_case,FALSE,proofrail,synthetic_research
2026-01-10T02:19,GOOD,txn_0004532,cust_payer_30675,USA,1844.05,cust_payee_88502,CANADA,MILESTONE_PAYMENT,proofrail_synthetic,conditional_settlement_case,FALSE,proofrail,synthetic_research
2026-01-10T02:19,REVIEW,txn_0004533,cust_payer_36571,USA,9928.26,cust_payee_93655,USA,GOODS_SETTLEMENT,proofrail_synthetic,conditional_settlement_case,FALSE,proofrail,synthetic_research
2026-01-10T02:20,GOOD,txn_0004534,cust_payer_72288,USA,3171.12,cust_payee_81912,USA,INVOICE_PAYMENT,proofrail_synthetic,conditional_settlement_case,FALSE,proofrail,synthetic_research
2026-01-10T02:22,REVIEW,txn_0004535,cust_payer_30267,USA,2897.62,cust_payee_58080,USA,GOODS_SETTLEMENT,proofrail_synthetic,conditional_settlement_case,TRUE,proofrail,synthetic_research
2026-01-10T02:22,REVIEW,txn_0004536,cust_payer_34779,USA,13021.33,cust_payee_09069,USA,INVOICE_PAYMENT,proofrail_synthetic,conditional_settlement_case,FALSE,proofrail,synthetic_research
2026-01-10T02:23,REVIEW,txn_0004537,cust_payer_63577,USA,3642.92,cust_payee_22324,USA,GOODS_SETTLEMENT,proofrail_synthetic,conditional_settlement_case,TRUE,proofrail,synthetic_research
2026-01-10T02:23,GOOD,txn_0004538,cust_payer_78443,USA,808.97,cust_payee_79129,USA,INVOICE_PAYMENT,proofrail_synthetic,conditional_settlement_case,FALSE,proofrail,synthetic_research
2026-01-10T02:23,GOOD,txn_0004539,cust_payer_42771,USA,1399.02,cust_payee_68140,USA,SERVICE_RETAINER,proofrail_synthetic,conditional_settlement_case,FALSE,proofrail,synthetic_research
2026-01-10T02:24,GOOD,txn_0004540,cust_payer_79666,USA,1003.4,cust_payee_47184,USA,SERVICE_RETAINER,proofrail_synthetic,conditional_settlement_case,FALSE,proofrail,synthetic_research
2026-01-10T02:24,GOOD,txn_0004541,cust_payer_25190,CANADA,20976.49,cust_payee_94698,USA,INVOICE_PAYMENT,proofrail_synthetic,conditional_settlement_case,FALSE,proofrail,synthetic_research
2026-01-10T02:25,REVIEW,txn_0004542,cust_payer_43414,USA,2120.05,cust_payee_08355,MEXICO,MILESTONE_PAYMENT,proofrail_synthetic,conditional_settlement_case,TRUE,proofrail,synthetic_research
2026-01-10T02:25,GOOD,txn_0004543,cust_payer_90800,USA,7358.42,cust_payee_93624,USA,MILESTONE_PAYMENT,proofrail_synthetic,conditional_settlement_case,FALSE,proofrail,synthetic_research
2026-01-10T02:27,REVIEW,txn_0004544,cust_payer_58123,USA,1859.15,cust_payee_40609,MEXICO,INVOICE_PAYMENT,proofrail_synthetic,conditional_settlement_case,FALSE,proofrail,synthetic_research
2026-01-10T02:27,BAD,txn_0004545,cust_payer_79821,USA,1185.71,cust_payee_64958,USA,INVOICE_PAYMENT,proofrail_synthetic,conditional_settlement_case,TRUE,proofrail,synthetic_research
2026-01-10T02:31,GOOD,txn_0004546,cust_payer_22509,USA,14176.74,cust_payee_58277,USA,GOODS_SETTLEMENT,proofrail_synthetic,conditional_settlement_case,FALSE,proofrail,synthetic_research
2026-01-10T02:33,REVIEW,txn_0004547,cust_payer_94506,USA,5689.86,cust_payee_09569,USA,MILESTONE_PAYMENT,proofrail_synthetic,conditional_settlement_case,TRUE,proofrail,synthetic_research
2026-01-10T02:34,REVIEW,txn_0004548,cust_payer_40450,USA,17498.85,cust_payee_86890,CANADA,MILESTONE_PAYMENT,proofrail_synthetic,conditional_settlement_case,FALSE,proofrail,synthetic_research
2026-01-10T02:35,REVIEW,txn_0004549,cust_payer_66769,USA,726.08,cust_payee_26559,USA,MILESTONE_PAYMENT,proofrail_synthetic,conditional_settlement_case,TRUE,proofrail,synthetic_research
2026-01-10T02:37,GOOD,txn_0004550,cust_payer_75728,USA,17348.45,cust_payee_79826,USA,MILESTONE_PAYMENT,proofrail_synthetic,conditional_settlement_case,FALSE,proofrail,synthetic_research
2026-01-10T02:41,GOOD,txn_0004551,cust_payer_91083,USA,5343.3,cust_payee_60531,USA,GOODS_SETTLEMENT,proofrail_synthetic,conditional_settlement_case,FALSE,proofrail,synthetic_research
2026-01-10T02:43,GOOD,txn_0004552,cust_payer_07283,MEXICO,442.41,cust_payee_53003,USA,GOODS_SETTLEMENT,proofrail_synthetic,conditional_settlement_case,FALSE,proofrail,synthetic_research
2026-01-10T02:44,GOOD,txn_0004553,cust_payer_95597,CANADA,2091.34,cust_payee_60161,USA,INVOICE_PAYMENT,proofrail_synthetic,conditional_settlement_case,FALSE,proofrail,synthetic_research
2026-01-10T02:44,GOOD,txn_0004554,cust_payer_29412,USA,481.96,cust_payee_15713,USA,GOODS_SETTLEMENT,proofrail_synthetic,conditional_settlement_case,FALSE,proofrail,synthetic_research
2026-01-10T02:46,GOOD,txn_0004555,cust_payer_56437,USA,7698.31,cust_payee_00502,UNITED-KINGDOM,INVOICE_PAYMENT,proofrail_synthetic,conditional_settlement_case,FALSE,proofrail,synthetic_research
2026-01-10T02:47,GOOD,txn_0004556,cust_payer_81797,MEXICO,30881.87,cust_payee_81446,UNITED-KINGDOM,GOODS_SETTLEMENT,proofrail_synthetic,conditional_settlement_case,FALSE,proofrail,synthetic_research
2026-01-10T02:48,GOOD,txn_0004557,cust_payer_21250,USA,2352.73,cust_payee_64672,MEXICO,INVOICE_PAYMENT,proofrail_synthetic,conditional_settlement_case,FALSE,proofrail,synthetic_research
2026-01-10T02:51,REVIEW,txn_0004558,cust_payer_52134,USA,1071.27,cust_payee_32757,USA,MILESTONE_PAYMENT,proofrail_synthetic,conditional_settlement_case,TRUE,proofrail,synthetic_research
2026-01-10T02:52,REVIEW,txn_0004559,cust_payer_10430,USA,5784.92,cust_payee_13687,SINGAPORE,MILESTONE_PAYMENT,proofrail_synthetic,conditional_settlement_case,TRUE,proofrail,synthetic_research
2026-01-10T02:54,GOOD,txn_0004560,cust_payer_56570,USA,2284.95,cust_payee_77855,USA,MILESTONE_PAYMENT,proofrail_synthetic,conditional_settlement_case,FALSE,proofrail,synthetic_research
2026-01-10T02:54,GOOD,txn_0004561,cust_payer_58352,UNITED-KINGDOM,1420.43,cust_payee_28208,SINGAPORE,GOODS_SETTLEMENT,proofrail_synthetic,conditional_settlement_case,FALSE,proofrail,synthetic_research
2026-01-10T02:57,GOOD,txn_0004562,cust_payer_02496,USA,4889.08,cust_payee_79526,USA,MILESTONE_PAYMENT,proofrail_synthetic,conditional_settlement_case,FALSE,proofrail,synthetic_research
2026-01-10T02:59,GOOD,txn_0004563,cust_payer_58656,USA,674.07,cust_payee_65565,USA,INVOICE_PAYMENT,proofrail_synthetic,conditional_settlement_case,FALSE,proofrail,synthetic_research
2026-01-10T03:02,GOOD,txn_0004564,cust_payer_61592,USA,6240.48,cust_payee_01656,GERMANY,INVOICE_PAYMENT,proofrail_synthetic,conditional_settlement_case,FALSE,proofrail,synthetic_research
2026-01-10T03:04,GOOD,txn_0004565,cust_payer_64573,USA,3551.77,cust_payee_72715,USA,SERVICE_RETAINER,proofrail_synthetic,conditional_settlement_case,FALSE,proofrail,synthetic_research
2026-01-10T03:05,GOOD,txn_0004566,cust_payer_55126,USA,519.64,cust_payee_34860,USA,SERVICE_RETAINER,proofrail_synthetic,conditional_settlement_case,FALSE,proofrail,synthetic_research
2026-01-10T03:06,GOOD,txn_0004567,cust_payer_46059,USA,5385.48,cust_payee_25050,GERMANY,SERVICE_RETAINER,proofrail_synthetic,conditional_settlement_case,FALSE,proofrail,synthetic_research
2026-01-10T03:07,BAD,txn_0004568,cust_payer_03635,USA,381.98,cust_payee_11401,USA,GOODS_SETTLEMENT,proofrail_synthetic,conditional_settlement_case,TRUE,proofrail,synthetic_research
2026-01-10T03:07,GOOD,txn_0004569,cust_payer_34002,USA,1167.05,cust_payee_63023,USA,INVOICE_PAYMENT,proofrail_synthetic,conditional_settlement_case,FALSE,proofrail,synthetic_research
2026-01-10T03:09,GOOD,txn_0004570,cust_payer_80337,USA,307.62,cust_payee_91979,USA,SERVICE_RETAINER,proofrail_synthetic,conditional_settlement_case,FALSE,proofrail,synthetic_research
2026-01-10T03:11,GOOD,txn_0004571,cust_payer_77810,USA,2788.77,cust_payee_97652,USA,INVOICE_PAYMENT,proofrail_synthetic,conditional_settlement_case,FALSE,proofrail,synthetic_research
2026-01-10T03:11,BAD,txn_0004572,cust_payer_24228,USA,2381.52,cust_payee_94369,USA,GOODS_SETTLEMENT,proofrail_synthetic,conditional_settlement_case,TRUE,proofrail,synthetic_research
2026-01-10T03:16,REVIEW,txn_0004573,cust_payer_44022,USA,1176.88,cust_payee_77991,USA,INVOICE_PAYMENT,proofrail_synthetic,conditional_settlement_case,TRUE,proofrail,synthetic_research
2026-01-10T03:16,GOOD,txn_0004574,cust_payer_05439,USA,3305.01,cust_payee_97125,USA,INVOICE_PAYMENT,proofrail_synthetic,conditional_settlement_case,FALSE,proofrail,synthetic_research
2026-01-10T03:19,GOOD,txn_0004575,cust_payer_85991,USA,25629.41,cust_payee_84264,USA,GOODS_SETTLEMENT,proofrail_synthetic,conditional_settlement_case,FALSE,proofrail,synthetic_research
2026-01-10T03:20,GOOD,txn_0004576,cust_payer_15732,USA,4727.88,cust_payee_74725,CANADA,INVOICE_PAYMENT,proofrail_synthetic,conditional_settlement_case,FALSE,proofrail,synthetic_research
2026-01-10T03:22,GOOD,txn_0004577,cust_payer_55870,USA,1106.81,cust_payee_06594,USA,INVOICE_PAYMENT,proofrail_synthetic,conditional_settlement_case,FALSE,proofrail,synthetic_research
2026-01-10T03:22,GOOD,txn_0004578,cust_payer_30063,USA,3101.5,cust_payee_36442,USA,MILESTONE_PAYMENT,proofrail_synthetic,conditional_settlement_case,FALSE,proofrail,synthetic_research
2026-01-10T03:22,GOOD,txn_0004579,cust_payer_95510,USA,6561.59,cust_payee_85169,USA,MILESTONE_PAYMENT,proofrail_synthetic,conditional_settlement_case,FALSE,proofrail,synthetic_research
2026-01-10T03:24,GOOD,txn_0004580,cust_payer_98381,USA,5812.56,cust_payee_47498,USA,SERVICE_RETAINER,proofrail_synthetic,conditional_settlement_case,FALSE,proofrail,synthetic_research
2026-01-10T03:25,GOOD,txn_0004581,cust_payer_74023,USA,1256.39,cust_payee_38873,USA,INVOICE_PAYMENT,proofrail_synthetic,conditional_settlement_case,FALSE,proofrail,synthetic_research
2026-01-10T03:25,GOOD,txn_0004582,cust_payer_91821,USA,3046.69,cust_payee_42937,USA,INVOICE_PAYMENT,proofrail_synthetic,conditional_settlement_case,FALSE,proofrail,synthetic_research
2026-01-10T03:26,GOOD,txn_0004583,cust_payer_43914,USA,3942.85,cust_payee_28106,USA,INVOICE_PAYMENT,proofrail_synthetic,conditional_settlement_case,FALSE,proofrail,synthetic_research
2026-01-10T03:27,GOOD,txn_0004584,cust_payer_99420,USA,673.74,cust_payee_99716,USA,INVOICE_PAYMENT,proofrail_synthetic,conditional_settlement_case,FALSE,proofrail,synthetic_research
2026-01-10T03:28,GOOD,txn_0004585,cust_payer_60779,USA,218.06,cust_payee_90584,USA,INVOICE_PAYMENT,proofrail_synthetic,conditional_settlement_case,FALSE,proofrail,synthetic_research
2026-01-10T03:29,GOOD,txn_0004586,cust_payer_66965,USA,2318.91,cust_payee_02804,USA,INVOICE_PAYMENT,proofrail_synthetic,conditional_settlement_case,FALSE,proofrail,synthetic_research
2026-01-10T03:34,GOOD,txn_0004587,cust_payer_38436,USA,3848.18,cust_payee_96169,USA,INVOICE_PAYMENT,proofrail_synthetic,conditional_settlement_case,FALSE,proofrail,synthetic_research
2026-01-10T03:35,REVIEW,txn_0004588,cust_payer_30013,USA,1136.78,cust_payee_54438,USA,INVOICE_PAYMENT,proofrail_synthetic,conditional_settlement_case,FALSE,proofrail,synthetic_research
2026-01-10T03:38,GOOD,txn_0004589,cust_payer_24146,USA,4653.25,cust_payee_53996,CANADA,SERVICE_RETAINER,proofrail_synthetic,conditional_settlement_case,FALSE,proofrail,synthetic_research
2026-01-10T03:40,GOOD,txn_0004590,cust_payer_70936,USA,11137.9,cust_payee_11545,USA,MILESTONE_PAYMENT,proofrail_synthetic,conditional_settlement_case,FALSE,proofrail,synthetic_research
2026-01-10T03:40,REVIEW,txn_0004591,cust_payer_13405,USA,3326.15,cust_payee_01106,USA,INVOICE_PAYMENT,proofrail_synthetic,conditional_settlement_case,TRUE,proofrail,synthetic_research
2026-01-10T03:42,GOOD,txn_0004592,cust_payer_04770,CANADA,506.8,cust_payee_06445,USA,INVOICE_PAYMENT,proofrail_synthetic,conditional_settlement_case,FALSE,proofrail,synthetic_research
2026-01-10T03:44,REVIEW,txn_0004593,cust_payer_65108,SINGAPORE,275.91,cust_payee_54532,USA,MILESTONE_PAYMENT,proofrail_synthetic,conditional_settlement_case,FALSE,proofrail,synthetic_research
2026-01-10T03:46,REVIEW,txn_0004594,cust_payer_75964,UNITED-KINGDOM,5287.05,cust_payee_44077,USA,GOODS_SETTLEMENT,proofrail_synthetic,conditional_settlement_case,TRUE,proofrail,synthetic_research
2026-01-10T03:46,GOOD,txn_0004595,cust_payer_12715,USA,260.88,cust_payee_47738,USA,SERVICE_RETAINER,proofrail_synthetic,conditional_settlement_case,FALSE,proofrail,synthetic_research
2026-01-10T03:47,GOOD,txn_0004596,cust_payer_72739,USA,9933.02,cust_payee_58427,USA,INVOICE_PAYMENT,proofrail_synthetic,conditional_settlement_case,FALSE,proofrail,synthetic_research
2026-01-10T03:49,REVIEW,txn_0004597,cust_payer_56871,SINGAPORE,2337,cust_payee_64944,USA,GOODS_SETTLEMENT,proofrail_synthetic,conditional_settlement_case,FALSE,proofrail,synthetic_research
2026-01-10T03:50,BAD,txn_0004598,cust_payer_06928,USA,4598.31,cust_payee_30572,GERMANY,GOODS_SETTLEMENT,proofrail_synthetic,conditional_settlement_case,TRUE,proofrail,synthetic_research
2026-01-10T03:51,GOOD,txn_0004599,cust_payer_56312,USA,974.69,cust_payee_27280,USA,INVOICE_PAYMENT,proofrail_synthetic,conditional_settlement_case,FALSE,proofrail,synthetic_research
2026-01-10T03:51,GOOD,txn_0004600,cust_payer_88371,USA,75340.18,cust_payee_10485,USA,INVOICE_PAYMENT,proofrail_synthetic,conditional_settlement_case,FALSE,proofrail,synthetic_research
2026-01-10T03:54,GOOD,txn_0004601,cust_payer_03379,USA,8350.08,cust_payee_45255,USA,INVOICE_PAYMENT,proofrail_synthetic,conditional_settlement_case,FALSE,proofrail,synthetic_research
2026-01-10T03:56,REVIEW,txn_0004602,cust_payer_32306,USA,1227.88,cust_payee_81871,USA,INVOICE_PAYMENT,proofrail_synthetic,conditional_settlement_case,TRUE,proofrail,synthetic_research
2026-01-10T03:57,GOOD,txn_0004603,cust_payer_64315,USA,2311.26,cust_payee_31737,USA,MILESTONE_PAYMENT,proofrail_synthetic,conditional_settlement_case,FALSE,proofrail,synthetic_research
2026-01-10T03:58,GOOD,txn_0004604,cust_payer_75732,CANADA,803,cust_payee_77020,USA,INVOICE_PAYMENT,proofrail_synthetic,conditional_settlement_case,FALSE,proofrail,synthetic_research
2026-01-10T03:59,REVIEW,txn_0004605,cust_payer_56315,USA,10432.99,cust_payee_25493,USA,INVOICE_PAYMENT,proofrail_synthetic,conditional_settlement_case,FALSE,proofrail,synthetic_research
2026-01-10T03:59,GOOD,txn_0004606,cust_payer_51826,USA,1290.47,cust_payee_33237,USA,INVOICE_PAYMENT,proofrail_synthetic,conditional_settlement_case,FALSE,proofrail,synthetic_research
2026-01-10T04:00,GOOD,txn_0004607,cust_payer_10333,USA,853.28,cust_payee_40850,USA,SERVICE_RETAINER,proofrail_synthetic,conditional_settlement_case,FALSE,proofrail,synthetic_research
2026-01-10T04:01,GOOD,txn_0004608,cust_payer_81751,USA,1379.65,cust_payee_24023,USA,GOODS_SETTLEMENT,proofrail_synthetic,conditional_settlement_case,FALSE,proofrail,synthetic_research
2026-01-10T04:07,GOOD,txn_0004609,cust_payer_83569,USA,4664.56,cust_payee_66076,USA,INVOICE_PAYMENT,proofrail_synthetic,conditional_settlement_case,FALSE,proofrail,synthetic_research
2026-01-10T04:08,GOOD,txn_0004610,cust_payer_58860,MEXICO,3070.63,cust_payee_05492,USA,SERVICE_RETAINER,proofrail_synthetic,conditional_settlement_case,FALSE,proofrail,synthetic_research
2026-01-10T04:11,BAD,txn_0004611,cust_payer_08139,USA,1925.71,cust_payee_07920,USA,MILESTONE_PAYMENT,proofrail_synthetic,conditional_settlement_case,TRUE,proofrail,synthetic_research
2026-01-10T04:12,REVIEW,txn_0004612,cust_payer_89906,CANADA,974.85,cust_payee_82998,USA,INVOICE_PAYMENT,proofrail_synthetic,conditional_settlement_case,TRUE,proofrail,synthetic_research
2026-01-10T04:13,GOOD,txn_0004613,cust_payer_38794,USA,950.93,cust_payee_23676,USA,GOODS_SETTLEMENT,proofrail_synthetic,conditional_settlement_case,FALSE,proofrail,synthetic_research
2026-01-10T04:14,GOOD,txn_0004614,cust_payer_65961,USA,1861.22,cust_payee_47613,SINGAPORE,INVOICE_PAYMENT,proofrail_synthetic,conditional_settlement_case,FALSE,proofrail,synthetic_research
2026-01-10T04:15,GOOD,txn_0004615,cust_payer_89660,USA,4204.88,cust_payee_33037,CANADA,MILESTONE_PAYMENT,proofrail_synthetic,conditional_settlement_case,FALSE,proofrail,synthetic_research
2026-01-10T04:19,REVIEW,txn_0004616,cust_payer_24426,USA,5068.46,cust_payee_13722,UNITED-KINGDOM,GOODS_SETTLEMENT,proofrail_synthetic,conditional_settlement_case,TRUE,proofrail,synthetic_research
2026-01-10T04:20,REVIEW,txn_0004617,cust_payer_88981,USA,1855.49,cust_payee_13095,USA,MILESTONE_PAYMENT,proofrail_synthetic,conditional_settlement_case,FALSE,proofrail,synthetic_research
2026-01-10T04:20,GOOD,txn_0004618,cust_payer_07241,CANADA,455.85,cust_payee_58272,USA,SERVICE_RETAINER,proofrail_synthetic,conditional_settlement_case,FALSE,proofrail,synthetic_research
2026-01-10T04:22,GOOD,txn_0004619,cust_payer_72893,USA,1304.19,cust_payee_06957,USA,INVOICE_PAYMENT,proofrail_synthetic,conditional_settlement_case,FALSE,proofrail,synthetic_research
2026-01-10T04:25,GOOD,txn_0004620,cust_payer_31671,USA,9841.07,cust_payee_31576,USA,MILESTONE_PAYMENT,proofrail_synthetic,conditional_settlement_case,FALSE,proofrail,synthetic_research
2026-01-10T04:26,GOOD,txn_0004621,cust_payer_68552,UNITED-KINGDOM,5771.1,cust_payee_73077,USA,GOODS_SETTLEMENT,proofrail_synthetic,conditional_settlement_case,FALSE,proofrail,synthetic_research
2026-01-10T04:26,REVIEW,txn_0004622,cust_payer_79432,USA,34247.4,cust_payee_16861,USA,INVOICE_PAYMENT,proofrail_synthetic,conditional_settlement_case,FALSE,proofrail,synthetic_research
2026-01-10T04:26,BAD,txn_0004623,cust_payer_72066,UNITED-KINGDOM,2434.4,cust_payee_37259,USA,GOODS_SETTLEMENT,proofrail_synthetic,conditional_settlement_case,TRUE,proofrail,synthetic_research
2026-01-10T04:27,GOOD,txn_0004624,cust_payer_43826,UNITED-KINGDOM,3132.16,cust_payee_66200,USA,GOODS_SETTLEMENT,proofrail_synthetic,conditional_settlement_case,FALSE,proofrail,synthetic_research
2026-01-10T04:31,BAD,txn_0004625,cust_payer_88580,USA,11808.23,cust_payee_24704,USA,GOODS_SETTLEMENT,proofrail_synthetic,conditional_settlement_case,TRUE,proofrail,synthetic_research
2026-01-10T04:32,GOOD,txn_0004626,cust_payer_75372,USA,574.31,cust_payee_75593,CANADA,MILESTONE_PAYMENT,proofrail_synthetic,conditional_settlement_case,FALSE,proofrail,synthetic_research
2026-01-10T04:36,GOOD,txn_0004627,cust_payer_28858,USA,3697.07,cust_payee_40119,USA,INVOICE_PAYMENT,proofrail_synthetic,conditional_settlement_case,FALSE,proofrail,synthetic_research
2026-01-10T04:37,GOOD,txn_0004628,cust_payer_95995,USA,2267.98,cust_payee_74214,USA,INVOICE_PAYMENT,proofrail_synthetic,conditional_settlement_case,FALSE,proofrail,synthetic_research
2026-01-10T04:38,BAD,txn_0004629,cust_payer_25302,USA,2913.27,cust_payee_21784,USA,MILESTONE_PAYMENT,proofrail_synthetic,conditional_settlement_case,TRUE,proofrail,synthetic_research
2026-01-10T04:41,BAD,txn_0004630,cust_payer_30166,USA,1825.35,cust_payee_78740,MEXICO,MILESTONE_PAYMENT,proofrail_synthetic,conditional_settlement_case,TRUE,proofrail,synthetic_research
2026-01-10T04:46,GOOD,txn_0004631,cust_payer_62338,GERMANY,5027.61,cust_payee_53690,USA,INVOICE_PAYMENT,proofrail_synthetic,conditional_settlement_case,FALSE,proofrail,synthetic_research
2026-01-10T04:48,BAD,txn_0004632,cust_payer_82496,CANADA,322.42,cust_payee_52977,USA,INVOICE_PAYMENT,proofrail_synthetic,conditional_settlement_case,TRUE,proofrail,synthetic_research
2026-01-10T04:49,REVIEW,txn_0004633,cust_payer_31631,USA,1837.99,cust_payee_51403,MEXICO,MILESTONE_PAYMENT,proofrail_synthetic,conditional_settlement_case,FALSE,proofrail,synthetic_research
2026-01-10T04:51,BAD,txn_0004634,cust_payer_66985,USA,5320.92,cust_payee_67774,USA,INVOICE_PAYMENT,proofrail_synthetic,conditional_settlement_case,TRUE,proofrail,synthetic_research
2026-01-10T04:51,REVIEW,txn_0004635,cust_payer_26275,USA,6830.02,cust_payee_02047,USA,INVOICE_PAYMENT,proofrail_synthetic,conditional_settlement_case,FALSE,proofrail,synthetic_research
2026-01-10T04:52,GOOD,txn_0004636,cust_payer_59887,USA,6977.54,cust_payee_78817,CANADA,INVOICE_PAYMENT,proofrail_synthetic,conditional_settlement_case,FALSE,proofrail,synthetic_research
2026-01-10T04:53,GOOD,txn_0004637,cust_payer_63253,MEXICO,669.03,cust_payee_04507,USA,GOODS_SETTLEMENT,proofrail_synthetic,conditional_settlement_case,FALSE,proofrail,synthetic_research
2026-01-10T04:54,GOOD,txn_0004638,cust_payer_65374,USA,1337.38,cust_payee_23543,UNITED-KINGDOM,INVOICE_PAYMENT,proofrail_synthetic,conditional_settlement_case,FALSE,proofrail,synthetic_research
2026-01-10T04:55,REVIEW,txn_0004639,cust_payer_46894,USA,3096.72,cust_payee_11316,USA,MILESTONE_PAYMENT,proofrail_synthetic,conditional_settlement_case,TRUE,proofrail,synthetic_research
2026-01-10T04:58,GOOD,txn_0004640,cust_payer_25745,USA,1543.15,cust_payee_76209,USA,INVOICE_PAYMENT,proofrail_synthetic,conditional_settlement_case,FALSE,proofrail,synthetic_research
2026-01-10T04:58,GOOD,txn_0004641,cust_payer_84152,USA,6007.14,cust_payee_53669,USA,INVOICE_PAYMENT,proofrail_synthetic,conditional_settlement_case,FALSE,proofrail,synthetic_research
2026-01-10T05:01,GOOD,txn_0004642,cust_payer_21748,USA,2091.2,cust_payee_24749,GERMANY,SERVICE_RETAINER,proofrail_synthetic,conditional_settlement_case,FALSE,proofrail,synthetic_research
2026-01-10T05:01,GOOD,txn_0004643,cust_payer_88579,USA,7042.03,cust_payee_10463,USA,MILESTONE_PAYMENT,proofrail_synthetic,conditional_settlement_case,FALSE,proofrail,synthetic_research
2026-01-10T05:03,GOOD,txn_0004644,cust_payer_32164,USA,2752.6,cust_payee_17312,USA,INVOICE_PAYMENT,proofrail_synthetic,conditional_settlement_case,FALSE,proofrail,synthetic_research
2026-01-10T05:03,REVIEW,txn_0004645,cust_payer_14652,USA,5057.76,cust_payee_95527,USA,GOODS_SETTLEMENT,proofrail_synthetic,conditional_settlement_case,TRUE,proofrail,synthetic_research
2026-01-10T05:03,REVIEW,txn_0004646,cust_payer_41033,USA,51570.44,cust_payee_07212,UNITED-KINGDOM,GOODS_SETTLEMENT,proofrail_synthetic,conditional_settlement_case,FALSE,proofrail,synthetic_research
2026-01-10T05:08,REVIEW,txn_0004647,cust_payer_24413,USA,1870.15,cust_payee_00857,USA,MILESTONE_PAYMENT,proofrail_synthetic,conditional_settlement_case,TRUE,proofrail,synthetic_research
2026-01-10T05:08,GOOD,txn_0004648,cust_payer_60913,USA,6661.23,cust_payee_00321,USA,INVOICE_PAYMENT,proofrail_synthetic,conditional_settlement_case,FALSE,proofrail,synthetic_research
2026-01-10T05:10,GOOD,txn_0004649,cust_payer_57809,USA,301.52,cust_payee_57601,USA,MILESTONE_PAYMENT,proofrail_synthetic,conditional_settlement_case,FALSE,proofrail,synthetic_research
2026-01-10T05:12,REVIEW,txn_0004650,cust_payer_65614,USA,2479.94,cust_payee_69931,USA,INVOICE_PAYMENT,proofrail_synthetic,conditional_settlement_case,TRUE,proofrail,synthetic_research
2026-01-10T05:13,GOOD,txn_0004651,cust_payer_26748,CANADA,12562.75,cust_payee_01722,USA,INVOICE_PAYMENT,proofrail_synthetic,conditional_settlement_case,FALSE,proofrail,synthetic_research
2026-01-10T05:14,GOOD,txn_0004652,cust_payer_50465,USA,3990.75,cust_payee_16070,USA,MILESTONE_PAYMENT,proofrail_synthetic,conditional_settlement_case,FALSE,proofrail,synthetic_research
2026-01-10T05:17,GOOD,txn_0004653,cust_payer_77882,USA,10884.63,cust_payee_61559,USA,INVOICE_PAYMENT,proofrail_synthetic,conditional_settlement_case,FALSE,proofrail,synthetic_research
2026-01-10T05:18,BAD,txn_0004654,cust_payer_57895,USA,4247.38,cust_payee_40894,SINGAPORE,MILESTONE_PAYMENT,proofrail_synthetic,conditional_settlement_case,TRUE,proofrail,synthetic_research
2026-01-10T05:18,GOOD,txn_0004655,cust_payer_20000,USA,991.31,cust_payee_19800,USA,INVOICE_PAYMENT,proofrail_synthetic,conditional_settlement_case,FALSE,proofrail,synthetic_research
2026-01-10T05:20,BAD,txn_0004656,cust_payer_92187,USA,3409.68,cust_payee_84579,USA,INVOICE_PAYMENT,proofrail_synthetic,conditional_settlement_case,TRUE,proofrail,synthetic_research
2026-01-10T05:20,GOOD,txn_0004657,cust_payer_59048,USA,1475.29,cust_payee_27179,CANADA,MILESTONE_PAYMENT,proofrail_synthetic,conditional_settlement_case,FALSE,proofrail,synthetic_research
2026-01-10T05:22,GOOD,txn_0004658,cust_payer_44775,USA,1149.31,cust_payee_73016,SINGAPORE,INVOICE_PAYMENT,proofrail_synthetic,conditional_settlement_case,FALSE,proofrail,synthetic_research
2026-01-10T05:24,REVIEW,txn_0004659,cust_payer_74576,USA,1465.22,cust_payee_58403,USA,MILESTONE_PAYMENT,proofrail_synthetic,conditional_settlement_case,TRUE,proofrail,synthetic_research
2026-01-10T05:24,GOOD,txn_0004660,cust_payer_74928,USA,1690.07,cust_payee_02677,USA,MILESTONE_PAYMENT,proofrail_synthetic,conditional_settlement_case,FALSE,proofrail,synthetic_research
2026-01-10T05:25,BAD,txn_0004661,cust_payer_60461,USA,13689.59,cust_payee_44527,USA,GOODS_SETTLEMENT,proofrail_synthetic,conditional_settlement_case,TRUE,proofrail,synthetic_research
2026-01-10T05:26,GOOD,txn_0004662,cust_payer_59671,CANADA,3216.26,cust_payee_85399,CANADA,INVOICE_PAYMENT,proofrail_synthetic,conditional_settlement_case,FALSE,proofrail,synthetic_research
2026-01-10T05:27,GOOD,txn_0004663,cust_payer_56642,USA,3085.17,cust_payee_35835,USA,INVOICE_PAYMENT,proofrail_synthetic,conditional_settlement_case,FALSE,proofrail,synthetic_research
2026-01-10T05:27,REVIEW,txn_0004664,cust_payer_85465,USA,2265,cust_payee_33068,USA,GOODS_SETTLEMENT,proofrail_synthetic,conditional_settlement_case,FALSE,proofrail,synthetic_research
2026-01-10T05:28,REVIEW,txn_0004665,cust_payer_06771,USA,5102.12,cust_payee_53665,USA,MILESTONE_PAYMENT,proofrail_synthetic,conditional_settlement_case,TRUE,proofrail,synthetic_research
2026-01-10T05:29,REVIEW,txn_0004666,cust_payer_47798,USA,4785.93,cust_payee_01772,USA,SERVICE_RETAINER,proofrail_synthetic,conditional_settlement_case,TRUE,proofrail,synthetic_research
2026-01-10T05:33,GOOD,txn_0004667,cust_payer_58199,USA,1090.99,cust_payee_53446,CANADA,GOODS_SETTLEMENT,proofrail_synthetic,conditional_settlement_case,FALSE,proofrail,synthetic_research
2026-01-10T05:34,REVIEW,txn_0004668,cust_payer_87044,USA,4280.48,cust_payee_33036,USA,INVOICE_PAYMENT,proofrail_synthetic,conditional_settlement_case,TRUE,proofrail,synthetic_research
2026-01-10T05:35,GOOD,txn_0004669,cust_payer_28129,USA,9061.42,cust_payee_29784,USA,INVOICE_PAYMENT,proofrail_synthetic,conditional_settlement_case,FALSE,proofrail,synthetic_research
2026-01-10T05:35,GOOD,txn_0004670,cust_payer_61799,USA,5456.36,cust_payee_08194,USA,SERVICE_RETAINER,proofrail_synthetic,conditional_settlement_case,FALSE,proofrail,synthetic_research
2026-01-10T05:37,REVIEW,txn_0004671,cust_payer_95447,USA,8995.76,cust_payee_45031,MEXICO,GOODS_SETTLEMENT,proofrail_synthetic,conditional_settlement_case,TRUE,proofrail,synthetic_research
2026-01-10T05:37,GOOD,txn_0004672,cust_payer_08140,USA,854.91,cust_payee_48249,USA,INVOICE_PAYMENT,proofrail_synthetic,conditional_settlement_case,FALSE,proofrail,synthetic_research
2026-01-10T05:37,GOOD,txn_0004673,cust_payer_96972,USA,308.42,cust_payee_25181,USA,INVOICE_PAYMENT,proofrail_synthetic,conditional_settlement_case,FALSE,proofrail,synthetic_research
2026-01-10T05:42,GOOD,txn_0004674,cust_payer_72478,GERMANY,7365.67,cust_payee_95923,USA,INVOICE_PAYMENT,proofrail_synthetic,conditional_settlement_case,FALSE,proofrail,synthetic_research
2026-01-10T05:42,REVIEW,txn_0004675,cust_payer_82446,USA,4089.29,cust_payee_76788,USA,GOODS_SETTLEMENT,proofrail_synthetic,conditional_settlement_case,FALSE,proofrail,synthetic_research
2026-01-10T05:43,GOOD,txn_0004676,cust_payer_35938,CANADA,3154.89,cust_payee_52871,USA,GOODS_SETTLEMENT,proofrail_synthetic,conditional_settlement_case,FALSE,proofrail,synthetic_research
2026-01-10T05:43,GOOD,txn_0004677,cust_payer_18420,USA,1036.47,cust_payee_69525,USA,INVOICE_PAYMENT,proofrail_synthetic,conditional_settlement_case,FALSE,proofrail,synthetic_research
2026-01-10T05:44,GOOD,txn_0004678,cust_payer_83305,USA,7097.27,cust_payee_86328,USA,GOODS_SETTLEMENT,proofrail_synthetic,conditional_settlement_case,FALSE,proofrail,synthetic_research
2026-01-10T05:47,GOOD,txn_0004679,cust_payer_77611,USA,12660.7,cust_payee_14217,USA,GOODS_SETTLEMENT,proofrail_synthetic,conditional_settlement_case,FALSE,proofrail,synthetic_research
2026-01-10T05:47,REVIEW,txn_0004680,cust_payer_22715,MEXICO,2240.92,cust_payee_63962,USA,GOODS_SETTLEMENT,proofrail_synthetic,conditional_settlement_case,TRUE,proofrail,synthetic_research
2026-01-10T05:48,GOOD,txn_0004681,cust_payer_17542,USA,392.1,cust_payee_09717,USA,INVOICE_PAYMENT,proofrail_synthetic,conditional_settlement_case,FALSE,proofrail,synthetic_research
2026-01-10T05:48,GOOD,txn_0004682,cust_payer_98779,USA,466.02,cust_payee_76242,USA,GOODS_SETTLEMENT,proofrail_synthetic,conditional_settlement_case,FALSE,proofrail,synthetic_research
2026-01-10T05:50,BAD,txn_0004683,cust_payer_74260,USA,3720.6,cust_payee_66660,MEXICO,MILESTONE_PAYMENT,proofrail_synthetic,conditional_settlement_case,TRUE,proofrail,synthetic_research
2026-01-10T05:53,GOOD,txn_0004684,cust_payer_83924,USA,2479.58,cust_payee_27808,USA,INVOICE_PAYMENT,proofrail_synthetic,conditional_settlement_case,FALSE,proofrail,synthetic_research
2026-01-10T05:54,GOOD,txn_0004685,cust_payer_03459,USA,2065.8,cust_payee_61522,USA,MILESTONE_PAYMENT,proofrail_synthetic,conditional_settlement_case,FALSE,proofrail,synthetic_research
2026-01-10T05:56,REVIEW,txn_0004686,cust_payer_10249,USA,1772.04,cust_payee_57766,UNITED-KINGDOM,INVOICE_PAYMENT,proofrail_synthetic,conditional_settlement_case,FALSE,proofrail,synthetic_research
2026-01-10T05:58,GOOD,txn_0004687,cust_payer_54212,MEXICO,1958.51,cust_payee_26160,USA,MILESTONE_PAYMENT,proofrail_synthetic,conditional_settlement_case,FALSE,proofrail,synthetic_research
2026-01-10T05:59,GOOD,txn_0004688,cust_payer_03824,USA,1782.07,cust_payee_47045,USA,GOODS_SETTLEMENT,proofrail_synthetic,conditional_settlement_case,FALSE,proofrail,synthetic_research
2026-01-10T06:00,GOOD,txn_0004689,cust_payer_51766,USA,4050.63,cust_payee_12014,USA,INVOICE_PAYMENT,proofrail_synthetic,conditional_settlement_case,FALSE,proofrail,synthetic_research
2026-01-10T06:02,GOOD,txn_0004690,cust_payer_81514,USA,5962.97,cust_payee_11051,USA,GOODS_SETTLEMENT,proofrail_synthetic,conditional_settlement_case,FALSE,proofrail,synthetic_research
2026-01-10T06:04,GOOD,txn_0004691,cust_payer_85411,USA,497.42,cust_payee_21326,USA,MILESTONE_PAYMENT,proofrail_synthetic,conditional_settlement_case,FALSE,proofrail,synthetic_research
2026-01-10T06:04,BAD,txn_0004692,cust_payer_63252,USA,2507.4,cust_payee_18063,USA,INVOICE_PAYMENT,proofrail_synthetic,conditional_settlement_case,TRUE,proofrail,synthetic_research
2026-01-10T06:05,REVIEW,txn_0004693,cust_payer_08507,USA,4271.47,cust_payee_74645,USA,INVOICE_PAYMENT,proofrail_synthetic,conditional_settlement_case,TRUE,proofrail,synthetic_research
2026-01-10T06:06,REVIEW,txn_0004694,cust_payer_85580,USA,5756.66,cust_payee_44767,USA,INVOICE_PAYMENT,proofrail_synthetic,conditional_settlement_case,FALSE,proofrail,synthetic_research
2026-01-10T06:07,GOOD,txn_0004695,cust_payer_75613,USA,2159.54,cust_payee_64861,USA,GOODS_SETTLEMENT,proofrail_synthetic,conditional_settlement_case,FALSE,proofrail,synthetic_research
2026-01-10T06:07,GOOD,txn_0004696,cust_payer_62632,USA,467.2,cust_payee_45634,USA,INVOICE_PAYMENT,proofrail_synthetic,conditional_settlement_case,FALSE,proofrail,synthetic_research
2026-01-10T06:08,REVIEW,txn_0004697,cust_payer_40769,USA,2613.61,cust_payee_95219,USA,MILESTONE_PAYMENT,proofrail_synthetic,conditional_settlement_case,TRUE,proofrail,synthetic_research
2026-01-10T06:10,GOOD,txn_0004698,cust_payer_60374,USA,17826.51,cust_payee_95589,GERMANY,INVOICE_PAYMENT,proofrail_synthetic,conditional_settlement_case,FALSE,proofrail,synthetic_research
2026-01-10T06:10,GOOD,txn_0004699,cust_payer_64300,USA,2911.66,cust_payee_21306,USA,INVOICE_PAYMENT,proofrail_synthetic,conditional_settlement_case,FALSE,proofrail,synthetic_research
2026-01-10T06:11,REVIEW,txn_0004700,cust_payer_72154,USA,2130.11,cust_payee_39961,USA,GOODS_SETTLEMENT,proofrail_synthetic,conditional_settlement_case,FALSE,proofrail,synthetic_research
2026-01-10T06:11,GOOD,txn_0004701,cust_payer_45944,USA,4994.46,cust_payee_16827,USA,INVOICE_PAYMENT,proofrail_synthetic,conditional_settlement_case,FALSE,proofrail,synthetic_research
2026-01-10T06:13,GOOD,txn_0004702,cust_payer_69368,USA,6138.38,cust_payee_30034,UNITED-KINGDOM,INVOICE_PAYMENT,proofrail_synthetic,conditional_settlement_case,FALSE,proofrail,synthetic_research
2026-01-10T06:14,BAD,txn_0004703,cust_payer_74856,USA,1795.95,cust_payee_63568,CANADA,MILESTONE_PAYMENT,proofrail_synthetic,conditional_settlement_case,TRUE,proofrail,synthetic_research
2026-01-10T06:15,GOOD,txn_0004704,cust_payer_20461,USA,4623.21,cust_payee_83187,GERMANY,INVOICE_PAYMENT,proofrail_synthetic,conditional_settlement_case,FALSE,proofrail,synthetic_research
2026-01-10T06:17,GOOD,txn_0004705,cust_payer_18212,USA,4481.05,cust_payee_08013,CANADA,INVOICE_PAYMENT,proofrail_synthetic,conditional_settlement_case,FALSE,proofrail,synthetic_research
2026-01-10T06:18,GOOD,txn_0004706,cust_payer_84249,USA,3962.09,cust_payee_60553,USA,MILESTONE_PAYMENT,proofrail_synthetic,conditional_settlement_case,FALSE,proofrail,synthetic_research
2026-01-10T06:19,REVIEW,txn_0004707,cust_payer_86622,USA,1615.51,cust_payee_61776,MEXICO,INVOICE_PAYMENT,proofrail_synthetic,conditional_settlement_case,FALSE,proofrail,synthetic_research
2026-01-10T06:20,GOOD,txn_0004708,cust_payer_06949,USA,246.29,cust_payee_99405,USA,MILESTONE_PAYMENT,proofrail_synthetic,conditional_settlement_case,FALSE,proofrail,synthetic_research
2026-01-10T06:22,GOOD,txn_0004709,cust_payer_93569,USA,7530.8,cust_payee_58913,USA,GOODS_SETTLEMENT,proofrail_synthetic,conditional_settlement_case,FALSE,proofrail,synthetic_research
2026-01-10T06:26,GOOD,txn_0004710,cust_payer_09003,USA,8097.56,cust_payee_51395,USA,SERVICE_RETAINER,proofrail_synthetic,conditional_settlement_case,FALSE,proofrail,synthetic_research
2026-01-10T06:27,GOOD,txn_0004711,cust_payer_76274,USA,448.98,cust_payee_02709,USA,GOODS_SETTLEMENT,proofrail_synthetic,conditional_settlement_case,FALSE,proofrail,synthetic_research
2026-01-10T06:28,GOOD,txn_0004712,cust_payer_63556,CANADA,1608.36,cust_payee_98780,CANADA,INVOICE_PAYMENT,proofrail_synthetic,conditional_settlement_case,FALSE,proofrail,synthetic_research
2026-01-10T06:30,GOOD,txn_0004713,cust_payer_62155,USA,7935.48,cust_payee_80281,USA,MILESTONE_PAYMENT,proofrail_synthetic,conditional_settlement_case,FALSE,proofrail,synthetic_research
2026-01-10T06:32,GOOD,txn_0004714,cust_payer_60565,UNITED-KINGDOM,5667.52,cust_payee_21838,USA,INVOICE_PAYMENT,proofrail_synthetic,conditional_settlement_case,FALSE,proofrail,synthetic_research
2026-01-10T06:36,REVIEW,txn_0004715,cust_payer_57069,UNITED-KINGDOM,312.83,cust_payee_18616,USA,MILESTONE_PAYMENT,proofrail_synthetic,conditional_settlement_case,TRUE,proofrail,synthetic_research
2026-01-10T06:38,GOOD,txn_0004716,cust_payer_26334,USA,452.9,cust_payee_33288,USA,GOODS_SETTLEMENT,proofrail_synthetic,conditional_settlement_case,FALSE,proofrail,synthetic_research
2026-01-10T06:38,GOOD,txn_0004717,cust_payer_69441,USA,589.69,cust_payee_80096,USA,INVOICE_PAYMENT,proofrail_synthetic,conditional_settlement_case,FALSE,proofrail,synthetic_research
2026-01-10T06:51,REVIEW,txn_0004718,cust_payer_64408,USA,4013.84,cust_payee_25514,USA,INVOICE_PAYMENT,proofrail_synthetic,conditional_settlement_case,FALSE,proofrail,synthetic_research
2026-01-10T06:52,GOOD,txn_0004719,cust_payer_26435,USA,544.42,cust_payee_10065,USA,GOODS_SETTLEMENT,proofrail_synthetic,conditional_settlement_case,FALSE,proofrail,synthetic_research
2026-01-10T06:52,BAD,txn_0004720,cust_payer_10569,USA,66088.62,cust_payee_90541,USA,INVOICE_PAYMENT,proofrail_synthetic,conditional_settlement_case,TRUE,proofrail,synthetic_research
2026-01-10T06:53,REVIEW,txn_0004721,cust_payer_88233,USA,446.94,cust_payee_32478,USA,MILESTONE_PAYMENT,proofrail_synthetic,conditional_settlement_case,TRUE,proofrail,synthetic_research
2026-01-10T06:56,BAD,txn_0004722,cust_payer_84125,UNITED-KINGDOM,2370.28,cust_payee_33107,USA,SERVICE_RETAINER,proofrail_synthetic,conditional_settlement_case,TRUE,proofrail,synthetic_research
2026-01-10T06:57,GOOD,txn_0004723,cust_payer_72764,USA,4998.12,cust_payee_16313,USA,GOODS_SETTLEMENT,proofrail_synthetic,conditional_settlement_case,FALSE,proofrail,synthetic_research
2026-01-10T06:58,BAD,txn_0004724,cust_payer_95704,USA,1288.76,cust_payee_07050,GERMANY,GOODS_SETTLEMENT,proofrail_synthetic,conditional_settlement_case,TRUE,proofrail,synthetic_research
2026-01-10T06:58,REVIEW,txn_0004725,cust_payer_97441,USA,6434.97,cust_payee_04463,GERMANY,INVOICE_PAYMENT,proofrail_synthetic,conditional_settlement_case,TRUE,proofrail,synthetic_research
2026-01-10T06:59,GOOD,txn_0004726,cust_payer_54759,USA,3213.47,cust_payee_71371,USA,INVOICE_PAYMENT,proofrail_synthetic,conditional_settlement_case,FALSE,proofrail,synthetic_research
2026-01-10T07:00,GOOD,txn_0004727,cust_payer_87463,CANADA,1282.32,cust_payee_99747,USA,GOODS_SETTLEMENT,proofrail_synthetic,conditional_settlement_case,FALSE,proofrail,synthetic_research
2026-01-10T07:03,REVIEW,txn_0004728,cust_payer_55459,USA,875.53,cust_payee_94833,USA,INVOICE_PAYMENT,proofrail_synthetic,conditional_settlement_case,TRUE,proofrail,synthetic_research
2026-01-10T07:04,GOOD,txn_0004729,cust_payer_05991,USA,1365.62,cust_payee_57536,USA,INVOICE_PAYMENT,proofrail_synthetic,conditional_settlement_case,FALSE,proofrail,synthetic_research
2026-01-10T07:04,GOOD,txn_0004730,cust_payer_35402,USA,1802.24,cust_payee_40475,USA,GOODS_SETTLEMENT,proofrail_synthetic,conditional_settlement_case,FALSE,proofrail,synthetic_research
2026-01-10T07:05,GOOD,txn_0004731,cust_payer_47749,USA,428.97,cust_payee_09416,SINGAPORE,INVOICE_PAYMENT,proofrail_synthetic,conditional_settlement_case,FALSE,proofrail,synthetic_research
2026-01-10T07:05,GOOD,txn_0004732,cust_payer_12996,SINGAPORE,2149.1,cust_payee_17403,USA,MILESTONE_PAYMENT,proofrail_synthetic,conditional_settlement_case,FALSE,proofrail,synthetic_research
2026-01-10T07:05,GOOD,txn_0004733,cust_payer_69455,USA,932.13,cust_payee_26222,MEXICO,SERVICE_RETAINER,proofrail_synthetic,conditional_settlement_case,FALSE,proofrail,synthetic_research
2026-01-10T07:06,REVIEW,txn_0004734,cust_payer_73115,MEXICO,2089.67,cust_payee_86502,USA,GOODS_SETTLEMENT,proofrail_synthetic,conditional_settlement_case,FALSE,proofrail,synthetic_research
2026-01-10T07:08,GOOD,txn_0004735,cust_payer_64957,USA,2067.85,cust_payee_75934,USA,MILESTONE_PAYMENT,proofrail_synthetic,conditional_settlement_case,FALSE,proofrail,synthetic_research
2026-01-10T07:08,GOOD,txn_0004736,cust_payer_49174,USA,6262.81,cust_payee_16520,USA,INVOICE_PAYMENT,proofrail_synthetic,conditional_settlement_case,FALSE,proofrail,synthetic_research
2026-01-10T07:09,GOOD,txn_0004737,cust_payer_73310,USA,11043.95,cust_payee_84581,USA,INVOICE_PAYMENT,proofrail_synthetic,conditional_settlement_case,FALSE,proofrail,synthetic_research
2026-01-10T07:10,GOOD,txn_0004738,cust_payer_04272,USA,7614.38,cust_payee_95768,USA,INVOICE_PAYMENT,proofrail_synthetic,conditional_settlement_case,FALSE,proofrail,synthetic_research
2026-01-10T07:12,GOOD,txn_0004739,cust_payer_49626,CANADA,3654.16,cust_payee_98151,USA,INVOICE_PAYMENT,proofrail_synthetic,conditional_settlement_case,FALSE,proofrail,synthetic_research
2026-01-10T07:16,GOOD,txn_0004740,cust_payer_16210,CANADA,4824.96,cust_payee_97118,USA,GOODS_SETTLEMENT,proofrail_synthetic,conditional_settlement_case,FALSE,proofrail,synthetic_research
2026-01-10T07:16,REVIEW,txn_0004741,cust_payer_17573,USA,7330.98,cust_payee_49336,MEXICO,SERVICE_RETAINER,proofrail_synthetic,conditional_settlement_case,FALSE,proofrail,synthetic_research
2026-01-10T07:25,BAD,txn_0004742,cust_payer_81097,USA,2177.06,cust_payee_10554,USA,GOODS_SETTLEMENT,proofrail_synthetic,conditional_settlement_case,TRUE,proofrail,synthetic_research
2026-01-10T07:29,GOOD,txn_0004743,cust_payer_92146,USA,3801.48,cust_payee_07876,USA,GOODS_SETTLEMENT,proofrail_synthetic,conditional_settlement_case,FALSE,proofrail,synthetic_research
2026-01-10T07:31,GOOD,txn_0004744,cust_payer_06254,USA,498.34,cust_payee_10743,USA,GOODS_SETTLEMENT,proofrail_synthetic,conditional_settlement_case,FALSE,proofrail,synthetic_research
2026-01-10T07:31,GOOD,txn_0004745,cust_payer_08814,USA,2302.7,cust_payee_64031,USA,MILESTONE_PAYMENT,proofrail_synthetic,conditional_settlement_case,FALSE,proofrail,synthetic_research
2026-01-10T07:32,GOOD,txn_0004746,cust_payer_43974,USA,1213.57,cust_payee_70654,USA,INVOICE_PAYMENT,proofrail_synthetic,conditional_settlement_case,FALSE,proofrail,synthetic_research
2026-01-10T07:38,GOOD,txn_0004747,cust_payer_49342,USA,838.72,cust_payee_29225,USA,MILESTONE_PAYMENT,proofrail_synthetic,conditional_settlement_case,FALSE,proofrail,synthetic_research
2026-01-10T07:38,GOOD,txn_0004748,cust_payer_98676,USA,1164.51,cust_payee_88955,GERMANY,GOODS_SETTLEMENT,proofrail_synthetic,conditional_settlement_case,FALSE,proofrail,synthetic_research
2026-01-10T07:39,GOOD,txn_0004749,cust_payer_20975,USA,7015.2,cust_payee_30701,USA,INVOICE_PAYMENT,proofrail_synthetic,conditional_settlement_case,FALSE,proofrail,synthetic_research
2026-01-10T07:41,BAD,txn_0004750,cust_payer_89340,USA,8730.37,cust_payee_44119,USA,GOODS_SETTLEMENT,proofrail_synthetic,conditional_settlement_case,TRUE,proofrail,synthetic_research
2026-01-10T07:41,REVIEW,txn_0004751,cust_payer_89382,USA,1159.68,cust_payee_99582,GERMANY,SERVICE_RETAINER,proofrail_synthetic,conditional_settlement_case,TRUE,proofrail,synthetic_research
2026-01-10T07:42,GOOD,txn_0004752,cust_payer_92078,USA,1872.52,cust_payee_10954,CANADA,INVOICE_PAYMENT,proofrail_synthetic,conditional_settlement_case,FALSE,proofrail,synthetic_research
2026-01-10T07:45,GOOD,txn_0004753,cust_payer_01711,USA,6970.12,cust_payee_15482,USA,SERVICE_RETAINER,proofrail_synthetic,conditional_settlement_case,FALSE,proofrail,synthetic_research
2026-01-10T07:46,GOOD,txn_0004754,cust_payer_75411,USA,21951.59,cust_payee_77671,USA,INVOICE_PAYMENT,proofrail_synthetic,conditional_settlement_case,FALSE,proofrail,synthetic_research
2026-01-10T07:48,GOOD,txn_0004755,cust_payer_61859,USA,1985.27,cust_payee_18181,CANADA,MILESTONE_PAYMENT,proofrail_synthetic,conditional_settlement_case,FALSE,proofrail,synthetic_research
2026-01-10T07:50,REVIEW,txn_0004756,cust_payer_63730,CANADA,940.91,cust_payee_92736,USA,SERVICE_RETAINER,proofrail_synthetic,conditional_settlement_case,FALSE,proofrail,synthetic_research
2026-01-10T07:50,GOOD,txn_0004757,cust_payer_79312,USA,8771.94,cust_payee_66203,USA,SERVICE_RETAINER,proofrail_synthetic,conditional_settlement_case,FALSE,proofrail,synthetic_research
2026-01-10T07:50,GOOD,txn_0004758,cust_payer_53239,UNITED-KINGDOM,3990.99,cust_payee_65868,USA,MILESTONE_PAYMENT,proofrail_synthetic,conditional_settlement_case,FALSE,proofrail,synthetic_research
2026-01-10T07:54,REVIEW,txn_0004759,cust_payer_49052,USA,19313.64,cust_payee_31830,USA,SERVICE_RETAINER,proofrail_synthetic,conditional_settlement_case,FALSE,proofrail,synthetic_research
2026-01-10T07:55,GOOD,txn_0004760,cust_payer_03013,USA,3228.38,cust_payee_12741,USA,INVOICE_PAYMENT,proofrail_synthetic,conditional_settlement_case,FALSE,proofrail,synthetic_research
2026-01-10T07:55,GOOD,txn_0004761,cust_payer_59713,USA,5672.71,cust_payee_46008,USA,GOODS_SETTLEMENT,proofrail_synthetic,conditional_settlement_case,FALSE,proofrail,synthetic_research
2026-01-10T07:56,REVIEW,txn_0004762,cust_payer_33001,USA,4421.48,cust_payee_60733,USA,MILESTONE_PAYMENT,proofrail_synthetic,conditional_settlement_case,TRUE,proofrail,synthetic_research
2026-01-10T07:56,BAD,txn_0004763,cust_payer_69824,USA,2444.08,cust_payee_38856,UNITED-KINGDOM,INVOICE_PAYMENT,proofrail_synthetic,conditional_settlement_case,TRUE,proofrail,synthetic_research
2026-01-10T07:58,GOOD,txn_0004764,cust_payer_75016,USA,3230.44,cust_payee_63373,USA,MILESTONE_PAYMENT,proofrail_synthetic,conditional_settlement_case,FALSE,proofrail,synthetic_research
2026-01-10T08:01,GOOD,txn_0004765,cust_payer_65818,CANADA,1422.38,cust_payee_01365,USA,MILESTONE_PAYMENT,proofrail_synthetic,conditional_settlement_case,FALSE,proofrail,synthetic_research
2026-01-10T08:02,GOOD,txn_0004766,cust_payer_75382,USA,1155.79,cust_payee_98838,USA,MILESTONE_PAYMENT,proofrail_synthetic,conditional_settlement_case,FALSE,proofrail,synthetic_research
2026-01-10T08:03,GOOD,txn_0004767,cust_payer_86099,CANADA,1014.97,cust_payee_00063,USA,INVOICE_PAYMENT,proofrail_synthetic,conditional_settlement_case,FALSE,proofrail,synthetic_research
2026-01-10T08:04,GOOD,txn_0004768,cust_payer_69163,USA,645.37,cust_payee_69978,USA,GOODS_SETTLEMENT,proofrail_synthetic,conditional_settlement_case,FALSE,proofrail,synthetic_research
2026-01-10T08:06,GOOD,txn_0004769,cust_payer_18345,CANADA,1720.55,cust_payee_20999,UNITED-KINGDOM,INVOICE_PAYMENT,proofrail_synthetic,conditional_settlement_case,FALSE,proofrail,synthetic_research
2026-01-10T08:08,BAD,txn_0004770,cust_payer_41541,USA,2030.21,cust_payee_39570,USA,INVOICE_PAYMENT,proofrail_synthetic,conditional_settlement_case,TRUE,proofrail,synthetic_research
2026-01-10T08:10,GOOD,txn_0004771,cust_payer_09320,USA,3356.48,cust_payee_47633,USA,GOODS_SETTLEMENT,proofrail_synthetic,conditional_settlement_case,FALSE,proofrail,synthetic_research
2026-01-10T08:10,REVIEW,txn_0004772,cust_payer_12412,USA,6276.63,cust_payee_89790,USA,MILESTONE_PAYMENT,proofrail_synthetic,conditional_settlement_case,TRUE,proofrail,synthetic_research
2026-01-10T08:11,GOOD,txn_0004773,cust_payer_38158,CANADA,3027,cust_payee_97492,USA,SERVICE_RETAINER,proofrail_synthetic,conditional_settlement_case,FALSE,proofrail,synthetic_research
2026-01-10T08:12,BAD,txn_0004774,cust_payer_94788,USA,8705.48,cust_payee_17605,SINGAPORE,GOODS_SETTLEMENT,proofrail_synthetic,conditional_settlement_case,TRUE,proofrail,synthetic_research
2026-01-10T08:14,GOOD,txn_0004775,cust_payer_78291,USA,10815.97,cust_payee_62351,USA,MILESTONE_PAYMENT,proofrail_synthetic,conditional_settlement_case,FALSE,proofrail,synthetic_research
2026-01-10T08:14,GOOD,txn_0004776,cust_payer_65442,USA,1881.65,cust_payee_46098,USA,GOODS_SETTLEMENT,proofrail_synthetic,conditional_settlement_case,FALSE,proofrail,synthetic_research
2026-01-10T08:15,GOOD,txn_0004777,cust_payer_57557,USA,2511.27,cust_payee_45158,USA,INVOICE_PAYMENT,proofrail_synthetic,conditional_settlement_case,FALSE,proofrail,synthetic_research
2026-01-10T08:15,GOOD,txn_0004778,cust_payer_61450,USA,2105.04,cust_payee_86841,USA,INVOICE_PAYMENT,proofrail_synthetic,conditional_settlement_case,FALSE,proofrail,synthetic_research
2026-01-10T08:17,GOOD,txn_0004779,cust_payer_01612,USA,2103.26,cust_payee_56796,USA,INVOICE_PAYMENT,proofrail_synthetic,conditional_settlement_case,FALSE,proofrail,synthetic_research
2026-01-10T08:18,GOOD,txn_0004780,cust_payer_76980,USA,1478.29,cust_payee_76580,USA,INVOICE_PAYMENT,proofrail_synthetic,conditional_settlement_case,FALSE,proofrail,synthetic_research
2026-01-10T08:19,GOOD,txn_0004781,cust_payer_56573,USA,302.05,cust_payee_03952,USA,INVOICE_PAYMENT,proofrail_synthetic,conditional_settlement_case,FALSE,proofrail,synthetic_research
2026-01-10T08:23,GOOD,txn_0004782,cust_payer_35816,USA,3453.33,cust_payee_43032,USA,GOODS_SETTLEMENT,proofrail_synthetic,conditional_settlement_case,FALSE,proofrail,synthetic_research
2026-01-10T08:27,GOOD,txn_0004783,cust_payer_33036,GERMANY,222.97,cust_payee_03783,USA,MILESTONE_PAYMENT,proofrail_synthetic,conditional_settlement_case,FALSE,proofrail,synthetic_research
2026-01-10T08:27,GOOD,txn_0004784,cust_payer_59625,USA,3440.06,cust_payee_23668,MEXICO,INVOICE_PAYMENT,proofrail_synthetic,conditional_settlement_case,FALSE,proofrail,synthetic_research
2026-01-10T08:28,REVIEW,txn_0004785,cust_payer_74042,USA,3801.71,cust_payee_29101,USA,GOODS_SETTLEMENT,proofrail_synthetic,conditional_settlement_case,TRUE,proofrail,synthetic_research
2026-01-10T08:31,GOOD,txn_0004786,cust_payer_06662,SINGAPORE,650.75,cust_payee_07292,USA,MILESTONE_PAYMENT,proofrail_synthetic,conditional_settlement_case,FALSE,proofrail,synthetic_research
2026-01-10T08:31,GOOD,txn_0004787,cust_payer_45262,UNITED-KINGDOM,530.12,cust_payee_96516,CANADA,MILESTONE_PAYMENT,proofrail_synthetic,conditional_settlement_case,FALSE,proofrail,synthetic_research
2026-01-10T08:31,REVIEW,txn_0004788,cust_payer_73108,USA,8764.93,cust_payee_72053,USA,INVOICE_PAYMENT,proofrail_synthetic,conditional_settlement_case,TRUE,proofrail,synthetic_research
2026-01-10T08:32,GOOD,txn_0004789,cust_payer_69461,CANADA,1273.37,cust_payee_94712,CANADA,MILESTONE_PAYMENT,proofrail_synthetic,conditional_settlement_case,FALSE,proofrail,synthetic_research
2026-01-10T08:33,GOOD,txn_0004790,cust_payer_22062,USA,654.39,cust_payee_88840,USA,INVOICE_PAYMENT,proofrail_synthetic,conditional_settlement_case,FALSE,proofrail,synthetic_research
2026-01-10T08:33,GOOD,txn_0004791,cust_payer_90908,USA,2159,cust_payee_50112,USA,GOODS_SETTLEMENT,proofrail_synthetic,conditional_settlement_case,FALSE,proofrail,synthetic_research
2026-01-10T08:35,GOOD,txn_0004792,cust_payer_83006,UNITED-KINGDOM,9167.7,cust_payee_34542,USA,INVOICE_PAYMENT,proofrail_synthetic,conditional_settlement_case,FALSE,proofrail,synthetic_research
2026-01-10T08:35,GOOD,txn_0004793,cust_payer_71172,USA,785.45,cust_payee_67046,SINGAPORE,GOODS_SETTLEMENT,proofrail_synthetic,conditional_settlement_case,FALSE,proofrail,synthetic_research
2026-01-10T08:36,BAD,txn_0004794,cust_payer_74539,USA,938.07,cust_payee_91526,USA,INVOICE_PAYMENT,proofrail_synthetic,conditional_settlement_case,TRUE,proofrail,synthetic_research
2026-01-10T08:36,GOOD,txn_0004795,cust_payer_76174,USA,1371.62,cust_payee_04239,USA,GOODS_SETTLEMENT,proofrail_synthetic,conditional_settlement_case,FALSE,proofrail,synthetic_research
2026-01-10T08:38,REVIEW,txn_0004796,cust_payer_80231,USA,3733.58,cust_payee_53401,USA,MILESTONE_PAYMENT,proofrail_synthetic,conditional_settlement_case,TRUE,proofrail,synthetic_research
2026-01-10T08:39,BAD,txn_0004797,cust_payer_67590,UNITED-KINGDOM,7797.85,cust_payee_87963,USA,MILESTONE_PAYMENT,proofrail_synthetic,conditional_settlement_case,TRUE,proofrail,synthetic_research
2026-01-10T08:40,BAD,txn_0004798,cust_payer_04349,USA,3333.23,cust_payee_69794,USA,SERVICE_RETAINER,proofrail_synthetic,conditional_settlement_case,TRUE,proofrail,synthetic_research
2026-01-10T08:41,GOOD,txn_0004799,cust_payer_33979,USA,769.52,cust_payee_55412,USA,GOODS_SETTLEMENT,proofrail_synthetic,conditional_settlement_case,FALSE,proofrail,synthetic_research
2026-01-10T08:43,GOOD,txn_0004800,cust_payer_83869,USA,979.67,cust_payee_23847,USA,MILESTONE_PAYMENT,proofrail_synthetic,conditional_settlement_case,FALSE,proofrail,synthetic_research
2026-01-10T08:45,REVIEW,txn_0004801,cust_payer_19538,USA,24970.32,cust_payee_84485,USA,MILESTONE_PAYMENT,proofrail_synthetic,conditional_settlement_case,TRUE,proofrail,synthetic_research
2026-01-10T08:45,GOOD,txn_0004802,cust_payer_82689,USA,1187.79,cust_payee_84689,USA,SERVICE_RETAINER,proofrail_synthetic,conditional_settlement_case,FALSE,proofrail,synthetic_research
2026-01-10T08:47,BAD,txn_0004803,cust_payer_42540,USA,4110.96,cust_payee_96250,USA,INVOICE_PAYMENT,proofrail_synthetic,conditional_settlement_case,TRUE,proofrail,synthetic_research
2026-01-10T08:50,GOOD,txn_0004804,cust_payer_54852,USA,1968.67,cust_payee_25464,USA,GOODS_SETTLEMENT,proofrail_synthetic,conditional_settlement_case,FALSE,proofrail,synthetic_research
2026-01-10T08:51,GOOD,txn_0004805,cust_payer_78822,USA,2628.87,cust_payee_68235,USA,INVOICE_PAYMENT,proofrail_synthetic,conditional_settlement_case,FALSE,proofrail,synthetic_research
2026-01-10T08:53,GOOD,txn_0004806,cust_payer_54017,USA,1108.29,cust_payee_62999,USA,GOODS_SETTLEMENT,proofrail_synthetic,conditional_settlement_case,FALSE,proofrail,synthetic_research
2026-01-10T08:54,GOOD,txn_0004807,cust_payer_85690,USA,1364.17,cust_payee_33044,USA,INVOICE_PAYMENT,proofrail_synthetic,conditional_settlement_case,FALSE,proofrail,synthetic_research
2026-01-10T08:57,REVIEW,txn_0004808,cust_payer_47930,USA,1994.9,cust_payee_25044,USA,MILESTONE_PAYMENT,proofrail_synthetic,conditional_settlement_case,TRUE,proofrail,synthetic_research
2026-01-10T08:58,GOOD,txn_0004809,cust_payer_03795,USA,1023.04,cust_payee_88548,USA,MILESTONE_PAYMENT,proofrail_synthetic,conditional_settlement_case,FALSE,proofrail,synthetic_research
2026-01-10T09:00,BAD,txn_0004810,cust_payer_31362,USA,2960.15,cust_payee_59806,USA,SERVICE_RETAINER,proofrail_synthetic,conditional_settlement_case,TRUE,proofrail,synthetic_research
2026-01-10T09:02,REVIEW,txn_0004811,cust_payer_59512,USA,2284.44,cust_payee_44053,USA,GOODS_SETTLEMENT,proofrail_synthetic,conditional_settlement_case,TRUE,proofrail,synthetic_research
2026-01-10T09:04,REVIEW,txn_0004812,cust_payer_52275,USA,3006.24,cust_payee_26589,USA,GOODS_SETTLEMENT,proofrail_synthetic,conditional_settlement_case,TRUE,proofrail,synthetic_research
2026-01-10T09:07,BAD,txn_0004813,cust_payer_12408,CANADA,10469.09,cust_payee_31204,USA,MILESTONE_PAYMENT,proofrail_synthetic,conditional_settlement_case,TRUE,proofrail,synthetic_research
2026-01-10T09:09,GOOD,txn_0004814,cust_payer_33505,USA,3331.5,cust_payee_88353,USA,INVOICE_PAYMENT,proofrail_synthetic,conditional_settlement_case,FALSE,proofrail,synthetic_research
2026-01-10T09:10,GOOD,txn_0004815,cust_payer_73032,CANADA,4227.36,cust_payee_55815,USA,INVOICE_PAYMENT,proofrail_synthetic,conditional_settlement_case,FALSE,proofrail,synthetic_research
2026-01-10T09:11,BAD,txn_0004816,cust_payer_29125,USA,5430.02,cust_payee_56258,USA,INVOICE_PAYMENT,proofrail_synthetic,conditional_settlement_case,TRUE,proofrail,synthetic_research
2026-01-10T09:15,REVIEW,txn_0004817,cust_payer_56884,UNITED-KINGDOM,2247.88,cust_payee_64230,USA,GOODS_SETTLEMENT,proofrail_synthetic,conditional_settlement_case,TRUE,proofrail,synthetic_research
2026-01-10T09:16,GOOD,txn_0004818,cust_payer_81794,USA,1693.07,cust_payee_94558,USA,INVOICE_PAYMENT,proofrail_synthetic,conditional_settlement_case,FALSE,proofrail,synthetic_research
2026-01-10T09:19,BAD,txn_0004819,cust_payer_01823,CANADA,15316.61,cust_payee_72146,USA,INVOICE_PAYMENT,proofrail_synthetic,conditional_settlement_case,TRUE,proofrail,synthetic_research
2026-01-10T09:20,GOOD,txn_0004820,cust_payer_10862,USA,8647.57,cust_payee_83365,USA,INVOICE_PAYMENT,proofrail_synthetic,conditional_settlement_case,FALSE,proofrail,synthetic_research
2026-01-10T09:20,REVIEW,txn_0004821,cust_payer_05112,USA,1150.23,cust_payee_40071,USA,INVOICE_PAYMENT,proofrail_synthetic,conditional_settlement_case,TRUE,proofrail,synthetic_research
2026-01-10T09:22,GOOD,txn_0004822,cust_payer_20591,UNITED-KINGDOM,1542.42,cust_payee_64056,USA,SERVICE_RETAINER,proofrail_synthetic,conditional_settlement_case,FALSE,proofrail,synthetic_research
2026-01-10T09:23,REVIEW,txn_0004823,cust_payer_60728,USA,365.37,cust_payee_46533,USA,GOODS_SETTLEMENT,proofrail_synthetic,conditional_settlement_case,TRUE,proofrail,synthetic_research
2026-01-10T09:23,GOOD,txn_0004824,cust_payer_72387,USA,3304.44,cust_payee_59740,USA,SERVICE_RETAINER,proofrail_synthetic,conditional_settlement_case,FALSE,proofrail,synthetic_research
2026-01-10T09:24,BAD,txn_0004825,cust_payer_72229,USA,1943.12,cust_payee_13486,USA,MILESTONE_PAYMENT,proofrail_synthetic,conditional_settlement_case,TRUE,proofrail,synthetic_research
2026-01-10T09:24,GOOD,txn_0004826,cust_payer_83829,USA,5073.68,cust_payee_57400,USA,INVOICE_PAYMENT,proofrail_synthetic,conditional_settlement_case,FALSE,proofrail,synthetic_research
2026-01-10T09:25,REVIEW,txn_0004827,cust_payer_80204,SINGAPORE,733.6,cust_payee_22010,USA,MILESTONE_PAYMENT,proofrail_synthetic,conditional_settlement_case,FALSE,proofrail,synthetic_research
2026-01-10T09:25,GOOD,txn_0004828,cust_payer_54720,USA,23000.69,cust_payee_03350,USA,MILESTONE_PAYMENT,proofrail_synthetic,conditional_settlement_case,FALSE,proofrail,synthetic_research
2026-01-10T09:25,GOOD,txn_0004829,cust_payer_13490,USA,6967.62,cust_payee_71282,USA,INVOICE_PAYMENT,proofrail_synthetic,conditional_settlement_case,FALSE,proofrail,synthetic_research
2026-01-10T09:26,REVIEW,txn_0004830,cust_payer_57188,USA,3609.2,cust_payee_02322,CANADA,INVOICE_PAYMENT,proofrail_synthetic,conditional_settlement_case,TRUE,proofrail,synthetic_research
2026-01-10T09:27,GOOD,txn_0004831,cust_payer_18081,USA,732.73,cust_payee_31958,USA,SERVICE_RETAINER,proofrail_synthetic,conditional_settlement_case,FALSE,proofrail,synthetic_research
2026-01-10T09:28,GOOD,txn_0004832,cust_payer_99586,USA,733.96,cust_payee_80423,USA,GOODS_SETTLEMENT,proofrail_synthetic,conditional_settlement_case,FALSE,proofrail,synthetic_research
2026-01-10T09:28,GOOD,txn_0004833,cust_payer_27228,USA,137.65,cust_payee_43298,USA,INVOICE_PAYMENT,proofrail_synthetic,conditional_settlement_case,FALSE,proofrail,synthetic_research
2026-01-10T09:32,BAD,txn_0004834,cust_payer_98256,USA,9268.34,cust_payee_71247,SINGAPORE,MILESTONE_PAYMENT,proofrail_synthetic,conditional_settlement_case,TRUE,proofrail,synthetic_research
2026-01-10T09:33,REVIEW,txn_0004835,cust_payer_26475,USA,1155.22,cust_payee_84707,USA,GOODS_SETTLEMENT,proofrail_synthetic,conditional_settlement_case,TRUE,proofrail,synthetic_research
2026-01-10T09:35,GOOD,txn_0004836,cust_payer_26585,USA,4783.34,cust_payee_32264,USA,INVOICE_PAYMENT,proofrail_synthetic,conditional_settlement_case,FALSE,proofrail,synthetic_research
2026-01-10T09:35,GOOD,txn_0004837,cust_payer_85783,USA,4716.62,cust_payee_30142,USA,GOODS_SETTLEMENT,proofrail_synthetic,conditional_settlement_case,FALSE,proofrail,synthetic_research
2026-01-10T09:36,REVIEW,txn_0004838,cust_payer_39970,USA,3022.51,cust_payee_44505,USA,SERVICE_RETAINER,proofrail_synthetic,conditional_settlement_case,TRUE,proofrail,synthetic_research
2026-01-10T09:37,GOOD,txn_0004839,cust_payer_52263,USA,11764.07,cust_payee_10946,USA,MILESTONE_PAYMENT,proofrail_synthetic,conditional_settlement_case,FALSE,proofrail,synthetic_research
2026-01-10T09:39,BAD,txn_0004840,cust_payer_72926,CANADA,931.03,cust_payee_98912,USA,INVOICE_PAYMENT,proofrail_synthetic,conditional_settlement_case,TRUE,proofrail,synthetic_research
2026-01-10T09:39,REVIEW,txn_0004841,cust_payer_86786,CANADA,412.48,cust_payee_85223,USA,INVOICE_PAYMENT,proofrail_synthetic,conditional_settlement_case,TRUE,proofrail,synthetic_research
2026-01-10T09:39,BAD,txn_0004842,cust_payer_67838,USA,91913.9,cust_payee_60816,USA,INVOICE_PAYMENT,proofrail_synthetic,conditional_settlement_case,TRUE,proofrail,synthetic_research
2026-01-10T09:40,BAD,txn_0004843,cust_payer_01481,USA,653.08,cust_payee_75336,USA,INVOICE_PAYMENT,proofrail_synthetic,conditional_settlement_case,TRUE,proofrail,synthetic_research
2026-01-10T09:42,REVIEW,txn_0004844,cust_payer_99437,USA,7998.55,cust_payee_57895,USA,INVOICE_PAYMENT,proofrail_synthetic,conditional_settlement_case,FALSE,proofrail,synthetic_research
2026-01-10T09:44,GOOD,txn_0004845,cust_payer_28517,CANADA,1125.29,cust_payee_16751,USA,INVOICE_PAYMENT,proofrail_synthetic,conditional_settlement_case,FALSE,proofrail,synthetic_research
2026-01-10T09:44,BAD,txn_0004846,cust_payer_16914,USA,3606.53,cust_payee_78150,USA,INVOICE_PAYMENT,proofrail_synthetic,conditional_settlement_case,TRUE,proofrail,synthetic_research
2026-01-10T09:45,GOOD,txn_0004847,cust_payer_10985,USA,4313.29,cust_payee_67036,USA,INVOICE_PAYMENT,proofrail_synthetic,conditional_settlement_case,FALSE,proofrail,synthetic_research
2026-01-10T09:45,GOOD,txn_0004848,cust_payer_29881,USA,1194.17,cust_payee_46158,USA,INVOICE_PAYMENT,proofrail_synthetic,conditional_settlement_case,FALSE,proofrail,synthetic_research
2026-01-10T09:46,GOOD,txn_0004849,cust_payer_60018,USA,264.72,cust_payee_86098,GERMANY,SERVICE_RETAINER,proofrail_synthetic,conditional_settlement_case,FALSE,proofrail,synthetic_research
2026-01-10T09:47,GOOD,txn_0004850,cust_payer_40644,CANADA,907.73,cust_payee_08208,USA,INVOICE_PAYMENT,proofrail_synthetic,conditional_settlement_case,FALSE,proofrail,synthetic_research
2026-01-10T09:49,GOOD,txn_0004851,cust_payer_26494,UNITED-KINGDOM,481.9,cust_payee_94452,USA,GOODS_SETTLEMENT,proofrail_synthetic,conditional_settlement_case,FALSE,proofrail,synthetic_research
2026-01-10T09:49,GOOD,txn_0004852,cust_payer_88228,USA,3013.71,cust_payee_29065,USA,MILESTONE_PAYMENT,proofrail_synthetic,conditional_settlement_case,FALSE,proofrail,synthetic_research
2026-01-10T09:53,REVIEW,txn_0004853,cust_payer_91749,USA,871.54,cust_payee_47142,USA,INVOICE_PAYMENT,proofrail_synthetic,conditional_settlement_case,FALSE,proofrail,synthetic_research
2026-01-10T09:54,GOOD,txn_0004854,cust_payer_01957,USA,5604.35,cust_payee_31322,USA,GOODS_SETTLEMENT,proofrail_synthetic,conditional_settlement_case,FALSE,proofrail,synthetic_research
2026-01-10T09:54,REVIEW,txn_0004855,cust_payer_96172,USA,4105.09,cust_payee_09058,USA,INVOICE_PAYMENT,proofrail_synthetic,conditional_settlement_case,TRUE,proofrail,synthetic_research
2026-01-10T09:56,GOOD,txn_0004856,cust_payer_56207,USA,294.15,cust_payee_43721,USA,INVOICE_PAYMENT,proofrail_synthetic,conditional_settlement_case,FALSE,proofrail,synthetic_research
2026-01-10T09:57,REVIEW,txn_0004857,cust_payer_78002,USA,952.46,cust_payee_89408,USA,INVOICE_PAYMENT,proofrail_synthetic,conditional_settlement_case,FALSE,proofrail,synthetic_research
2026-01-10T09:58,GOOD,txn_0004858,cust_payer_37614,USA,1396.77,cust_payee_38099,USA,INVOICE_PAYMENT,proofrail_synthetic,conditional_settlement_case,FALSE,proofrail,synthetic_research
2026-01-10T10:00,GOOD,txn_0004859,cust_payer_58654,MEXICO,1979.8,cust_payee_99199,USA,INVOICE_PAYMENT,proofrail_synthetic,conditional_settlement_case,FALSE,proofrail,synthetic_research
2026-01-10T10:02,BAD,txn_0004860,cust_payer_82197,USA,4860.58,cust_payee_66834,MEXICO,INVOICE_PAYMENT,proofrail_synthetic,conditional_settlement_case,TRUE,proofrail,synthetic_research
2026-01-10T10:02,GOOD,txn_0004861,cust_payer_91704,USA,800.36,cust_payee_08927,USA,INVOICE_PAYMENT,proofrail_synthetic,conditional_settlement_case,FALSE,proofrail,synthetic_research
2026-01-10T10:03,GOOD,txn_0004862,cust_payer_20775,USA,862.15,cust_payee_97235,USA,GOODS_SETTLEMENT,proofrail_synthetic,conditional_settlement_case,FALSE,proofrail,synthetic_research
2026-01-10T10:04,GOOD,txn_0004863,cust_payer_94296,USA,14647.97,cust_payee_59523,CANADA,MILESTONE_PAYMENT,proofrail_synthetic,conditional_settlement_case,FALSE,proofrail,synthetic_research
2026-01-10T10:08,GOOD,txn_0004864,cust_payer_10560,USA,2717.18,cust_payee_68381,USA,GOODS_SETTLEMENT,proofrail_synthetic,conditional_settlement_case,FALSE,proofrail,synthetic_research
2026-01-10T10:10,BAD,txn_0004865,cust_payer_34304,USA,841.62,cust_payee_58302,USA,GOODS_SETTLEMENT,proofrail_synthetic,conditional_settlement_case,TRUE,proofrail,synthetic_research
2026-01-10T10:11,GOOD,txn_0004866,cust_payer_90703,USA,4389.59,cust_payee_51355,USA,GOODS_SETTLEMENT,proofrail_synthetic,conditional_settlement_case,FALSE,proofrail,synthetic_research
2026-01-10T10:11,GOOD,txn_0004867,cust_payer_36525,USA,9719.76,cust_payee_11679,USA,MILESTONE_PAYMENT,proofrail_synthetic,conditional_settlement_case,FALSE,proofrail,synthetic_research
2026-01-10T10:12,GOOD,txn_0004868,cust_payer_44913,USA,971.49,cust_payee_33454,USA,INVOICE_PAYMENT,proofrail_synthetic,conditional_settlement_case,FALSE,proofrail,synthetic_research
2026-01-10T10:16,GOOD,txn_0004869,cust_payer_79188,USA,433.34,cust_payee_77076,USA,GOODS_SETTLEMENT,proofrail_synthetic,conditional_settlement_case,FALSE,proofrail,synthetic_research
2026-01-10T10:17,REVIEW,txn_0004870,cust_payer_71225,USA,7353.67,cust_payee_24607,USA,GOODS_SETTLEMENT,proofrail_synthetic,conditional_settlement_case,TRUE,proofrail,synthetic_research
2026-01-10T10:17,GOOD,txn_0004871,cust_payer_62734,SINGAPORE,420.15,cust_payee_51916,USA,INVOICE_PAYMENT,proofrail_synthetic,conditional_settlement_case,FALSE,proofrail,synthetic_research
2026-01-10T10:17,REVIEW,txn_0004872,cust_payer_60229,SINGAPORE,1621.9,cust_payee_85738,USA,INVOICE_PAYMENT,proofrail_synthetic,conditional_settlement_case,TRUE,proofrail,synthetic_research
2026-01-10T10:19,GOOD,txn_0004873,cust_payer_12398,USA,989.72,cust_payee_20878,CANADA,GOODS_SETTLEMENT,proofrail_synthetic,conditional_settlement_case,FALSE,proofrail,synthetic_research
2026-01-10T10:19,REVIEW,txn_0004874,cust_payer_11915,USA,10706.41,cust_payee_46053,USA,SERVICE_RETAINER,proofrail_synthetic,conditional_settlement_case,FALSE,proofrail,synthetic_research
2026-01-10T10:21,GOOD,txn_0004875,cust_payer_11859,USA,2061.53,cust_payee_48252,USA,GOODS_SETTLEMENT,proofrail_synthetic,conditional_settlement_case,FALSE,proofrail,synthetic_research
2026-01-10T10:22,REVIEW,txn_0004876,cust_payer_97983,USA,1369.46,cust_payee_54352,USA,GOODS_SETTLEMENT,proofrail_synthetic,conditional_settlement_case,FALSE,proofrail,synthetic_research
2026-01-10T10:22,REVIEW,txn_0004877,cust_payer_61617,USA,3912.17,cust_payee_10007,UNITED-KINGDOM,MILESTONE_PAYMENT,proofrail_synthetic,conditional_settlement_case,TRUE,proofrail,synthetic_research
2026-01-10T10:22,BAD,txn_0004878,cust_payer_69273,USA,1415.15,cust_payee_26845,CANADA,INVOICE_PAYMENT,proofrail_synthetic,conditional_settlement_case,TRUE,proofrail,synthetic_research
2026-01-10T10:25,GOOD,txn_0004879,cust_payer_77055,USA,399.72,cust_payee_79863,USA,GOODS_SETTLEMENT,proofrail_synthetic,conditional_settlement_case,FALSE,proofrail,synthetic_research
2026-01-10T10:25,REVIEW,txn_0004880,cust_payer_03903,USA,125.58,cust_payee_92008,USA,GOODS_SETTLEMENT,proofrail_synthetic,conditional_settlement_case,TRUE,proofrail,synthetic_research
2026-01-10T10:25,REVIEW,txn_0004881,cust_payer_54289,USA,2019.38,cust_payee_28165,USA,INVOICE_PAYMENT,proofrail_synthetic,conditional_settlement_case,TRUE,proofrail,synthetic_research
2026-01-10T10:29,REVIEW,txn_0004882,cust_payer_17015,USA,1629.35,cust_payee_41418,USA,GOODS_SETTLEMENT,proofrail_synthetic,conditional_settlement_case,FALSE,proofrail,synthetic_research
2026-01-10T10:31,GOOD,txn_0004883,cust_payer_67171,USA,1957.45,cust_payee_73910,USA,GOODS_SETTLEMENT,proofrail_synthetic,conditional_settlement_case,FALSE,proofrail,synthetic_research
2026-01-10T10:33,GOOD,txn_0004884,cust_payer_16309,USA,6252.01,cust_payee_33455,USA,INVOICE_PAYMENT,proofrail_synthetic,conditional_settlement_case,FALSE,proofrail,synthetic_research
2026-01-10T10:34,BAD,txn_0004885,cust_payer_06992,USA,4254.6,cust_payee_06048,USA,INVOICE_PAYMENT,proofrail_synthetic,conditional_settlement_case,TRUE,proofrail,synthetic_research
2026-01-10T10:37,BAD,txn_0004886,cust_payer_36628,CANADA,10642.65,cust_payee_60665,USA,GOODS_SETTLEMENT,proofrail_synthetic,conditional_settlement_case,TRUE,proofrail,synthetic_research
2026-01-10T10:37,GOOD,txn_0004887,cust_payer_56016,USA,3805.56,cust_payee_04655,UNITED-KINGDOM,SERVICE_RETAINER,proofrail_synthetic,conditional_settlement_case,FALSE,proofrail,synthetic_research
2026-01-10T10:38,GOOD,txn_0004888,cust_payer_42712,USA,1090.72,cust_payee_89016,USA,INVOICE_PAYMENT,proofrail_synthetic,conditional_settlement_case,FALSE,proofrail,synthetic_research
2026-01-10T10:39,REVIEW,txn_0004889,cust_payer_06069,USA,6516.41,cust_payee_53635,USA,INVOICE_PAYMENT,proofrail_synthetic,conditional_settlement_case,FALSE,proofrail,synthetic_research
2026-01-10T10:39,BAD,txn_0004890,cust_payer_01303,USA,3744.49,cust_payee_67160,USA,MILESTONE_PAYMENT,proofrail_synthetic,conditional_settlement_case,TRUE,proofrail,synthetic_research
2026-01-10T10:40,GOOD,txn_0004891,cust_payer_49277,USA,875.57,cust_payee_46372,USA,INVOICE_PAYMENT,proofrail_synthetic,conditional_settlement_case,FALSE,proofrail,synthetic_research
2026-01-10T10:44,GOOD,txn_0004892,cust_payer_01078,USA,2177.16,cust_payee_00316,USA,MILESTONE_PAYMENT,proofrail_synthetic,conditional_settlement_case,FALSE,proofrail,synthetic_research
2026-01-10T10:49,GOOD,txn_0004893,cust_payer_00830,USA,1766.24,cust_payee_01364,USA,GOODS_SETTLEMENT,proofrail_synthetic,conditional_settlement_case,FALSE,proofrail,synthetic_research
2026-01-10T10:49,GOOD,txn_0004894,cust_payer_08289,USA,5599.39,cust_payee_96268,MEXICO,GOODS_SETTLEMENT,proofrail_synthetic,conditional_settlement_case,FALSE,proofrail,synthetic_research
2026-01-10T10:54,GOOD,txn_0004895,cust_payer_91806,USA,1090.26,cust_payee_50385,USA,INVOICE_PAYMENT,proofrail_synthetic,conditional_settlement_case,FALSE,proofrail,synthetic_research
2026-01-10T10:55,REVIEW,txn_0004896,cust_payer_99593,USA,5152.15,cust_payee_93841,USA,MILESTONE_PAYMENT,proofrail_synthetic,conditional_settlement_case,TRUE,proofrail,synthetic_research
2026-01-10T10:56,GOOD,txn_0004897,cust_payer_73411,USA,797.89,cust_payee_75302,USA,INVOICE_PAYMENT,proofrail_synthetic,conditional_settlement_case,FALSE,proofrail,synthetic_research
2026-01-10T10:57,BAD,txn_0004898,cust_payer_23988,USA,1013.34,cust_payee_41281,USA,SERVICE_RETAINER,proofrail_synthetic,conditional_settlement_case,TRUE,proofrail,synthetic_research
2026-01-10T11:00,REVIEW,txn_0004899,cust_payer_65699,USA,337.3,cust_payee_21032,USA,INVOICE_PAYMENT,proofrail_synthetic,conditional_settlement_case,TRUE,proofrail,synthetic_research
2026-01-10T11:00,GOOD,txn_0004900,cust_payer_24035,CANADA,2213.09,cust_payee_96037,USA,MILESTONE_PAYMENT,proofrail_synthetic,conditional_settlement_case,FALSE,proofrail,synthetic_research
2026-01-10T11:01,REVIEW,txn_0004901,cust_payer_02400,USA,2554.67,cust_payee_24021,USA,MILESTONE_PAYMENT,proofrail_synthetic,conditional_settlement_case,TRUE,proofrail,synthetic_research
2026-01-10T11:01,GOOD,txn_0004902,cust_payer_52253,USA,13108.46,cust_payee_00982,USA,SERVICE_RETAINER,proofrail_synthetic,conditional_settlement_case,FALSE,proofrail,synthetic_research
2026-01-10T11:03,REVIEW,txn_0004903,cust_payer_78027,USA,6440.57,cust_payee_41757,USA,MILESTONE_PAYMENT,proofrail_synthetic,conditional_settlement_case,FALSE,proofrail,synthetic_research
2026-01-10T11:04,GOOD,txn_0004904,cust_payer_50970,USA,4127.54,cust_payee_28850,USA,GOODS_SETTLEMENT,proofrail_synthetic,conditional_settlement_case,FALSE,proofrail,synthetic_research
2026-01-10T11:05,GOOD,txn_0004905,cust_payer_36048,USA,5493.52,cust_payee_71601,USA,INVOICE_PAYMENT,proofrail_synthetic,conditional_settlement_case,FALSE,proofrail,synthetic_research
2026-01-10T11:06,REVIEW,txn_0004906,cust_payer_19993,USA,1611.35,cust_payee_42472,USA,INVOICE_PAYMENT,proofrail_synthetic,conditional_settlement_case,FALSE,proofrail,synthetic_research
2026-01-10T11:07,GOOD,txn_0004907,cust_payer_47902,USA,4787.87,cust_payee_83901,USA,INVOICE_PAYMENT,proofrail_synthetic,conditional_settlement_case,FALSE,proofrail,synthetic_research
2026-01-10T11:08,REVIEW,txn_0004908,cust_payer_07969,CANADA,13651.83,cust_payee_93110,USA,INVOICE_PAYMENT,proofrail_synthetic,conditional_settlement_case,TRUE,proofrail,synthetic_research
2026-01-10T11:10,GOOD,txn_0004909,cust_payer_37866,USA,9187.04,cust_payee_52521,USA,INVOICE_PAYMENT,proofrail_synthetic,conditional_settlement_case,FALSE,proofrail,synthetic_research
2026-01-10T11:10,REVIEW,txn_0004910,cust_payer_10359,USA,1006.85,cust_payee_57365,USA,MILESTONE_PAYMENT,proofrail_synthetic,conditional_settlement_case,TRUE,proofrail,synthetic_research
2026-01-10T11:10,GOOD,txn_0004911,cust_payer_59196,USA,1035.25,cust_payee_64679,USA,GOODS_SETTLEMENT,proofrail_synthetic,conditional_settlement_case,FALSE,proofrail,synthetic_research
2026-01-10T11:10,GOOD,txn_0004912,cust_payer_95229,USA,7184.05,cust_payee_98642,USA,GOODS_SETTLEMENT,proofrail_synthetic,conditional_settlement_case,FALSE,proofrail,synthetic_research
2026-01-10T11:12,GOOD,txn_0004913,cust_payer_20922,CANADA,6222.35,cust_payee_95887,USA,INVOICE_PAYMENT,proofrail_synthetic,conditional_settlement_case,FALSE,proofrail,synthetic_research
2026-01-10T11:14,GOOD,txn_0004914,cust_payer_89717,USA,488.63,cust_payee_33387,USA,GOODS_SETTLEMENT,proofrail_synthetic,conditional_settlement_case,FALSE,proofrail,synthetic_research
2026-01-10T11:15,REVIEW,txn_0004915,cust_payer_15971,USA,5617.23,cust_payee_41648,GERMANY,INVOICE_PAYMENT,proofrail_synthetic,conditional_settlement_case,TRUE,proofrail,synthetic_research
2026-01-10T11:15,BAD,txn_0004916,cust_payer_97046,USA,3946.83,cust_payee_49824,USA,GOODS_SETTLEMENT,proofrail_synthetic,conditional_settlement_case,TRUE,proofrail,synthetic_research
2026-01-10T11:16,REVIEW,txn_0004917,cust_payer_83084,USA,6067.72,cust_payee_51767,CANADA,GOODS_SETTLEMENT,proofrail_synthetic,conditional_settlement_case,TRUE,proofrail,synthetic_research
2026-01-10T11:16,REVIEW,txn_0004918,cust_payer_18677,GERMANY,582.21,cust_payee_01750,USA,SERVICE_RETAINER,proofrail_synthetic,conditional_settlement_case,FALSE,proofrail,synthetic_research
2026-01-10T11:20,GOOD,txn_0004919,cust_payer_19631,GERMANY,2917.44,cust_payee_29286,USA,INVOICE_PAYMENT,proofrail_synthetic,conditional_settlement_case,FALSE,proofrail,synthetic_research
2026-01-10T11:21,GOOD,txn_0004920,cust_payer_41823,USA,616.93,cust_payee_08628,USA,INVOICE_PAYMENT,proofrail_synthetic,conditional_settlement_case,FALSE,proofrail,synthetic_research
2026-01-10T11:22,REVIEW,txn_0004921,cust_payer_64415,USA,4234.72,cust_payee_02169,USA,INVOICE_PAYMENT,proofrail_synthetic,conditional_settlement_case,TRUE,proofrail,synthetic_research
2026-01-10T11:24,GOOD,txn_0004922,cust_payer_46566,USA,2894.7,cust_payee_74357,USA,GOODS_SETTLEMENT,proofrail_synthetic,conditional_settlement_case,FALSE,proofrail,synthetic_research
2026-01-10T11:26,REVIEW,txn_0004923,cust_payer_19202,USA,158.34,cust_payee_79814,USA,GOODS_SETTLEMENT,proofrail_synthetic,conditional_settlement_case,FALSE,proofrail,synthetic_research
2026-01-10T11:27,GOOD,txn_0004924,cust_payer_80331,USA,2235.1,cust_payee_99826,USA,SERVICE_RETAINER,proofrail_synthetic,conditional_settlement_case,FALSE,proofrail,synthetic_research
2026-01-10T11:30,GOOD,txn_0004925,cust_payer_41547,USA,211.6,cust_payee_24331,USA,SERVICE_RETAINER,proofrail_synthetic,conditional_settlement_case,FALSE,proofrail,synthetic_research
2026-01-10T11:31,GOOD,txn_0004926,cust_payer_69195,USA,518.94,cust_payee_67124,USA,MILESTONE_PAYMENT,proofrail_synthetic,conditional_settlement_case,FALSE,proofrail,synthetic_research
2026-01-10T11:35,GOOD,txn_0004927,cust_payer_65553,USA,881.78,cust_payee_02759,USA,GOODS_SETTLEMENT,proofrail_synthetic,conditional_settlement_case,FALSE,proofrail,synthetic_research
2026-01-10T11:35,REVIEW,txn_0004928,cust_payer_17178,USA,835.31,cust_payee_99838,UNITED-KINGDOM,MILESTONE_PAYMENT,proofrail_synthetic,conditional_settlement_case,TRUE,proofrail,synthetic_research
2026-01-10T11:35,GOOD,txn_0004929,cust_payer_63368,USA,1287.36,cust_payee_09277,USA,GOODS_SETTLEMENT,proofrail_synthetic,conditional_settlement_case,FALSE,proofrail,synthetic_research
2026-01-10T11:41,GOOD,txn_0004930,cust_payer_32391,USA,3627.36,cust_payee_74605,USA,GOODS_SETTLEMENT,proofrail_synthetic,conditional_settlement_case,FALSE,proofrail,synthetic_research
2026-01-10T11:42,GOOD,txn_0004931,cust_payer_31195,USA,758.1,cust_payee_65908,USA,MILESTONE_PAYMENT,proofrail_synthetic,conditional_settlement_case,FALSE,proofrail,synthetic_research
2026-01-10T11:45,GOOD,txn_0004932,cust_payer_99821,USA,5022.69,cust_payee_99692,USA,INVOICE_PAYMENT,proofrail_synthetic,conditional_settlement_case,FALSE,proofrail,synthetic_research
2026-01-10T11:46,GOOD,txn_0004933,cust_payer_29485,USA,679.18,cust_payee_20528,USA,GOODS_SETTLEMENT,proofrail_synthetic,conditional_settlement_case,FALSE,proofrail,synthetic_research
2026-01-10T11:48,GOOD,txn_0004934,cust_payer_10502,CANADA,2850.08,cust_payee_75417,USA,MILESTONE_PAYMENT,proofrail_synthetic,conditional_settlement_case,FALSE,proofrail,synthetic_research
2026-01-10T11:49,REVIEW,txn_0004935,cust_payer_52003,USA,5446.64,cust_payee_57259,USA,GOODS_SETTLEMENT,proofrail_synthetic,conditional_settlement_case,FALSE,proofrail,synthetic_research
2026-01-10T11:49,GOOD,txn_0004936,cust_payer_63081,USA,6775.29,cust_payee_44028,USA,INVOICE_PAYMENT,proofrail_synthetic,conditional_settlement_case,FALSE,proofrail,synthetic_research
2026-01-10T11:50,REVIEW,txn_0004937,cust_payer_36003,USA,3530.39,cust_payee_41532,USA,SERVICE_RETAINER,proofrail_synthetic,conditional_settlement_case,TRUE,proofrail,synthetic_research
2026-01-10T11:50,GOOD,txn_0004938,cust_payer_34695,USA,4374.28,cust_payee_56542,USA,MILESTONE_PAYMENT,proofrail_synthetic,conditional_settlement_case,FALSE,proofrail,synthetic_research
2026-01-10T11:50,REVIEW,txn_0004939,cust_payer_69225,USA,564.49,cust_payee_23133,USA,INVOICE_PAYMENT,proofrail_synthetic,conditional_settlement_case,FALSE,proofrail,synthetic_research
2026-01-10T11:51,GOOD,txn_0004940,cust_payer_15891,CANADA,938.71,cust_payee_09104,UNITED-KINGDOM,INVOICE_PAYMENT,proofrail_synthetic,conditional_settlement_case,FALSE,proofrail,synthetic_research
2026-01-10T11:52,GOOD,txn_0004941,cust_payer_11061,CANADA,459.65,cust_payee_11414,USA,MILESTONE_PAYMENT,proofrail_synthetic,conditional_settlement_case,FALSE,proofrail,synthetic_research
2026-01-10T11:52,GOOD,txn_0004942,cust_payer_63253,UNITED-KINGDOM,1389.07,cust_payee_45962,USA,INVOICE_PAYMENT,proofrail_synthetic,conditional_settlement_case,FALSE,proofrail,synthetic_research
2026-01-10T11:53,GOOD,txn_0004943,cust_payer_52680,USA,974.32,cust_payee_19027,USA,SERVICE_RETAINER,proofrail_synthetic,conditional_settlement_case,FALSE,proofrail,synthetic_research
2026-01-10T11:53,GOOD,txn_0004944,cust_payer_66640,USA,1058.03,cust_payee_33181,USA,GOODS_SETTLEMENT,proofrail_synthetic,conditional_settlement_case,FALSE,proofrail,synthetic_research
2026-01-10T11:56,GOOD,txn_0004945,cust_payer_19485,USA,1363.36,cust_payee_59051,USA,MILESTONE_PAYMENT,proofrail_synthetic,conditional_settlement_case,FALSE,proofrail,synthetic_research
2026-01-10T11:59,GOOD,txn_0004946,cust_payer_13299,USA,424.73,cust_payee_64214,USA,MILESTONE_PAYMENT,proofrail_synthetic,conditional_settlement_case,FALSE,proofrail,synthetic_research
2026-01-10T12:01,GOOD,txn_0004947,cust_payer_60679,UNITED-KINGDOM,2579.83,cust_payee_95449,USA,GOODS_SETTLEMENT,proofrail_synthetic,conditional_settlement_case,FALSE,proofrail,synthetic_research
2026-01-10T12:03,GOOD,txn_0004948,cust_payer_67431,USA,1389.33,cust_payee_08571,USA,GOODS_SETTLEMENT,proofrail_synthetic,conditional_settlement_case,FALSE,proofrail,synthetic_research
2026-01-10T12:06,REVIEW,txn_0004949,cust_payer_89101,USA,787.15,cust_payee_97921,USA,GOODS_SETTLEMENT,proofrail_synthetic,conditional_settlement_case,TRUE,proofrail,synthetic_research
2026-01-10T12:07,GOOD,txn_0004950,cust_payer_38197,SINGAPORE,816.14,cust_payee_46405,USA,INVOICE_PAYMENT,proofrail_synthetic,conditional_settlement_case,FALSE,proofrail,synthetic_research
2026-01-10T12:11,GOOD,txn_0004951,cust_payer_31119,CANADA,8974.83,cust_payee_14233,USA,INVOICE_PAYMENT,proofrail_synthetic,conditional_settlement_case,FALSE,proofrail,synthetic_research
2026-01-10T12:16,REVIEW,txn_0004952,cust_payer_72456,SINGAPORE,693.59,cust_payee_54049,USA,INVOICE_PAYMENT,proofrail_synthetic,conditional_settlement_case,FALSE,proofrail,synthetic_research
2026-01-10T12:16,GOOD,txn_0004953,cust_payer_37872,SINGAPORE,5026.76,cust_payee_48139,USA,GOODS_SETTLEMENT,proofrail_synthetic,conditional_settlement_case,FALSE,proofrail,synthetic_research
2026-01-10T12:17,GOOD,txn_0004954,cust_payer_69536,USA,5195.63,cust_payee_68149,USA,MILESTONE_PAYMENT,proofrail_synthetic,conditional_settlement_case,FALSE,proofrail,synthetic_research
2026-01-10T12:17,BAD,txn_0004955,cust_payer_24104,USA,6735.32,cust_payee_12915,USA,INVOICE_PAYMENT,proofrail_synthetic,conditional_settlement_case,TRUE,proofrail,synthetic_research
2026-01-10T12:17,GOOD,txn_0004956,cust_payer_22336,USA,659.83,cust_payee_08990,USA,INVOICE_PAYMENT,proofrail_synthetic,conditional_settlement_case,FALSE,proofrail,synthetic_research
2026-01-10T12:18,BAD,txn_0004957,cust_payer_79920,USA,20961.33,cust_payee_45272,USA,MILESTONE_PAYMENT,proofrail_synthetic,conditional_settlement_case,TRUE,proofrail,synthetic_research
2026-01-10T12:19,GOOD,txn_0004958,cust_payer_41817,USA,4271.98,cust_payee_67711,USA,GOODS_SETTLEMENT,proofrail_synthetic,conditional_settlement_case,FALSE,proofrail,synthetic_research
2026-01-10T12:19,GOOD,txn_0004959,cust_payer_80061,USA,783.21,cust_payee_68449,USA,GOODS_SETTLEMENT,proofrail_synthetic,conditional_settlement_case,FALSE,proofrail,synthetic_research
2026-01-10T12:19,REVIEW,txn_0004960,cust_payer_83063,USA,911.92,cust_payee_00888,GERMANY,MILESTONE_PAYMENT,proofrail_synthetic,conditional_settlement_case,TRUE,proofrail,synthetic_research
2026-01-10T12:20,GOOD,txn_0004961,cust_payer_58694,USA,164.48,cust_payee_56722,CANADA,SERVICE_RETAINER,proofrail_synthetic,conditional_settlement_case,FALSE,proofrail,synthetic_research
2026-01-10T12:21,GOOD,txn_0004962,cust_payer_19355,USA,4594.11,cust_payee_61455,USA,MILESTONE_PAYMENT,proofrail_synthetic,conditional_settlement_case,FALSE,proofrail,synthetic_research
2026-01-10T12:25,GOOD,txn_0004963,cust_payer_06887,MEXICO,6446.62,cust_payee_69170,USA,MILESTONE_PAYMENT,proofrail_synthetic,conditional_settlement_case,FALSE,proofrail,synthetic_research
2026-01-10T12:25,GOOD,txn_0004964,cust_payer_14996,USA,1667.88,cust_payee_51189,GERMANY,GOODS_SETTLEMENT,proofrail_synthetic,conditional_settlement_case,FALSE,proofrail,synthetic_research
2026-01-10T12:26,GOOD,txn_0004965,cust_payer_73659,MEXICO,6934.73,cust_payee_85076,USA,INVOICE_PAYMENT,proofrail_synthetic,conditional_settlement_case,FALSE,proofrail,synthetic_research
2026-01-10T12:26,GOOD,txn_0004966,cust_payer_14063,USA,1348.64,cust_payee_98380,USA,MILESTONE_PAYMENT,proofrail_synthetic,conditional_settlement_case,FALSE,proofrail,synthetic_research
2026-01-10T12:28,BAD,txn_0004967,cust_payer_06795,UNITED-KINGDOM,609.02,cust_payee_90498,USA,SERVICE_RETAINER,proofrail_synthetic,conditional_settlement_case,TRUE,proofrail,synthetic_research
2026-01-10T12:30,GOOD,txn_0004968,cust_payer_08233,USA,9107.19,cust_payee_34036,USA,INVOICE_PAYMENT,proofrail_synthetic,conditional_settlement_case,FALSE,proofrail,synthetic_research
2026-01-10T12:31,GOOD,txn_0004969,cust_payer_76378,GERMANY,1459.94,cust_payee_21804,USA,MILESTONE_PAYMENT,proofrail_synthetic,conditional_settlement_case,FALSE,proofrail,synthetic_research
2026-01-10T12:34,GOOD,txn_0004970,cust_payer_03543,USA,8207.63,cust_payee_57381,USA,INVOICE_PAYMENT,proofrail_synthetic,conditional_settlement_case,FALSE,proofrail,synthetic_research
2026-01-10T12:34,GOOD,txn_0004971,cust_payer_99135,USA,2082.17,cust_payee_77893,USA,INVOICE_PAYMENT,proofrail_synthetic,conditional_settlement_case,FALSE,proofrail,synthetic_research
2026-01-10T12:34,GOOD,txn_0004972,cust_payer_01939,USA,1125.93,cust_payee_87208,USA,GOODS_SETTLEMENT,proofrail_synthetic,conditional_settlement_case,FALSE,proofrail,synthetic_research
2026-01-10T12:36,GOOD,txn_0004973,cust_payer_82574,USA,4142.72,cust_payee_62073,MEXICO,GOODS_SETTLEMENT,proofrail_synthetic,conditional_settlement_case,FALSE,proofrail,synthetic_research
2026-01-10T12:36,GOOD,txn_0004974,cust_payer_60461,USA,5543.93,cust_payee_44648,USA,GOODS_SETTLEMENT,proofrail_synthetic,conditional_settlement_case,FALSE,proofrail,synthetic_research
2026-01-10T12:37,GOOD,txn_0004975,cust_payer_79870,USA,3220.05,cust_payee_30234,USA,GOODS_SETTLEMENT,proofrail_synthetic,conditional_settlement_case,FALSE,proofrail,synthetic_research
2026-01-10T12:37,GOOD,txn_0004976,cust_payer_22867,CANADA,6795.32,cust_payee_42596,USA,GOODS_SETTLEMENT,proofrail_synthetic,conditional_settlement_case,FALSE,proofrail,synthetic_research
2026-01-10T12:37,REVIEW,txn_0004977,cust_payer_43364,USA,866.3,cust_payee_45998,USA,INVOICE_PAYMENT,proofrail_synthetic,conditional_settlement_case,FALSE,proofrail,synthetic_research
2026-01-10T12:39,REVIEW,txn_0004978,cust_payer_28128,USA,3554.79,cust_payee_44390,USA,MILESTONE_PAYMENT,proofrail_synthetic,conditional_settlement_case,TRUE,proofrail,synthetic_research
2026-01-10T12:41,GOOD,txn_0004979,cust_payer_56420,USA,1822.44,cust_payee_44498,USA,GOODS_SETTLEMENT,proofrail_synthetic,conditional_settlement_case,FALSE,proofrail,synthetic_research
2026-01-10T12:42,GOOD,txn_0004980,cust_payer_41836,USA,944.93,cust_payee_80318,USA,INVOICE_PAYMENT,proofrail_synthetic,conditional_settlement_case,FALSE,proofrail,synthetic_research
2026-01-10T12:42,GOOD,txn_0004981,cust_payer_39417,USA,519.97,cust_payee_31993,USA,INVOICE_PAYMENT,proofrail_synthetic,conditional_settlement_case,FALSE,proofrail,synthetic_research
2026-01-10T12:42,GOOD,txn_0004982,cust_payer_48644,USA,748.44,cust_payee_10427,USA,SERVICE_RETAINER,proofrail_synthetic,conditional_settlement_case,FALSE,proofrail,synthetic_research
2026-01-10T12:43,GOOD,txn_0004983,cust_payer_15560,USA,2547.71,cust_payee_54867,GERMANY,GOODS_SETTLEMENT,proofrail_synthetic,conditional_settlement_case,FALSE,proofrail,synthetic_research
2026-01-10T12:44,GOOD,txn_0004984,cust_payer_16950,USA,1231.24,cust_payee_85161,UNITED-KINGDOM,INVOICE_PAYMENT,proofrail_synthetic,conditional_settlement_case,FALSE,proofrail,synthetic_research
2026-01-10T12:44,GOOD,txn_0004985,cust_payer_51960,USA,3386.46,cust_payee_69066,MEXICO,INVOICE_PAYMENT,proofrail_synthetic,conditional_settlement_case,FALSE,proofrail,synthetic_research
2026-01-10T12:47,GOOD,txn_0004986,cust_payer_78572,USA,11284.52,cust_payee_59920,USA,MILESTONE_PAYMENT,proofrail_synthetic,conditional_settlement_case,FALSE,proofrail,synthetic_research
2026-01-10T12:49,GOOD,txn_0004987,cust_payer_28261,USA,2142,cust_payee_57065,CANADA,INVOICE_PAYMENT,proofrail_synthetic,conditional_settlement_case,FALSE,proofrail,synthetic_research
2026-01-10T12:52,GOOD,txn_0004988,cust_payer_33996,CANADA,6016.28,cust_payee_54710,CANADA,GOODS_SETTLEMENT,proofrail_synthetic,conditional_settlement_case,FALSE,proofrail,synthetic_research
2026-01-10T12:53,GOOD,txn_0004989,cust_payer_28206,USA,961.58,cust_payee_42407,USA,SERVICE_RETAINER,proofrail_synthetic,conditional_settlement_case,FALSE,proofrail,synthetic_research
2026-01-10T12:57,BAD,txn_0004990,cust_payer_92001,USA,712.37,cust_payee_13789,USA,INVOICE_PAYMENT,proofrail_synthetic,conditional_settlement_case,TRUE,proofrail,synthetic_research
2026-01-10T12:57,REVIEW,txn_0004991,cust_payer_15123,USA,11476.49,cust_payee_14491,USA,MILESTONE_PAYMENT,proofrail_synthetic,conditional_settlement_case,TRUE,proofrail,synthetic_research
2026-01-10T13:00,REVIEW,txn_0004992,cust_payer_22231,USA,3458.97,cust_payee_00011,USA,GOODS_SETTLEMENT,proofrail_synthetic,conditional_settlement_case,FALSE,proofrail,synthetic_research
2026-01-10T13:00,BAD,txn_0004993,cust_payer_02400,USA,17895.03,cust_payee_79331,UNITED-KINGDOM,INVOICE_PAYMENT,proofrail_synthetic,conditional_settlement_case,TRUE,proofrail,synthetic_research
2026-01-10T13:01,GOOD,txn_0004994,cust_payer_12294,CANADA,1131.92,cust_payee_33973,USA,INVOICE_PAYMENT,proofrail_synthetic,conditional_settlement_case,FALSE,proofrail,synthetic_research
2026-01-10T13:04,GOOD,txn_0004995,cust_payer_21913,USA,1932.82,cust_payee_56254,CANADA,INVOICE_PAYMENT,proofrail_synthetic,conditional_settlement_case,FALSE,proofrail,synthetic_research
2026-01-10T13:07,GOOD,txn_0004996,cust_payer_26110,USA,12004.16,cust_payee_00717,CANADA,INVOICE_PAYMENT,proofrail_synthetic,conditional_settlement_case,FALSE,proofrail,synthetic_research
2026-01-10T13:09,GOOD,txn_0004997,cust_payer_86730,UNITED-KINGDOM,5968.6,cust_payee_37655,USA,MILESTONE_PAYMENT,proofrail_synthetic,conditional_settlement_case,FALSE,proofrail,synthetic_research
2026-01-10T13:10,GOOD,txn_0004998,cust_payer_65438,USA,1907.13,cust_payee_92690,SINGAPORE,GOODS_SETTLEMENT,proofrail_synthetic,conditional_settlement_case,FALSE,proofrail,synthetic_research
2026-01-10T13:10,GOOD,txn_0004999,cust_payer_09484,USA,1350,cust_payee_96533,USA,MILESTONE_PAYMENT,proofrail_synthetic,conditional_settlement_case,FALSE,proofrail,synthetic_research
2026-01-10T13:11,GOOD,txn_0005000,cust_payer_35630,USA,14594.66,cust_payee_39394,USA,INVOICE_PAYMENT,proofrail_synthetic,conditional_settlement_case,FALSE,proofrail,synthetic_research
